"Result ID","القطاع","السؤال/المسار الذي يصل إليه","وضعك باختصار","وش تسوي الآن؟","الجهة المختصة","المحكمة إن وجدت","الخدمة/المنصة","المتطلبات","المستندات","المدة","الرسوم","الاعتراض","الخطوة التالية","النظام","اللائحة","المادة/المواد","المصدر الرسمي","رابط المصدر","تاريخ آخر تحقق","الثبات","تصنيف التحقق","سبب تصنيف التحقق","مستوى الخطورة القانونية","سبب مستوى الخطورة","هل تحتاج اعتماد محامٍ؟","السؤال المحدد للمحامي","Approved / Needs Change","Lawyer Notes"
"R-FAM-CUSTODY-LETTER","الأحوال الشخصية والتركات","Q001: وش صار معك؟ ← عندي طلب تنفيذ أو إجراء تنفيذ → Q040: وش وضع التنفيذ؟ ← الطلب انتهى أو توقف وما أعرف السبب → Q202: الطلب منتهي أو متوقف مؤقت؟ ← الطلب منتهٍ أو ما أعرف سبب التوقف → QD04: وش اللي مو واضح لك في التنفيذ؟ ← ما أعرف إجراء تنفيذ الحضانة أو الزيارة → Q327: وش تحتاج في تنفيذ الحضانة أو الزيارة؟ ← عندي حكم والتنفيذ قائم لكن أبي أفهم مسار الحضانة/الزيارة → Q331: حكم الحضانة أو الزيارة موجود، وش مشكلتك الآن؟ ← أحتاج خطاب حضانة ضمن طلب التنفيذ","لديك طلب تنفيذ قائم لسند حضانة وتحتاج خطاب حضانة ضمن إجراءات التنفيذ.","افتح طلب التنفيذ > طلبات إجراء أخرى > طلب إصدار خطاب حضانة > حدد المنفذ ضده > أرسل الطلب. يشترط أن يكون نوع السند «حضانة»، وأن تكون حالة الطلب قيد التنفيذ، وأن يمضي يومان عمل من إحالة الطلب للدائرة، وألا يوجد طلب مماثل لم يمض عليه 15 يومًا.","وزارة العدل — محكمة الأحوال الشخصية/ناجز بحسب نوع الإجراء.","محكمة الأحوال الشخصية","طلب إصدار خطاب حضانة | طلب إجراء داخل تنفيذ سند حضانة قائم.","","","","الدعاوى والطلبات التي تختص بها محاكم الأحوال الشخصية مستثناة من نظام التكاليف القضائية، عدا طلب النقض والتماس إعادة النظر.","تابع حالة الطلب ورقم الطلب في المنصة نفسها. إذا أعيد للاستكمال، استكمل النقص على الطلب القائم ولا تنشئ طلبًا جديدًا إلا إذا نصت الخدمة على ذلك.","تابع حالة الطلب ورقم الطلب في المنصة نفسها. إذا أعيد للاستكمال، استكمل النقص على الطلب القائم ولا تنشئ طلبًا جديدًا إلا إذا نصت الخدمة على ذلك.","","","","وزارة العدل — طلب إصدار خطاب حضانة","https://www.moj.gov.sa/sites/knowledgebase/Documents02/CRM_CCTS_2c37a563-df95-416b-b229-e2d037a3e575.pdf","2026-09-22","قابلة للتغير","STALE RISK","نظام تنفيذ جديد نُشر في 2026 وسيحل محل النظام السابق بعد 180 يومًا؛ يلزم تثبيت تاريخ النفاذ وخطة تحديث النتيجة.","CRITICAL","خطأ محتمل قد يوجه لمحكمة/إجراء غير صحيح أو يفوّت مهلة؛ وهو من الحالات الحساسة المحددة للاعتماد.","نعم","هل استثناء الأحوال الشخصية من التكاليف يشمل هذا الطلب التنفيذي تحديدًا، وما الاستثناءات؟","NEEDS REVIEW",""
"R-FAM-VISIT-EXEC","الأحوال الشخصية والتركات","Q001: وش صار معك؟ ← أحوال شخصية → Q060: وش المشكلة الأسرية اللي عندك؟ ← حضانة أو زيارة → Q403: وش موضوع الحضانة أو الزيارة؟ ← عندي حكم وأبي تنفيذه → Q074: عندك حكم حضانة أو زيارة؟ ← حكم زيارة","لديك سند تنفيذي ينص على الزيارة وتريد تنفيذ الحكم.","إذا لم يوجد طلب تنفيذ فابدأ بـ«تقديم طلب تنفيذ» في الأحوال الشخصية. وإذا كان الطلب قائمًا فاستخدم خدمة الزيارة المتاحة؛ وزارة العدل تعرض «طلب إصدار خطاب زيارة» لطالب التنفيذ لتنفيذ حكم الزيارة المنصوص عليه في السند.","وزارة العدل — محكمة الأحوال الشخصية/ناجز بحسب نوع الإجراء.","محكمة الأحوال الشخصية","طلب إصدار خطاب زيارة | ناجز | طلب إجراء داخل ملف تنفيذ أحوال شخصية لسند زيارة.","سند تنفيذي يتضمن الزيارة، طلب تنفيذ قائم عند استخدام الإجراء اللاحق، واستيفاء الشروط التي تظهر للخدمة في ناجز.","","","الدعاوى والطلبات التي تختص بها محاكم الأحوال الشخصية مستثناة من نظام التكاليف القضائية، عدا طلب النقض والتماس إعادة النظر.","بعد إصدار خطاب/إجراء الزيارة ينتقل التنفيذ للجهة المختصة وفق السند، وتتابع حالة الإجراء من طلب التنفيذ.","بعد إصدار خطاب/إجراء الزيارة ينتقل التنفيذ للجهة المختصة وفق السند، وتتابع حالة الإجراء من طلب التنفيذ.","","","","وزارة العدل — طلب إصدار خطاب زيارة","https://www.moj.gov.sa/sites/knowledgebase/Documents02/CRM_CCTS_a4dccf2e-bd5c-4bcc-8320-9add6037e783.pdf","2026-09-22","قابلة للتغير","STALE RISK","نظام تنفيذ جديد نُشر في 2026 وسيحل محل النظام السابق بعد 180 يومًا؛ يلزم تثبيت تاريخ النفاذ وخطة تحديث النتيجة.","CRITICAL","خطأ محتمل قد يوجه لمحكمة/إجراء غير صحيح أو يفوّت مهلة؛ وهو من الحالات الحساسة المحددة للاعتماد.","نعم","هل استثناء الأحوال الشخصية من التكاليف يشمل هذا الطلب التنفيذي تحديدًا، وما الاستثناءات؟","NEEDS REVIEW",""
"R-COMM-IP-COPYRIGHT-ENFORCEMENT","التجاري والشركات والتحكيم والملكية الفكرية","Q001: وش صار معك؟ ← شركة أو نشاط تجاري → Q080: وش المشكلة في الشركة أو النشاط التجاري؟ ← إفلاس أو تحكيم أو ملكية فكرية → Q271: وش نوع التنظيم أو الإجراء التجاري؟ ← علامة تجارية / حقوق مؤلف / براءة / ملكية فكرية → Q121: وش نوع الملكية الفكرية؟ ← حق مؤلف → Q249: حق المؤلف: تسجيل أو تعدٍ؟ ← تعدٍ أو انتهاك أو نزاع","تقول إن هناك تعديًا أو انتهاكًا لحق مؤلف.","استخدم خدمة «شكوى انتهاك حقوق المؤلف» لدى الهيئة السعودية للملكية الفكرية، وقدّم الوثائق والمستندات اللازمة لقيد الشكوى بحسب الواقعة.","وزارة العدل — المحكمة التجارية عند انطباق اختصاصها النظامي.","المحكمة التجارية","لديك حكم نهائي في حق المؤلف وتريد تنفيذه لدى الهيئة | الخدمات الإلكترونية للهيئة السعودية للملكية الفكرية | طلب تنفيذ حكم قضائي نهائي لحق المؤلف","قدّم ما يثبت صفتك والواقعة والوثائق والمستندات اللازمة التي تطلبها خدمة الشكوى. نوع الأدلة يختلف بحسب الانتهاك، فلا تفترض قائمة ثابتة.","الحكم النهائي والنماذج والمستندات المطلوبة.","وقت التنفيذ 10 أيام عمل كمدة خدمة لا مهلة سقوط.","","غير منطبق ظاهرًا","تجمع إدارة احترام الملكية الفكرية البيانات وتحللها، ثم تُحال القضية عند اكتمالها إلى لجنة النظر في مخالفات حماية حقوق المؤلف وفق المسار الرسمي.","","","الخدمة بلا رسوم وفق الهيئة.","الهيئة السعودية للملكية الفكرية — تسجيل مصنف مكتوب","https://www.saip.gov.sa/ar/services/copyrights/copyr7","2026-09-20","قابلة للتغير","STALE RISK","نظام تنفيذ جديد نُشر في 2026 وسيحل محل النظام السابق بعد 180 يومًا؛ يلزم تثبيت تاريخ النفاذ وخطة تحديث النتيجة.","CRITICAL","خطأ محتمل قد يوجه لمحكمة/إجراء غير صحيح أو يفوّت مهلة؛ وهو من الحالات الحساسة المحددة للاعتماد.","نعم","هل المسار شكوى إنفاذ لدى الهيئة أم دعوى تعويض/طعن قضائي، وما الجهة والمهلة لكل مرحلة؟","NEEDS REVIEW",""
"R-COMM-IP-PATENT-ENFORCEMENT","التجاري والشركات والتحكيم والملكية الفكرية","Q001: وش صار معك؟ ← شركة أو نشاط تجاري → Q080: وش المشكلة في الشركة أو النشاط التجاري؟ ← إفلاس أو تحكيم أو ملكية فكرية → Q271: وش نوع التنظيم أو الإجراء التجاري؟ ← علامة تجارية / حقوق مؤلف / براءة / ملكية فكرية → Q121: وش نوع الملكية الفكرية؟ ← براءة اختراع / تصميم → Q250: البراءة أو التصميم: تسجيل أو تعدٍ؟ ← تعدٍ أو انتهاك أو نزاع","تقول إن هناك تعديًا أو نزاعًا متعلقًا ببراءة اختراع أو تصميم.","اجمع وثيقة الحق وحالته وأدلة الفعل والتواريخ، ثم راجعها مع مختص ملكية فكرية لتحديد نطاق الحماية والمسار النظامي المناسب.","وزارة العدل — المحكمة التجارية عند انطباق اختصاصها النظامي.","المحكمة التجارية","لديك حكم قضائي نهائي واجب النفاذ متعلق ببراءة اختراع وتريد تنفيذه لدى الهيئة | الهيئة السعودية للملكية الفكرية أو ناجز بحسب نوع الطلب | طلب تنفيذ حكم قضائي نهائي لبراءات الاختراع","وثيقة الحق ورقمه + حالة الحماية + نطاق الحق + أدلة التعدي المحتمل + بيانات الطرف الآخر.","الحكم والنماذج وجميع المستندات المطلوبة.","وقت التنفيذ المنشور 10 أيام عمل، وهو SLA للخدمة لا مهلة سقوط.","","غير منطبق ظاهرًا","يُقيّم نطاق الحماية مقابل الواقعة، ثم يتحدد مسار الإنفاذ أو النزاع المناسب.","","","الخدمة بلا رسوم وفق الهيئة.","الهيئة السعودية للملكية الفكرية — إيداع طلب براءة اختراع","https://www.saip.gov.sa/ar/services/patents/patent-application","2026-09-20","قابلة للتغير","STALE RISK","نظام تنفيذ جديد نُشر في 2026 وسيحل محل النظام السابق بعد 180 يومًا؛ يلزم تثبيت تاريخ النفاذ وخطة تحديث النتيجة.","CRITICAL","خطأ محتمل قد يوجه لمحكمة/إجراء غير صحيح أو يفوّت مهلة؛ وهو من الحالات الحساسة المحددة للاعتماد.","نعم","هل المسار شكوى إنفاذ لدى الهيئة أم دعوى تعويض/طعن قضائي، وما الجهة والمهلة لكل مرحلة؟","NEEDS REVIEW",""
"R-COMM-IP-SERVICE","التجاري والشركات والتحكيم والملكية الفكرية","Q001: وش صار معك؟ ← شركة أو نشاط تجاري → Q080: وش المشكلة في الشركة أو النشاط التجاري؟ ← إفلاس أو تحكيم أو ملكية فكرية → Q271: وش نوع التنظيم أو الإجراء التجاري؟ ← علامة تجارية / حقوق مؤلف / براءة / ملكية فكرية → Q121: وش نوع الملكية الفكرية؟ ← علامة تجارية → Q122: العلامة التجارية: تسجيل أو تعدٍ؟ ← تسجيل أو إدارة الحق","تريد تسجيل علامة تجارية أو إدارتها.","إذا كنت تريد تسجيل علامة جديدة، استخدم خدمة «تسجيل علامة تجارية» لدى الهيئة السعودية للملكية الفكرية. أما إدارة علامة قائمة فاختر الخدمة الإدارية المطابقة بدل معاملة كل خدمات العلامات كخدمة واحدة.","وزارة العدل — المحكمة التجارية عند انطباق اختصاصها النظامي.","المحكمة التجارية","الخدمات الإلكترونية للهيئة السعودية للملكية الفكرية | اختيار خدمة الهيئة المناسبة بعد تحديد نوع الحق","لتسجيل علامة جديدة: تُعبَّأ بيانات الطلب داخل المنصة، وتُرفق صورة العلامة وفق المواصفات المنشورة. وإذا كانت العلامة بلغة لاتينية فيلزم إرفاق ترجمة من مكتب ترجمة معتمد؛ وتوجد متطلبات إضافية بحسب صفة مقدم الطلب أو نوع العلامة.","المستندات تختلف حسب الخدمة المختارة.","لا مدة أو رسم موحد لكل خدمات الملكية الفكرية.","","بعد سداد فاتورة الدراسة يُفحص الطلب. قد يُقبل، أو يُقبل بشرط التعديل، أو يُرفض. عند القبول تُسدد فاتورة النشر ثم تُنشر العلامة 60 يومًا؛ وإذا انتهت مدة النشر دون اعتراض تُسدد الفاتورة النهائية خلال 30 يومًا من إصدارها ثم تُطبع الشهادة.","بعد سداد فاتورة الدراسة يُفحص الطلب. قد يُقبل، أو يُقبل بشرط التعديل، أو يُرفض. عند القبول تُسدد فاتورة النشر ثم تُنشر العلامة 60 يومًا؛ وإذا انتهت مدة النشر دون اعتراض تُسدد الفاتورة النهائية خلال 30 يومًا من إصدارها ثم تُطبع الشهادة.","","","موقع الهيئة يصف خدمات متكاملة تبدأ بالإرشاد والحماية ثم الإدارة والإنفاذ، مع فصل المجالات والخدمات.","الهيئة السعودية للملكية الفكرية — الأنظمة واللوائح","https://www.saip.gov.sa/ar/resources/lows-and-regulations/systems-and-regulations","2026-09-20","ثابتة نظاميًا نسبيًا","PARTIALLY VERIFIED","المصدر رسمي لكنه لا يثبت آليًا جميع عناصر الاختصاص/المدة/الرسوم المركبة في النتيجة.","CRITICAL","خطأ محتمل قد يوجه لمحكمة/إجراء غير صحيح أو يفوّت مهلة؛ وهو من الحالات الحساسة المحددة للاعتماد.","نعم","هل المسار شكوى إنفاذ لدى الهيئة أم دعوى تعويض/طعن قضائي، وما الجهة والمهلة لكل مرحلة؟","NEEDS REVIEW",""
"R-ADMIN-COMPENSATION","القضاء الإداري والموظف الحكومي","Q001: وش صار معك؟ ← أبي أرفع قضية جديدة أو أعرف المحكمة المناسبة → Q610: إذا ما تعرف المحكمة: وش طبيعة مشكلتك؟ ← قرار أو عقد أو حق ضد جهة حكومية → Q608: وش نوع النزاع الإداري تحديدًا؟ ← تعويض عن قرار أو عمل جهة إدارية","المطالبة بالتعويض عن قرار أو عمل لجهة الإدارة ضمن اختصاص القضاء الإداري.","حدد القرار أو العمل الإداري المسبب للضرر والجهة والطلبات، وافحص التظلم والمدة بحسب سبب التعويض قبل إيداع الدعوى عبر منصة مُعين.","ديوان المظالم؛ معين للقضية ومنصة التنفيذ الإدارية للتنفيذ.","المحكمة الإدارية","دعوى تعويض إدارية","القرار/العمل محل المطالبة، ما يثبت الضرر، العلاقة السببية، والمستندات المؤيدة، وما يثبت الإجراء السابق إذا كان واجبًا.","","","الدعاوى والطلبات التي يختص بها ديوان المظالم مستثناة من نظام التكاليف القضائية.","بعد الإيداع تُراجع الدعوى إجرائيًا، وقد يطلب استكمال النقص؛ وعند القيد تُحال للمحكمة المختصة وتُبلّغ الأطراف، ثم يصدر الحكم وفق الإجراءات النظامية، ويكون الاعتراض بالطريق والمدة المقررين نظامًا بحسب نوع الحكم.","بعد الإيداع تُراجع الدعوى إجرائيًا، وقد يطلب استكمال النقص؛ وعند القيد تُحال للمحكمة المختصة وتُبلّغ الأطراف، ثم يصدر الحكم وفق الإجراءات النظامية، ويكون الاعتراض بالطريق والمدة المقررين نظامًا بحسب نوع الحكم.","نظام ديوان المظالم والمادة 8 من نظام المرافعات أمام ديوان المظالم بحسب منشأ الدعوى نظام ديوان المظالم","","المادة 13 من نظام ديوان المظالم والمادة 8 من نظام المرافعات أمام ديوان المظالم بحسب منشأ الدعوى","هيئة الخبراء بمجلس الوزراء — نظام ديوان المظالم","https://laws.boe.gov.sa/BoeLaws/Laws/LawDetails/5d3379bd-3547-494e-9fbd-a9a700f26e24/1","2026-09-22","ثابتة نظاميًا نسبيًا","PARTIALLY VERIFIED","يوجد تدقيق تفصيلي ورابط لنص نظامي رسمي، لكن هذا النص بعينه لم يُعد فتحه ومطابقة جميع ادعاءات النتيجة في هذه المرحلة.","CRITICAL","خطأ محتمل قد يوجه لمحكمة/إجراء غير صحيح أو يفوّت مهلة؛ وهو من الحالات الحساسة المحددة للاعتماد.","نعم","هل التظلم السابق واجب؟ وما المدة وبدايتها وأثر فواتها والاستثناءات لهذه الحالة تحديدًا أمام ديوان المظالم؟","NEEDS REVIEW",""
"R-ADMIN-GOV-CONTRACT","القضاء الإداري والموظف الحكومي","Q001: وش صار معك؟ ← أبي أرفع قضية جديدة أو أعرف المحكمة المناسبة → Q610: إذا ما تعرف المحكمة: وش طبيعة مشكلتك؟ ← قرار أو عقد أو حق ضد جهة حكومية → Q608: وش نوع النزاع الإداري تحديدًا؟ ← عقد تكون جهة الإدارة طرفًا فيه","النزاع متعلق بعقد تكون جهة الإدارة طرفًا فيه.","حدد العقد والالتزام والإخلال والطلبات، وأرفق المستندات العقدية ثم أودع الدعوى الإدارية عبر منصة مُعين؛ وبعد صدور سند تنفيذي مشمول بالنظام يكون التنفيذ عبر منصة التنفيذ الإدارية.","ديوان المظالم؛ معين للقضية ومنصة التنفيذ الإدارية للتنفيذ.","المحكمة الإدارية","دعوى عقد إداري","العقد وملاحقه، أوامر التغيير عند وجودها، المراسلات، محاضر الاستلام، المطالبات والحسابات والمستندات المؤيدة.","","","الدعاوى والطلبات التي يختص بها ديوان المظالم مستثناة من نظام التكاليف القضائية.","بعد الإيداع تُراجع الدعوى إجرائيًا، وقد يطلب استكمال النقص؛ وعند القيد تُحال للمحكمة المختصة وتُبلّغ الأطراف، ثم يصدر الحكم وفق الإجراءات النظامية، ويكون الاعتراض بالطريق والمدة المقررين نظامًا بحسب نوع الحكم.","بعد الإيداع تُراجع الدعوى إجرائيًا، وقد يطلب استكمال النقص؛ وعند القيد تُحال للمحكمة المختصة وتُبلّغ الأطراف، ثم يصدر الحكم وفق الإجراءات النظامية، ويكون الاعتراض بالطريق والمدة المقررين نظامًا بحسب نوع الحكم.","نظام ديوان المظالم، ومع التنفيذ نظام التنفيذ أمام ديوان المظالم نظام ديوان المظالم","","المادة 13 من نظام ديوان المظالم، ومع التنفيذ نظام التنفيذ أمام ديوان المظالم","هيئة الخبراء بمجلس الوزراء — نظام ديوان المظالم","https://laws.boe.gov.sa/BoeLaws/Laws/LawDetails/5d3379bd-3547-494e-9fbd-a9a700f26e24/1","2026-09-22","ثابتة نظاميًا نسبيًا","PARTIALLY VERIFIED","يوجد تدقيق تفصيلي ورابط لنص نظامي رسمي، لكن هذا النص بعينه لم يُعد فتحه ومطابقة جميع ادعاءات النتيجة في هذه المرحلة.","CRITICAL","خطأ محتمل قد يوجه لمحكمة/إجراء غير صحيح أو يفوّت مهلة؛ وهو من الحالات الحساسة المحددة للاعتماد.","نعم","هل التظلم السابق واجب؟ وما المدة وبدايتها وأثر فواتها والاستثناءات لهذه الحالة تحديدًا أمام ديوان المظالم؟","NEEDS REVIEW",""
"R-ADMIN-SERVICE-RIGHTS","القضاء الإداري والموظف الحكومي","Q001: وش صار معك؟ ← أبي أرفع قضية جديدة أو أعرف المحكمة المناسبة → Q610: إذا ما تعرف المحكمة: وش طبيعة مشكلتك؟ ← قرار أو عقد أو حق ضد جهة حكومية → Q608: وش نوع النزاع الإداري تحديدًا؟ ← حقوق موظف حكومي أو عسكري أو تقاعد","مطالبة بحقوق مقررة في نظم الخدمة المدنية أو العسكرية أو التقاعد لموظف/مستخدم حكومي أو مستحق عنه.","تحقق أولًا من التظلم السابق والمدة النظامية المنطبقة على نوع الحق، ثم أودع الدعوى عبر خدمة رفع الدعوى القضائية في منصة مُعين إذا استوفيت شروط القبول.","ديوان المظالم؛ معين للقضية ومنصة التنفيذ الإدارية للتنفيذ.","المحكمة الإدارية","دعوى حقوق وظيفية/خدمة أمام القضاء الإداري","ما يثبت الصفة الوظيفية والحق المطالب به وتاريخ نشوئه، وقرار الجهة أو امتناعها، والتظلم ونتيجته متى كان واجبًا.","","","الدعاوى والطلبات التي يختص بها ديوان المظالم مستثناة من نظام التكاليف القضائية.","بعد الإيداع تُراجع الدعوى إجرائيًا، وقد يطلب استكمال النقص؛ وعند القيد تُحال للمحكمة المختصة وتُبلّغ الأطراف، ثم يصدر الحكم وفق الإجراءات النظامية، ويكون الاعتراض بالطريق والمدة المقررين نظامًا بحسب نوع الحكم.","بعد الإيداع تُراجع الدعوى إجرائيًا، وقد يطلب استكمال النقص؛ وعند القيد تُحال للمحكمة المختصة وتُبلّغ الأطراف، ثم يصدر الحكم وفق الإجراءات النظامية، ويكون الاعتراض بالطريق والمدة المقررين نظامًا بحسب نوع الحكم.","نظام ديوان المظالم والمادة 8 من نظام المرافعات أمام ديوان المظالم نظام ديوان المظالم","","المادة 13(أ) من نظام ديوان المظالم والمادة 8 من نظام المرافعات أمام ديوان المظالم","هيئة الخبراء بمجلس الوزراء — نظام ديوان المظالم","https://laws.boe.gov.sa/BoeLaws/Laws/LawDetails/5d3379bd-3547-494e-9fbd-a9a700f26e24/1","2026-09-22","ثابتة نظاميًا نسبيًا","PARTIALLY VERIFIED","يوجد تدقيق تفصيلي ورابط لنص نظامي رسمي، لكن هذا النص بعينه لم يُعد فتحه ومطابقة جميع ادعاءات النتيجة في هذه المرحلة.","CRITICAL","خطأ محتمل قد يوجه لمحكمة/إجراء غير صحيح أو يفوّت مهلة؛ وهو من الحالات الحساسة المحددة للاعتماد.","نعم","هل التظلم السابق واجب؟ وما المدة وبدايتها وأثر فواتها والاستثناءات لهذه الحالة تحديدًا أمام ديوان المظالم؟","NEEDS REVIEW",""
"R-GOV-EMPLOYEE-ADMIN","القضاء الإداري والموظف الحكومي","Q001: وش صار معك؟ ← مشكلة عمل أو راتب أو فصل → Q050: أنت تشتغل عند مين؟ ← جهة حكومية أو عسكرية → Q064: أنت موظف جهة حكومية؟ ← نعم، أنا موظف/عامل لدى جهة حكومية → Q065: عندك دعوى قائمة في معين؟ ← لا، ما عندي دعوى قائمة","النزاع مرتبط بوظيفة أو قرار صادر من جهة حكومية، وليس علاقة عمل خاصة عادية.","انتقل لمسار القضاء الإداري ومنصة معين بدل مسار التسوية العمالية الخاصة.","ديوان المظالم","","منصة معين الرقمية","للتقييم الأولي راجع القرار أو الإجراء الإداري وصفة مقدم الدعوى والتواريخ ذات الصلة. متطلبات تقديم الدعوى الفعلية تتحدد داخل خدمة «تقديم دعوى» بمنصة معين.","","","","يمكن عبر منصة معين تقديم الدعوى والطلبات القضائية ومتابعتها وفق نظام المرافعات أمام ديوان المظالم.","يمكن عبر منصة معين تقديم الدعوى والطلبات القضائية ومتابعتها وفق نظام المرافعات أمام ديوان المظالم.","","","","ديوان المظالم — منصة معين الرقمية","https://www.bog.gov.sa/EServices/Pages/moen.aspx","2026-09-20","قابلة للتغير","INFERENCE","النتيجة تحليل إجرائي مرتبط بمصدر رسمي، لكن لا يوجد تحقق قانوني Result-by-Result لها.","CRITICAL","خطأ محتمل قد يوجه لمحكمة/إجراء غير صحيح أو يفوّت مهلة؛ وهو من الحالات الحساسة المحددة للاعتماد.","نعم","ما الاختبار النظامي الذي يفصل خضوع الموظف الحكومي لنظام العمل عن الخدمة المدنية/العسكرية، وما الجهة المختصة لكل فرع؟","NEEDS REVIEW",""
"R-JUDGMENT-DEADLINE-REVIEW","القضاء والتنفيذ وناجز","Q001: وش صار معك؟ ← صدر حكم → Q030: وش وضع الحكم؟ ← صدر حكم درجة أولى → Q032: وش تبي تسوي بالحكم؟ ← أعترض على الحكم → Q205: تعرف متى تبلّغت بالحكم؟ ← نعم، أعرف تاريخ التبليغ → Q033: وش ظاهر لك عند الحكم بخصوص الاعتراض؟ ← ظاهر لي أن مدة الاعتراض انتهت أو الحكم نهائي","الحكم لا يظهر لك الآن كحكم مفتوح للاعتراض أو تقول إن المدة انتهت.","لا تقدم مسارًا عشوائيًا؛ تحقق من حالة الحكم وتاريخ التبليغ/التسليم ونوع القضية، واستعن بمختص إذا كنت تريد إنقاذ طريق اعتراض محتمل.","المحكمة أو الجهة القضائية المختصة بحسب نوع الدعوى والمرحلة المبينة في النتيجة.","","مراجعة مدة الاعتراض | اعتراض/بوابة قرار قضائية","للتأكد من الطريق المتاح راجع الحكم وحالته ونوع القضية وتاريخ التبليغ أو التسليم. هذه معلومات تحقق زمني وليست قائمة مرفقات لخدمة مستقلة.","الحكم وبيانات التبليغ/التسليم.","الاستئناف 30 يومًا و10 للمستعجل؛ النقض 30 يومًا و15 للمستعجل.","لا تكلفة مستقلة لمجرد حساب المدة.","يُحدد بعدها هل يوجد طريق نظامي متاح أم أن الحكم أصبح قطعيًا في مساره.","يُحدد بعدها هل يوجد طريق نظامي متاح أم أن الحكم أصبح قطعيًا في مساره.","نظام المرافعات الشرعية","","","هيئة الخبراء بمجلس الوزراء — نظام المرافعات الشرعية","https://laws.boe.gov.sa/BoeLaws/Laws/LawDetails/f0eaae46-9f84-40ee-815e-a9a700f268b3/1","2026-09-20","ثابتة نظاميًا نسبيًا","PARTIALLY VERIFIED","يوجد تدقيق تفصيلي ورابط لنص نظامي رسمي، لكن هذا النص بعينه لم يُعد فتحه ومطابقة جميع ادعاءات النتيجة في هذه المرحلة.","CRITICAL","خطأ محتمل قد يوجه لمحكمة/إجراء غير صحيح أو يفوّت مهلة؛ وهو من الحالات الحساسة المحددة للاعتماد.","نعم","ما مقدار المدة وبدايتها ونهايتها والاستثناءات وأثر فواتها وفق النص المطبق على هذه الحالة؟","NEEDS REVIEW",""
"R-JUDGMENT-OBJECT","القضاء والتنفيذ وناجز","Q001: وش صار معك؟ ← صدر حكم → Q030: وش وضع الحكم؟ ← صدر حكم درجة أولى → Q032: وش تبي تسوي بالحكم؟ ← أعترض على الحكم → Q205: تعرف متى تبلّغت بالحكم؟ ← نعم، أعرف تاريخ التبليغ → Q033: وش ظاهر لك عند الحكم بخصوص الاعتراض؟ ← ظاهر لي أن الاعتراض ما زال متاحًا","حكم درجة أولى ويظهر أنه ما زال قابلًا للاعتراض ضمن حالته الحالية.","استخدم خدمة «الاعتراض على الحكم» إذا كان الحكم من محكمة الدرجة الأولى وما زالت المدة الاعتراضية قائمة. وزارة العدل تنبه إلى أن المدد تختلف بحسب تصنيف القضية، وأن البداية في الخدمة تكون من تاريخ تسليم الحكم للحكم الحضوري ومن نجاح مهمة التبليغ للحكم الغيابي؛ لذلك لا تستخدم رقم مدة موحدًا دون تحديد نوع القضية والحكم.","المحكمة أو الجهة القضائية المختصة بحسب نوع الدعوى والمرحلة المبينة في النتيجة.","","الاعتراض على الحكم | ناجز | اعتراض/بوابة قرار قضائية","رقم القضية والحكم محل الاعتراض. أثناء التقديم تُدخل بيانات الاعتراض وتُرفق اللائحة والمرفقات بحسب ما تطلبه الخدمة؛ فلا تُعامل هذه كلها كمستندات ثابتة مستقلة.","اللائحة الاعتراضية والمستندات الداعمة؛ وكالة/ولاية عند الانطباق.","30 يومًا للاستئناف/التدقيق، و10 أيام للأحكام المستعجلة وفق المادة 187.","يخضع لنظام التكاليف القضائية عند انطباقه.","يصدر رقم لطلب الاعتراض ويمكن متابعته في ناجز. وتوضح رحلة القضية بوزارة العدل أن الطلب يُحال إلى محكمة الاستئناف وفق إجراءات الاعتراض بعد انتهاء المدة الاعتراضية.","يصدر رقم لطلب الاعتراض ويمكن متابعته في ناجز. وتوضح رحلة القضية بوزارة العدل أن الطلب يُحال إلى محكمة الاستئناف وفق إجراءات الاعتراض بعد انتهاء المدة الاعتراضية.","نظام المرافعات الشرعية","","","هيئة الخبراء بمجلس الوزراء — نظام المرافعات الشرعية","https://laws.boe.gov.sa/BoeLaws/Laws/LawDetails/f0eaae46-9f84-40ee-815e-a9a700f268b3/1","2026-09-22","قابلة للتغير","PARTIALLY VERIFIED","يوجد تدقيق تفصيلي ورابط لنص نظامي رسمي، لكن هذا النص بعينه لم يُعد فتحه ومطابقة جميع ادعاءات النتيجة في هذه المرحلة.","CRITICAL","خطأ محتمل قد يوجه لمحكمة/إجراء غير صحيح أو يفوّت مهلة؛ وهو من الحالات الحساسة المحددة للاعتماد.","نعم","ما مقدار المدة وبدايتها ونهايتها والاستثناءات وأثر فواتها وفق النص المطبق على هذه الحالة؟","NEEDS REVIEW",""
"R-PROC-CASSATION-STAY","القضاء والتنفيذ وناجز","Q001: وش صار معك؟ ← عندي مشكلة في إجراءات الدعوى أو الاختصاص أو الاعتراض → Q601: وش المشكلة الإجرائية في الدعوى أو الحكم؟ ← أبي أتأكد من مدة الاستئناف/النقض/الالتماس أو طريقة حسابها → Q621: وش المدة القضائية اللي تبي تتأكد منها؟ ← أبي أطلب وقف التنفيذ مع النقض","قدمت أو ستقدم نقضًا وتخشى تنفيذ الحكم قبل أن تفصل المحكمة العليا في الاعتراض.","الأصل أن الاعتراض أمام المحكمة العليا لا يوقف تنفيذ الحكم. وفق المادة 196 يجوز للمحكمة العليا وقف التنفيذ مؤقتًا إذا طلبت ذلك في مذكرة الاعتراض وكان يخشى من التنفيذ وقوع ضرر جسيم يتعذر تداركه.","المحكمة أو الجهة القضائية المختصة بحسب نوع الدعوى والمرحلة المبينة في النتيجة.","المحكمة العليا","طلب النقض؛ وطلب وقف التنفيذ عند توافر شروطه النظامية. | ناجز | طلب نقض مع بحث وقف التنفيذ وفق شروطه النظامية.","مذكرة النقض نفسها، وطلب صريح بوقف التنفيذ، وبيان الضرر الجسيم الذي يتعذر تداركه وما يؤيده بحسب الحالة.","لائحة النقض وما يدعم سبب طلب وقف التنفيذ عند تقديمه.","طلب النقض داخل مدته النظامية؛ وقف التنفيذ لا ينشأ تلقائيًا بمجرد تقديم النقض.","رسوم خدمة النقض الحالية 7000 ريال؛ لا نثبت رسمًا مستقلًا لوقف التنفيذ دون مصدر خاص.","تفصل المحكمة العليا في طلب الوقف وفق شروطه؛ وقد توجب ضمانًا أو كفيلًا غارمًا مليئًا أو ما تراه حافظًا لحق الطرف الآخر. مجرد تقديم النقض لا يعني أن التنفيذ توقف.","تفصل المحكمة العليا في طلب الوقف وفق شروطه؛ وقد توجب ضمانًا أو كفيلًا غارمًا مليئًا أو ما تراه حافظًا لحق الطرف الآخر. مجرد تقديم النقض لا يعني أن التنفيذ توقف.","نظام المرافعات الشرعية","","نظام المرافعات الشرعية — المادة 196","وزارة العدل — طلب النقض","https://www.moj.gov.sa/ar/eServices/pages/aee148d0-b7f7-43eb-b1cf-8eabf4d8b10d.aspx","2026-09-22","قابلة للتغير","STALE RISK","نظام تنفيذ جديد نُشر في 2026 وسيحل محل النظام السابق بعد 180 يومًا؛ يلزم تثبيت تاريخ النفاذ وخطة تحديث النتيجة.","CRITICAL","خطأ محتمل قد يوجه لمحكمة/إجراء غير صحيح أو يفوّت مهلة؛ وهو من الحالات الحساسة المحددة للاعتماد.","نعم","ما مقدار المدة وبدايتها ونهايتها والاستثناءات وأثر فواتها وفق النص المطبق على هذه الحالة؟","NEEDS REVIEW",""
"R-SP-ADMIN-TIMING-REVIEW","القضاء الإداري والموظف الحكومي","Q001: وش صار معك؟ ← أبي أرفع قضية جديدة أو أعرف المحكمة المناسبة → Q610: إذا ما تعرف المحكمة: وش طبيعة مشكلتك؟ ← قرار أو عقد أو حق ضد جهة حكومية → Q608: وش نوع النزاع الإداري تحديدًا؟ ← تظلم قبل رفع الدعوى → Q259: وين وصلت في التظلم؟ ← المدة أو وجوب التظلم غير واضح","وجود التظلم المطلوب أو المهلة النظامية غير واضح في حالتك.","حدد نوع القرار والجهة وتاريخ العلم به وأي تظلم سابق، واطلب تقييمًا قانونيًا عاجلًا قبل اتخاذ الخطوة التالية في معين.","ديوان المظالم عبر منصة معين الرقمية.","","منصة معين الرقمية","للتقييم الزمني راجع القرار وتاريخ العلم به وإثبات التظلم وتاريخ تقديمه وأي رد أو إشعار. هذه معلومات لإثبات المواعيد والمسار، والمتطلبات النهائية تختلف بحسب نوع الدعوى والنص الخاص.","","","","بعد حسم شرط التظلم والمهلة، يتحدد هل تبدأ الدعوى عبر معين أو تستكمل إجراءً سابقًا.","بعد حسم شرط التظلم والمهلة، يتحدد هل تبدأ الدعوى عبر معين أو تستكمل إجراءً سابقًا.","نظام المرافعات أمام ديوان المظالم","","","هيئة الخبراء بمجلس الوزراء — نظام المرافعات أمام ديوان المظالم","https://laws.boe.gov.sa/BoeLaws/Laws/LawDetails/f2f7b465-b576-4f47-a8e7-a9a700f27202/1","2026-09-20","قابلة للتغير","INFERENCE","النتيجة تحليل إجرائي مرتبط بمصدر رسمي، لكن لا يوجد تحقق قانوني Result-by-Result لها.","CRITICAL","ادعاء عالي الأثر دون تحقق رسمي مباشر كافٍ.","نعم","هل التظلم السابق واجب؟ وما المدة وبدايتها وأثر فواتها والاستثناءات لهذه الحالة تحديدًا أمام ديوان المظالم؟","NEEDS REVIEW",""
"R-SP-CMA-ADMIN-FOLLOWUP","القضاء الإداري والموظف الحكومي","Q001: وش صار معك؟ ← بنك/تمويل/تأمين/زكاة/ضريبة/اتصالات/جهة حكومية → Q110: مشكلتك مع أي جهة أو خدمة؟ ← بنك أو تمويل أو تأمين أو سوق مالية → Q267: وش نوع المشكلة المالية أو التأمينية؟ ← أسهم / محفظة / وسيط / سوق مالية → Q166: وش نوع مشكلتك في السوق المالية؟ ← تظلم من قرار أو إجراء للهيئة أو السوق أو مركز الإيداع أو المقاصة → Q231: قدمت التظلم أولًا لهيئة السوق؟ ← نعم، قدمت التظلم للهيئة","قدمت تظلمك الإداري بالفعل.","تحقق من رد الهيئة وتواريخ الإيداع والعلم قبل الانتقال للجنة.","الأمانة العامة للجان الفصل في منازعات الأوراق المالية","","","للمتابعة احتفظ برقم التظلم وتاريخ إيداعه ورد الهيئة إن وجد وتاريخ العلم بالقرار؛ هذه معلومات متابعة وحساب مدة وليست قائمة مستندات لتقديم طلب جديد.","","","","تحدد حالة التظلم والمدة النظامية متى تنتقل للجنة.","تحدد حالة التظلم والمدة النظامية متى تنتقل للجنة.","","","","الأمانة العامة للجان الفصل في منازعات الأوراق المالية — الدليل الإرشادي — الدعاوى المدنية والتظلمات الإدارية","https://crsd.org.sa/ar/Guidelines/Documents/%D8%A7%D9%84%D8%AF%D9%84%D9%8A%D9%84%20%D8%A7%D9%84%D8%A5%D8%B1%D8%B4%D8%A7%D8%AF%D9%8A.pdf","2026-09-20","ثابتة نظاميًا نسبيًا","HUMAN DECISION","المصدر غير موجود أو ليس على نطاق حكومي/رسمي يمكن الاعتماد عليه آليًا.","CRITICAL","ادعاء عالي الأثر دون تحقق رسمي مباشر كافٍ.","نعم","هل التظلم السابق واجب؟ وما المدة وبدايتها وأثر فواتها والاستثناءات لهذه الحالة تحديدًا أمام ديوان المظالم؟","NEEDS REVIEW",""
"R-SP-CMA-ADMIN-GRIEVANCE","القضاء الإداري والموظف الحكومي","Q001: وش صار معك؟ ← بنك/تمويل/تأمين/زكاة/ضريبة/اتصالات/جهة حكومية → Q110: مشكلتك مع أي جهة أو خدمة؟ ← بنك أو تمويل أو تأمين أو سوق مالية → Q267: وش نوع المشكلة المالية أو التأمينية؟ ← أسهم / محفظة / وسيط / سوق مالية → Q166: وش نوع مشكلتك في السوق المالية؟ ← تظلم من قرار أو إجراء للهيئة أو السوق أو مركز الإيداع أو المقاصة → Q231: قدمت التظلم أولًا لهيئة السوق؟ ← لا، لم أقدم التظلم للهيئة","تتظلم من قرار أو إجراء ولم تبدأ بالتظلم لدى هيئة السوق.","قدّم التظلم أولًا لهيئة السوق المالية وفق مسار التظلمات الإدارية.","الأمانة العامة للجان الفصل في منازعات الأوراق المالية","","","جهّز نسخة القرار أو الإجراء محل التظلم والمستندات المؤيدة. تاريخ العلم وأسباب التظلم بيانات لازمة لتحديد المدة وتعبئة التظلم، وليست مستندات مستقلة بحد ذاتها.","","","","بعد رد الهيئة أو تحقق الحالة النظامية تنتقل للمرحلة التالية وفق قواعد التظلم الإداري.","بعد رد الهيئة أو تحقق الحالة النظامية تنتقل للمرحلة التالية وفق قواعد التظلم الإداري.","","","","الأمانة العامة للجان الفصل في منازعات الأوراق المالية — الدليل الإرشادي — الدعاوى المدنية والتظلمات الإدارية","https://crsd.org.sa/ar/Guidelines/Documents/%D8%A7%D9%84%D8%AF%D9%84%D9%8A%D9%84%20%D8%A7%D9%84%D8%A5%D8%B1%D8%B4%D8%A7%D8%AF%D9%8A.pdf","2026-09-20","ثابتة نظاميًا نسبيًا","HUMAN DECISION","المصدر غير موجود أو ليس على نطاق حكومي/رسمي يمكن الاعتماد عليه آليًا.","CRITICAL","ادعاء عالي الأثر دون تحقق رسمي مباشر كافٍ.","نعم","هل التظلم السابق واجب؟ وما المدة وبدايتها وأثر فواتها والاستثناءات لهذه الحالة تحديدًا أمام ديوان المظالم؟","NEEDS REVIEW",""
"R-CIVIL-FAMILY-RECORD","الخدمات الحكومية والهوية والجوازات والمرور","Q001: وش صار معك؟ ← بنك/تمويل/تأمين/زكاة/ضريبة/اتصالات/جهة حكومية → Q110: مشكلتك مع أي جهة أو خدمة؟ ← خصوصية أو طيران أو تعليم أو بلدية → Q269: وش نوع المشكلة المتخصصة الأخرى؟ ← الأحوال المدنية / الهوية / المواليد / سجل الأسرة → Q294: وش تحتاج من الأحوال المدنية؟ ← إصدار سجل الأسرة / سجل أسرة للأمهات","تبي تصدر سجل الأسرة أو سجل الأسرة للأمهات.","أبشر > خدماتي > الأحوال المدنية، ثم اختر خدمة سجل الأسرة المناسبة لحالتك.","وكالة وزارة الداخلية للأحوال المدنية — عبر منصة أبشر بحسب الخدمة.","","أبشر | خدمة أحوال مدنية إلكترونية/توثيقية، وليست دعوى قضائية أو اعتراضًا على حكم.","راجع شروط الخدمة الظاهرة وأكمل بيانات العنوان والتوصيل إن طُلبت.","","","","تتابع إصدار الوثيقة أو توصيلها إلكترونيًا.","تتابع إصدار الوثيقة أو توصيلها إلكترونيًا.","","","","منصة أبشر — وزارة الداخلية — خدمات الأحوال المدنية: الهوية الوطنية، تسجيل المواليد، وسجل الأسرة","https://www.absher.sa/wps/wcm/connect/individuals/contents/individuals+AR/eServices+User+Guide/eServices/Civil-Affairs-Services/","2026-09-23","قابلة للتغير","HUMAN DECISION","المصدر غير موجود أو ليس على نطاق حكومي/رسمي يمكن الاعتماد عليه آليًا.","CRITICAL","ادعاء عالي الأثر دون تحقق رسمي مباشر كافٍ.","نعم","ما مقدار المدة وبدايتها ونهايتها والاستثناءات وأثر فواتها وفق النص المطبق على هذه الحالة؟","NEEDS REVIEW",""
"R-PASSPORT-VISIT-DEPART","الخدمات الحكومية والهوية والجوازات والمرور","Q001: وش صار معك؟ ← بنك/تمويل/تأمين/زكاة/ضريبة/اتصالات/جهة حكومية → Q110: مشكلتك مع أي جهة أو خدمة؟ ← خصوصية أو طيران أو تعليم أو بلدية → Q269: وش نوع المشكلة المتخصصة الأخرى؟ ← جوازات / إقامة / تأشيرة خروج وعودة أو خروج نهائي → Q276: وش تحتاج من الجوازات؟ ← تأشيرات خروج وعودة / خروج نهائي / زيارة → Q290: وش تحتاج بخصوص التأشيرة؟ ← تمديد تأشيرة زيارة → Q292: وش نوع خدمة الزيارة؟ ← الزيارة منتهية وأحتاج تمديدها لغرض المغادرة","الزيارة منتهية وتحتاج تمديدها لغرض المغادرة.","ارفع الطلب من خدمة الجوازات المخصصة في أبشر واتبع المتطلبات الظاهرة.","منصة أبشر","","أبشر","بيانات الزائر والتأشيرة + ما تطلبه الخدمة من معلومات أو مرفقات.","","","","غير منطبق ظاهرًا","تُراجع المعاملة لاستكمال إجراء المغادرة بحسب حالتها.","","","","منصة أبشر — إصدار تأشيرة الخروج والعودة أو الخروج النهائي — أبشر","https://www.absher.sa/wps/wcm/connect/individuals/contents/individuals/eServices%2BUser%2BGuide/eServices/Passport-Services/","2026-09-21","قابلة للتغير","HUMAN DECISION","المصدر غير موجود أو ليس على نطاق حكومي/رسمي يمكن الاعتماد عليه آليًا.","CRITICAL","ادعاء عالي الأثر دون تحقق رسمي مباشر كافٍ.","نعم","هل يدعم المصدر الرسمي جميع الادعاءات العملية في النتيجة، أم يلزم تقييدها أو تقسيمها؟","NEEDS REVIEW",""
"R-PASSPORT-VISIT-EXTEND","الخدمات الحكومية والهوية والجوازات والمرور","Q001: وش صار معك؟ ← بنك/تمويل/تأمين/زكاة/ضريبة/اتصالات/جهة حكومية → Q110: مشكلتك مع أي جهة أو خدمة؟ ← خصوصية أو طيران أو تعليم أو بلدية → Q269: وش نوع المشكلة المتخصصة الأخرى؟ ← جوازات / إقامة / تأشيرة خروج وعودة أو خروج نهائي → Q276: وش تحتاج من الجوازات؟ ← تأشيرات خروج وعودة / خروج نهائي / زيارة → Q290: وش تحتاج بخصوص التأشيرة؟ ← تمديد تأشيرة زيارة → Q292: وش نوع خدمة الزيارة؟ ← الزيارة ما زالت قابلة للتمديد","تبي تمدد تأشيرة زيارة.","سدّد الرسوم ثم افتح خدمة تمديد تأشيرة زيارة من المسار المناسب في أبشر.","منصة أبشر","","أبشر","بيانات الزائر والتأشيرة + الرسوم + شروط الخدمة الظاهرة.","","","","غير منطبق ظاهرًا","يتم التمديد إلكترونيًا عند تحقق الشروط.","","","","منصة أبشر — إصدار تأشيرة الخروج والعودة أو الخروج النهائي — أبشر","https://www.absher.sa/wps/wcm/connect/individuals/contents/individuals/eServices%2BUser%2BGuide/eServices/Passport-Services/","2026-09-21","قابلة للتغير","HUMAN DECISION","المصدر غير موجود أو ليس على نطاق حكومي/رسمي يمكن الاعتماد عليه آليًا.","CRITICAL","ادعاء عالي الأثر دون تحقق رسمي مباشر كافٍ.","نعم","هل يدعم المصدر الرسمي جميع الادعاءات العملية في النتيجة، أم يلزم تقييدها أو تقسيمها؟","NEEDS REVIEW",""
"R-SP-BANKING-COMMITTEE","البنوك والتمويل والتأمين والسوق المالية","Q001: وش صار معك؟ ← بنك/تمويل/تأمين/زكاة/ضريبة/اتصالات/جهة حكومية → Q110: مشكلتك مع أي جهة أو خدمة؟ ← بنك أو تمويل أو تأمين أو سوق مالية → Q267: وش نوع المشكلة المالية أو التأمينية؟ ← بنك / مصرف / شركة تمويل → Q285: وش المشكلة البنكية اللي صارت؟ ← مشكلة أخرى مع البنك أو التمويل → Q162: اشتكيّت على البنك أو جهة التمويل؟ ← أريد رفع دعوى لدى اللجان → Q163: وش نوع النزاع المالي؟ ← حساب/بطاقة/صراف/تجميد حساب/نزاع مصرفي","النزاع مصرفي مثل حساب جارٍ أو بطاقة أو صراف أو تجميد حساب.","استخدم الخدمات الإلكترونية للأمانة العامة للجان المنازعات والمخالفات المصرفية والتمويلية واختر نموذج النزاع المصرفي المناسب.","الأمانة العامة للجان المنازعات والمخالفات المصرفية والتمويلية","","","لرفع الدعوى جهّز المستندات المؤيدة للنزاع مثل العقود وكشوف الحساب والمراسلات بحسب الحالة. بيانات الدعوى والطلبات تُستكمل في النموذج الإلكتروني؛ لا تُعامل حقول النموذج كمرفقات مستقلة إلا إذا طلبتها الخدمة.","","","","غير منطبق ظاهرًا","تُدقق الدعوى ثم يُبلغ الطرفان بقبولها أو طلب استكمال النواقص.","","","","الأمانة العامة للجان المنازعات والمخالفات المصرفية والتمويلية — طريقة تقديم الدعوى والخدمات الإلكترونية","https://www.bfc.gov.sa/ar-sa/eServices/pages/appellatecommittee.aspx","2026-09-20","ثابتة نظاميًا نسبيًا","INFERENCE","النتيجة تحليل إجرائي مرتبط بمصدر رسمي، لكن لا يوجد تحقق قانوني Result-by-Result لها.","CRITICAL","ادعاء عالي الأثر دون تحقق رسمي مباشر كافٍ.","نعم","هل يدعم المصدر الرسمي جميع الادعاءات العملية في النتيجة، أم يلزم تقييدها أو تقسيمها؟","NEEDS REVIEW",""
"R-SP-CMA-COMPLAINT","البنوك والتمويل والتأمين والسوق المالية","Q001: وش صار معك؟ ← بنك/تمويل/تأمين/زكاة/ضريبة/اتصالات/جهة حكومية → Q110: مشكلتك مع أي جهة أو خدمة؟ ← بنك أو تمويل أو تأمين أو سوق مالية → Q267: وش نوع المشكلة المالية أو التأمينية؟ ← أسهم / محفظة / وسيط / سوق مالية → Q166: وش نوع مشكلتك في السوق المالية؟ ← نزاع مدني / مطالبة أو تعويض كمستثمر → Q230: قدمت الشكوى أولًا لهيئة السوق؟ ← لا","لديك نزاع أوراق مالية ولم تودع شكوى لدى هيئة السوق المالية بعد.","أودع الشكوى أولًا لدى هيئة السوق المالية قبل الدعوى المدنية أمام لجنة الفصل.","الجهة القضائية أو الرسمية المحددة في المصدر المرتبط بالنتيجة.","","دعوى جديدة أو طلب قضائي بحسب الحالة المحددة في النتيجة؛ لا يُستخدم كطلب داخل قضية/تنفيذ إلا إذا نصت النتيجة على ذلك.","بيانات المحفظة والصفقات والوقائع تُستخدم لتعبئة الشكوى، وأرفق العقود وكشوف الحساب والمستندات المؤيدة بحسب موضوع النزاع. لا تُعامل حقول وصف الواقعة كمستندات مستقلة.","","","","غير منطبق ظاهرًا","الشكوى لدى الهيئة هي بوابة سابقة للدعوى أمام لجنة الفصل في المنازعات المدنية.","","","","الأمانة العامة للجان الفصل في منازعات الأوراق المالية — الدليل الإرشادي — الدعاوى المدنية والتظلمات الإدارية","https://crsd.org.sa/ar/Guidelines/Documents/%D8%A7%D9%84%D8%AF%D9%84%D9%8A%D9%84%20%D8%A7%D9%84%D8%A5%D8%B1%D8%B4%D8%A7%D8%AF%D9%8A.pdf","2026-09-20","ثابتة نظاميًا نسبيًا","HUMAN DECISION","المصدر غير موجود أو ليس على نطاق حكومي/رسمي يمكن الاعتماد عليه آليًا.","CRITICAL","ادعاء عالي الأثر دون تحقق رسمي مباشر كافٍ.","نعم","هل الجهة والمحكمة ونوع الإجراء المحددة صحيحة لكل صور الحالة والاستثناءات المحتملة؟","NEEDS REVIEW",""
"R-SP-CMA-WAIT","البنوك والتمويل والتأمين والسوق المالية","Q001: وش صار معك؟ ← بنك/تمويل/تأمين/زكاة/ضريبة/اتصالات/جهة حكومية → Q110: مشكلتك مع أي جهة أو خدمة؟ ← بنك أو تمويل أو تأمين أو سوق مالية → Q267: وش نوع المشكلة المالية أو التأمينية؟ ← أسهم / محفظة / وسيط / سوق مالية → Q166: وش نوع مشكلتك في السوق المالية؟ ← نزاع مدني / مطالبة أو تعويض كمستثمر → Q230: قدمت الشكوى أولًا لهيئة السوق؟ ← نعم → Q167: مضت 90 يومًا أو وصلك إخطار من الهيئة؟ ← لم تمضِ 90 يومًا ولم يصلني إخطار","أودعت شكوى الحق الخاص لدى هيئة السوق المالية، ولم تمضِ 90 يومًا من تاريخ إيداعها، ولم يصلك إخطار بجواز إيداع الدعوى قبل انتهاء المدة.","تابع الشكوى، وانتظر اكتمال 90 يومًا من تاريخ إيداعها أو إخطار الهيئة بجواز إيداع الدعوى قبل انتهاء المدة.","الجهة القضائية أو الرسمية المحددة في المصدر المرتبط بالنتيجة.","","دعوى جديدة أو طلب قضائي بحسب الحالة المحددة في النتيجة؛ لا يُستخدم كطلب داخل قضية/تنفيذ إلا إذا نصت النتيجة على ذلك.","للمتابعة احتفظ برقم الشكوى وتاريخ إيداعها وأي إخطار من الهيئة؛ هذه معلومات متابعة لتحديد تحقق بوابة الدعوى وليست مستندات تقديم جديدة.","","","","غير منطبق ظاهرًا","بعد تحقق أحد الشرطين، أو انطباق استثناء تحدده الهيئة، يمكن إيداع الدعوى لدى لجنة الفصل.","","","","الأمانة العامة للجان الفصل في منازعات الأوراق المالية — الدليل الإرشادي — الدعاوى المدنية والتظلمات الإدارية","https://crsd.org.sa/ar/Guidelines/Documents/%D8%A7%D9%84%D8%AF%D9%84%D9%8A%D9%84%20%D8%A7%D9%84%D8%A5%D8%B1%D8%B4%D8%A7%D8%AF%D9%8A.pdf","2026-09-20","ثابتة نظاميًا نسبيًا","HUMAN DECISION","المصدر غير موجود أو ليس على نطاق حكومي/رسمي يمكن الاعتماد عليه آليًا.","CRITICAL","ادعاء عالي الأثر دون تحقق رسمي مباشر كافٍ.","نعم","هل الجهة والمحكمة ونوع الإجراء المحددة صحيحة لكل صور الحالة والاستثناءات المحتملة؟","NEEDS REVIEW",""
"R-SP-INS-DISPUTE","البنوك والتمويل والتأمين والسوق المالية","Q001: وش صار معك؟ ← بنك/تمويل/تأمين/زكاة/ضريبة/اتصالات/جهة حكومية → Q110: مشكلتك مع أي جهة أو خدمة؟ ← بنك أو تمويل أو تأمين أو سوق مالية → Q267: وش نوع المشكلة المالية أو التأمينية؟ ← شركة تأمين / مطالبة تأمينية → Q164: اشتكيّت على شركة التأمين؟ ← نعم وصدرت نتيجة ولم أرضَ عنها → Q165: تبي تصعّد نزاع التأمين؟ ← نعم، أريد نزاع/اعتراض على النتيجة","صدرت نتيجة شكوى تأمينية ولم ترضَ عنها وتريد نزاعًا رسميًا.","استخدم القنوات الرسمية للجان الفصل في المنازعات والمخالفات التأمينية، ولا تعِد تقديم الشكوى نفسها كأنها أول خطوة.","هيئة التأمين","","","جهّز نتيجة الشكوى السابقة ووثيقة التأمين والمطالبة والمستندات المؤيدة للنزاع. أما بيانات الدعوى والطلبات فتُستكمل عبر قناة لجان الفصل ولا تُعامل تلقائيًا كمرفقات مستقلة.","","","","هيئة التأمين توضح أن الاعتراض على نتائج الشكاوى يكون عبر قنوات اللجان المختصة.","هيئة التأمين توضح أن الاعتراض على نتائج الشكاوى يكون عبر قنوات اللجان المختصة.","","","","هيئة التأمين — الاعتراض على نتائج الشكاوى - الإحالة لقنوات لجان الفصل التأمينية","https://www.ia.gov.sa/ar/faqs","2026-09-20","ثابتة نظاميًا نسبيًا","INFERENCE","النتيجة تحليل إجرائي مرتبط بمصدر رسمي، لكن لا يوجد تحقق قانوني Result-by-Result لها.","CRITICAL","ادعاء عالي الأثر دون تحقق رسمي مباشر كافٍ.","نعم","ما مقدار المدة وبدايتها ونهايتها والاستثناءات وأثر فواتها وفق النص المطبق على هذه الحالة؟","NEEDS REVIEW",""
"R-DV-CRIMINAL-PROTECTION","الجزائي والحماية","Q001: وش صار معك؟ ← أحوال شخصية → Q060: وش المشكلة الأسرية اللي عندك؟ ← إيذاء أو عنف أو تهديد داخل الأسرة → Q263: هل فيه خطر مباشر الآن؟ ← الواقعة قد تكون جريمة وأحتاج بلاغًا وحماية","الواقعة قد تجمع بين الحاجة للحماية ووجود فعل يستلزم إبلاغ الجهات المختصة.","قدّم بلاغ الحماية عبر 1919، وإذا كانت هناك جريمة أو تهديد أو اعتداء فبلّغ الجهة الأمنية أيضًا؛ وعند الخطر المباشر استخدم الطوارئ فورًا.","مركز بلاغات العنف الأسري بوزارة الموارد البشرية، والجهة الأمنية عند وجود جريمة أو خطر مباشر.","","","للحماية الفورية لا تنتظر تجهيز ملف مستندات. احتفظ بما يتاح من معلومات أو أدلة دون تعريض نفسك للخطر، واتبع توجيه 1919 أو الجهة الأمنية بحسب درجة الخطورة.","","","","غير منطبق ظاهرًا","تنسق الجهات المختصة إجراءات الحماية، ولا يمنع مسار الحماية اتخاذ الإجراءات النظامية تجاه الفعل المبلّغ عنه.","نظام الحماية من الإيذاء","","","هيئة الخبراء بمجلس الوزراء — نظام الحماية من الإيذاء","https://laws.boe.gov.sa/BoeLaws/Laws/LawDetails/83f450eb-7985-461f-b053-a9a700f2ba08/1","2026-09-20","ثابتة نظاميًا نسبيًا","INFERENCE","النتيجة تحليل إجرائي مرتبط بمصدر رسمي، لكن لا يوجد تحقق قانوني Result-by-Result لها.","CRITICAL","ادعاء عالي الأثر دون تحقق رسمي مباشر كافٍ.","نعم","هل يدعم المصدر الرسمي جميع الادعاءات العملية في النتيجة، أم يلزم تقييدها أو تقسيمها؟","NEEDS REVIEW",""
"R-ZATCA-EINVOICE","الزكاة والضريبة والجمارك","Q001: وش صار معك؟ ← بنك/تمويل/تأمين/زكاة/ضريبة/اتصالات/جهة حكومية → Q110: مشكلتك مع أي جهة أو خدمة؟ ← خصوصية أو طيران أو تعليم أو بلدية → Q269: وش نوع المشكلة المتخصصة الأخرى؟ ← ترخيص منشأة / فال / سياحة / نقل / فوترة إلكترونية → Q313: وش نوع الترخيص أو الالتزام المهني للمنشأة؟ ← الفوترة الإلكترونية","تريد معرفة مسار الفوترة الإلكترونية لمنشأتك.","راجع متطلبات الفوترة الإلكترونية لدى زاتكا وحدد ما ينطبق على منشأتك ومرحلتها، ثم استخدم حل فوترة متوافق مع المتطلبات.","هيئة الزكاة والضريبة والجمارك","","","بيانات المنشأة ونظام الفوترة والمتطلبات الفنية والتنظيمية التي تحددها زاتكا للحالة.","","","","غير منطبق ظاهرًا","تطبق متطلبات إصدار وحفظ الفواتير إلكترونيًا، ومع شمول المنشأة بمتطلبات الربط والتكامل تستكمل الإجراءات وفق إشعار زاتكا.","","","","هيئة الزكاة والضريبة والجمارك — الفوترة الإلكترونية (فاتورة)","https://zatca.gov.sa/ar/E-Invoicing/Pages/default.aspx","2026-09-21","ثابتة نظاميًا نسبيًا","INFERENCE","النتيجة تحليل إجرائي مرتبط بمصدر رسمي، لكن لا يوجد تحقق قانوني Result-by-Result لها.","CRITICAL","ادعاء عالي الأثر دون تحقق رسمي مباشر كافٍ.","نعم","ما مقدار المدة وبدايتها ونهايتها والاستثناءات وأثر فواتها وفق النص المطبق على هذه الحالة؟","NEEDS REVIEW",""
"R-ZATCA-VAT-DEREG","الزكاة والضريبة والجمارك","Q001: وش صار معك؟ ← بنك/تمويل/تأمين/زكاة/ضريبة/اتصالات/جهة حكومية → Q110: مشكلتك مع أي جهة أو خدمة؟ ← جهة حكومية أو تنظيمية → Q266: وش نوع الجهة الحكومية أو التنظيمية؟ ← زكاة / ضريبة / جمارك → Q168: قدمت اعتراض لزاتكا؟ ← ضريبة القيمة المضافة / تسجيل أو إقرار أو إلغاء → Q316: وش تحتاج بخصوص ضريبة القيمة المضافة؟ ← إلغاء التسجيل","تريد إلغاء تسجيل منشأتك في ضريبة القيمة المضافة.","تحقق أولًا من استيفاء شروط إلغاء التسجيل ثم قدّم طلب الإلغاء من بوابة زاتكا.","هيئة الزكاة والضريبة والجمارك","","","بيانات المنشأة وسبب الإلغاء وأي إقرارات أو التزامات مطلوبة قبل إنهاء التسجيل.","","","","غير منطبق ظاهرًا","تراجع زاتكا الطلب وتحدّث حالة التسجيل عند استيفاء الشروط.","","","","هيئة الزكاة والضريبة والجمارك — ضريبة القيمة المضافة — الخدمات الإلكترونية","https://zatca.gov.sa/ar/eServices/Pages/eServices_007.aspx","2026-09-21","ثابتة نظاميًا نسبيًا","INFERENCE","النتيجة تحليل إجرائي مرتبط بمصدر رسمي، لكن لا يوجد تحقق قانوني Result-by-Result لها.","CRITICAL","ادعاء عالي الأثر دون تحقق رسمي مباشر كافٍ.","نعم","هل يدعم المصدر الرسمي جميع الادعاءات العملية في النتيجة، أم يلزم تقييدها أو تقسيمها؟","NEEDS REVIEW",""
"R-ZATCA-VAT-REG","الزكاة والضريبة والجمارك","Q001: وش صار معك؟ ← بنك/تمويل/تأمين/زكاة/ضريبة/اتصالات/جهة حكومية → Q110: مشكلتك مع أي جهة أو خدمة؟ ← جهة حكومية أو تنظيمية → Q266: وش نوع الجهة الحكومية أو التنظيمية؟ ← زكاة / ضريبة / جمارك → Q168: قدمت اعتراض لزاتكا؟ ← ضريبة القيمة المضافة / تسجيل أو إقرار أو إلغاء → Q316: وش تحتاج بخصوص ضريبة القيمة المضافة؟ ← التسجيل في ضريبة القيمة المضافة","تريد تسجيل منشأتك في ضريبة القيمة المضافة.","ادخل بوابة زاتكا واستخدم خدمة التسجيل في ضريبة القيمة المضافة وتحقق من انطباق شروط التسجيل على منشأتك.","هيئة الزكاة والضريبة والجمارك","","","بيانات المنشأة والإيرادات والبيانات المالية وما تطلبه الخدمة.","","","","غير منطبق ظاهرًا","بعد معالجة الطلب تصدر حالة التسجيل والشهادة عند استيفاء المتطلبات.","","","","هيئة الزكاة والضريبة والجمارك — ضريبة القيمة المضافة — الخدمات الإلكترونية","https://zatca.gov.sa/ar/eServices/Pages/eServices_007.aspx","2026-09-21","ثابتة نظاميًا نسبيًا","INFERENCE","النتيجة تحليل إجرائي مرتبط بمصدر رسمي، لكن لا يوجد تحقق قانوني Result-by-Result لها.","CRITICAL","ادعاء عالي الأثر دون تحقق رسمي مباشر كافٍ.","نعم","هل يدعم المصدر الرسمي جميع الادعاءات العملية في النتيجة، أم يلزم تقييدها أو تقسيمها؟","NEEDS REVIEW",""
"R-ZATCA-VAT-RETURN","الزكاة والضريبة والجمارك","Q001: وش صار معك؟ ← بنك/تمويل/تأمين/زكاة/ضريبة/اتصالات/جهة حكومية → Q110: مشكلتك مع أي جهة أو خدمة؟ ← جهة حكومية أو تنظيمية → Q266: وش نوع الجهة الحكومية أو التنظيمية؟ ← زكاة / ضريبة / جمارك → Q168: قدمت اعتراض لزاتكا؟ ← ضريبة القيمة المضافة / تسجيل أو إقرار أو إلغاء → Q316: وش تحتاج بخصوص ضريبة القيمة المضافة؟ ← تقديم إقرار ضريبة القيمة المضافة","أنت مسجل في ضريبة القيمة المضافة وتريد تقديم الإقرار.","استخدم خدمة تقديم إقرار ضريبة القيمة المضافة في بوابة زاتكا وأدخل بيانات الفترة الضريبية ثم راجع الإقرار قبل الإرسال.","هيئة الزكاة والضريبة والجمارك","","","سجلات المبيعات والمشتريات والضريبة للفترة وأي تسويات تنطبق على المنشأة.","","","","غير منطبق ظاهرًا","يتم تقديم الإقرار وتظهر الالتزامات الناتجة عنه في حساب المنشأة.","","","","هيئة الزكاة والضريبة والجمارك — ضريبة القيمة المضافة — الخدمات الإلكترونية","https://zatca.gov.sa/ar/eServices/Pages/eServices_007.aspx","2026-09-21","ثابتة نظاميًا نسبيًا","INFERENCE","النتيجة تحليل إجرائي مرتبط بمصدر رسمي، لكن لا يوجد تحقق قانوني Result-by-Result لها.","CRITICAL","ادعاء عالي الأثر دون تحقق رسمي مباشر كافٍ.","نعم","هل يدعم المصدر الرسمي جميع الادعاءات العملية في النتيجة، أم يلزم تقييدها أو تقسيمها؟","NEEDS REVIEW",""
"R-REAL-GENERAL-COURT","القضاء والتنفيذ وناجز","Q001: وش صار معك؟ ← عقار أو إيجار → Q070: وش موضوع العقار أو الإيجار؟ ← ملكية / تعدٍ / حيازة / حق مرور أو حق متصل بالعقار → Q087: وش نوع نزاع العقار؟ ← نزاع ملكية → Q088: النزاع على الملكية؟ ← نعم، نزاع على الملكية أو جزء منها","لديك نزاع متعلق بملكية العقار أو حق متصل به أو ضرر/حيازة/منع تعرض ونحوه.","ابدأ من مسار الدعوى العقارية المختصة أمام المحكمة العامة ما لم يوجد نص خاص أو مسار متخصص لحالتك.","المحكمة أو الجهة القضائية المختصة بحسب نوع الدعوى والمرحلة المبينة في النتيجة.","","صحيفة دعوى عقارية/إيجارية عند عدم وجود تنفيذ مباشر | ناجز | دعوى جديدة","جهّز ما يؤيد دعواك بحسب موضوعها، مثل صك أو سجل الملكية والمخططات والمستندات ذات الصلة. المتطلبات النهائية تظهر بحسب تصنيف الدعوى في صحيفة الدعوى.","العقد/سند الملكية والمستندات المؤيدة بحسب موضوع الدعوى.","لا نضع مهلة واحدة لكل الدعاوى العقارية.","تخضع للتكاليف القضائية عند انطباق النظام؛ لا مبلغ موحد هنا.","غير منطبق ظاهرًا","بعد قيد الدعوى تنتقل الرحلة إلى ناجز ثم الحكم ثم التنفيذ عند توفر شروطه.","","","","إيجار — الأسئلة الشائعة - عقد إيجار الموحد سند تنفيذي","https://www.ejar.sa/ar/faqs","2026-09-20","قابلة للتغير","HUMAN DECISION","المصدر غير موجود أو ليس على نطاق حكومي/رسمي يمكن الاعتماد عليه آليًا.","CRITICAL","ادعاء عالي الأثر دون تحقق رسمي مباشر كافٍ.","نعم","ما مقدار المدة وبدايتها ونهايتها والاستثناءات وأثر فواتها وفق النص المطبق على هذه الحالة؟","NEEDS REVIEW",""
"R-COMM-ARBITRATION-ANNUL","التجاري والشركات والتحكيم والملكية الفكرية","Q001: وش صار معك؟ ← شركة أو نشاط تجاري → Q080: وش المشكلة في الشركة أو النشاط التجاري؟ ← إفلاس أو تحكيم أو ملكية فكرية → Q271: وش نوع التنظيم أو الإجراء التجاري؟ ← تحكيم أو شرط تحكيم → Q117: فيه شرط تحكيم أو تحكيم قائم؟ ← نعم → Q118: وش وضع التحكيم؟ ← صدر حكم تحكيم وأريد الاعتراض/البطلان","صدر حكم تحكيم وتريد دعوى بطلان/اعتراضًا عليه.","اجمع الحكم والاتفاق وإثبات تاريخ الإبلاغ وراجع أسباب البطلان مع مختص؛ دعوى البطلان ترفع خلال 60 يومًا التالية لتاريخ إبلاغك بالحكم.","وزارة العدل — المحكمة التجارية عند انطباق اختصاصها النظامي.","المحكمة التجارية","دعوى بطلان حكم التحكيم | دعوى بطلان","الحكم + اتفاق التحكيم + إثبات الإبلاغ + أدلة سبب البطلان المحتمل.","حكم التحكيم، ما يثبت تاريخ الإبلاغ، واتفاق التحكيم والمستندات المؤيدة لسبب البطلان.","ترفع دعوى بطلان حكم التحكيم خلال 60 يومًا من اليوم التالي لتاريخ تبليغ حكم التحكيم للطرف الذي يطلب البطلان.","لا مبلغ قضائي موحد مثبت لهذه النتيجة.","تفحص المحكمة أسباب البطلان المحددة نظامًا دون إعادة نظر الموضوع كاستئناف عادي، ولا يتوقف التنفيذ تلقائيًا بمجرد رفع الدعوى.","تفحص المحكمة أسباب البطلان المحددة نظامًا دون إعادة نظر الموضوع كاستئناف عادي، ولا يتوقف التنفيذ تلقائيًا بمجرد رفع الدعوى.","نظام التحكيم","","","هيئة الخبراء بمجلس الوزراء — نظام التحكيم","https://laws.boe.gov.sa/BoeLaws/Laws/LawDetails/7e95b5f8-5f24-4d6a-8f39-a9a700f16e0b/1","2026-09-20","ثابتة نظاميًا نسبيًا","VERIFIED","تدقيق تفصيلي ومصدر نظامي أولي فُتح وتحقق من بقائه متاحًا في هذه المرحلة.","HIGH","النتيجة تمس الاختصاص أو طريق الاعتراض/التنفيذ أو مدة/رسومًا مؤثرة.","نعم","هل تتحقق ولاية المحكمة التجارية وشروط الإخطار السابق ومدة عدم سماع الدعوى والحد المالي في هذه الوقائع؟","NEEDS REVIEW",""
"R-COMM-JURISDICTION-DEEP","التجاري والشركات والتحكيم والملكية الفكرية","Q001: وش صار معك؟ ← شركة أو نشاط تجاري → Q080: وش المشكلة في الشركة أو النشاط التجاري؟ ← مطالبة أو نزاع أو ورقة تجارية → Q270: وش نوع النزاع أو المطالبة التجارية؟ ← أبي أتأكد هل المحكمة التجارية مختصة أصلًا","تحتاج تحديد ما إذا كان النزاع من اختصاص المحكمة التجارية قبل رفعه.","حدد الأطراف وطبيعة العمل التجاري وقيمة وسبب المطالبة ثم اختر التصنيف القضائي الصحيح.","وزارة العدل — المحكمة التجارية عند انطباق اختصاصها النظامي.","المحكمة التجارية","تحتاج تحديد هل النزاع يدخل في اختصاص المحكمة التجارية | فحص الاختصاص النوعي للمحكمة التجارية قبل رفع الدعوى","صفة الأطراف + العقد/المعاملة + قيمة المطالبة + المستندات المؤيدة.","العقد، السجل/صفة التاجر، مستندات العلاقة وقيمة الطلب.","لا توجد مدة واحدة للاختصاص؛ مدد عدم سماع الدعوى التجارية تفحص منفصلة.","","غير منطبق ظاهرًا","إذا ثبت الاختصاص ترفع صحيفة الدعوى التجارية؛ وإذا لم يثبت يوجه النزاع للمحكمة أو الجهة المختصة.","نظام المحاكم التجارية ولائحته التنفيذية","","المادة 16 من نظام المحاكم التجارية هي أساس الاختصاص النوعي وتعدد فئات المنازعات التي تنظرها المحكمة.","وزارة العدل — نظام المحاكم التجارية ولائحته التنفيذية","https://www.moj.gov.sa/Documents/Regulations/pdf/87.pdf","2026-09-22","ثابتة نظاميًا نسبيًا","VERIFIED","تدقيق تفصيلي ومصدر نظامي أولي فُتح وتحقق من بقائه متاحًا في هذه المرحلة.","HIGH","النتيجة تمس الاختصاص أو طريق الاعتراض/التنفيذ أو مدة/رسومًا مؤثرة.","نعم","هل تتحقق ولاية المحكمة التجارية وشروط الإخطار السابق ومدة عدم سماع الدعوى والحد المالي في هذه الوقائع؟","NEEDS REVIEW",""
"R-COMM-PARTNERS-DISPUTE","التجاري والشركات والتحكيم والملكية الفكرية","Q001: وش صار معك؟ ← شركة أو نشاط تجاري → Q080: وش المشكلة في الشركة أو النشاط التجاري؟ ← مطالبة أو نزاع أو ورقة تجارية → Q270: وش نوع النزاع أو المطالبة التجارية؟ ← خلاف بين شركاء أو مساهمين → Q114: خلاف شركاء عادي أو فيه احتيال؟ ← خلاف عادي على الإدارة/الحصص/الحقوق/التزامات الشركة","الخلاف بين شركاء/في شركة حول الحقوق أو الإدارة أو الحصص أو الالتزامات.","استخدم مسار النزاع التجاري بين الشركاء إذا لم توجد بوابة متخصصة أخرى.","وزارة العدل — المحكمة التجارية عند انطباق اختصاصها النظامي.","المحكمة التجارية","نزاع الشركاء في شركة | ناجز | بوابة اختصاص/دعوى تجارية","جهّز مستندات الشركة والقرارات والعقود والمراسلات التي تؤيد موضوع الخلاف بحسب الحالة؛ متطلبات رفع الدعوى النهائية تتحدد بحسب تصنيفها.","عقد/نظام الشركة وقرارات الشركاء والمستندات المؤيدة للنزاع.","لا توجد مدة موحدة؛ تتبع نوع الدعوى والإجراء.","تطبق التكاليف القضائية عند انطباق النظام؛ لا مبلغ موحد هنا.","غير منطبق ظاهرًا","تنتقل القضية للمحكمة التجارية ثم لمسار الحكم والتنفيذ عند الحاجة.","نظام المحاكم التجارية","","","هيئة الخبراء بمجلس الوزراء — نظام المحاكم التجارية","https://laws.boe.gov.sa/Files/Download/?attId=d0d4fbe5-e571-4ecb-8b81-adbb01263651","2026-09-20","قابلة للتغير","VERIFIED","تدقيق تفصيلي ومصدر نظامي أولي فُتح وتحقق من بقائه متاحًا في هذه المرحلة.","HIGH","النتيجة تمس الاختصاص أو طريق الاعتراض/التنفيذ أو مدة/رسومًا مؤثرة.","نعم","هل تتحقق ولاية المحكمة التجارية وشروط الإخطار السابق ومدة عدم سماع الدعوى والحد المالي في هذه الوقائع؟","NEEDS REVIEW",""
"R-ADMIN-APPEAL-DEADLINE","القضاء الإداري والموظف الحكومي","Q001: وش صار معك؟ ← أبي أرفع قضية جديدة أو أعرف المحكمة المناسبة → Q610: إذا ما تعرف المحكمة: وش طبيعة مشكلتك؟ ← قرار أو عقد أو حق ضد جهة حكومية → Q608: وش نوع النزاع الإداري تحديدًا؟ ← أبي أعرف مهلة الاعتراض على الحكم الإداري","صدر حكم من المحكمة الإدارية ويراد معرفة مهلة الاعتراض.","راجع تاريخ تسلم نسخة الحكم أو التاريخ المحدد للتسلم؛ الأصل أن مهلة الاعتراض ثلاثون يومًا وفق المادة 33 مع مراعاة الحالات الخاصة.","ديوان المظالم؛ معين للقضية ومنصة التنفيذ الإدارية للتنفيذ.","المحكمة الإدارية","الاعتراض على الحكم الإداري | اعتراض قضائي إداري","نسخة الحكم، تاريخ التسلم، أسباب الاعتراض، والمستندات المؤيدة.","الحكم وبيانات القضية وأسباب الاعتراض والمستندات المؤيدة بحسب الإجراء.","الأصل أن مهلة الاعتراض أمام محكمة الاستئناف الإدارية 30 يومًا من تاريخ تسلم صورة الحكم أو من التاريخ المحدد للتسلم عند عدم الحضور، ما لم يوجد نص خاص.","لا مبلغ موحد مثبت؛ يراجع النظام الخاص إن انطبق.","إذا لم يقدم الاعتراض في المهلة النظامية يصبح الحكم نهائيًا في الأحوال التي يقررها النظام.","إذا لم يقدم الاعتراض في المهلة النظامية يصبح الحكم نهائيًا في الأحوال التي يقررها النظام.","نظام المرافعات أمام ديوان المظالم","","نظام المرافعات أمام ديوان المظالم — المادة 33","ديوان المظالم — نظام المرافعات أمام ديوان المظالم ولائحته التنفيذية","https://www.bog.gov.sa/ScientificContent/JudicialSystems/Regulations/PDFs/%D9%86%D8%B8%D8%A7%D9%85%20%D8%A7%D9%84%D9%85%D8%B1%D8%A7%D9%81%D8%B9%D8%A7%D8%AA%20%D8%A3%D9%85%D8%A7%D9%85%20%D8%AF%D9%8A%D9%88%D8%A7%D9%86%20%D8%A7%D9%84%D9%85%D8%B8%D8%A7%D9%84%D9%85%20%D9%88%D9%84%D8%A7%D8%A6%D8%AD%D8%AA%D9%87%20%D8%A7%D9%84%D8%AA%D9%86%D9%81%D9%8A%D8%B0%D9%8A%D8%A9%20%D9%88%D8%A7%D9%84%D9%82%D8%B1%D8%A7%D8%B1%D8%A7%D8%AA%20%D9%88%D8%A7%D9%84%D8%AA%D8%B9%D8%A7%D9%85%D9%8A%D9%85%20%D8%A7%D9%84%D9%85%D8%B1%D8%AA%D8%A8%D8%B7%D8%A9%20%D8%A8%D9%87%D9%85%D8%A7.pdf","2026-09-22","ثابتة نظاميًا نسبيًا","VERIFIED","تدقيق تفصيلي ومصدر نظامي أولي فُتح وتحقق من بقائه متاحًا في هذه المرحلة.","HIGH","النتيجة تمس الاختصاص أو طريق الاعتراض/التنفيذ أو مدة/رسومًا مؤثرة.","نعم","هل التظلم السابق واجب؟ وما المدة وبدايتها وأثر فواتها والاستثناءات لهذه الحالة تحديدًا أمام ديوان المظالم؟","NEEDS REVIEW",""
"R-ADMIN-CANCEL-DECISION","القضاء الإداري والموظف الحكومي","Q001: وش صار معك؟ ← أبي أرفع قضية جديدة أو أعرف المحكمة المناسبة → Q610: إذا ما تعرف المحكمة: وش طبيعة مشكلتك؟ ← قرار أو عقد أو حق ضد جهة حكومية → Q608: وش نوع النزاع الإداري تحديدًا؟ ← إلغاء قرار إداري نهائي","يوجد قرار إداري نهائي ويراد طلب إلغائه لسبب نظامي.","تحقق فورًا من تاريخ العلم بالقرار ومن وجوب التظلم؛ الأصل في الحالات المشمولة بالمادة 8 أن التظلم والدعوى مرتبطان بمدد محددة.","ديوان المظالم؛ معين للقضية ومنصة التنفيذ الإدارية للتنفيذ.","المحكمة الإدارية","دعوى إلغاء قرار إداري | منصة معين الرقمية | دعوى إلغاء أمام المحكمة الإدارية","القرار، تاريخ العلم أو الإبلاغ، التظلم ونتيجته، وأسباب الطعن النظامية.","القرار محل الطعن وما يثبت العلم به والتظلم والرد أو انقضاء مدته، وما يؤيد أسباب الإلغاء.","المواعيد في المادة الثامنة من نظام المرافعات أمام ديوان المظالم تختلف بحسب نوع القرار/الحالة؛ لا تستخدم رقمًا عامًا دون تحديد الحالة. رفع الدعوى لا يوقف التنفيذ تلقائيًا، ويجوز طلب وقف التنفيذ عند تحقق شروطه.","لا مبلغ موحد مثبت؛ يراجع النظام الخاص إن انطبق.","إذا قبلت الدعوى تنظر المحكمة في مشروعية القرار؛ ورفع الدعوى لا يوقف التنفيذ تلقائيًا، مع إمكان طلب وقف التنفيذ في الحالات النظامية.","إذا قبلت الدعوى تنظر المحكمة في مشروعية القرار؛ ورفع الدعوى لا يوقف التنفيذ تلقائيًا، مع إمكان طلب وقف التنفيذ في الحالات النظامية.","نظام ديوان المظالم","","نظام ديوان المظالم — المادة 13(ب)؛ نظام المرافعات أمام ديوان المظالم — المواد 8 و9","ديوان المظالم — نظام المرافعات أمام ديوان المظالم ولائحته التنفيذية","https://www.bog.gov.sa/ScientificContent/JudicialSystems/Regulations/PDFs/%D9%86%D8%B8%D8%A7%D9%85%20%D8%A7%D9%84%D9%85%D8%B1%D8%A7%D9%81%D8%B9%D8%A7%D8%AA%20%D8%A3%D9%85%D8%A7%D9%85%20%D8%AF%D9%8A%D9%88%D8%A7%D9%86%20%D8%A7%D9%84%D9%85%D8%B8%D8%A7%D9%84%D9%85%20%D9%88%D9%84%D8%A7%D8%A6%D8%AD%D8%AA%D9%87%20%D8%A7%D9%84%D8%AA%D9%86%D9%81%D9%8A%D8%B0%D9%8A%D8%A9%20%D9%88%D8%A7%D9%84%D9%82%D8%B1%D8%A7%D8%B1%D8%A7%D8%AA%20%D9%88%D8%A7%D9%84%D8%AA%D8%B9%D8%A7%D9%85%D9%8A%D9%85%20%D8%A7%D9%84%D9%85%D8%B1%D8%AA%D8%A8%D8%B7%D8%A9%20%D8%A8%D9%87%D9%85%D8%A7.pdf","2026-09-22","قابلة للتغير","VERIFIED","تدقيق تفصيلي ومصدر نظامي أولي فُتح وتحقق من بقائه متاحًا في هذه المرحلة.","HIGH","النتيجة تمس الاختصاص أو طريق الاعتراض/التنفيذ أو مدة/رسومًا مؤثرة.","نعم","هل التظلم السابق واجب؟ وما المدة وبدايتها وأثر فواتها والاستثناءات لهذه الحالة تحديدًا أمام ديوان المظالم؟","NEEDS REVIEW",""
"R-COMM-COURT","القضاء والتنفيذ وناجز","Q001: وش صار معك؟ ← عقار أو إيجار → Q070: وش موضوع العقار أو الإيجار؟ ← مقاولات / بناء / أعمال هندسية → Q235: فيه اتفاق تحكيم بينكم؟ ← لا، ما فيه شرط تحكيم → Q244: عندك حكم أو سند تنفيذي في نزاع المقاولات؟ ← ما عندي حكم أو سند تنفيذي واضح → Q245: وش صفة أطراف عقد المقاولات؟ ← العقد بين منشأتين أو تاجرين","بحسب إجاباتك، المطالبة تبدو ناشئة بين تجار/منشآت عن أعمال تجارية، ولا يظهر سند تنفيذي مباشر أو اختصاص خاص آخر.","ابدأ مسار الدعوى التجارية إذا تأكد أن النزاع داخل اختصاص المحكمة التجارية ولا توجد لجنة أو جهة خاصة مختصة.","وزارة العدل — المحكمة التجارية عند انطباق اختصاصها النظامي.","المحكمة التجارية","صحيفة دعوى أمام المحكمة التجارية | ناجز | بوابة اختصاص/دعوى تجارية","جهّز العقد والفواتير والمراسلات وما يؤيد الاستحقاق بحسب موضوع الدعوى. المتطلبات النهائية لرفع الدعوى تتحدد بحسب تصنيفها ولا تُعامل هذه الأدلة كقائمة إلزامية موحدة.","العقد/المراسلات/الفواتير والمستندات المؤيدة بحسب نوع النزاع.","لا توجد مدة موحدة؛ تتبع نوع الدعوى والإجراء.","تطبق التكاليف القضائية عند انطباق النظام؛ لا مبلغ موحد هنا.","غير منطبق ظاهرًا","تنظر المحكمة التجارية النزاع وفق اختصاصها ثم يصدر حكم قابل للمسارات اللاحقة.","نظام المحاكم التجارية","","","هيئة الخبراء بمجلس الوزراء — نظام المحاكم التجارية","https://laws.boe.gov.sa/Files/Download/?attId=d0d4fbe5-e571-4ecb-8b81-adbb01263651","2026-09-20","قابلة للتغير","VERIFIED","تدقيق تفصيلي ومصدر نظامي أولي فُتح وتحقق من بقائه متاحًا في هذه المرحلة.","HIGH","النتيجة تمس الاختصاص أو طريق الاعتراض/التنفيذ أو مدة/رسومًا مؤثرة.","نعم","هل تتحقق ولاية المحكمة التجارية وشروط الإخطار السابق ومدة عدم سماع الدعوى والحد المالي في هذه الوقائع؟","NEEDS REVIEW",""
"R-ADMIN-DISCIPLINARY","القضاء الإداري والموظف الحكومي","Q001: وش صار معك؟ ← أبي أرفع قضية جديدة أو أعرف المحكمة المناسبة → Q610: إذا ما تعرف المحكمة: وش طبيعة مشكلتك؟ ← قرار أو عقد أو حق ضد جهة حكومية → Q608: وش نوع النزاع الإداري تحديدًا؟ ← دعوى تأديبية","المسار يتعلق بدعوى تأديبية تدخل في اختصاص القضاء الإداري.","هذا ليس مسار دعوى فردية عادية للموظف؛ ترفع الجهة المختصة الدعوى التأديبية بإيداع الصحيفة وجميع أوراق التحقيق، مع استيفاء البيانات النظامية.","ديوان المظالم؛ معين للقضية ومنصة التنفيذ الإدارية للتنفيذ.","المحكمة الإدارية","دعوى تأديبية ترفعها الجهة المختصة","صحيفة الدعوى التأديبية، جميع أوراق التحقيق، اسم الموظف وصفته ومقر عمله، المخالفة ومكانها وأدلتها، والنصوص النظامية المطلوب تطبيقها.","","","الدعاوى والطلبات التي يختص بها ديوان المظالم مستثناة من نظام التكاليف القضائية.","بعد الإيداع تُراجع الدعوى إجرائيًا، وقد يطلب استكمال النقص؛ وعند القيد تُحال للمحكمة المختصة وتُبلّغ الأطراف، ثم يصدر الحكم وفق الإجراءات النظامية، ويكون الاعتراض بالطريق والمدة المقررين نظامًا بحسب نوع الحكم.","بعد الإيداع تُراجع الدعوى إجرائيًا، وقد يطلب استكمال النقص؛ وعند القيد تُحال للمحكمة المختصة وتُبلّغ الأطراف، ثم يصدر الحكم وفق الإجراءات النظامية، ويكون الاعتراض بالطريق والمدة المقررين نظامًا بحسب نوع الحكم.","نظام ديوان المظالم والمادة 7 من نظام المرافعات أمام ديوان المظالم نظام المرافعات أمام ديوان المظالم","","المادة 13(هـ) من نظام ديوان المظالم والمادة 7 من نظام المرافعات أمام ديوان المظالم","هيئة الخبراء بمجلس الوزراء — نظام المرافعات أمام ديوان المظالم","https://laws.boe.gov.sa/BoeLaws/Laws/LawDetails/f2f7b465-b576-4f47-a8e7-a9a700f27202/1","2026-09-22","ثابتة نظاميًا نسبيًا","VERIFIED","تدقيق تفصيلي ومصدر نظامي أولي فُتح وتحقق من بقائه متاحًا في هذه المرحلة.","HIGH","النتيجة تمس الاختصاص أو طريق الاعتراض/التنفيذ أو مدة/رسومًا مؤثرة.","نعم","هل التظلم السابق واجب؟ وما المدة وبدايتها وأثر فواتها والاستثناءات لهذه الحالة تحديدًا أمام ديوان المظالم؟","NEEDS REVIEW",""
"R-ADMIN-FILE-CLAIM","القضاء الإداري والموظف الحكومي","Q001: وش صار معك؟ ← أبي أرفع قضية جديدة أو أعرف المحكمة المناسبة → Q610: إذا ما تعرف المحكمة: وش طبيعة مشكلتك؟ ← قرار أو عقد أو حق ضد جهة حكومية → Q608: وش نوع النزاع الإداري تحديدًا؟ ← عندي حكم أو سند وأبي تنفيذه → Q605: عندك حكم أو سند على جهة حكومية وتبي تنفذه؟ ← ما عندي سند تنفيذي وأحتاج أثبت الحق أولًا","ترفع الدعوى الإدارية بصحيفة لدى المحكمة المختصة، وتلزم بيانات إضافية في بعض دعاوى القرارات الإدارية تشمل تاريخ العلم/الإبلاغ والتظلم ونتيجته.","حدد القرار أو التصرف الإداري وتاريخ العلم به والتظلم إن كان مطلوبًا ثم جهز صحيفة الدعوى.","ديوان المظالم؛ معين للقضية ومنصة التنفيذ الإدارية للتنفيذ.","المحكمة الإدارية","تقديم دعوى عبر منصة معين | منصة معين الرقمية | دعوى إدارية","القرار أو ما يثبت التصرف، تاريخ العلم، التظلم والرد، المستندات والطلبات.","المستندات النظامية والمستندات المؤيدة للطلب ترفق إلكترونيًا بحسب نوع الدعوى.","لا توجد مدة موحدة لكل الدعاوى الإدارية؛ مواعيدها تختلف بحسب نوع الدعوى والنص النظامي.","لا مبلغ موحد مثبت؛ يراجع النظام الخاص إن انطبق.","تقيد الدعوى وتفحص شروط قبولها واختصاص المحكمة ثم تنظر موضوعها.","تقيد الدعوى وتفحص شروط قبولها واختصاص المحكمة ثم تنظر موضوعها.","","","المادة 5","ديوان المظالم — دليل خدمة تقديم الدعوى - منصة معين","https://moen.bog.gov.sa/Style%20Library/Images/SubmitCaseRequest_Handbook.pdf","2026-09-22","قابلة للتغير","PARTIALLY VERIFIED","المصدر رسمي لكنه لا يثبت آليًا جميع عناصر الاختصاص/المدة/الرسوم المركبة في النتيجة.","HIGH","النتيجة تمس الاختصاص أو طريق الاعتراض/التنفيذ أو مدة/رسومًا مؤثرة.","نعم","هل التظلم السابق واجب؟ وما المدة وبدايتها وأثر فواتها والاستثناءات لهذه الحالة تحديدًا أمام ديوان المظالم؟","NEEDS REVIEW",""
"R-SP-ADMIN-GRIEVANCE-PENDING","القضاء الإداري والموظف الحكومي","Q001: وش صار معك؟ ← أبي أرفع قضية جديدة أو أعرف المحكمة المناسبة → Q610: إذا ما تعرف المحكمة: وش طبيعة مشكلتك؟ ← قرار أو عقد أو حق ضد جهة حكومية → Q608: وش نوع النزاع الإداري تحديدًا؟ ← تظلم قبل رفع الدعوى → Q259: وين وصلت في التظلم؟ ← قدمت تظلمًا وما زلت أنتظر","قدمت تظلمًا من قرار إداري وما زلت تنتظر الرد.","احتفظ بإثبات تقديم التظلم وحدد نوع القرار والجهة والتواريخ. في الحالات التي يحكمها التظلم الوجوبي وفق المادة الثامنة، قد يترتب على انتهاء مدة البت دون رد بدء مرحلة رفع الدعوى؛ تحقّق أولًا من انطباق النص وعدم وجود تنظيم خاص.","الجهة القضائية أو الرسمية المحددة في المصدر المرتبط بالنتيجة.","","دعوى جديدة أو طلب قضائي بحسب الحالة المحددة في النتيجة؛ لا يُستخدم كطلب داخل قضية/تنفيذ إلا إذا نصت النتيجة على ذلك.","للتقييم الزمني راجع القرار وتاريخ العلم به وإثبات التظلم وتاريخ تقديمه وأي رد أو إشعار. هذه معلومات لإثبات المواعيد والمسار، والمتطلبات النهائية تختلف بحسب نوع الدعوى والنص الخاص.","","","","بعد التحقق من متطلبات حالتك، تتابع التظلم أو تبدأ الدعوى الإدارية عبر معين عند استيفاء شروطها.","بعد التحقق من متطلبات حالتك، تتابع التظلم أو تبدأ الدعوى الإدارية عبر معين عند استيفاء شروطها.","نظام المرافعات أمام ديوان المظالم","","","هيئة الخبراء بمجلس الوزراء — نظام المرافعات أمام ديوان المظالم","https://laws.boe.gov.sa/BoeLaws/Laws/LawDetails/f2f7b465-b576-4f47-a8e7-a9a700f27202/1","2026-09-20","قابلة للتغير","STALE RISK","نظام تنفيذ جديد نُشر في 2026 وسيحل محل النظام السابق بعد 180 يومًا؛ يلزم تثبيت تاريخ النفاذ وخطة تحديث النتيجة.","HIGH","النتيجة تمس الاختصاص أو طريق الاعتراض/التنفيذ أو مدة/رسومًا مؤثرة.","نعم","هل التظلم السابق واجب؟ وما المدة وبدايتها وأثر فواتها والاستثناءات لهذه الحالة تحديدًا أمام ديوان المظالم؟","NEEDS REVIEW",""
"R-SP-ADMIN-GRIEVANCE-RESPONSE","القضاء الإداري والموظف الحكومي","Q001: وش صار معك؟ ← أبي أرفع قضية جديدة أو أعرف المحكمة المناسبة → Q610: إذا ما تعرف المحكمة: وش طبيعة مشكلتك؟ ← قرار أو عقد أو حق ضد جهة حكومية → Q608: وش نوع النزاع الإداري تحديدًا؟ ← تظلم قبل رفع الدعوى → Q259: وين وصلت في التظلم؟ ← صدر رد على التظلم","قدمت تظلمًا من قرار إداري وصدر رد عليه.","راجع هل الرد رفض التظلم أو قبله كليًا أو جزئيًا، وحدد تاريخ العلم بالرد ونوع القرار. إذا كان رفضًا في حالة تخضع للتظلم الوجوبي، فتحقق فورًا من مهلة رفع الدعوى عبر معين. وإذا قُبل التظلم ولم يُنفذ، فتحقق من المسار النظامي الخاص بعدم التنفيذ.","الجهة القضائية أو الرسمية المحددة في المصدر المرتبط بالنتيجة.","","منصة معين الرقمية | دعوى جديدة أو طلب قضائي بحسب الحالة المحددة في النتيجة؛ لا يُستخدم كطلب داخل قضية/تنفيذ إلا إذا نصت النتيجة على ذلك.","للتقييم الزمني راجع القرار وتاريخ العلم به وإثبات التظلم وتاريخ تقديمه وأي رد أو إشعار. هذه معلومات لإثبات المواعيد والمسار، والمتطلبات النهائية تختلف بحسب نوع الدعوى والنص الخاص.","","","","بعد تصنيف الرد ونوع القرار يتحدد هل تنتقل إلى رفع الدعوى في معين، أو تتابع تنفيذ ما قُبل، أو تستخدم مسارًا خاصًا.","بعد تصنيف الرد ونوع القرار يتحدد هل تنتقل إلى رفع الدعوى في معين، أو تتابع تنفيذ ما قُبل، أو تستخدم مسارًا خاصًا.","نظام المرافعات أمام ديوان المظالم","","","هيئة الخبراء بمجلس الوزراء — نظام المرافعات أمام ديوان المظالم","https://laws.boe.gov.sa/BoeLaws/Laws/LawDetails/f2f7b465-b576-4f47-a8e7-a9a700f27202/1","2026-09-20","قابلة للتغير","STALE RISK","نظام تنفيذ جديد نُشر في 2026 وسيحل محل النظام السابق بعد 180 يومًا؛ يلزم تثبيت تاريخ النفاذ وخطة تحديث النتيجة.","HIGH","النتيجة تمس الاختصاص أو طريق الاعتراض/التنفيذ أو مدة/رسومًا مؤثرة.","نعم","هل التظلم السابق واجب؟ وما المدة وبدايتها وأثر فواتها والاستثناءات لهذه الحالة تحديدًا أمام ديوان المظالم؟","NEEDS REVIEW",""
"R-SP-ADMIN-START","القضاء الإداري والموظف الحكومي","Q001: وش صار معك؟ ← أبي أرفع قضية جديدة أو أعرف المحكمة المناسبة → Q610: إذا ما تعرف المحكمة: وش طبيعة مشكلتك؟ ← قرار أو عقد أو حق ضد جهة حكومية → Q608: وش نوع النزاع الإداري تحديدًا؟ ← تظلم قبل رفع الدعوى → Q259: وين وصلت في التظلم؟ ← صدر القرار حديثًا ولم أتظلم بعد","لديك قرار إداري ولم تقدم تظلمًا بعد.","حدد نوع القرار والجهة والنظام الخاص به أولًا. إذا كانت حالتك من دعاوى الإلغاء التي يشترط النظام التظلم فيها ولم يوجد نص خاص، فابدأ بالتظلم لدى الجهة المحددة نظامًا قبل رفع الدعوى. احتفظ بتاريخ العلم بالقرار وإثبات التظلم.","الجهة القضائية أو الرسمية المحددة في المصدر المرتبط بالنتيجة.","","دعوى جديدة أو طلب قضائي بحسب الحالة المحددة في النتيجة؛ لا يُستخدم كطلب داخل قضية/تنفيذ إلا إذا نصت النتيجة على ذلك.","للتقييم الزمني راجع القرار وتاريخ العلم به وأي تظلم سابق والمستندات المؤيدة. ما يلزم تقديمه فعليًا يتحدد بحسب نوع الدعوى والنص الخاص بها.","","","","منصة معين تغطي تقديم الدعوى ومتابعتها والجلسات وحتى الحكم.","منصة معين تغطي تقديم الدعوى ومتابعتها والجلسات وحتى الحكم.","نظام المرافعات أمام ديوان المظالم","","","هيئة الخبراء بمجلس الوزراء — نظام المرافعات أمام ديوان المظالم","https://laws.boe.gov.sa/BoeLaws/Laws/LawDetails/f2f7b465-b576-4f47-a8e7-a9a700f27202/1","2026-09-20","قابلة للتغير","STALE RISK","نظام تنفيذ جديد نُشر في 2026 وسيحل محل النظام السابق بعد 180 يومًا؛ يلزم تثبيت تاريخ النفاذ وخطة تحديث النتيجة.","HIGH","النتيجة تمس الاختصاص أو طريق الاعتراض/التنفيذ أو مدة/رسومًا مؤثرة.","نعم","هل التظلم السابق واجب؟ وما المدة وبدايتها وأثر فواتها والاستثناءات لهذه الحالة تحديدًا أمام ديوان المظالم؟","NEEDS REVIEW",""
"R-ADMIN-EVIDENCE","القضاء والتنفيذ وناجز","Q001: وش صار معك؟ ← بنك/تمويل/تأمين/زكاة/ضريبة/اتصالات/جهة حكومية → Q110: مشكلتك مع أي جهة أو خدمة؟ ← جهة حكومية أو تنظيمية → Q266: وش نوع الجهة الحكومية أو التنظيمية؟ ← جهة حكومية / قرار إداري → Q161: وش وضعك مع الجهة الحكومية؟ ← أبي أحدد نوع المنازعة الإدارية والمسار الصحيح → Q604: وش نوع المنازعة الإدارية أو المرحلة؟ ← عندي مشكلة إثبات في الدعوى الإدارية","فيما لا يوجد فيه حكم خاص، تطبق أحكام المرافعات الشرعية ونظام الإثبات بما لا يتعارض مع طبيعة المنازعة الإدارية.","رتب القرار والمراسلات والمستندات والقرائن، واربط كل دليل بالواقعة التي يثبتها؛ وتطبق قواعد الإثبات والمرافعات المكملة عند عدم وجود حكم خاص وبما يلائم طبيعة المنازعة الإدارية.","ديوان المظالم؛ معين للقضية ومنصة التنفيذ الإدارية للتنفيذ.","المحكمة الإدارية","دعوى أو طلب قضائي إداري بحسب المرحلة","القرار أو العمل محل النزاع، المراسلات، المستندات المؤيدة، وتسلسل زمني للوقائع؛ ولا تُنسب مستندات إلزامية إضافية دون نص أو متطلب رسمي.","","","الدعاوى والطلبات التي يختص بها ديوان المظالم مستثناة من نظام التكاليف القضائية.","بعد الإيداع تُراجع الدعوى إجرائيًا، وقد يطلب استكمال النقص؛ وعند القيد تُحال للمحكمة المختصة وتُبلّغ الأطراف، ثم يصدر الحكم وفق الإجراءات النظامية، ويكون الاعتراض بالطريق والمدة المقررين نظامًا بحسب نوع الحكم.","بعد الإيداع تُراجع الدعوى إجرائيًا، وقد يطلب استكمال النقص؛ وعند القيد تُحال للمحكمة المختصة وتُبلّغ الأطراف، ثم يصدر الحكم وفق الإجراءات النظامية، ويكون الاعتراض بالطريق والمدة المقررين نظامًا بحسب نوع الحكم.","نظام المرافعات أمام ديوان المظالم نظام المرافعات أمام ديوان المظالم","","المادة 60 من نظام المرافعات أمام ديوان المظالم","هيئة الخبراء بمجلس الوزراء — نظام المرافعات أمام ديوان المظالم","https://laws.boe.gov.sa/BoeLaws/Laws/LawDetails/f2f7b465-b576-4f47-a8e7-a9a700f27202/1","2026-09-22","ثابتة نظاميًا نسبيًا","VERIFIED","تدقيق تفصيلي ومصدر نظامي أولي فُتح وتحقق من بقائه متاحًا في هذه المرحلة.","HIGH","النتيجة تمس الاختصاص أو طريق الاعتراض/التنفيذ أو مدة/رسومًا مؤثرة.","نعم","هل التظلم السابق واجب؟ وما المدة وبدايتها وأثر فواتها والاستثناءات لهذه الحالة تحديدًا أمام ديوان المظالم؟","NEEDS REVIEW",""
"R-ADMIN-EXEC-DEADLINES","القضاء والتنفيذ وناجز","Q001: وش صار معك؟ ← أبي أرفع قضية جديدة أو أعرف المحكمة المناسبة → Q610: إذا ما تعرف المحكمة: وش طبيعة مشكلتك؟ ← قرار أو عقد أو حق ضد جهة حكومية → Q608: وش نوع النزاع الإداري تحديدًا؟ ← عندي حكم أو سند وأبي تنفيذه → Q605: عندك حكم أو سند على جهة حكومية وتبي تنفذه؟ ← أبي أعرف المطالبة السابقة والمهل قبل تقديم طلب التنفيذ → Q613: وش تحتاج تعرف قبل تقديم طلب التنفيذ الإداري؟ ← أبي أعرف المدد قبل طلب التنفيذ الإداري","تريد التحقق من المدد النظامية لقبول طلب التنفيذ أمام ديوان المظالم.","احسب حد العشر سنوات من نهائية الحكم أو نشوء الحق في السندات الأخرى، ثم راعِ المطالبة السابقة ومدة 30 يومًا أو 5 أيام للحكم العاجل؛ وبعد تحقق الشرط استخدم «تقديم طلب تنفيذ» في منصة التنفيذ الإدارية.","ديوان المظالم؛ معين للقضية ومنصة التنفيذ الإدارية للتنفيذ.","","طلب تنفيذ إداري — فحص المدد وشرط المطالبة السابقة.","السند التنفيذي، ما يثبت نهائيته عند اللزوم، إثبات المطالبة بالأداء وتاريخها والرد إن وجد، صحيفة الطلب والأسانيد والمستندات المؤيدة، وسند الصفة عند الحاجة.","","","الدعاوى والطلبات التي يختص بها ديوان المظالم مستثناة من نظام التكاليف القضائية.","فوات مدد المادة 8 قد يؤدي لعدم قبول طلب التنفيذ، لكنه لا يُسقط أصل الالتزام وفق المادة 9؛ وبعد القيد تستمر إجراءات محكمة التنفيذ الإدارية.","فوات مدد المادة 8 قد يؤدي لعدم قبول طلب التنفيذ، لكنه لا يُسقط أصل الالتزام وفق المادة 9؛ وبعد القيد تستمر إجراءات محكمة التنفيذ الإدارية.","نظام التنفيذ أمام ديوان المظالم","اللائحة التنفيذية. منصة التنفيذ الإدارية","نظام التنفيذ أمام ديوان المظالم — المادتان 8 و9 واللائحة التنفيذية.","ديوان المظالم — منصة التنفيذ الإدارية — تقديم طلب/منازعة تنفيذ","https://www.bog.gov.sa/EServices/Pages/tanfeedh.aspx","2026-09-22","قابلة للتغير","STALE RISK","نظام تنفيذ جديد نُشر في 2026 وسيحل محل النظام السابق بعد 180 يومًا؛ يلزم تثبيت تاريخ النفاذ وخطة تحديث النتيجة.","HIGH","النتيجة تمس الاختصاص أو طريق الاعتراض/التنفيذ أو مدة/رسومًا مؤثرة.","نعم","هل التظلم السابق واجب؟ وما المدة وبدايتها وأثر فواتها والاستثناءات لهذه الحالة تحديدًا أمام ديوان المظالم؟","NEEDS REVIEW",""
"R-ADMIN-EXEC-DEMAND","القضاء والتنفيذ وناجز","Q001: وش صار معك؟ ← أبي أرفع قضية جديدة أو أعرف المحكمة المناسبة → Q610: إذا ما تعرف المحكمة: وش طبيعة مشكلتك؟ ← قرار أو عقد أو حق ضد جهة حكومية → Q608: وش نوع النزاع الإداري تحديدًا؟ ← عندي حكم أو سند وأبي تنفيذه → Q605: عندك حكم أو سند على جهة حكومية وتبي تنفذه؟ ← أبي أعرف المطالبة السابقة والمهل قبل تقديم طلب التنفيذ → Q613: وش تحتاج تعرف قبل تقديم طلب التنفيذ الإداري؟ ← أبي أعرف هل لازم أطالب الجهة بالأداء قبل التنفيذ","لديك سند تنفيذي مشمول بنظام التنفيذ أمام ديوان المظالم؛ يجب قبل طلب التنفيذ مطالبة من عليه الحق بالأداء.","أثبت المطالبة بالأداء وتاريخها. الأصل انتظار 30 يومًا، أو 5 أيام للحكم العاجل ما لم يحدد الحكم أقل، ويجوز التقدم عند الرفض الصريح؛ ثم استخدم خدمة «تقديم طلب تنفيذ» في منصة التنفيذ الإدارية.","ديوان المظالم؛ معين للقضية ومنصة التنفيذ الإدارية للتنفيذ.","","مطالبة أداء سابقة إلزامية ثم طلب تنفيذ إداري.","السند التنفيذي، ما يثبت نهائيته عند اللزوم، إثبات المطالبة بالأداء وتاريخها والرد إن وجد، صحيفة الطلب والأسانيد والمستندات المؤيدة، وسند الصفة عند الحاجة.","","","الدعاوى والطلبات التي يختص بها ديوان المظالم مستثناة من نظام التكاليف القضائية.","تتحقق الدائرة من الاختصاص وشروط القبول والشروط الشكلية والموضوعية للسند؛ وفي التنفيذ ضد جهة إدارية يكون إنذار التنفيذ بمهلة لا تتجاوز 30 يومًا أو 5 أيام للحكم العاجل ما لم تحدد الدائرة أقل.","تتحقق الدائرة من الاختصاص وشروط القبول والشروط الشكلية والموضوعية للسند؛ وفي التنفيذ ضد جهة إدارية يكون إنذار التنفيذ بمهلة لا تتجاوز 30 يومًا أو 5 أيام للحكم العاجل ما لم تحدد الدائرة أقل.","نظام التنفيذ أمام ديوان المظالم","اللائحة التنفيذية. منصة التنفيذ الإدارية","نظام التنفيذ أمام ديوان المظالم — المواد 8 و10 واللائحة التنفيذية.","ديوان المظالم — منصة التنفيذ الإدارية — تقديم طلب/منازعة تنفيذ","https://www.bog.gov.sa/EServices/Pages/tanfeedh.aspx","2026-09-22","قابلة للتغير","STALE RISK","نظام تنفيذ جديد نُشر في 2026 وسيحل محل النظام السابق بعد 180 يومًا؛ يلزم تثبيت تاريخ النفاذ وخطة تحديث النتيجة.","HIGH","النتيجة تمس الاختصاص أو طريق الاعتراض/التنفيذ أو مدة/رسومًا مؤثرة.","نعم","هل التظلم السابق واجب؟ وما المدة وبدايتها وأثر فواتها والاستثناءات لهذه الحالة تحديدًا أمام ديوان المظالم؟","NEEDS REVIEW",""
"R-ADMIN-EXEC-INSTRUMENT","القضاء والتنفيذ وناجز","Q001: وش صار معك؟ ← أبي أرفع قضية جديدة أو أعرف المحكمة المناسبة → Q610: إذا ما تعرف المحكمة: وش طبيعة مشكلتك؟ ← قرار أو عقد أو حق ضد جهة حكومية → Q608: وش نوع النزاع الإداري تحديدًا؟ ← عندي حكم أو سند وأبي تنفيذه → Q605: عندك حكم أو سند على جهة حكومية وتبي تنفذه؟ ← عندي عقد/محرر/سند وجهة الإدارة طرف فيه","لا يكون التنفيذ الجبري إلا بسند تنفيذي لحق محدد المقدار حال الأداء؛ ويعدد النظام سندات تشمل أحكامًا وعقودًا ومحررات وأوراقًا محددة تكون جهة الإدارة طرفًا فيها.","تحقق أن مستندك داخل السندات التنفيذية بالمادة 4 وأن الحق محدد المقدار وحال الأداء.","ديوان المظالم؛ معين للقضية ومنصة التنفيذ الإدارية للتنفيذ.","","طلب تنفيذ سند إداري | تنفيذ أمام محكمة التنفيذ الإدارية","أصل السند، بيانات الجهة الإدارية، مقدار الحق، ما يثبت حلول الأداء.","السند التنفيذي وما يلزم لإثبات الصفة والاستحقاق وفق نوع السند.","المواعيد والإجراءات تختلف بحسب نوع السند وطرف التنفيذ؛ لا نضع مدة عامة لكل السندات.","لا مبلغ موحد مثبت؛ يراجع النظام الخاص إن انطبق.","غير منطبق ظاهرًا","إذا استوفى السند الشروط ينتقل الطلب إلى التنفيذ الإداري؛ وإلا قد يلزم أولًا مسار موضوعي لإثبات الحق.","نظام التنفيذ أمام ديوان المظالم","اللائحة التنفيذية لنظام التنفيذ أمام ديوان المظالم","المادة 4","ديوان المظالم — اللائحة التنفيذية لنظام التنفيذ أمام ديوان المظالم","https://www.bog.gov.sa/MediaCenter/Documents/ERISBTBG.pdf","2026-09-22","قابلة للتغير","STALE RISK","نظام تنفيذ جديد نُشر في 2026 وسيحل محل النظام السابق بعد 180 يومًا؛ يلزم تثبيت تاريخ النفاذ وخطة تحديث النتيجة.","HIGH","النتيجة تمس الاختصاص أو طريق الاعتراض/التنفيذ أو مدة/رسومًا مؤثرة.","نعم","هل التظلم السابق واجب؟ وما المدة وبدايتها وأثر فواتها والاستثناءات لهذه الحالة تحديدًا أمام ديوان المظالم؟","NEEDS REVIEW",""
"R-ADMIN-EXEC-JUDGMENT","القضاء والتنفيذ وناجز","Q001: وش صار معك؟ ← أبي أرفع قضية جديدة أو أعرف المحكمة المناسبة → Q610: إذا ما تعرف المحكمة: وش طبيعة مشكلتك؟ ← قرار أو عقد أو حق ضد جهة حكومية → Q608: وش نوع النزاع الإداري تحديدًا؟ ← عندي حكم أو سند وأبي تنفيذه → Q605: عندك حكم أو سند على جهة حكومية وتبي تنفذه؟ ← عندي حكم نهائي أو مشمول بالنفاذ المعجل","على المحكوم عليه المبادرة بتنفيذ الأحكام النهائية والأحكام المشمولة بالنفاذ المعجل الصادرة من محاكم ديوان المظالم.","إذا لم ينفذ الحكم، انتقل لمسار التنفيذ الإداري بالسند التنفيذي.","ديوان المظالم؛ معين للقضية ومنصة التنفيذ الإدارية للتنفيذ.","","تنفيذ حكم إداري نهائي | تنفيذ حكم أمام محكمة التنفيذ الإدارية","نسخة الحكم/السند، ما يثبت نهائيته أو النفاذ المعجل، بيانات أطراف التنفيذ.","نسخة/بيانات الحكم التنفيذي وما تطلبه المنصة لإثبات الصفة.","تطبق المدد والإجراءات الخاصة بنظام التنفيذ أمام ديوان المظالم بحسب السند والطرف؛ لا نعمم مدة واحدة.","لا مبلغ موحد مثبت؛ يراجع النظام الخاص إن انطبق.","تختص محكمة/دائرة التنفيذ الإدارية بتنفيذ السند والفصل في منازعة تنفيذه.","تختص محكمة/دائرة التنفيذ الإدارية بتنفيذ السند والفصل في منازعة تنفيذه.","نظام التنفيذ أمام ديوان المظالم","اللائحة التنفيذية لنظام التنفيذ أمام ديوان المظالم","المواد 2–4","ديوان المظالم — اللائحة التنفيذية لنظام التنفيذ أمام ديوان المظالم","https://www.bog.gov.sa/MediaCenter/Documents/ERISBTBG.pdf","2026-09-22","قابلة للتغير","STALE RISK","نظام تنفيذ جديد نُشر في 2026 وسيحل محل النظام السابق بعد 180 يومًا؛ يلزم تثبيت تاريخ النفاذ وخطة تحديث النتيجة.","HIGH","النتيجة تمس الاختصاص أو طريق الاعتراض/التنفيذ أو مدة/رسومًا مؤثرة.","نعم","هل التظلم السابق واجب؟ وما المدة وبدايتها وأثر فواتها والاستثناءات لهذه الحالة تحديدًا أمام ديوان المظالم؟","NEEDS REVIEW",""
"R-SP-ADMIN-CASE","القضاء والتنفيذ وناجز","Q001: وش صار معك؟ ← أبي أرفع قضية جديدة أو أعرف المحكمة المناسبة → Q610: إذا ما تعرف المحكمة: وش طبيعة مشكلتك؟ ← قرار أو عقد أو حق ضد جهة حكومية → Q608: وش نوع النزاع الإداري تحديدًا؟ ← عندي دعوى إدارية قائمة","لديك دعوى إدارية قائمة.","تابع القضية والطلبات والجلسات من منصة معين، وادخل على خدمة الطلبات القضائية إذا احتجت طلبًا داخل الدعوى.","الجهة القضائية أو الرسمية المحددة في المصدر المرتبط بالنتيجة.","","منصة معين الرقمية | دعوى جديدة أو طلب قضائي بحسب الحالة المحددة في النتيجة؛ لا يُستخدم كطلب داخل قضية/تنفيذ إلا إذا نصت النتيجة على ذلك.","للمتابعة تحتاج بيانات القضية، مثل رقمها والمحكمة وحالة الجلسات. هذه معلومات متابعة، وأي مرفقات لطلب قضائي تتحدد بحسب نوع الطلب.","","","","غير منطبق ظاهرًا","يمكن تقديم طلبات قضائية رقمية ومتابعتها داخل معين.","","","","ديوان المظالم — تقديم الطلبات القضائية","https://www.bog.gov.sa/EServices/Pages/submit-judicial-requests.aspx","2026-09-20","قابلة للتغير","STALE RISK","نظام تنفيذ جديد نُشر في 2026 وسيحل محل النظام السابق بعد 180 يومًا؛ يلزم تثبيت تاريخ النفاذ وخطة تحديث النتيجة.","HIGH","النتيجة تمس الاختصاص أو طريق الاعتراض/التنفيذ أو مدة/رسومًا مؤثرة.","نعم","هل التظلم السابق واجب؟ وما المدة وبدايتها وأثر فواتها والاستثناءات لهذه الحالة تحديدًا أمام ديوان المظالم؟","NEEDS REVIEW",""
"R-SP-ADMIN-JUDGMENT","القضاء والتنفيذ وناجز","Q001: وش صار معك؟ ← بنك/تمويل/تأمين/زكاة/ضريبة/اتصالات/جهة حكومية → Q110: مشكلتك مع أي جهة أو خدمة؟ ← جهة حكومية أو تنظيمية → Q266: وش نوع الجهة الحكومية أو التنظيمية؟ ← جهة حكومية / قرار إداري → Q161: وش وضعك مع الجهة الحكومية؟ ← صدر حكم إداري","صدر حكم في القضاء الإداري.","افتح الحكم في منصة معين وحدد المحكمة التي أصدرته. إذا كان صادرًا من محكمة إدارية فاستخدم خدمة «طلب استئناف» ضمن المدة المحددة نظامًا؛ وإذا كان صادرًا من محكمة استئناف إدارية فتحقق من انطباق أسباب الاعتراض أمام المحكمة الإدارية العليا واستخدم خدمتها المخصصة.","الجهة القضائية أو الرسمية المحددة في المصدر المرتبط بالنتيجة.","المحكمة الإدارية","منصة معين الرقمية | دعوى جديدة أو طلب قضائي بحسب الحالة المحددة في النتيجة؛ لا يُستخدم كطلب داخل قضية/تنفيذ إلا إذا نصت النتيجة على ذلك.","رقم الدعوى + نسخة الحكم + المحكمة التي أصدرته + تاريخ الحكم/التبليغ + صفة مقدم الاعتراض، والمستندات المؤيدة بحسب طريق الاعتراض.","","","","يُقدَّم الاستئناف أو الاعتراض إلكترونيًا عبر معين، ويمكن متابعة حالة الطلب من «طلباتي»؛ وقد يُعاد الطلب لاستكمال النواقص عند وجود ملاحظات.","يُقدَّم الاستئناف أو الاعتراض إلكترونيًا عبر معين، ويمكن متابعة حالة الطلب من «طلباتي»؛ وقد يُعاد الطلب لاستكمال النواقص عند وجود ملاحظات.","","","","ديوان المظالم — منصة معين الرقمية","https://www.bog.gov.sa/EServices/Pages/moen.aspx","2026-09-20","قابلة للتغير","STALE RISK","نظام تنفيذ جديد نُشر في 2026 وسيحل محل النظام السابق بعد 180 يومًا؛ يلزم تثبيت تاريخ النفاذ وخطة تحديث النتيجة.","HIGH","النتيجة تمس الاختصاص أو طريق الاعتراض/التنفيذ أو مدة/رسومًا مؤثرة.","نعم","هل التظلم السابق واجب؟ وما المدة وبدايتها وأثر فواتها والاستثناءات لهذه الحالة تحديدًا أمام ديوان المظالم؟","NEEDS REVIEW",""
"R-CIVIL-COOWNERSHIP-DIVISION","التجاري والشركات والتحكيم والملكية الفكرية","Q001: وش صار معك؟ ← لي مبلغ أو حق مالي عند شخص أو جهة → Q010: المبلغ سببه وش؟ ← تعويض أو إخلال بعقد أو استرداد مبلغ غير مستحق → Q500: وش نوع مطالبتك المدنية؟ ← ملكية مشتركة أو شفعة في عقار → Q513: وش المشكلة في الملكية المشتركة أو الشفعة؟ ← أنا شريك في مال مشاع وأبي القسمة","شريك في مال مشاع يريد إنهاء الشيوع وقسمة المال.","إذا اتفق جميع الشركاء صحت القسمة. وإذا طلب شريك الخروج من الشيوع وامتنع الباقون، جاز طلب القسمة القضائية ما لم يوجد مانع؛ فإن كان المال قابلًا للقسمة عينًا دون تعطيل الانتفاع أو نقص كبير في القيمة قسمته المحكمة، وإلا فقد تأمر ببيعه في المزاد وفق المادة 628.","المحكمة أو الجهة القضائية المختصة بحسب نوع الدعوى والمرحلة المبينة في النتيجة.","","دعوى جديدة أو طلب داخل قضية أو اعتراض بحسب المرحلة المبينة.","مستند الملكية، نسب الحصص، وصف المال، وما يثبت الاتفاق أو امتناع بقية الشركاء. هذه أدلة لتحديد الطلب وليست قائمة متطلبات إلكترونية موحدة.","","","","إذا لم يوجد سند تنفيذي أو مسار خاص، تُرفع المطالبة أمام المحكمة المختصة وتُفحص الوقائع والأدلة والدفوع.","إذا لم يوجد سند تنفيذي أو مسار خاص، تُرفع المطالبة أمام المحكمة المختصة وتُفحص الوقائع والأدلة والدفوع.","نظام المعاملات المدنية نظام المعاملات المدنية","","المواد 626–628 — نظام المعاملات المدنية","هيئة الخبراء بمجلس الوزراء — نظام المعاملات المدنية","https://laws.boe.gov.sa/BoeLaws/Laws/LawDetails/655fdb42-8c96-422b-b8c4-b04f0095c94c/1","2026-09-22","ثابتة نظاميًا نسبيًا","VERIFIED","تدقيق تفصيلي ومصدر نظامي أولي فُتح وتحقق من بقائه متاحًا في هذه المرحلة.","HIGH","النتيجة تمس الاختصاص أو طريق الاعتراض/التنفيذ أو مدة/رسومًا مؤثرة.","نعم","هل المسار شكوى إنفاذ لدى الهيئة أم دعوى تعويض/طعن قضائي، وما الجهة والمهلة لكل مرحلة؟","NEEDS REVIEW",""
"R-CIVIL-COOWNERSHIP-USE","التجاري والشركات والتحكيم والملكية الفكرية","Q001: وش صار معك؟ ← لي مبلغ أو حق مالي عند شخص أو جهة → Q010: المبلغ سببه وش؟ ← تعويض أو إخلال بعقد أو استرداد مبلغ غير مستحق → Q500: وش نوع مطالبتك المدنية؟ ← ملكية مشتركة أو شفعة في عقار → Q513: وش المشكلة في الملكية المشتركة أو الشفعة؟ ← الشركاء مختلفون على الانتفاع قبل القسمة","الشركاء مختلفون على طريقة الانتفاع بالمال المشاع قبل القسمة.","المهايأة هي قسمة منفعة المال الشائع زمانيًا أو مكانيًا بحسب الحصص. عند الخلاف على مدة أو بدء المهايأة الزمنية أو محل الانتفاع في المهايأة المكانية، تفصل المحكمة وفق المادة 635.","المحكمة أو الجهة القضائية المختصة بحسب نوع الدعوى والمرحلة المبينة في النتيجة.","","دعوى جديدة أو طلب داخل قضية أو اعتراض بحسب المرحلة المبينة.","مستند الملكية ونسب الحصص ووصف المال والانتفاع القائم وأي اتفاق أو مراسلات بين الشركاء. هذه أدلة وليست متطلبات تقديم موحدة.","","","","إذا لم يوجد سند تنفيذي أو مسار خاص، تُرفع المطالبة أمام المحكمة المختصة وتُفحص الوقائع والأدلة والدفوع.","إذا لم يوجد سند تنفيذي أو مسار خاص، تُرفع المطالبة أمام المحكمة المختصة وتُفحص الوقائع والأدلة والدفوع.","نظام المعاملات المدنية نظام المعاملات المدنية","","المادتان 634–635 — نظام المعاملات المدنية","هيئة الخبراء بمجلس الوزراء — نظام المعاملات المدنية","https://laws.boe.gov.sa/BoeLaws/Laws/LawDetails/655fdb42-8c96-422b-b8c4-b04f0095c94c/1","2026-09-22","ثابتة نظاميًا نسبيًا","VERIFIED","تدقيق تفصيلي ومصدر نظامي أولي فُتح وتحقق من بقائه متاحًا في هذه المرحلة.","HIGH","النتيجة تمس الاختصاص أو طريق الاعتراض/التنفيذ أو مدة/رسومًا مؤثرة.","نعم","هل المسار شكوى إنفاذ لدى الهيئة أم دعوى تعويض/طعن قضائي، وما الجهة والمهلة لكل مرحلة؟","NEEDS REVIEW",""
"R-COMM-ARBITRATION-ACTIVE","التجاري والشركات والتحكيم والملكية الفكرية","Q001: وش صار معك؟ ← شركة أو نشاط تجاري → Q080: وش المشكلة في الشركة أو النشاط التجاري؟ ← إفلاس أو تحكيم أو ملكية فكرية → Q271: وش نوع التنظيم أو الإجراء التجاري؟ ← تحكيم أو شرط تحكيم → Q117: فيه شرط تحكيم أو تحكيم قائم؟ ← نعم → Q118: وش وضع التحكيم؟ ← التحكيم قائم الآن","إجراءات التحكيم قائمة الآن.","افتح ملف التحكيم وسجّل آخر قرار والموعد التالي وما طلبته الهيئة، ثم قدّم المطلوب عبر القناة المعتمدة للتحكيم ضمن الموعد المحدد.","وزارة العدل — المحكمة التجارية عند انطباق اختصاصها النظامي.","المحكمة التجارية","الاستمرار في إجراءات التحكيم | إجراء تحكيمي","ملف التحكيم + آخر قرار + المواعيد + المذكرات والمرفقات.","اتفاق التحكيم والعقد والمطالبات والمستندات المؤيدة.","المدة تتبع اتفاق التحكيم والنظام وإجراءات الهيئة؛ لا نضع مدة موحدة لهذه النتيجة.","لا مبلغ قضائي موحد مثبت لهذه النتيجة.","غير منطبق ظاهرًا","تستمر الخصومة حتى حكم التحكيم أو انتهاء آخر، وبعد الحكم تتحدد مرحلة التنفيذ أو دعوى البطلان.","نظام التحكيم","","","هيئة الخبراء بمجلس الوزراء — نظام التحكيم","https://laws.boe.gov.sa/BoeLaws/Laws/LawDetails/7e95b5f8-5f24-4d6a-8f39-a9a700f16e0b/1","2026-09-20","ثابتة نظاميًا نسبيًا","VERIFIED","تدقيق تفصيلي ومصدر نظامي أولي فُتح وتحقق من بقائه متاحًا في هذه المرحلة.","HIGH","النتيجة تمس الاختصاص أو طريق الاعتراض/التنفيذ أو مدة/رسومًا مؤثرة.","نعم","هل تتحقق ولاية المحكمة التجارية وشروط الإخطار السابق ومدة عدم سماع الدعوى والحد المالي في هذه الوقائع؟","NEEDS REVIEW",""
"R-COMM-ARBITRATION-CLAUSE","التجاري والشركات والتحكيم والملكية الفكرية","Q001: وش صار معك؟ ← شركة أو نشاط تجاري → Q080: وش المشكلة في الشركة أو النشاط التجاري؟ ← إفلاس أو تحكيم أو ملكية فكرية → Q271: وش نوع التنظيم أو الإجراء التجاري؟ ← تحكيم أو شرط تحكيم → Q117: فيه شرط تحكيم أو تحكيم قائم؟ ← نعم → Q118: وش وضع التحكيم؟ ← عندي شرط تحكيم قبل بدء النزاع القضائي","يوجد شرط/اتفاق تحكيم قبل بدء المسار القضائي.","اجمع العقد والشرط وأي ملحق، وحدد النزاع والأطراف ثم راجع صحة الشرط ونطاقه مع مختص قبل بدء الدعوى أو التحكيم.","وزارة العدل — المحكمة التجارية عند انطباق اختصاصها النظامي.","المحكمة التجارية","الدفع بوجود اتفاق تحكيم | دفع إجرائي قبل الخوض في الموضوع","العقد + اتفاق التحكيم + الملاحق + وصف النزاع.","اتفاق/شرط التحكيم والعقد أو المستند الذي يتضمنه.","يجب إثارة الدفع قبل أي طلب أو دفاع في الدعوى.","لا مبلغ قضائي موحد مثبت لهذه النتيجة.","غير منطبق ظاهرًا","إذا شمل الاتفاق النزاع يبدأ مسار التحكيم وفق الاتفاق والنظام؛ وإذا لم يشمله يتحدد مسار آخر.","نظام التحكيم","","","هيئة الخبراء بمجلس الوزراء — نظام التحكيم","https://laws.boe.gov.sa/BoeLaws/Laws/LawDetails/7e95b5f8-5f24-4d6a-8f39-a9a700f16e0b/1","2026-09-20","ثابتة نظاميًا نسبيًا","VERIFIED","تدقيق تفصيلي ومصدر نظامي أولي فُتح وتحقق من بقائه متاحًا في هذه المرحلة.","HIGH","النتيجة تمس الاختصاص أو طريق الاعتراض/التنفيذ أو مدة/رسومًا مؤثرة.","نعم","هل تتحقق ولاية المحكمة التجارية وشروط الإخطار السابق ومدة عدم سماع الدعوى والحد المالي في هذه الوقائع؟","NEEDS REVIEW",""
"R-COMM-ARBITRATION-ENFORCE","التجاري والشركات والتحكيم والملكية الفكرية","Q001: وش صار معك؟ ← شركة أو نشاط تجاري → Q080: وش المشكلة في الشركة أو النشاط التجاري؟ ← ما أعرف نوع النزاع التجاري → Q607: وش الفجوة التجارية اللي تواجهك؟ ← اختصاص المحكمة التجارية أو تنفيذ/بطلان حكم تحكيم → Q612: وش موضوعك في المحكمة التجارية أو التحكيم؟ ← صدر حكم تحكيم وأبي تنفيذه","تنفيذ حكم تحكيم","حكم التحكيم يحوز حجية الأمر المقضي وفق المادة 52، وطلب الأمر بتنفيذه يتطلب المستندات المحددة في المادة 53، ومنها الحكم واتفاق التحكيم وما يلزم من ترجمة وإثبات الإيداع بحسب الحالة.","وزارة العدل — المحكمة التجارية عند انطباق اختصاصها النظامي.","","صدر حكم تحكيم وتريد تنفيذه | ناجز | طلب الأمر بتنفيذ حكم التحكيم ثم التنفيذ الجبري للسند المذيل بأمر التنفيذ","المستندات والتواريخ والأدلة ذات الصلة.","أصل الحكم أو صورة مصدقة، صورة اتفاق التحكيم، ترجمة عربية معتمدة إن كان الحكم بغير العربية، وما يدل على إيداع الحكم لدى المحكمة المختصة.","لا يقبل طلب تنفيذ حكم التحكيم قبل انقضاء ميعاد رفع دعوى البطلان؛ ميعاد البطلان 60 يومًا من إبلاغ الطرف بالحكم.","","بعد تحديد الاختصاص واستيفاء المتطلبات ينتقل الطلب للمسار القضائي أو التنفيذي المناسب.","بعد تحديد الاختصاص واستيفاء المتطلبات ينتقل الطلب للمسار القضائي أو التنفيذي المناسب.","نظام التحكيم","","المواد 52-55: الحجية والتنفيذ والمرفقات وشروط الأمر بالتنفيذ؛ ومحكمة التنفيذ تنفذ حكم المحكمين المذيل بأمر التنفيذ. | نظام التحكيم — المادتان 52–53","هيئة الخبراء بمجلس الوزراء — نظام التحكيم","https://laws.boe.gov.sa/BoeLaws/Laws/LawDetails/5535039e-13da-43f6-8f53-a9a700f26485/1","2026-09-22","قابلة للتغير","STALE RISK","نظام تنفيذ جديد نُشر في 2026 وسيحل محل النظام السابق بعد 180 يومًا؛ يلزم تثبيت تاريخ النفاذ وخطة تحديث النتيجة.","HIGH","النتيجة تمس الاختصاص أو طريق الاعتراض/التنفيذ أو مدة/رسومًا مؤثرة.","نعم","هل تتحقق ولاية المحكمة التجارية وشروط الإخطار السابق ومدة عدم سماع الدعوى والحد المالي في هذه الوقائع؟","NEEDS REVIEW",""
"R-COMM-ARBITRATION-WRITTEN","التجاري والشركات والتحكيم والملكية الفكرية","Q001: وش صار معك؟ ← شركة أو نشاط تجاري → Q080: وش المشكلة في الشركة أو النشاط التجاري؟ ← ما أعرف نوع النزاع التجاري → Q607: وش الفجوة التجارية اللي تواجهك؟ ← اختصاص المحكمة التجارية أو تنفيذ/بطلان حكم تحكيم → Q612: وش موضوعك في المحكمة التجارية أو التحكيم؟ ← عندي شرط تحكيم مكتوب","وجود شرط أو اتفاق تحكيم","اتفاق التحكيم يجب أن يكون مكتوبًا، ويمكن أن يكون قبل النزاع أو بعده وفق ضوابط المادة 9. افحص نطاق الشرط والأطراف والمسائل المشمولة قبل اختيار المحكمة أو التحكيم.","وزارة العدل — المحكمة التجارية عند انطباق اختصاصها النظامي.","المحكمة التجارية","يوجد اتفاق/شرط تحكيم وتحتاج التحقق من شكله وأثره | فحص اتفاق التحكيم قبل اللجوء للمحكمة أو بدء التحكيم","المستندات والتواريخ والأدلة ذات الصلة.","العقد، شرط/مشارطة التحكيم والمراسلات المثبتة للاتفاق.","لا مدة موحدة لمجرد وجود الاتفاق.","","غير منطبق ظاهرًا","بعد تحديد الاختصاص واستيفاء المتطلبات ينتقل الطلب للمسار القضائي أو التنفيذي المناسب.","نظام التحكيم","","نظام التحكيم يشترط كتابة اتفاق التحكيم، ويحدد صور الاتفاق المكتوب وآثاره. | نظام التحكيم — المادة 9","هيئة الخبراء بمجلس الوزراء — نظام التحكيم","https://laws.boe.gov.sa/BoeLaws/Laws/LawDetails/5535039e-13da-43f6-8f53-a9a700f26485/1","2026-09-22","ثابتة نظاميًا نسبيًا","VERIFIED","تدقيق تفصيلي ومصدر نظامي أولي فُتح وتحقق من بقائه متاحًا في هذه المرحلة.","HIGH","النتيجة تمس الاختصاص أو طريق الاعتراض/التنفيذ أو مدة/رسومًا مؤثرة.","نعم","هل تتحقق ولاية المحكمة التجارية وشروط الإخطار السابق ومدة عدم سماع الدعوى والحد المالي في هذه الوقائع؟","NEEDS REVIEW",""
"R-COMM-ARTICLE16","التجاري والشركات والتحكيم والملكية الفكرية","Q001: وش صار معك؟ ← شركة أو نشاط تجاري → Q080: وش المشكلة في الشركة أو النشاط التجاري؟ ← ما أعرف نوع النزاع التجاري → Q607: وش الفجوة التجارية اللي تواجهك؟ ← اختصاص المحكمة التجارية أو تنفيذ/بطلان حكم تحكيم → Q612: وش موضوعك في المحكمة التجارية أو التحكيم؟ ← أبي أعرف هل النزاع يدخل أصلًا في اختصاص المحكمة التجارية","تحديد الاختصاص التجاري","لا يكفي وصف النزاع بأنه تجاري بصورة عامة. افحصه على فئات الاختصاص الواردة في المادة 16 من نظام المحاكم التجارية، ومنها المنازعات بين التجار بسبب أعمالهم التجارية وغيرها من الفئات التي حددها النظام، ثم حدّد المحكمة قبل رفع الدعوى.","وزارة العدل — المحكمة التجارية عند انطباق اختصاصها النظامي.","المحكمة التجارية","تريد تطبيق المادة 16 من نظام المحاكم التجارية على نزاع محدد | تكييف النزاع تحت إحدى فقرات الاختصاص الواردة بالمادة 16","المستندات والتواريخ والأدلة ذات الصلة.","العقد والسجل التجاري والمراسلات والمستندات المثبتة لطبيعة العمل.","لا مدة إجرائية تنشأ من المادة 16 نفسها.","","غير منطبق ظاهرًا","بعد تحديد الاختصاص واستيفاء المتطلبات ينتقل الطلب للمسار القضائي أو التنفيذي المناسب.","نظام المحاكم التجارية","","المادة 16 تنظم اختصاص المحكمة التجارية، واللائحة التنفيذية تنظم تفاصيل تطبيق النظام وإجراءاته. | نظام المحاكم التجارية — المادة 16","وزارة العدل — نظام المحاكم التجارية ولائحته التنفيذية","https://www.moj.gov.sa/Documents/Regulations/pdf/87.pdf","2026-09-22","ثابتة نظاميًا نسبيًا","VERIFIED","تدقيق تفصيلي ومصدر نظامي أولي فُتح وتحقق من بقائه متاحًا في هذه المرحلة.","HIGH","النتيجة تمس الاختصاص أو طريق الاعتراض/التنفيذ أو مدة/رسومًا مؤثرة.","نعم","هل تتحقق ولاية المحكمة التجارية وشروط الإخطار السابق ومدة عدم سماع الدعوى والحد المالي في هذه الوقائع؟","NEEDS REVIEW",""
"R-COMM-BANKRUPTCY","التجاري والشركات والتحكيم والملكية الفكرية","Q001: وش صار معك؟ ← شركة أو نشاط تجاري → Q080: وش المشكلة في الشركة أو النشاط التجاري؟ ← إفلاس أو تحكيم أو ملكية فكرية → Q271: وش نوع التنظيم أو الإجراء التجاري؟ ← تعثر / إفلاس / إعادة تنظيم / تصفية → Q115: الشركة متعثرة وتحتاج إفلاس؟ ← نعم، نبحث عن إجراء إفلاس","الحالة تعثر مالي وتبحث عن إجراء إفلاس/إعادة تنظيم/تصفية، لا مجرد مطالبة دين عادية.","اجمع الديون والدائنين والأصول وحدد صفتك، وتحقق من وجود إجراء إفلاس قائم. بعدها اختر الإجراء مع مختص بدل رفع مطالبة عادية تلقائيًا.","وزارة العدل — المحكمة التجارية عند انطباق اختصاصها النظامي.","المحكمة التجارية","طلبات الإفلاس عبر بوابة نظام القضاء التجاري | طلب افتتاح إجراء إفلاس","صفة مقدم الطلب + بيانات المدين + الديون والدائنون + الأصول + أي إجراء إفلاس قائم.","المعلومات والوثائق تختلف باختلاف الإجراء وصفة مقدم الطلب؛ تُتبع لائحة المعلومات والوثائق، ولا توضع قائمة موحدة لكل الإجراءات.","المحكمة تحدد موعد النظر في طلب افتتاح التسوية الوقائية أو إعادة التنظيم المالي أو التصفية خلال مدة لا تزيد على 40 يومًا من تاريخ قيد الطلب؛ وهذه ليست مدة سقوط للمطالبة.","لا مبلغ موحد مثبت لهذه النتيجة.","غير منطبق ظاهرًا","يتحدد المسار بحسب الإجراء وصفة مقدم الطلب، وقد تنتقل المطالبة إلى إطار الإفلاس نفسه.","","","","لجنة الإفلاس — دليل الأسئلة الشائعة","https://bankruptcy.gov.sa/ar/KnowledgeCenter/Publications/Documents/B5.pdf","2026-09-20","ثابتة نظاميًا نسبيًا","PARTIALLY VERIFIED","المصدر رسمي لكنه لا يثبت آليًا جميع عناصر الاختصاص/المدة/الرسوم المركبة في النتيجة.","HIGH","النتيجة تمس الاختصاص أو طريق الاعتراض/التنفيذ أو مدة/رسومًا مؤثرة.","نعم","هل تتحقق ولاية المحكمة التجارية وشروط الإخطار السابق ومدة عدم سماع الدعوى والحد المالي في هذه الوقائع؟","NEEDS REVIEW",""
"R-COMM-FRANCHISE-DISPUTE","التجاري والشركات والتحكيم والملكية الفكرية","Q001: وش صار معك؟ ← شركة أو نشاط تجاري → Q080: وش المشكلة في الشركة أو النشاط التجاري؟ ← امتياز أو مقاولات أو وساطة → Q272: وش نوع العقد أو النشاط التجاري؟ ← امتياز تجاري → Q119: امتياز تجاري: تسجيل أو نزاع؟ ← نزاع بين مانح وصاحب الامتياز","يوجد نزاع بين مانح وصاحب امتياز على الاتفاقية أو تنفيذها.","راجع آلية تسوية النزاع في اتفاقية الامتياز ثم حدّد التحكيم أو المحكمة المختصة.","وزارة العدل — المحكمة التجارية عند انطباق اختصاصها النظامي.","المحكمة التجارية","يوجد نزاع ناشئ عن اتفاقية امتياز تجاري | نزاع تعاقدي تجاري مع فحص شرط تسوية النزاعات","هذه ليست قائمة مستندات مطلوبة لخدمة القيد؛ ولتحديد مسار النزاع اجمع اتفاقية الامتياز ووثيقة الإفصاح والمراسلات وبند تسوية النزاع وأي مستندات تؤيد الواقعة محل الخلاف.","الاتفاقية، وثيقة الإفصاح، القيد، الإشعارات والمراسلات وإثبات الضرر.","لا مدة دعوى عامة أضيفها هنا دون تحديد نوع المطالبة.","","غير منطبق ظاهرًا","يُحدد مسار النزاع من اتفاقية الامتياز والنظام: تحكيم إذا كان الاتفاق منطبقًا، أو قضاء مختص عند عدم انطباق التحكيم.","","","نظام الامتياز يسري على اتفاقيات الامتياز المنفذة داخل المملكة ويستثني ترتيبات محددة، والاتفاقية يجب أن تتضمن آلية تسوية النزاعات.","وزارة التجارة — قيد الامتياز التجاري","https://mc.gov.sa/ar/eservices/pages/ServiceDetails.aspx?sID=24","2026-09-20","ثابتة نظاميًا نسبيًا","PARTIALLY VERIFIED","المصدر رسمي لكنه لا يثبت آليًا جميع عناصر الاختصاص/المدة/الرسوم المركبة في النتيجة.","HIGH","النتيجة تمس الاختصاص أو طريق الاعتراض/التنفيذ أو مدة/رسومًا مؤثرة.","نعم","هل تتحقق ولاية المحكمة التجارية وشروط الإخطار السابق ومدة عدم سماع الدعوى والحد المالي في هذه الوقائع؟","NEEDS REVIEW",""
"R-COMM-FRANCHISE-MANAGE","التجاري والشركات والتحكيم والملكية الفكرية","Q001: وش صار معك؟ ← شركة أو نشاط تجاري → Q080: وش المشكلة في الشركة أو النشاط التجاري؟ ← امتياز أو مقاولات أو وساطة → Q272: وش نوع العقد أو النشاط التجاري؟ ← امتياز تجاري → Q119: امتياز تجاري: تسجيل أو نزاع؟ ← تعديل أو إلغاء القيد","تريد تعديل أو إلغاء قيد امتياز تجاري.","ادخل على خدمة إدارة قيد الامتياز لدى وزارة التجارة واختر تعديل أو إلغاء.","وزارة العدل — المحكمة التجارية عند انطباق اختصاصها النظامي.","المحكمة التجارية","لديك قيد امتياز وتريد تعديله أو إلغاءه | تعديل/إلغاء قيد امتياز تجاري","للتعديل: اتفاقية الامتياز بعد التعديل. وللإلغاء: المستند المؤيد لسبب الإلغاء بحسب الحالة. هذه مرفقات المعاملة، أما بيانات القيد والتعديل فتُستكمل داخل الخدمة.","وثيقة الامتياز المعدلة ووثيقة الإفصاح المعدلة؛ وللإلغاء الحكم عند وجوده.","تعديل طرف أو مدة يقيد خلال 90 يومًا من التعديل؛ ووزارة التجارة أكدت طلب إلغاء القيد خلال 90 يومًا من الانتهاء/الانقضاء أو الحكم.","","يتم تحديث أو إلغاء القيد وفق متطلبات الخدمة.","يتم تحديث أو إلغاء القيد وفق متطلبات الخدمة.","","","رسوم تعديل القيد 100 ريال وفق صفحة الخدمة؛ الإلغاء بحسب ما تعرضه الخدمة.","وزارة التجارة — قيد الامتياز التجاري","https://mc.gov.sa/ar/eservices/pages/ServiceDetails.aspx?sID=24","2026-09-20","ثابتة نظاميًا نسبيًا","PARTIALLY VERIFIED","المصدر رسمي لكنه لا يثبت آليًا جميع عناصر الاختصاص/المدة/الرسوم المركبة في النتيجة.","HIGH","النتيجة تمس الاختصاص أو طريق الاعتراض/التنفيذ أو مدة/رسومًا مؤثرة.","نعم","هل تتحقق ولاية المحكمة التجارية وشروط الإخطار السابق ومدة عدم سماع الدعوى والحد المالي في هذه الوقائع؟","NEEDS REVIEW",""
"R-COMM-FRANCHISE-REGISTER","التجاري والشركات والتحكيم والملكية الفكرية","Q001: وش صار معك؟ ← شركة أو نشاط تجاري → Q080: وش المشكلة في الشركة أو النشاط التجاري؟ ← امتياز أو مقاولات أو وساطة → Q272: وش نوع العقد أو النشاط التجاري؟ ← امتياز تجاري → Q119: امتياز تجاري: تسجيل أو نزاع؟ ← قيد اتفاقية امتياز جديدة","تريد قيد اتفاقية امتياز تجاري جديدة.","ادخل على خدمة قيد الامتياز التجاري لدى وزارة التجارة.","وزارة العدل — المحكمة التجارية عند انطباق اختصاصها النظامي.","المحكمة التجارية","وقعت اتفاقية امتياز وتحتاج قيدها | قيد اتفاقية الامتياز ووثيقة الإفصاح لدى وزارة التجارة","المستندان المطلوبان لقيد امتياز جديد بحسب وزارة التجارة: اتفاقية الامتياز + وثيقة الإفصاح. ويجب أن تكون اتفاقية الامتياز مكتوبة وموقعة، وإذا كانت بغير العربية فتُترجم ترجمة معتمدة.","اتفاقية الامتياز ووثيقة الإفصاح.","خلال 90 يومًا من تاريخ توقيع الاتفاقية.","","غير منطبق ظاهرًا","يُقدَّم القيد إلكترونيًا وتُدفع رسوم الخدمة. ويلتزم مانح الامتياز بقيد اتفاقية الامتياز ووثيقة الإفصاح لدى الوزارة خلال 90 يومًا من تاريخ توقيع الاتفاقية؛ ومدة تنفيذ الخدمة المنشورة «فوري» وليست 90 يومًا.","","","وزارة التجارة توجب قيد كل اتفاقية ووثيقة الإفصاح خلال 90 يومًا، ورسوم القيد 500 ريال والخدمة فورية.","وزارة التجارة — قيد الامتياز التجاري","https://mc.gov.sa/ar/eservices/pages/ServiceDetails.aspx?sID=24","2026-09-20","ثابتة نظاميًا نسبيًا","PARTIALLY VERIFIED","المصدر رسمي لكنه لا يثبت آليًا جميع عناصر الاختصاص/المدة/الرسوم المركبة في النتيجة.","HIGH","النتيجة تمس الاختصاص أو طريق الاعتراض/التنفيذ أو مدة/رسومًا مؤثرة.","نعم","هل تتحقق ولاية المحكمة التجارية وشروط الإخطار السابق ومدة عدم سماع الدعوى والحد المالي في هذه الوقائع؟","NEEDS REVIEW",""
"R-COMM-FRAUD-GATE","التجاري والشركات والتحكيم والملكية الفكرية","Q001: وش صار معك؟ ← شركة أو نشاط تجاري → Q080: وش المشكلة في الشركة أو النشاط التجاري؟ ← مطالبة أو نزاع أو ورقة تجارية → Q270: وش نوع النزاع أو المطالبة التجارية؟ ← خلاف بين شركاء أو مساهمين → Q114: خلاف شركاء عادي أو فيه احتيال؟ ← فيه وقائع خداع/استيلاء/تزوير مستقلة عن مجرد الخلاف","ذكرت وقائع خداع/استيلاء/تزوير مستقلة عن مجرد خلاف الشركاء.","افصل بين المطالبة التجارية وبين الوقائع الجنائية المحتملة، ثم استخدم المسارين عند انطباقهما.","النيابة العامة تتولى التحقيق والادعاء في جرائم نظام مكافحة الاحتيال المالي وخيانة الأمانة؛ وتبقى المطالبة الخاصة أمام الجهة القضائية المختصة بحسب طبيعتها.","","فصل مسار المطالبة الخاصة/التجارية عن المسار الجزائي المحتمل بحسب الوقائع.","لفصل المسارين، اجمع الوقائع والتواريخ والمستندات المؤيدة وأي رقم بلاغ قائم. هذه مواد تقييم ومتابعة وليست قائمة مستندات إلزامية موحدة.","","","","غير منطبق ظاهرًا","إذا ظهرت شبهة جريمة، تتولى جهة التحقيق التكييف والتحقيق؛ ولا يمنع ذلك من بقاء مطالبة مالية/تجارية مستقلة متى كان لها أساس واختصاص.","نظام مكافحة الاحتيال المالي وخيانة الأمانة","","","هيئة الخبراء بمجلس الوزراء — نظام مكافحة الاحتيال المالي وخيانة الأمانة","https://laws.boe.gov.sa/BoeLaws/Laws/LawDetails/905e11b3-4d66-496c-9c1b-ad240106367f/1","2026-09-23","ثابتة نظاميًا نسبيًا","PARTIALLY VERIFIED","يوجد تدقيق تفصيلي ورابط لنص نظامي رسمي، لكن هذا النص بعينه لم يُعد فتحه ومطابقة جميع ادعاءات النتيجة في هذه المرحلة.","HIGH","النتيجة تمس الاختصاص أو طريق الاعتراض/التنفيذ أو مدة/رسومًا مؤثرة.","نعم","هل تتحقق ولاية المحكمة التجارية وشروط الإخطار السابق ومدة عدم سماع الدعوى والحد المالي في هذه الوقائع؟","NEEDS REVIEW",""
"R-COMM-IP-COPYRIGHT-SERVICE","التجاري والشركات والتحكيم والملكية الفكرية","Q001: وش صار معك؟ ← شركة أو نشاط تجاري → Q080: وش المشكلة في الشركة أو النشاط التجاري؟ ← إفلاس أو تحكيم أو ملكية فكرية → Q271: وش نوع التنظيم أو الإجراء التجاري؟ ← علامة تجارية / حقوق مؤلف / براءة / ملكية فكرية → Q121: وش نوع الملكية الفكرية؟ ← حق مؤلف → Q249: حق المؤلف: تسجيل أو تعدٍ؟ ← تسجيل أو إدارة المصنف","تريد تسجيل مصنف أو إدارة حق مؤلف.","استخدم خدمة حق المؤلف المناسبة لدى الهيئة السعودية للملكية الفكرية بحسب نوع المصنف.","وزارة العدل — المحكمة التجارية عند انطباق اختصاصها النظامي.","المحكمة التجارية","لديك مصنف مكتوب وتريد توثيقه بالتسجيل لدى الهيئة | تسجيل مصنف جديد - المصنفات المكتوبة","متطلبات التسجيل أو الإدارة تختلف بحسب نوع المصنف والخدمة المختارة. أدخل بيانات صاحب الحق والمصنف والصفة، ثم اتبع المتطلبات والمرفقات التي تعرضها الخدمة نفسها.","المصنف وبيانات مقدم الطلب والمتطلبات التي تعرضها المنصة.","وقت التنفيذ 7 أيام عمل وهو SLA.","","غير منطبق ظاهرًا","تُراجع بيانات المصنف والطلب وفق الخدمة المختارة.","","","رسوم الفحص والتسجيل تختلف للفرد والمنشأة والطلاب كما تنشر الهيئة؛ تعرض للمستخدم حسب صفته.","الهيئة السعودية للملكية الفكرية — تسجيل مصنف مكتوب","https://www.saip.gov.sa/ar/services/copyrights/copyr7","2026-09-20","ثابتة نظاميًا نسبيًا","PARTIALLY VERIFIED","المصدر رسمي لكنه لا يثبت آليًا جميع عناصر الاختصاص/المدة/الرسوم المركبة في النتيجة.","HIGH","النتيجة تمس الاختصاص أو طريق الاعتراض/التنفيذ أو مدة/رسومًا مؤثرة.","نعم","هل المسار شكوى إنفاذ لدى الهيئة أم دعوى تعويض/طعن قضائي، وما الجهة والمهلة لكل مرحلة؟","NEEDS REVIEW",""
"R-COMM-IP-ENFORCEMENT","التجاري والشركات والتحكيم والملكية الفكرية","Q001: وش صار معك؟ ← شركة أو نشاط تجاري → Q080: وش المشكلة في الشركة أو النشاط التجاري؟ ← إفلاس أو تحكيم أو ملكية فكرية → Q271: وش نوع التنظيم أو الإجراء التجاري؟ ← علامة تجارية / حقوق مؤلف / براءة / ملكية فكرية → Q121: وش نوع الملكية الفكرية؟ ← علامة تجارية → Q122: العلامة التجارية: تسجيل أو تعدٍ؟ ← تعدٍ أو انتهاك أو نزاع","عندك تعدٍ أو نزاع متعلق بعلامة تجارية.","إذا كانت الواقعة انتهاك علامة تجارية، استخدم خدمة «شكوى انتهاك علامة تجارية» لدى الهيئة السعودية للملكية الفكرية، وعبّئ متطلبات الانتهاك وأرفق المتطلبات والمستندات اللازمة التي تطلبها الخدمة.","وزارة العدل — المحكمة التجارية عند انطباق اختصاصها النظامي.","المحكمة التجارية","إنفاذ حق ملكية فكرية بعد تحديد نوعه ومرحلة النزاع","الخدمة تطلب تعبئة المتطلبات اللازمة للانتهاك والالتزام بالاشتراطات، ثم إرفاق المتطلبات والمستندات اللازمة. لا تفترض قائمة مرفقات ثابتة خارج ما تعرضه الخدمة لحالتك.","أدلة الحق والتعدي، أو الحكم النهائي المذيل بالصيغة التنفيذية والمستندات المطلوبة بحسب الخدمة.","مدة تنفيذ الخدمة ليست مدة سقوط؛ مثال تنفيذ حكم نهائي لحق المؤلف 10 أيام عمل بلا رسوم.","","غير منطبق ظاهرًا","يُقدَّم طلب حالة انتهاك علامة تجارية عبر بوابة احترام الملكية الفكرية، ووقت التنفيذ يعتمد على الطلب.","","","الهيئة مختصة بحماية وإنفاذ الحقوق، وتنشر مسارات التقاضي؛ وخدمة تنفيذ حكم حق المؤلف تشترط حكمًا نهائيًا مكتسب القطعية وواجب النفاذ.","الهيئة السعودية للملكية الفكرية — الأنظمة واللوائح","https://www.saip.gov.sa/ar/resources/lows-and-regulations/systems-and-regulations","2026-09-20","ثابتة نظاميًا نسبيًا","PARTIALLY VERIFIED","المصدر رسمي لكنه لا يثبت آليًا جميع عناصر الاختصاص/المدة/الرسوم المركبة في النتيجة.","HIGH","النتيجة تمس الاختصاص أو طريق الاعتراض/التنفيذ أو مدة/رسومًا مؤثرة.","نعم","هل المسار شكوى إنفاذ لدى الهيئة أم دعوى تعويض/طعن قضائي، وما الجهة والمهلة لكل مرحلة؟","NEEDS REVIEW",""
"R-COMM-IP-PATENT-SERVICE","التجاري والشركات والتحكيم والملكية الفكرية","Q001: وش صار معك؟ ← شركة أو نشاط تجاري → Q080: وش المشكلة في الشركة أو النشاط التجاري؟ ← إفلاس أو تحكيم أو ملكية فكرية → Q271: وش نوع التنظيم أو الإجراء التجاري؟ ← علامة تجارية / حقوق مؤلف / براءة / ملكية فكرية → Q121: وش نوع الملكية الفكرية؟ ← براءة اختراع / تصميم → Q250: البراءة أو التصميم: تسجيل أو تعدٍ؟ ← إيداع أو تسجيل أو إدارة الحق","تريد إيداع طلب براءة اختراع.","استخدم خدمة «إيداع طلب براءة اختراع» لدى الهيئة السعودية للملكية الفكرية، وحمّل القوالب الرسمية وأكمل الطلب عبر المنصة الموحدة.","وزارة العدل — المحكمة التجارية عند انطباق اختصاصها النظامي.","المحكمة التجارية","لديك اختراع وتريد طلب حمايته ببراءة | إيداع طلب براءة اختراع لدى الهيئة السعودية للملكية الفكرية","من المتطلبات الفنية تحميل قوالب الطلب: الملخص، والوصف الكامل، وعناصر الحماية، والرسومات إن وجدت، ثم استكمال بيانات مقدم الطلب وفق صفته.","بيانات ووثائق طلب البراءة حسب المنصة.","وقت تنفيذ الإيداع فوري؛ وهو وقت خدمة لا مدة حق.","","غير منطبق ظاهرًا","يمر الطلب بالإجراءات والفحص بحسب نوع الحق والخدمة.","","","رسوم الإيداع المنشورة: 400 ريال للأفراد و800 ريال للمؤسسات.","الهيئة السعودية للملكية الفكرية — إيداع طلب براءة اختراع","https://www.saip.gov.sa/ar/services/patents/patent-application","2026-09-20","ثابتة نظاميًا نسبيًا","PARTIALLY VERIFIED","المصدر رسمي لكنه لا يثبت آليًا جميع عناصر الاختصاص/المدة/الرسوم المركبة في النتيجة.","HIGH","النتيجة تمس الاختصاص أو طريق الاعتراض/التنفيذ أو مدة/رسومًا مؤثرة.","نعم","هل المسار شكوى إنفاذ لدى الهيئة أم دعوى تعويض/طعن قضائي، وما الجهة والمهلة لكل مرحلة؟","NEEDS REVIEW",""
"R-COMM-LAWYER-MERITS","التجاري والشركات والتحكيم والملكية الفكرية","Q001: وش صار معك؟ ← شركة أو نشاط تجاري → Q080: وش المشكلة في الشركة أو النشاط التجاري؟ ← مطالبة أو نزاع أو ورقة تجارية → Q270: وش نوع النزاع أو المطالبة التجارية؟ ← خلاف بين شركاء أو مساهمين → Q114: خلاف شركاء عادي أو فيه احتيال؟ ← أبي أعرف من معه الحق أو كيف أكسب","سؤالك عن من معه الحق أو مسؤولية الشريك أو كيفية كسب النزاع.","اعرض مستندات الشركة والعقود والقرارات على محامٍ مرخص.","وزارة العدل — المحكمة التجارية عند انطباق اختصاصها النظامي.","المحكمة التجارية","لديك قضية تجارية وتريد معرفة أثر التمثيل بمحام والإجراء الدفاعي | تمثيل ومرافعة في قضية تجارية مع فحص الحالات التي تقيد فيها اللائحة الترافع بمحام","للتقييم القانوني جهّز مستندات الشركة والعقود والقرارات والوقائع والمطالبات ذات الصلة؛ هذه مواد للمختص وليست متطلبات تقديم لخدمة حكومية.","رقم القضية والمذكرة والمستندات الداعمة؛ والوكالة عند التقديم بواسطة وكيل.","خدمة مذكرة الدفاع الأولى تشترط التقديم قبل عقد الجلسة الأولى؛ ولا أضع مهلة أخرى بلا نص.","","غير منطبق ظاهرًا","المختص يقيّم الحق والدفوع؛ والمحرك يحدد الإجراء فقط.","نظام المحاكم التجارية ولائحته التنفيذية","","اللائحة التنفيذية تضمنت حصرية الترافع من محام في أنواع من الدعاوى، وصفحة وزارة العدل لخدمة مذكرة الدفاع الأولى توضح شروطها وقنواتها وأنها بلا رسوم.","وزارة العدل — نظام المحاكم التجارية ولائحته التنفيذية","https://www.moj.gov.sa/Documents/Regulations/pdf/87.pdf","2026-09-20","ثابتة نظاميًا نسبيًا","VERIFIED","تدقيق تفصيلي ومصدر نظامي أولي فُتح وتحقق من بقائه متاحًا في هذه المرحلة.","HIGH","النتيجة تمس الاختصاص أو طريق الاعتراض/التنفيذ أو مدة/رسومًا مؤثرة.","نعم","هل تتحقق ولاية المحكمة التجارية وشروط الإخطار السابق ومدة عدم سماع الدعوى والحد المالي في هذه الوقائع؟","NEEDS REVIEW",""
"R-COMM-NEGOTIABLE-CHECK","التجاري والشركات والتحكيم والملكية الفكرية","Q001: وش صار معك؟ ← شركة أو نشاط تجاري → Q080: وش المشكلة في الشركة أو النشاط التجاري؟ ← مطالبة أو نزاع أو ورقة تجارية → Q270: وش نوع النزاع أو المطالبة التجارية؟ ← شيك / سند لأمر / كمبيالة → Q116: معك شيك أو سند أو كمبيالة؟ ← نعم، ومعي الورقة/السند وأريد التنفيذ","لديك شيك/سند لأمر/كمبيالة وتريد التنفيذ.","راجع السند كاملًا وبياناته والاستحقاق. إذا استوفى متطلبات التنفيذ انتقل إلى تقديم طلب تنفيذ؛ وإذا وُجد نزاع على السند أو الوفاء انتقل لمسار المنازعة.","وزارة العدل — المحكمة التجارية عند انطباق اختصاصها النظامي.","المحكمة التجارية","فحص منازعة الورقة التجارية | بوابة اختصاص/دعوى تجارية","السند + الأطراف + الاستحقاق + إثباتات الوفاء/الإجراءات السابقة إن وجدت.","الورقة التجارية والمستندات المرتبطة بالمنازعة.","لا توجد مدة موحدة؛ تتبع نوع الدعوى والإجراء.","تطبق التكاليف القضائية عند انطباق النظام؛ لا مبلغ موحد هنا.","غير منطبق ظاهرًا","إما تنفيذ للسند المستوفي أو مسار نزاع إذا كانت صحته أو آثاره محل خلاف.","نظام المحاكم التجارية","","","هيئة الخبراء بمجلس الوزراء — نظام المحاكم التجارية","https://laws.boe.gov.sa/Files/Download/?attId=d0d4fbe5-e571-4ecb-8b81-adbb01263651","2026-09-20","ثابتة نظاميًا نسبيًا","VERIFIED","تدقيق تفصيلي ومصدر نظامي أولي فُتح وتحقق من بقائه متاحًا في هذه المرحلة.","HIGH","النتيجة تمس الاختصاص أو طريق الاعتراض/التنفيذ أو مدة/رسومًا مؤثرة.","نعم","هل تتحقق ولاية المحكمة التجارية وشروط الإخطار السابق ومدة عدم سماع الدعوى والحد المالي في هذه الوقائع؟","NEEDS REVIEW",""
"R-COMM-NEGOTIABLE-DISPUTE","التجاري والشركات والتحكيم والملكية الفكرية","Q001: وش صار معك؟ ← شركة أو نشاط تجاري → Q080: وش المشكلة في الشركة أو النشاط التجاري؟ ← مطالبة أو نزاع أو ورقة تجارية → Q270: وش نوع النزاع أو المطالبة التجارية؟ ← شيك / سند لأمر / كمبيالة → Q116: معك شيك أو سند أو كمبيالة؟ ← يوجد نزاع على صحة السند أو الوفاء أو التوقيع","يوجد نزاع على صحة السند التجاري أو التوقيع أو الوفاء.","اجمع السند والأدلة وحدد هل النزاع على التوقيع أو الوفاء أو المبلغ أو الاستحقاق أو إجراء التنفيذ. إذا يوجد طلب تنفيذ افتحه وسجّل حالته قبل اختيار الإجراء.","وزارة العدل — المحكمة التجارية عند انطباق اختصاصها النظامي.","المحكمة التجارية","دعوى منازعة أوراق تجارية | ناجز | بوابة اختصاص/دعوى تجارية","السند + أدلة الوفاء/التوقيع + المراسلات + بيانات التنفيذ إن وجد.","الورقة التجارية والمستندات المؤيدة للدفوع/الطلبات.","لا توجد مدة موحدة؛ تتبع نوع الدعوى والإجراء.","تطبق التكاليف القضائية عند انطباق النظام؛ لا مبلغ موحد هنا.","غير منطبق ظاهرًا","يتحدد بعد ذلك هل المعالجة داخل التنفيذ أم بدعوى مستقلة بحسب نوع المنازعة.","نظام المحاكم التجارية","","","هيئة الخبراء بمجلس الوزراء — نظام المحاكم التجارية","https://laws.boe.gov.sa/Files/Download/?attId=d0d4fbe5-e571-4ecb-8b81-adbb01263651","2026-09-20","قابلة للتغير","VERIFIED","تدقيق تفصيلي ومصدر نظامي أولي فُتح وتحقق من بقائه متاحًا في هذه المرحلة.","HIGH","النتيجة تمس الاختصاص أو طريق الاعتراض/التنفيذ أو مدة/رسومًا مؤثرة.","نعم","هل تتحقق ولاية المحكمة التجارية وشروط الإخطار السابق ومدة عدم سماع الدعوى والحد المالي في هذه الوقائع؟","NEEDS REVIEW",""
"R-COMM-RELATION-GATE","التجاري والشركات والتحكيم والملكية الفكرية","Q001: وش صار معك؟ ← شركة أو نشاط تجاري → Q080: وش المشكلة في الشركة أو النشاط التجاري؟ ← مطالبة أو نزاع أو ورقة تجارية → Q270: وش نوع النزاع أو المطالبة التجارية؟ ← عندي قضية أو حكم تجاري → Q123: عندك قضية أو حكم تجاري؟ ← لا، ما بدأت قضية","المبلغ مرتبط بعلاقة قد لا تكون تجارية رغم وجود منشأة.","ارجع لأصل العلاقة: عمل، إيجار، تمويل، مستهلك، أو غيرها.","وزارة العدل — المحكمة التجارية عند انطباق اختصاصها النظامي.","المحكمة التجارية","تحديد طبيعة العلاقة التجارية | بوابة اختصاص/دعوى تجارية","راجع العقد أو المستند الذي أنشأ الالتزام لتحديد طبيعة العلاقة. هذا للتحقق من الاختصاص وليس مستندًا مطلوبًا لخدمة بعينها.","العقد والسجل/الصفة والمستندات التي تبين طبيعة التعامل.","لا توجد مدة موحدة؛ تتبع نوع الدعوى والإجراء.","تطبق التكاليف القضائية عند انطباق النظام؛ لا مبلغ موحد هنا.","غير منطبق ظاهرًا","ينتقل المستخدم للمجال المختص بدل المحكمة التجارية تلقائيًا.","نظام المحاكم التجارية","","","هيئة الخبراء بمجلس الوزراء — نظام المحاكم التجارية","https://laws.boe.gov.sa/Files/Download/?attId=d0d4fbe5-e571-4ecb-8b81-adbb01263651","2026-09-20","ثابتة نظاميًا نسبيًا","VERIFIED","تدقيق تفصيلي ومصدر نظامي أولي فُتح وتحقق من بقائه متاحًا في هذه المرحلة.","HIGH","النتيجة تمس الاختصاص أو طريق الاعتراض/التنفيذ أو مدة/رسومًا مؤثرة.","نعم","هل تتحقق ولاية المحكمة التجارية وشروط الإخطار السابق ومدة عدم سماع الدعوى والحد المالي في هذه الوقائع؟","NEEDS REVIEW",""
"R-REAL-CONTRACT-ARBITRATION","التجاري والشركات والتحكيم والملكية الفكرية","Q001: وش صار معك؟ ← عقار أو إيجار → Q070: وش موضوع العقار أو الإيجار؟ ← مقاولات / بناء / أعمال هندسية → Q235: فيه اتفاق تحكيم بينكم؟ ← نعم، فيه شرط أو اتفاق تحكيم","نزاع مقاولات وفي العقد شرط أو اتفاق تحكيم.","راجع نص شرط التحكيم والجهة أو القواعد المحددة فيه قبل بدء دعوى قضائية، ثم استخدم جهة التحكيم المتفق عليها إن كان الشرط منطبقًا.","المحكمة أو الجهة القضائية المختصة بحسب نوع الدعوى والمرحلة المبينة في النتيجة.","","فحص شرط التحكيم قبل الدعوى العقارية | بوابة تحكيم/اختصاص","للتقييم راجع العقد كاملًا واتفاق أو شرط التحكيم والمراسلات ووصف المطالبة وأدلتها. هذه مواد لفحص صحة الشرط ونطاقه وإثبات النزاع؛ متطلبات بدء التحكيم الفعلية تحددها الجهة والقواعد المتفق عليها.","العقد/اتفاق التحكيم وأي ملاحق تحدد نطاقه.","الدفع أمام المحكمة يكون قبل أي طلب أو دفاع؛ ودعوى بطلان حكم التحكيم خلال 60 يومًا من إبلاغ الحكم عند الوصول لتلك المرحلة.","تتحدد بحسب المسار؛ لا مبلغ موحد.","غير منطبق ظاهرًا","تبدأ إجراءات التحكيم وفق الاتفاق والقواعد المختارة.","نظام التحكيم","","","هيئة الخبراء بمجلس الوزراء — نظام التحكيم","https://laws.boe.gov.sa/BoeLaws/Laws/LawDetails/5535039e-13da-43f6-8f53-a9a700f26485/1","2026-09-20","ثابتة نظاميًا نسبيًا","VERIFIED","تدقيق تفصيلي ومصدر نظامي أولي فُتح وتحقق من بقائه متاحًا في هذه المرحلة.","HIGH","النتيجة تمس الاختصاص أو طريق الاعتراض/التنفيذ أو مدة/رسومًا مؤثرة.","نعم","هل الإجراء دعوى بطلان أم تنفيذ/رفض تنفيذ، وما المحكمة والمهلة وبدايتها في هذه الحالة؟","NEEDS REVIEW",""
"R-COMM-ARBITRATION-AWARD-EXEC","القضاء والتنفيذ وناجز","Q001: وش صار معك؟ ← شركة أو نشاط تجاري → Q080: وش المشكلة في الشركة أو النشاط التجاري؟ ← إفلاس أو تحكيم أو ملكية فكرية → Q271: وش نوع التنظيم أو الإجراء التجاري؟ ← تحكيم أو شرط تحكيم → Q117: فيه شرط تحكيم أو تحكيم قائم؟ ← نعم → Q118: وش وضع التحكيم؟ ← صدر حكم تحكيم وأريد تنفيذه","صدر حكم تحكيم وتريد تنفيذه.","اجمع الحكم واتفاق التحكيم والترجمة المصدقة عند الحاجة وما يثبت إيداع الحكم، وتحقق من انقضاء ميعاد دعوى البطلان ثم استخدم المسار القضائي المقرر لطلب التنفيذ.","وزارة العدل — المحكمة التجارية عند انطباق اختصاصها النظامي.","المحكمة التجارية","تنفيذ حكم التحكيم | طلب تنفيذ حكم تحكيم","المرفقات التي يحددها نظام التحكيم لطلب تنفيذ الحكم: أصل حكم التحكيم أو صورة مصدقة منه + صورة طبق الأصل من اتفاق التحكيم + ترجمة عربية مصدقة من جهة معتمدة إذا لم يكن الحكم بالعربية + ما يدل على إيداع الحكم لدى المحكمة المختصة.","أصل الحكم أو صورة مصدقة، صورة طبق الأصل من اتفاق التحكيم، ترجمة عربية مصدقة إن كان بغير العربية، وما يثبت إيداع الحكم لدى المحكمة المختصة وفق النظام.","لا يقدم طلب تنفيذ الحكم إلا بعد انقضاء ميعاد دعوى البطلان وفق المادة 55.","لا مبلغ قضائي موحد مثبت لهذه النتيجة.","تتحقق المحكمة من شروط التنفيذ النظامية؛ إذا صدر الأمر بالتنفيذ ينتقل الحكم إلى مرحلة التنفيذ.","تتحقق المحكمة من شروط التنفيذ النظامية؛ إذا صدر الأمر بالتنفيذ ينتقل الحكم إلى مرحلة التنفيذ.","نظام التحكيم","","","هيئة الخبراء بمجلس الوزراء — نظام التحكيم","https://laws.boe.gov.sa/BoeLaws/Laws/LawDetails/7e95b5f8-5f24-4d6a-8f39-a9a700f16e0b/1","2026-09-20","قابلة للتغير","STALE RISK","نظام تنفيذ جديد نُشر في 2026 وسيحل محل النظام السابق بعد 180 يومًا؛ يلزم تثبيت تاريخ النفاذ وخطة تحديث النتيجة.","HIGH","النتيجة تمس الاختصاص أو طريق الاعتراض/التنفيذ أو مدة/رسومًا مؤثرة.","نعم","هل تتحقق ولاية المحكمة التجارية وشروط الإخطار السابق ومدة عدم سماع الدعوى والحد المالي في هذه الوقائع؟","NEEDS REVIEW",""
"R-COMM-ARBITRATION-NULLITY-EXEC","القضاء والتنفيذ وناجز","Q001: وش صار معك؟ ← شركة أو نشاط تجاري → Q080: وش المشكلة في الشركة أو النشاط التجاري؟ ← ما أعرف نوع النزاع التجاري → Q607: وش الفجوة التجارية اللي تواجهك؟ ← اختصاص المحكمة التجارية أو تنفيذ/بطلان حكم تحكيم → Q612: وش موضوعك في المحكمة التجارية أو التحكيم؟ ← رفعت دعوى بطلان حكم التحكيم وأبي أعرف أثرها على التنفيذ","دعوى بطلان حكم التحكيم والتنفيذ","رفع دعوى البطلان لا يوقف تنفيذ حكم التحكيم تلقائيًا. تجيز المادة 54 للمحكمة المختصة وقف التنفيذ عند طلب ذلك في صحيفة الدعوى وقيام أسباب جدية.","وزارة العدل — المحكمة التجارية عند انطباق اختصاصها النظامي.","المحكمة التجارية","تريد رفع دعوى بطلان حكم تحكيم أو معرفة أثرها على التنفيذ | دعوى بطلان حكم تحكيم وطلب وقف التنفيذ عند وجود أسباب جدية","المستندات والتواريخ والأدلة ذات الصلة.","حكم التحكيم، دليل تاريخ التبليغ، اتفاق التحكيم، ومستندات سبب البطلان وطلب الوقف عند الحاجة.","دعوى البطلان خلال 60 يومًا من التبليغ؛ المحكمة تفصل في طلب وقف التنفيذ خلال 15 يومًا، وإذا أمرت بالوقف تفصل في دعوى البطلان خلال 180 يومًا من أمر الوقف؛ حكم البطلان قابل للطعن خلال 30 يومًا من اليوم التالي للتبليغ.","","بعد تحديد الاختصاص واستيفاء المتطلبات ينتقل الطلب للمسار القضائي أو التنفيذي المناسب.","بعد تحديد الاختصاص واستيفاء المتطلبات ينتقل الطلب للمسار القضائي أو التنفيذي المناسب.","نظام التحكيم","","المواد 49-55 تنظم حصرية دعوى البطلان وأسبابها ومددها وأثرها على التنفيذ؛ رفض أمر التنفيذ يجوز التظلم منه خلال 30 يومًا من صدوره. | نظام التحكيم — المادة 54","هيئة الخبراء بمجلس الوزراء — نظام التحكيم","https://laws.boe.gov.sa/BoeLaws/Laws/LawDetails/5535039e-13da-43f6-8f53-a9a700f26485/1","2026-09-22","قابلة للتغير","STALE RISK","نظام تنفيذ جديد نُشر في 2026 وسيحل محل النظام السابق بعد 180 يومًا؛ يلزم تثبيت تاريخ النفاذ وخطة تحديث النتيجة.","HIGH","النتيجة تمس الاختصاص أو طريق الاعتراض/التنفيذ أو مدة/رسومًا مؤثرة.","نعم","هل تتحقق ولاية المحكمة التجارية وشروط الإخطار السابق ومدة عدم سماع الدعوى والحد المالي في هذه الوقائع؟","NEEDS REVIEW",""
"R-EXEC-ADD-HEIR","الأحوال الشخصية والتركات","Q001: وش صار معك؟ ← عندي طلب تنفيذ أو إجراء تنفيذ → Q040: وش وضع التنفيذ؟ ← المورث متوفى وله طلب تنفيذ → Q049: المتوفى كان طالب التنفيذ؟ ← نعم، المتوفى كان طالب تنفيذ","المورث المتوفى كان طالب تنفيذ، وأنت أحد ورثته وتريد إضافة صفتك إلى طلباته التنفيذية.","استخدم خدمة «إضافة وارث في طلبات تنفيذ مورثه» في ناجز، وأدخل بيانات المورث وبيانات صك حصر الورثة، ثم استعرض طلبات التنفيذ واختر الطلب المطلوب.","وزارة العدل — قضاء التنفيذ/ناجز.","","إضافة وارث في طلبات تنفيذ مورثه | ناجز | إضافة وارث إلى طلبات كان المورث فيها طالب التنفيذ.","وزارة العدل تشترط وجود صك حصر الورثة. الدليل يوضح أن المورث يجب أن يكون طالب تنفيذ، وألا يكون مقدم الطلب مسجلًا أصلًا في الطلب كطالب تنفيذ أو منفذ ضده، والخدمة غير متاحة لطلبات قسمة التركة. صفحة الخدمة تذكر: لا توجد مستندات مطلوبة ورسوم الخدمة لا يوجد.","","","رسوم الخدمة: لا يوجد.","غير منطبق ظاهرًا","بعد تقديم الطلب تتم مراجعة إضافة الوارث، ثم يتابع الوارث طلب التنفيذ بحسب الصفة والحالة. لا تنشئ طلب تنفيذ جديدًا لمجرد وفاة طالب التنفيذ إذا كان الطلب الموروث قائمًا.","","","","وزارة العدل — إضافة وارث في طلبات تنفيذ مورثه","https://www.moj.gov.sa/ar/eservices/pages/d3061fe4-6bad-4bc1-b38d-63217c7a76b3.aspx","2026-09-22","قابلة للتغير","STALE RISK","نظام تنفيذ جديد نُشر في 2026 وسيحل محل النظام السابق بعد 180 يومًا؛ يلزم تثبيت تاريخ النفاذ وخطة تحديث النتيجة.","HIGH","النتيجة تمس الاختصاص أو طريق الاعتراض/التنفيذ أو مدة/رسومًا مؤثرة.","نعم","هل الإجراء الصحيح طلب داخل ملف التنفيذ أم منازعة تنفيذ أم دعوى مستقلة، وما أثر نظام التنفيذ الجديد عند نفاذه؟","NEEDS REVIEW",""
"R-EXEC-CUSTODY-VISIT","الأحوال الشخصية والتركات","Q001: وش صار معك؟ ← عندي طلب تنفيذ أو إجراء تنفيذ → Q040: وش وضع التنفيذ؟ ← أبغى أقدم تنفيذ لأول مرة → Q204: وش معك للتنفيذ؟ ← حضانة أو زيارة","لديك سند تنفيذي ينص على الزيارة وتريد تنفيذ الحكم.","إذا لم يوجد طلب تنفيذ فابدأ بـ«تقديم طلب تنفيذ» في الأحوال الشخصية. وإذا كان الطلب قائمًا فاستخدم خدمة الزيارة المتاحة؛ وزارة العدل تعرض «طلب إصدار خطاب زيارة» لطالب التنفيذ لتنفيذ حكم الزيارة المنصوص عليه في السند.","وزارة العدل — قضاء التنفيذ/ناجز.","","طلب إصدار خطاب زيارة | ناجز | طلب إجراء داخل ملف تنفيذ أحوال شخصية لسند زيارة.","سند تنفيذي يتضمن الزيارة، طلب تنفيذ قائم عند استخدام الإجراء اللاحق، واستيفاء الشروط التي تظهر للخدمة في ناجز.","","","","غير منطبق ظاهرًا","بعد إصدار خطاب/إجراء الزيارة ينتقل التنفيذ للجهة المختصة وفق السند، وتتابع حالة الإجراء من طلب التنفيذ.","","","","وزارة العدل — طلب إصدار خطاب زيارة","https://www.moj.gov.sa/sites/knowledgebase/Documents02/CRM_CCTS_a4dccf2e-bd5c-4bcc-8320-9add6037e783.pdf","2026-09-22","قابلة للتغير","STALE RISK","نظام تنفيذ جديد نُشر في 2026 وسيحل محل النظام السابق بعد 180 يومًا؛ يلزم تثبيت تاريخ النفاذ وخطة تحديث النتيجة.","HIGH","النتيجة تمس الاختصاص أو طريق الاعتراض/التنفيذ أو مدة/رسومًا مؤثرة.","نعم","هل الإجراء الصحيح طلب داخل ملف التنفيذ أم منازعة تنفيذ أم دعوى مستقلة، وما أثر نظام التنفيذ الجديد عند نفاذه؟","NEEDS REVIEW",""
"R-FAM-CUSTODY-EXEC","الأحوال الشخصية والتركات","Q001: وش صار معك؟ ← أحوال شخصية → Q060: وش المشكلة الأسرية اللي عندك؟ ← حضانة أو زيارة → Q403: وش موضوع الحضانة أو الزيارة؟ ← عندي حكم وأبي تنفيذه → Q074: عندك حكم حضانة أو زيارة؟ ← حكم حضانة","لديك حكم حضانة داخل طلب تنفيذ وتريد تنفيذ الحضانة.","من ناجز، ادخل على طلب التنفيذ الخاص بحكم الحضانة، ثم استخدم خدمة «طلب خدمة حضانة» عند انطباق شروطها.","وزارة العدل — محكمة الأحوال الشخصية/ناجز بحسب نوع الإجراء.","محكمة الأحوال الشخصية","طلب خدمة حضانة | ناجز | تنفيذ سند حضانة","لا توجد مستندات مطلوبة بحسب صفحة الخدمة الرسمية، لكن يجب أن تنطبق شروط الخدمة على طلب التنفيذ، ومنها نوع السند وحالة الطلب وبقية الشروط الإجرائية.","صفحة الخدمة الحالية لا تفرض مستندات إضافية.","لا مهلة سقوط موحدة للخدمة منشورة؛ مدة تنفيذ الخدمة التشغيلية ليست مهلة حق.","لا مبلغ موحد مثبت لهذه النتيجة.","غير منطبق ظاهرًا","يُقدَّم طلب تنفيذ حكم الحضانة من خلال ناجز ضمن طلب التنفيذ القائم، وفق مسار الخدمة وشروطها.","","","","وزارة العدل — طلب خدمة حضانة","https://www.moj.gov.sa/ar/eservices/pages/739b4d6e-c736-4d27-ba3e-a6d17dd561aa.aspx","2026-09-22","قابلة للتغير","STALE RISK","نظام تنفيذ جديد نُشر في 2026 وسيحل محل النظام السابق بعد 180 يومًا؛ يلزم تثبيت تاريخ النفاذ وخطة تحديث النتيجة.","HIGH","النتيجة تمس الاختصاص أو طريق الاعتراض/التنفيذ أو مدة/رسومًا مؤثرة.","نعم","هل استثناء الأحوال الشخصية من التكاليف يشمل هذا الطلب التنفيذي تحديدًا، وما الاستثناءات؟","NEEDS REVIEW",""
"R-FAM-CUSTODY-VISIT-MODIFY-JUDGMENT","الأحوال الشخصية والتركات","Q001: وش صار معك؟ ← عندي طلب تنفيذ أو إجراء تنفيذ → Q040: وش وضع التنفيذ؟ ← الطلب انتهى أو توقف وما أعرف السبب → Q202: الطلب منتهي أو متوقف مؤقت؟ ← الطلب منتهٍ أو ما أعرف سبب التوقف → QD04: وش اللي مو واضح لك في التنفيذ؟ ← ما أعرف إجراء تنفيذ الحضانة أو الزيارة → Q327: وش تحتاج في تنفيذ الحضانة أو الزيارة؟ ← عندي حكم والتنفيذ قائم لكن أبي أفهم مسار الحضانة/الزيارة → Q331: حكم الحضانة أو الزيارة موجود، وش مشكلتك الآن؟ ← التنفيذ متعثر أو أبي أغيّر أصل حكم الحضانة/الزيارة → Q404: المشكلة في تنفيذ حكم الحضانة/الزيارة أو تبي تغيير أصل الحكم؟ ← أبي أغيّر الحضانة أو مواعيد/طريقة الزيارة نفسها","عندك حكم قائم لكنك تريد تغيير الحضانة أو تنظيم الزيارة نفسه، لا مجرد تنفيذ الحكم الحالي.","ارفع الطلب القضائي المناسب عبر صحيفة الدعوى؛ لا تحاول تعديل مضمون الحكم من داخل طلب التنفيذ.","وزارة العدل — محكمة الأحوال الشخصية/ناجز بحسب نوع الإجراء.","محكمة الأحوال الشخصية","يوجد حكم سابق بالحضانة/الزيارة وطرأت ظروف تستدعي إعادة النظر في تنظيمه | دعوى موضوعية لإعادة النظر في حكم أحوال شخصية عند تغير الظروف، لا مجرد طلب تنفيذ","الحكم القائم + سبب التعديل + الوقائع والمستندات المؤيدة.","الحكم السابق، ما يثبت الظروف الجديدة، وبيانات المحضون والأطراف.","لا مدة رقمية عامة؛ العبرة بحدوث موجب إعادة النظر.","قضايا الأحوال الشخصية مستثناة من التكاليف القضائية عند الدعوى.","غير منطبق ظاهرًا","إذا صدر حكم جديد أو معدل، يُنفذ السند الجديد عبر مسار التنفيذ المناسب.","نظام الأحوال الشخصية - المادة 134","","اللائحة التنفيذية لنظام التنفيذ 76/3 تقرر أنه إذا طرأ ما يقتضي إعادة النظر في الحكم الصادر في مسائل الأحوال الشخصية فتنظر الدعوى من قبل قاضي الموضوع؛ والمادة 134 تحكم تقدير الزيارة وفق مصلحة المحضون.","وزارة العدل — شرح نظام الأحوال الشخصية - المادة 134","https://laws-gateway.moj.gov.sa/apis/legislations/v1/ExportDocument/pdf?Serial=4DC3ARZ00YqnoqpraZMxCQ","2026-09-22","قابلة للتغير","STALE RISK","نظام تنفيذ جديد نُشر في 2026 وسيحل محل النظام السابق بعد 180 يومًا؛ يلزم تثبيت تاريخ النفاذ وخطة تحديث النتيجة.","HIGH","النتيجة تمس الاختصاص أو طريق الاعتراض/التنفيذ أو مدة/رسومًا مؤثرة.","نعم","هل استثناء الأحوال الشخصية من التكاليف يشمل هذا الطلب التنفيذي تحديدًا، وما الاستثناءات؟","NEEDS REVIEW",""
"R-CRIM-INVESTIGATION-PROCEDURE","القضاء والتنفيذ وناجز","Q001: وش صار معك؟ ← بلاغ أو قضية جنائية → Q090: وش وضعك في البلاغ أو القضية؟ ← تم استدعائي أو أنا متهم/مطلوب → Q134: أنت بأي مرحلة كمتهم؟ ← تحقيق لدى النيابة → Q141: تبي تعرف الإجراء أو وش تقول؟ ← أبي أعرف الإجراء القادم وحقوقي الإجرائية","أنت في مرحلة التحقيق وتحتاج معرفة الإجراء وحقوقك الأساسية.","احتفظ بالاستدعاء ورقم القضية والتزم بالتبليغات. يحق للمتهم الاستعانة بوكيل أو محام للدفاع عنه في التحقيق والمحاكمة، ويمكن للمحامي التعامل مع إجراءات التحقيق ضمن ما يقرره النظام واللائحة.","الشرطة/النيابة العامة قبل الإحالة، والمحكمة الجزائية بعد الإحالة بحسب المرحلة.","","القضية في مرحلة التحقيق لدى النيابة العامة | إجراءات تحقيق جزائي: استجواب/مواجهة/توقيف أو إفراج ثم تصرف في التحقيق","الاستدعاء أو رقم القضية + الهوية + أي أمر أو تبليغ رسمي + بيانات المحامي إن وجد.","رقم القضية، الهوية، الأدلة والمذكرات، والوكالة عند التمثيل.","توجد مدد تفصيلية لبعض إجراءات التحقيق والتوقيف، ولا يجوز اختزالها في رقم واحد لكل التحقيق.","","غير منطبق ظاهرًا","تواصل جهة التحقيق إجراءاتها ثم تتصرف في الدعوى وفق النظام؛ المرحلة التالية تعتمد على القرار الذي يصدر بعد التحقيق.","نظام الإجراءات الجزائية ولائحته التنفيذية","","الباب الرابع ينظم الاستجواب والمواجهة، أمر التوقيف، الإفراج المؤقت، وإنهاء التحقيق والتصرف في الدعوى.","وزارة العدل — نظام الإجراءات الجزائية ولائحته التنفيذية","https://www.moj.gov.sa/Documents/Regulations/pdf/LawOfCriminalProcedureAndItsExecutiveRegulations.pdf","2026-09-20","ثابتة نظاميًا نسبيًا","PARTIALLY VERIFIED","يوجد تدقيق تفصيلي ورابط لنص نظامي رسمي، لكن هذا النص بعينه لم يُعد فتحه ومطابقة جميع ادعاءات النتيجة في هذه المرحلة.","HIGH","النتيجة تمس الاختصاص أو طريق الاعتراض/التنفيذ أو مدة/رسومًا مؤثرة.","نعم","هل الجهة والمحكمة ونوع الإجراء المحددة صحيحة لكل صور الحالة والاستثناءات المحتملة؟","NEEDS REVIEW",""
"R-CRIM-JUDGMENT-PROCEDURE","القضاء والتنفيذ وناجز","Q001: وش صار معك؟ ← بلاغ أو قضية جنائية → Q090: وش وضعك في البلاغ أو القضية؟ ← صدر حكم جزائي → Q139: وش وضع الحكم الجزائي أو الإجراء اللي تحتاجه؟ ← نعم، صدر حكم وأبي أعرف الإجراء بعده","صدر حكم جزائي وتحتاج تحديد الخطوة الإجرائية التالية.","راجع نسخة الحكم وبيانات القضية وتاريخ التبليغ وما يظهر رسميًا عن طريق الاعتراض. لا تعتمد على ملخص الحكم، وإذا كان الاعتراض متاحًا فالتزم بالمهلة النظامية التي تنطبق على حالتك.","الشرطة/النيابة العامة قبل الإحالة، والمحكمة الجزائية بعد الإحالة بحسب المرحلة.","","الاعتراض على الحكم عند انطباقه | إجراء بعد حكم جزائي","الحكم كاملًا + رقم القضية + تاريخ التبليغ + حالة الحكم + أي إشعار اعتراض.","صك الحكم وأسباب الاعتراض والمستندات المؤيدة بحسب القضية.","لا نثبت رقمًا موحدًا هنا دون مطابقة نوع الحكم؛ رحلة القضية تؤكد انتقال اعتراض أحكام الدرجة الأولى إلى الاستئناف.","تتحدد بحسب نوع القضية؛ قضايا الحق العام مستثناة من التكاليف القضائية وفق رحلة القضية.","المسار التالي يتحدد بحسب مرحلة الحكم: قد يكون اعتراضًا بطريق مقرر نظامًا أو انتقال الحكم لمرحلة أخرى وفق النظام.","المسار التالي يتحدد بحسب مرحلة الحكم: قد يكون اعتراضًا بطريق مقرر نظامًا أو انتقال الحكم لمرحلة أخرى وفق النظام.","","","","وزارة العدل — رحلة القضية في وزارة العدل","https://www.moj.gov.sa/ar/Ministry/Pages/CaseTripInMOJ.aspx","2026-09-20","ثابتة نظاميًا نسبيًا","PROCEDURAL GUIDANCE","النتيجة إرشاد تشغيلي مدقق مقابل صفحة جهة رسمية، وليست حكمًا قانونيًا موضوعيًا.","HIGH","النتيجة تمس الاختصاص أو طريق الاعتراض/التنفيذ أو مدة/رسومًا مؤثرة.","نعم","ما مقدار المدة وبدايتها ونهايتها والاستثناءات وأثر فواتها وفق النص المطبق على هذه الحالة؟","NEEDS REVIEW",""
"R-CRIM-OBJECTION-EXEC","القضاء والتنفيذ وناجز","Q001: وش صار معك؟ ← بلاغ أو قضية جنائية → Q090: وش وضعك في البلاغ أو القضية؟ ← صدر حكم جزائي → Q139: وش وضع الحكم الجزائي أو الإجراء اللي تحتاجه؟ ← صدر حكم وأبي الاستئناف/النقض/إعادة النظر → Q614: صدر حكم جزائي: وش نوع الإجراء اللي تحتاجه؟ ← أبي أعرف هل الاعتراض يوقف التنفيذ","تريد معرفة أثر إعادة النظر على تنفيذ الحكم الجزائي.","قبول طلب إعادة النظر لا يوقف التنفيذ في الأصل، مع الاستثناءات والأحكام الواردة في المادة 206؛ افحص نوع العقوبة وقرار المحكمة قبل افتراض وقف التنفيذ.","الشرطة/النيابة العامة قبل الإحالة، والمحكمة الجزائية بعد الإحالة بحسب المرحلة.","","الحكم الجزائي دخل مرحلة التنفيذ ويوجد اعتراض على إجراء التنفيذ لا على أصل الإدانة | طلب/منازعة مرتبطة بتنفيذ الحكم بحسب نوع الإشكال","الحكم، نوع العقوبة، قرار قبول إعادة النظر إن وجد، وحالة التنفيذ.","الحكم، ما يثبت نهائيته/تنفيذه، والمستند الذي يثبت الإشكال.","لا مدة موحدة لكل إشكالات التنفيذ.","","ينتقل الطلب إلى المحكمة أو دائرة التنفيذ المختصة لفحص شروطه واتخاذ الإجراء النظامي.","ينتقل الطلب إلى المحكمة أو دائرة التنفيذ المختصة لفحص شروطه واتخاذ الإجراء النظامي.","نظام الإجراءات الجزائية","","الباب التاسع من نظام الإجراءات الجزائية مخصص للأحكام الواجبة التنفيذ وإجراءاتها؛ طرق الاعتراض على الحكم نفسها منظمة في الباب السابع. | نظام الإجراءات الجزائية — المادة 206","وزارة العدل — نظام الإجراءات الجزائية ولائحته التنفيذية","https://www.moj.gov.sa/Documents/Regulations/pdf/LawOfCriminalProcedureAndItsExecutiveRegulations.pdf","2026-09-22","قابلة للتغير","STALE RISK","نظام تنفيذ جديد نُشر في 2026 وسيحل محل النظام السابق بعد 180 يومًا؛ يلزم تثبيت تاريخ النفاذ وخطة تحديث النتيجة.","HIGH","النتيجة تمس الاختصاص أو طريق الاعتراض/التنفيذ أو مدة/رسومًا مؤثرة.","نعم","هل الإجراء الصحيح طلب داخل ملف التنفيذ أم منازعة تنفيذ أم دعوى مستقلة، وما أثر نظام التنفيذ الجديد عند نفاذه؟","NEEDS REVIEW",""
"R-DOC-PAYMENT-EXEC-GATE","القضاء والتنفيذ وناجز","Q001: وش صار معك؟ ← أحتاج توثيق أو خدمة بدون نزاع → Q100: وش الخدمة اللي تبيها؟ ← إقرار مالي → Q153: وش نوع الإقرار المالي؟ ← إقرار بسداد دين → Q154: السداد داخل تنفيذ قائم؟ ← نعم، عندي طلب تنفيذ قائم","السداد مرتبط بطلب تنفيذ قائم.","لا تستخدم إقرار السداد العام؛ انتقل لمسار «إثبات السداد» داخل التنفيذ وتحقق من شروط الخدمة.","المحكمة أو الجهة القضائية المختصة بحسب نوع الدعوى والمرحلة المبينة في النتيجة.","","تحديد: إقرار أم تنفيذ | بوابة قرار بين التوثيق والتنفيذ","داخل خدمة إثبات السداد تختار طلب التنفيذ وتدخل قيمة الوفاء وتُرفق ما يثبت السداد. رقم الطلب معلومة للوصول للطلب، وإثبات السداد مرفق تطلبه خطوات الخدمة.","المستندات الإجبارية تختلف بحسب نوع السند التنفيذي.","لا توجد مهلة موحدة لكل السندات في صفحة الخدمة؛ تتحدد بالنظام ونوع السند.","تتحدد بحسب الإجراء النهائي؛ لا مبلغ موحد.","غير منطبق ظاهرًا","يُشعر طالب التنفيذ ويستطيع قبول أو رفض إثبات السداد وفق الخدمة.","","","","وزارة العدل — تقديم طلب تنفيذ","https://www.moj.gov.sa/ar/eservices/pages/1c719954-3463-4754-85e1-1b319b937b86.aspx","2026-09-20","قابلة للتغير","STALE RISK","نظام تنفيذ جديد نُشر في 2026 وسيحل محل النظام السابق بعد 180 يومًا؛ يلزم تثبيت تاريخ النفاذ وخطة تحديث النتيجة.","HIGH","النتيجة تمس الاختصاص أو طريق الاعتراض/التنفيذ أو مدة/رسومًا مؤثرة.","نعم","هل الإجراء الصحيح طلب داخل ملف التنفيذ أم منازعة تنفيذ أم دعوى مستقلة، وما أثر نظام التنفيذ الجديد عند نفاذه؟","NEEDS REVIEW",""
"R-EXEC-ACTION-TEXT-REVIEW","القضاء والتنفيذ وناجز","Q001: وش صار معك؟ ← عندي طلب تنفيذ أو إجراء تنفيذ → Q040: وش وضع التنفيذ؟ ← عندي طلب تنفيذ قائم → Q041: أنت بأي صفة في التنفيذ؟ ← أنا طالب التنفيذ → Q238: وش تحتاج بصفتك طالب التنفيذ؟ ← ظاهر لي إجراء 34 أو 46 → Q203: عندك نص الإجراء أو بس الرقم؟ ← عندي اسم الإجراء وحالته وتاريخه","عندك تفاصيل الإجراء داخل التنفيذ، مو بس الرقم.","اعتمد اسم الإجراء وحالته وتاريخه، مو الرقم وحده.","وزارة العدل — قضاء التنفيذ/ناجز.","","قراءة قرار وإجراء التنفيذ | طلب/إجراء تنفيذي","للتعرّف على الإجراء راجع اسمه الكامل وحالته وتاريخه وصفتك في طلب التنفيذ. هذه معلومات متابعة وليست مستندات تقديم.","بيانات القرار داخل ملف التنفيذ؛ لا مستند جديد لمجرد المراجعة.","لا توجد مهلة موحدة لمجرد قراءة القرار؛ أي مهلة تتبع القرار نفسه.","لا مبلغ موحد مثبت لهذه النتيجة.","نحدد بعدها المسار الإجرائي الصحيح.","نحدد بعدها المسار الإجرائي الصحيح.","نظام التنفيذ","","","هيئة الخبراء بمجلس الوزراء — نظام التنفيذ","https://laws.boe.gov.sa/BoeLaws/Laws/LawDetails/c81ba2f1-1bf1-443b-9b1c-a9a700f27110/1","2026-09-20","قابلة للتغير","STALE RISK","نظام تنفيذ جديد نُشر في 2026 وسيحل محل النظام السابق بعد 180 يومًا؛ يلزم تثبيت تاريخ النفاذ وخطة تحديث النتيجة.","HIGH","النتيجة تمس الاختصاص أو طريق الاعتراض/التنفيذ أو مدة/رسومًا مؤثرة.","نعم","هل الإجراء الصحيح طلب داخل ملف التنفيذ أم منازعة تنفيذ أم دعوى مستقلة، وما أثر نظام التنفيذ الجديد عند نفاذه؟","NEEDS REVIEW",""
"R-EXEC-AD-INVOICE","القضاء والتنفيذ وناجز","Q001: وش صار معك؟ ← عندي طلب تنفيذ أو إجراء تنفيذ → Q040: وش وضع التنفيذ؟ ← عندي طلب تنفيذ قائم → Q041: أنت بأي صفة في التنفيذ؟ ← أنا طالب التنفيذ → Q238: وش تحتاج بصفتك طالب التنفيذ؟ ← عندي إجراء آخر (34/46/إعلان/تقرير مالي...) → Q326: وش الإجراء اللي تحتاجه كطالب تنفيذ؟ ← تعذر التبليغ وأحتاج فاتورة إعلان","تعذر التبليغ بقرار 34 وتبحث عن إجراء إعلان الصحف.","من طلب التنفيذ استخدم «طلب إصدار فاتورة إعلان» إذا كان الإجراء متاحًا لحالتك؛ تصلك الفاتورة وفق مسار الخدمة الرسمي.","وزارة العدل — قضاء التنفيذ/ناجز.","","طلب إصدار فاتورة إعلان | ناجز | طلب إجراء داخل تنفيذ قائم عند تعذر التبليغ بقرار34 ومسار إعلان الصحف المؤهل.","طلب التنفيذ قيد التنفيذ، وقرار 34 معتمد، وحالة إجراء إعلان الصحف «تم انتهاء صلاحية فاتورة إعلان الصحف»، وعدم وجود طلب قائم من نفس نوع الإجراء، مع متطلبات الصفة/الوكالة أو الولاية عند انطباقها.","لا توجد مستندات مطلوبة.","","رسوم الخدمة الإلكترونية: لا يوجد. قيمة فاتورة الإعلان نفسها تصل للمستفيد ولا يوجد مبلغ ثابت نعممه هنا.","غير منطبق ظاهرًا","بعد إصدار الفاتورة وسدادها تابع الطلب لمعرفة تحديث التبليغ والإجراء التالي.","","","","وزارة العدل — طلب إصدار فاتورة إعلان","https://www.moj.gov.sa/ar/eServices/Pages/f05580e3-fadc-4227-bb2c-8500fabcf73f.aspx","2026-09-21","قابلة للتغير","STALE RISK","نظام تنفيذ جديد نُشر في 2026 وسيحل محل النظام السابق بعد 180 يومًا؛ يلزم تثبيت تاريخ النفاذ وخطة تحديث النتيجة.","HIGH","النتيجة تمس الاختصاص أو طريق الاعتراض/التنفيذ أو مدة/رسومًا مؤثرة.","نعم","هل الإجراء الصحيح طلب داخل ملف التنفيذ أم منازعة تنفيذ أم دعوى مستقلة، وما أثر نظام التنفيذ الجديد عند نفاذه؟","NEEDS REVIEW",""
"R-EXEC-AD-INVOICE-CURRENT","القضاء والتنفيذ وناجز","Q001: وش صار معك؟ ← عندي طلب تنفيذ أو إجراء تنفيذ → Q040: وش وضع التنفيذ؟ ← عندي طلب تنفيذ قائم → Q041: أنت بأي صفة في التنفيذ؟ ← تعذر تبليغ قرار 34 وأبي فاتورة إعلان","تعذر التبليغ بقرار 34 وتحتاج إعلان الصحف.","سدّد فاتورة الإعلان ثم تابع حالة التبليغ والتنفيذ.","وزارة العدل — قضاء التنفيذ/ناجز.","","طلب إصدار فاتورة إعلان | ناجز | طلب إجراء داخل ملف تنفيذ قائم بعد تعذر التبليغ بقرار 34.","قيد التنفيذ + قرار 34 معتمد + حالة إعلان الصحف المؤهلة + لا طلب مماثل.","","","قيمة الإعلان نفسها تظهر في فاتورة الإعلان؛ لا أضع مبلغًا ثابتًا لأن الصفحة الرسمية لا تنشر قيمة موحدة هنا.","بعد استكمال الإعلان/التبليغ تابع مرحلة التنفيذ ومددها والقرار اللاحق بحسب حالة الطلب.","تصدر فاتورة الإعلان وتتابع إجراءات الإعلان والتبليغ.","","","","وزارة العدل — طلب إصدار فاتورة إعلان","https://www.moj.gov.sa/ar/eServices/Pages/f05580e3-fadc-4227-bb2c-8500fabcf73f.aspx","2026-09-22","قابلة للتغير","STALE RISK","نظام تنفيذ جديد نُشر في 2026 وسيحل محل النظام السابق بعد 180 يومًا؛ يلزم تثبيت تاريخ النفاذ وخطة تحديث النتيجة.","HIGH","النتيجة تمس الاختصاص أو طريق الاعتراض/التنفيذ أو مدة/رسومًا مؤثرة.","نعم","هل الإجراء الصحيح طلب داخل ملف التنفيذ أم منازعة تنفيذ أم دعوى مستقلة، وما أثر نظام التنفيذ الجديد عند نفاذه؟","NEEDS REVIEW",""
"R-EXEC-AFTER34","القضاء والتنفيذ وناجز","Q001: وش صار معك؟ ← عندي طلب تنفيذ أو إجراء تنفيذ → Q040: وش وضع التنفيذ؟ ← الطلب انتهى أو توقف وما أعرف السبب → Q202: الطلب منتهي أو متوقف مؤقت؟ ← الطلب منتهٍ أو ما أعرف سبب التوقف → QD04: وش اللي مو واضح لك في التنفيذ؟ ← ما أعرف الإجراء الظاهر علي → Q332: وش الحالة اللي ظاهرة لك بعد بدء التنفيذ؟ ← صدر قرار 34","صدر قرار 34 على طلب التنفيذ وتريد معرفة المرحلة التالية.","افتح طلب التنفيذ ثم قسم «القرارات» وتحقق من حالة قرار 34 والتبليغ. إذا أصبحت الحالة «انتهت مدة التنفيذ بعد التبليغ» فقد يظهر لطالب التنفيذ مسار طلب إصدار قرار 46 عند تحقق بقية شروط الخدمة.","وزارة العدل — قضاء التنفيذ/ناجز.","","متابعة ما بعد أمر التنفيذ بالمادة 34 | ناجز | بوابة قرار/إجراء تنفيذي","حالة قرار 34 الفعلية داخل ناجز؛ لا تعتمد على وصول رسالة فقط.","أمر التنفيذ وبيانات التبليغ/النشر في الطلب.","20 يومًا هي مدة تعذر الإبلاغ التي بعدها يأمر القاضي بالنشر؛ ثم خمسة أيام للمادة 46 من الإبلاغ/النشر.","لا مبلغ موحد.","غير منطبق ظاهرًا","إذا استوفت الحالة الشروط، تابع الإجراء المتاح على الطلب؛ وإن تعذر التبليغ فقد يكون مسار فاتورة الإعلان ذا صلة بحسب حالة الطلب.","نظام التنفيذ","","","هيئة الخبراء بمجلس الوزراء — نظام التنفيذ","https://laws.boe.gov.sa/BoeLaws/Laws/LawDetails/c81ba2f1-1bf1-443b-9b1c-a9a700f27110/1","2026-09-21","قابلة للتغير","STALE RISK","نظام تنفيذ جديد نُشر في 2026 وسيحل محل النظام السابق بعد 180 يومًا؛ يلزم تثبيت تاريخ النفاذ وخطة تحديث النتيجة.","HIGH","النتيجة تمس الاختصاص أو طريق الاعتراض/التنفيذ أو مدة/رسومًا مؤثرة.","نعم","هل الإجراء الصحيح طلب داخل ملف التنفيذ أم منازعة تنفيذ أم دعوى مستقلة، وما أثر نظام التنفيذ الجديد عند نفاذه؟","NEEDS REVIEW",""
"R-EXEC-AMEND-AMOUNT","القضاء والتنفيذ وناجز","Q001: وش صار معك؟ ← عندي طلب تنفيذ أو إجراء تنفيذ → Q040: وش وضع التنفيذ؟ ← عندي طلب تنفيذ قائم → Q041: أنت بأي صفة في التنفيذ؟ ← أنا طالب التنفيذ → Q238: وش تحتاج بصفتك طالب التنفيذ؟ ← عندي إجراء آخر (34/46/إعلان/تقرير مالي...) → Q326: وش الإجراء اللي تحتاجه كطالب تنفيذ؟ ← تعديل مبلغ / إضافة وارث / ممثل نظامي / إجراء آخر → Q330: وش الإجراء الإضافي اللي تحتاجه في طلب التنفيذ؟ ← أحتاج تعديل مبلغ المطالبة","لديك طلب تنفيذ قائم وتحتاج تعديل مبلغ المطالبة.","افتح طلب التنفيذ في ناجز واستخدم خدمة «تعديل مبلغ المطالبة» إذا كانت ظاهرة لحالتك.","وزارة العدل — قضاء التنفيذ/ناجز.","","تعديل مبلغ المطالبة | ناجز | طلب إجراء يقدمه طالب التنفيذ على طلب مالي قائم.","تحقق من رقم طلب التنفيذ والمبلغ الصحيح وسبب التعديل، واتبع متطلبات الخدمة الظاهرة في ناجز.","صفحة الخدمة تقول لا توجد مستندات مطلوبة، بينما خطوات التقديم تتضمن «إرفاق مرفق»؛ لذلك لا يُسمى مستند محدد من عندنا.","","رسوم الخدمة: لا يوجد.","يُرفع طلب تعديل المبلغ داخل مسار التنفيذ ويخضع للتحقق والمعالجة بحسب حالة الطلب.","يُرفع طلب تعديل المبلغ داخل مسار التنفيذ ويخضع للتحقق والمعالجة بحسب حالة الطلب.","","","","وزارة العدل — تعديل مبلغ المطالبة","https://www.moj.gov.sa/ar/eServices/Pages/7b84d5eb-82aa-4b63-b06e-be92c72158ef.aspx","2026-09-22","قابلة للتغير","STALE RISK","نظام تنفيذ جديد نُشر في 2026 وسيحل محل النظام السابق بعد 180 يومًا؛ يلزم تثبيت تاريخ النفاذ وخطة تحديث النتيجة.","HIGH","النتيجة تمس الاختصاص أو طريق الاعتراض/التنفيذ أو مدة/رسومًا مؤثرة.","نعم","هل الإجراء الصحيح طلب داخل ملف التنفيذ أم منازعة تنفيذ أم دعوى مستقلة، وما أثر نظام التنفيذ الجديد عند نفاذه؟","NEEDS REVIEW",""
"R-EXEC-AMOUNT-CHANGE","القضاء والتنفيذ وناجز","Q001: وش صار معك؟ ← عندي طلب تنفيذ أو إجراء تنفيذ → Q040: وش وضع التنفيذ؟ ← عندي طلب تنفيذ قائم → Q041: أنت بأي صفة في التنفيذ؟ ← أبي أعدل مبلغ المطالبة في طلب التنفيذ","عندك طلب تنفيذ مالي وتريد تعديل مبلغ المطالبة.","اختر طلب التنفيذ، أدخل المبلغ المطلوب، ثم تابع طلب الإجراء.","وزارة العدل — قضاء التنفيذ/ناجز.","","تعديل مبلغ المطالبة | ناجز | طلب إجراء داخل ملف تنفيذ مالي قائم.","المسار المالي + حالة طلب مؤهلة + عدم وجود الإجراءات المانعة المنشورة.","صفحة الخدمة تقول «لا يوجد مستندات مطلوبة»، مع أن خطوات التقديم تتضمن «إرفاق مرفق»؛ لذلك لا يُفترض مستند محدد من عندنا.","","رسوم الخدمة: لا يوجد.","إذا كان سبب النقص هو سداد خارج المحكمة -> إثبات السداد. إذا كان هناك مبلغ محجوز تريد تحويله -> طلب تحويل مبلغ محجوز. إذا أردت وقف التنفيذ مؤقتًا باتفاق/إمهال -> مسار الإمهال.","يعالج التعديل داخل طلب التنفيذ القائم.","","","","وزارة العدل — تعديل مبلغ المطالبة","https://www.moj.gov.sa/ar/eServices/Pages/7b84d5eb-82aa-4b63-b06e-be92c72158ef.aspx","2026-09-22","قابلة للتغير","STALE RISK","نظام تنفيذ جديد نُشر في 2026 وسيحل محل النظام السابق بعد 180 يومًا؛ يلزم تثبيت تاريخ النفاذ وخطة تحديث النتيجة.","HIGH","النتيجة تمس الاختصاص أو طريق الاعتراض/التنفيذ أو مدة/رسومًا مؤثرة.","نعم","هل الإجراء الصحيح طلب داخل ملف التنفيذ أم منازعة تنفيذ أم دعوى مستقلة، وما أثر نظام التنفيذ الجديد عند نفاذه؟","NEEDS REVIEW",""
"R-EXEC-ARTICLE34","القضاء والتنفيذ وناجز","Q001: وش صار معك؟ ← عندي طلب تنفيذ أو إجراء تنفيذ → Q040: وش وضع التنفيذ؟ ← أبي أعرف إجراءات أمر التنفيذ والمادة 46 → Q615: وش تحتاج تعرف عن بدء التنفيذ والإجراءات بعد التبليغ؟ ← كيف يبدأ طلب التنفيذ وما الذي يفحصه قاضي التنفيذ؟","عندك طلب تنفيذ وتحتاج إصدار قرار 34.","تابع التبليغ؛ لا تنتقل لقرار 46 قبل تحقق شروطه.","وزارة العدل — قضاء التنفيذ، مع استثناء الأحكام والقرارات الإدارية والجنائية من الاختصاص العام الوارد بالمادة الثانية من نظام التنفيذ.","","طلب إصدار قرار 34 | ناجز | طلب إجراء داخل ملف تنفيذ قائم.","قيد التنفيذ + مضي يومي عمل من الإحالة + لا يوجد 34 معتمد/مرفوع + لا طلب مماثل.","","","وفق المادة الخامسة من اللائحة التنفيذية لنظام التكاليف القضائية: طلب التنفيذ المباشر 500 ريال، وباقي طلبات التنفيذ 2% من قيمة المطالبة بحد أدنى 500 ريال وأقصى 10,000 ريال، حيث ينطبق نظام التكاليف. يتحمل المنفذ ضده تكاليف طلب التنفيذ ما لم يثبت عدم استحقاق طالب التنفيذ وفق التفصيل النظامي.","غير منطبق ظاهرًا","يبدأ مسار أمر التنفيذ والتبليغ ثم تراقب التنفيذ والإفصاح.","نظام التنفيذ","","نظام التنفيذ — المادة 34","وزارة العدل — الدليل الإرشادي لطلب إصدار قرار 34","https://www.moj.gov.sa/sites/knowledgebase/Documents02/CRM_CCTS_4fa4ff3f-8f52-43c9-b80c-d214d8b5f79d.pdf","2026-09-22","قابلة للتغير","STALE RISK","نظام تنفيذ جديد نُشر في 2026 وسيحل محل النظام السابق بعد 180 يومًا؛ يلزم تثبيت تاريخ النفاذ وخطة تحديث النتيجة.","HIGH","النتيجة تمس الاختصاص أو طريق الاعتراض/التنفيذ أو مدة/رسومًا مؤثرة.","نعم","هل الإجراء الصحيح طلب داخل ملف التنفيذ أم منازعة تنفيذ أم دعوى مستقلة، وما أثر نظام التنفيذ الجديد عند نفاذه؟","NEEDS REVIEW",""
"R-EXEC-ARTICLE46","القضاء والتنفيذ وناجز","Q001: وش صار معك؟ ← عندي طلب تنفيذ أو إجراء تنفيذ → Q040: وش وضع التنفيذ؟ ← أبي أعرف إجراءات أمر التنفيذ والمادة 46 → Q615: وش تحتاج تعرف عن بدء التنفيذ والإجراءات بعد التبليغ؟ ← وصل أمر التنفيذ وما صار سداد أو إفصاح","صدر أمر التنفيذ، ولم ينفذ المدين أو يفصح عن أموال تكفي للوفاء بعد التبليغ.","تحقق من تاريخ التبليغ أو النشر وحالة السداد والإفصاح داخل الطلب. إذا مضت المدة النظامية وتحققت الشروط، تابع قرار 46 والإجراءات الصادرة فعليًا؛ وإن كنت طالب التنفيذ وكانت خدمة «طلب إصدار قرار 46» متاحة فقدمها من الطلب.","وزارة العدل — قضاء التنفيذ/ناجز.","","إجراءات المادة 46 | طلب/إجراء تنفيذي","رقم طلب التنفيذ، أمر التنفيذ، تاريخ التبليغ أو النشر، حالة السداد والإفصاح، والقرارات الظاهرة في الطلب.","بيانات طلب التنفيذ وقرار 46 الظاهر في مراحل الطلب.","بعد خمسة أيام من الإبلاغ بأمر التنفيذ أو النشر عند تعذر الإبلاغ.","لا مبلغ موحد مثبت لهذه النتيجة.","المادة 46 تعد المدين مماطلًا إذا لم ينفذ أو يفصح عن أموال تكفي للوفاء خلال خمسة أيام من التبليغ بأمر التنفيذ أو من النشر عند تعذر التبليغ، وتقرر إجراءات منها منع السفر وقيود التوكيل في الأموال والإفصاح عن الأموال وحجزها والتنفيذ عليها والإفصاح عن الرخص والسجلات وإشعار جهة المعلومات الائتمانية، مع إجراءات إضافية جوازية بحسب الحال.","المادة 46 تعد المدين مماطلًا إذا لم ينفذ أو يفصح عن أموال تكفي للوفاء خلال خمسة أيام من التبليغ بأمر التنفيذ أو من النشر عند تعذر التبليغ، وتقرر إجراءات منها منع السفر وقيود التوكيل في الأموال والإفصاح عن الأموال وحجزها والتنفيذ عليها والإفصاح عن الرخص والسجلات وإشعار جهة المعلومات الائتمانية، مع إجراءات إضافية جوازية بحسب الحال.","نظام التنفيذ","","نظام التنفيذ — المادة 46","هيئة الخبراء بمجلس الوزراء — نظام التنفيذ","https://laws.boe.gov.sa/BoeLaws/Laws/LawDetails/c81ba2f1-1bf1-443b-9b1c-a9a700f27110/1","2026-09-22","قابلة للتغير","STALE RISK","نظام تنفيذ جديد نُشر في 2026 وسيحل محل النظام السابق بعد 180 يومًا؛ يلزم تثبيت تاريخ النفاذ وخطة تحديث النتيجة.","HIGH","النتيجة تمس الاختصاص أو طريق الاعتراض/التنفيذ أو مدة/رسومًا مؤثرة.","نعم","هل الإجراء الصحيح طلب داخل ملف التنفيذ أم منازعة تنفيذ أم دعوى مستقلة، وما أثر نظام التنفيذ الجديد عند نفاذه؟","NEEDS REVIEW",""
"R-EXEC-DEBTOR-DEATH","القضاء والتنفيذ وناجز","Q001: وش صار معك؟ ← عندي طلب تنفيذ أو إجراء تنفيذ → Q040: وش وضع التنفيذ؟ ← عندي طلب تنفيذ قائم → Q041: أنت بأي صفة في التنفيذ؟ ← المنفذ ضده متوفى","المنفذ ضده توفى، والحق أو طلب التنفيذ ما زال قائمًا.","حدد هل عندك طلب تنفيذ قائم، ثم تحقق من بيانات التركة والورثة المطلوبة في حالتك.","وزارة العدل — قضاء التنفيذ/ناجز.","","تقديم طلب تنفيذ | ناجز | طلب تنفيذ جديد لسند تنفيذي.","السند التنفيذي + بيانات المتوفى + حالة الطلب القائم، وما تطلبه الدائرة لإثبات الصفة/التركة.","نسخة السند التنفيذي، وترجمة إذا لم يكن بالعربية، والمستندات الداعمة/الإجبارية بحسب نوع السند.","لم يثبت من المصادر الرسمية التي راجعتها لهذه الحالة أجل إجرائي خاص لمجرد وفاة المنفذ ضده؛ لا تُنشأ مدة من غير نص.","لم يثبت لهذه الحالة رسم قضائي مستقل لمجرد وفاة المنفذ ضده؛ أي تكلفة تتحدد بحسب الإجراء الفعلي.","إذا كان المتوفى طالب التنفيذ -> مسار إضافة وارث. إذا كان المتوفى المنفذ ضده -> هذا المسار ثم التحقق من حالة الطلب/التركة. إذا كانت المشكلة أصل استحقاق الدين على التركة وليست تنفيذ سند قائم -> يلزم تصنيف قضائي مختلف.","تحدد الدائرة مسار التنفيذ وفق السند والطلب والتركة والصفة.","","","","وزارة العدل — تقديم طلب تنفيذ","https://www.moj.gov.sa/ar/eservices/pages/1c719954-3463-4754-85e1-1b319b937b86.aspx","2026-09-22","قابلة للتغير","STALE RISK","نظام تنفيذ جديد نُشر في 2026 وسيحل محل النظام السابق بعد 180 يومًا؛ يلزم تثبيت تاريخ النفاذ وخطة تحديث النتيجة.","HIGH","النتيجة تمس الاختصاص أو طريق الاعتراض/التنفيذ أو مدة/رسومًا مؤثرة.","نعم","هل الإجراء الصحيح طلب داخل ملف التنفيذ أم منازعة تنفيذ أم دعوى مستقلة، وما أثر نظام التنفيذ الجديد عند نفاذه؟","NEEDS REVIEW",""
"R-EXEC-DECISION-NOTICE","القضاء والتنفيذ وناجز","Q001: وش صار معك؟ ← عندي طلب تنفيذ أو إجراء تنفيذ → Q040: وش وضع التنفيذ؟ ← عندي طلب تنفيذ قائم → Q041: أنت بأي صفة في التنفيذ؟ ← أنا طالب التنفيذ → Q238: وش تحتاج بصفتك طالب التنفيذ؟ ← التنفيذ أحوال شخصية أو مباشر غير مالي → Q042: وش نوع التنفيذ؟ ← تنفيذ مالي → Q043: وش مشكلتك في التنفيذ؟ ← أحتاج فاتورة سداد أو إجراء متعلق بالسداد → Q324: وش تحتاج بخصوص السداد أو المبلغ المحجوز؟ ← وصلني تبليغ بصدور قرار التنفيذ","وصلك تبليغ بصدور قرار التنفيذ وتريد معرفة الخطوة العملية التالية.","افتح طلب التنفيذ في ناجز وتحقق من مبلغ المطالبة والسند وحالة الطلب، ثم إن كان الدين صحيحًا فانتقل للسداد أو الإجراء المتاح، وإن كان لديك سبب نظامي يتعلق بالتنفيذ فتعامل معه عبر الطلب المناسب داخل ناجز.","وزارة العدل — قضاء التنفيذ/ناجز.","","التحقق من طلب التنفيذ | ناجز | بوابة قرار/إجراء تنفيذي","رقم طلب التنفيذ، نص التبليغ، مبلغ المطالبة، والسند التنفيذي الظاهر في الطلب.","لا مستندات لمجرد الاطلاع.","لا توجد مهلة موحدة لمجرد الاطلاع؛ المهلة تتبع القرار نفسه.","لا مبلغ موحد.","غير منطبق ظاهرًا","إذا تم الوفاء أو قُبل الإجراء المناسب تتحدث حالة الطلب؛ وإذا لم يتم التنفيذ تستمر إجراءات التنفيذ وفق النظام وحالة الطلب.","","","","وزارة العدل — التحقق من طلب التنفيذ","https://www.moj.gov.sa/ar/eServices/Pages/8cc249d5-9f9c-464f-a772-25192e8fdf3b.aspx","2026-09-21","قابلة للتغير","STALE RISK","نظام تنفيذ جديد نُشر في 2026 وسيحل محل النظام السابق بعد 180 يومًا؛ يلزم تثبيت تاريخ النفاذ وخطة تحديث النتيجة.","HIGH","النتيجة تمس الاختصاص أو طريق الاعتراض/التنفيذ أو مدة/رسومًا مؤثرة.","نعم","هل الإجراء الصحيح طلب داخل ملف التنفيذ أم منازعة تنفيذ أم دعوى مستقلة، وما أثر نظام التنفيذ الجديد عند نفاذه؟","NEEDS REVIEW",""
"R-EXEC-DIRECT-ACT","القضاء والتنفيذ وناجز","Q001: وش صار معك؟ ← عندي طلب تنفيذ أو إجراء تنفيذ → Q040: وش وضع التنفيذ؟ ← أبغى أقدم تنفيذ لأول مرة → Q204: وش معك للتنفيذ؟ ← إخلاء أو تسليم أو تنفيذ مباشر آخر → Q325: وش نوع التنفيذ المباشر المطلوب؟ ← تنفيذ فعل أو الامتناع عن فعل","لديك سند تنفيذي يلزم الطرف الآخر بعمل معين أو بالامتناع عن عمل.","قدّم طلب التنفيذ من ناجز وحدد مضمون الفعل أو الامتناع كما هو ثابت في السند، أو افتح الطلب القائم وتابع الإجراء الظاهر.","وزارة العدل — قضاء التنفيذ/ناجز.","","تقديم طلب تنفيذ | ناجز | تنفيذ مباشر — فعل أو امتناع عن فعل.","السند التنفيذي، بيانات الأطراف، ووصف دقيق للالتزام المطلوب تنفيذه وفق السند.","","","","غير منطبق ظاهرًا","يتحدد الإجراء التالي بحسب مضمون السند وقرار دائرة التنفيذ وحالة الطلب.","","","","وزارة العدل — تقديم طلب تنفيذ","https://www.moj.gov.sa/ar/eservices/pages/1c719954-3463-4754-85e1-1b319b937b86.aspx","2026-09-21","قابلة للتغير","STALE RISK","نظام تنفيذ جديد نُشر في 2026 وسيحل محل النظام السابق بعد 180 يومًا؛ يلزم تثبيت تاريخ النفاذ وخطة تحديث النتيجة.","HIGH","النتيجة تمس الاختصاص أو طريق الاعتراض/التنفيذ أو مدة/رسومًا مؤثرة.","نعم","هل الإجراء الصحيح طلب داخل ملف التنفيذ أم منازعة تنفيذ أم دعوى مستقلة، وما أثر نظام التنفيذ الجديد عند نفاذه؟","NEEDS REVIEW",""
"R-EXEC-DIRECT-DELIVERY","القضاء والتنفيذ وناجز","Q001: وش صار معك؟ ← عندي طلب تنفيذ أو إجراء تنفيذ → Q040: وش وضع التنفيذ؟ ← أبغى أقدم تنفيذ لأول مرة → Q204: وش معك للتنفيذ؟ ← إخلاء أو تسليم أو تنفيذ مباشر آخر → Q325: وش نوع التنفيذ المباشر المطلوب؟ ← تسليم عقار أو منقول / شيء محدد","لديك سند تنفيذي يتضمن تسليم عقار أو منقول أو شيء محدد.","من ناجز استخدم «تقديم طلب تنفيذ» واختر نوع الطلب المناسب للسند، ثم أدخل مضمون التسليم والبيانات المطلوبة وارفق السند. للطلب القائم تابع إجراءاته داخل ناجز.","وزارة العدل — قضاء التنفيذ/ناجز.","","تقديم طلب تنفيذ | ناجز | تنفيذ مباشر — تسليم محل محدد بالسند.","السند التنفيذي، بيانات الأطراف، وتحديد محل التسليم والبيانات والمرفقات المطلوبة في نموذج الخدمة.","","","","غير منطبق ظاهرًا","تتابع الدائرة التنفيذية تنفيذ التسليم وفق مضمون السند وحالة الطلب.","","","","وزارة العدل — تقديم طلب تنفيذ","https://www.moj.gov.sa/ar/eservices/pages/1c719954-3463-4754-85e1-1b319b937b86.aspx","2026-09-21","قابلة للتغير","STALE RISK","نظام تنفيذ جديد نُشر في 2026 وسيحل محل النظام السابق بعد 180 يومًا؛ يلزم تثبيت تاريخ النفاذ وخطة تحديث النتيجة.","HIGH","النتيجة تمس الاختصاص أو طريق الاعتراض/التنفيذ أو مدة/رسومًا مؤثرة.","نعم","هل الإجراء الصحيح طلب داخل ملف التنفيذ أم منازعة تنفيذ أم دعوى مستقلة، وما أثر نظام التنفيذ الجديد عند نفاذه؟","NEEDS REVIEW",""
"R-EXEC-DIRECT-LAW","القضاء والتنفيذ وناجز","Q001: وش صار معك؟ ← عندي طلب تنفيذ أو إجراء تنفيذ → Q040: وش وضع التنفيذ؟ ← أبغى أقدم تنفيذ لأول مرة → Q204: وش معك للتنفيذ؟ ← إخلاء أو تسليم أو تنفيذ مباشر آخر → Q325: وش نوع التنفيذ المباشر المطلوب؟ ← إخلاء عقار","لديك سند تنفيذي يتضمن إخلاء عقار ووصل التنفيذ إلى مرحلة الإخلاء.","تابع أمر التنفيذ والتبليغ ومحاضر الدائرة داخل طلب التنفيذ؛ نظام التنفيذ ينظم خروج مأمور التنفيذ وتسليم العقار عند تحقق المرحلة النظامية.","وزارة العدل — قضاء التنفيذ/ناجز.","","تقديم طلب تنفيذ / متابعة طلب التنفيذ القائم | ناجز | تنفيذ مباشر — إخلاء عقار بموجب سند تنفيذي.","سند تنفيذي صالح بالإخلاء وطلب تنفيذ قائم ووصوله للمرحلة المحددة نظامًا.","","","","غير منطبق ظاهرًا","تنفذ الدائرة مضمون السند وفق النظام، وتظهر المحاضر والإجراءات في ملف التنفيذ.","نظام التنفيذ ولائحته","","","وزارة العدل — نظام التنفيذ ولائحته","https://www.moj.gov.sa/Documents/Regulations/pdf/11.pdf","2026-09-21","قابلة للتغير","STALE RISK","نظام تنفيذ جديد نُشر في 2026 وسيحل محل النظام السابق بعد 180 يومًا؛ يلزم تثبيت تاريخ النفاذ وخطة تحديث النتيجة.","HIGH","النتيجة تمس الاختصاص أو طريق الاعتراض/التنفيذ أو مدة/رسومًا مؤثرة.","نعم","هل الإجراء الصحيح طلب داخل ملف التنفيذ أم منازعة تنفيذ أم دعوى مستقلة، وما أثر نظام التنفيذ الجديد عند نفاذه؟","NEEDS REVIEW",""
"R-EXEC-DISPUTE","القضاء والتنفيذ وناجز","Q001: وش صار معك؟ ← عندي طلب تنفيذ أو إجراء تنفيذ → Q040: وش وضع التنفيذ؟ ← عندي طلب تنفيذ قائم → Q041: أنت بأي صفة في التنفيذ؟ ← أنا طالب التنفيذ → Q238: وش تحتاج بصفتك طالب التنفيذ؟ ← استلمت جزءًا / عندي مبلغ محجوز / أبي أفهم الحركة المالية → Q334: وش نوع اعتراضك على التنفيذ؟ ← أعترض على صحة التنفيذ أو إجراء من إجراءاته","لديك نزاع متعلق بالتنفيذ نفسه أو بإجراء تنفيذي وتريد معرفة أثره على التنفيذ الجاري.","حدد أولًا هل اعتراضك على أصل الحق/السند أم على إجراء التنفيذ. إذا كان منازعة تنفيذ فاسلك الطريق القضائي المخصص لها، ولا تفترض أن مجرد تقديم المنازعة يوقف الإجراءات.","وزارة العدل — قضاء التنفيذ/ناجز.","","منازعة التنفيذ | طلب/إجراء تنفيذي","طلب التنفيذ والسند التنفيذي والقرار أو الإجراء محل النزاع، وما يثبت الواقعة التي تقوم عليها المنازعة. المتطلبات الدقيقة تختلف بحسب نوع المنازعة.","السند التنفيذي وقرار/إجراء التنفيذ والمستندات المؤيدة للمنازعة.","لا نضع مدة موحدة لكل منازعات التنفيذ دون تحديد نوع الحكم/الإجراء.","لا مبلغ موحد مثبت لهذه النتيجة.","تستمر إجراءات التنفيذ ما لم يصدر قرار بوقفها من الدائرة المختصة. إذا كان المطلوب وقف التنفيذ فاطلبه ضمن الطريق الذي يسمح به النظام ولا تعتمد على مجرد وجود النزاع.","تستمر إجراءات التنفيذ ما لم يصدر قرار بوقفها من الدائرة المختصة. إذا كان المطلوب وقف التنفيذ فاطلبه ضمن الطريق الذي يسمح به النظام ولا تعتمد على مجرد وجود النزاع.","نظام التنفيذ","","","هيئة الخبراء بمجلس الوزراء — نظام التنفيذ","https://laws.boe.gov.sa/BoeLaws/Laws/LawDetails/c81ba2f1-1bf1-443b-9b1c-a9a700f27110/1","2026-09-22","قابلة للتغير","STALE RISK","نظام تنفيذ جديد نُشر في 2026 وسيحل محل النظام السابق بعد 180 يومًا؛ يلزم تثبيت تاريخ النفاذ وخطة تحديث النتيجة.","HIGH","النتيجة تمس الاختصاص أو طريق الاعتراض/التنفيذ أو مدة/رسومًا مؤثرة.","نعم","هل الإجراء الصحيح طلب داخل ملف التنفيذ أم منازعة تنفيذ أم دعوى مستقلة، وما أثر نظام التنفيذ الجديد عند نفاذه؟","NEEDS REVIEW",""
"R-EXEC-END","القضاء والتنفيذ وناجز","Q001: وش صار معك؟ ← عندي طلب تنفيذ أو إجراء تنفيذ → Q040: وش وضع التنفيذ؟ ← عندي طلب تنفيذ قائم → Q041: أنت بأي صفة في التنفيذ؟ ← أنا طالب التنفيذ → Q238: وش تحتاج بصفتك طالب التنفيذ؟ ← إنهاء طلب التنفيذ → Q048: وش سبب طلب إنهاء التنفيذ؟ ← نعم، صلح أو تنازل أو سبب إنهاء من طالب التنفيذ","أنت طالب التنفيذ وتريد إنهاء الطلب بعد استيفاء الحق أو الصلح أو التنازل أو سبب إنهاء منطبق.","افتح طلب التنفيذ واستخدم إجراء «إنهاء طلب التنفيذ/السند التنفيذي» المتاح في ناجز، واختر سبب الإنهاء وأدخل البيانات المطلوبة ثم أكد الإقرار.","وزارة العدل — قضاء التنفيذ/ناجز.","","إنهاء طلب التنفيذ | ناجز | طلب إجراء داخل ملف تنفيذ قائم.","أن تكون طالب التنفيذ أو ممثله النظامي وأن تسمح حالة الطلب بالإجراء. وعند الإنهاء بسبب استلام مبلغ أدخل المبلغ المستلم والعملة وفق نموذج الخدمة.","","","رسوم الخدمة الإلكترونية: لا يوجد.","دليل وزارة العدل يوضح أن تأكيد الإنهاء يؤدي إلى إنهاء الطلب ورفع القرارات المرتبطة به وفق مسار الخدمة، ثم تظهر حالة طلب الإجراء في ناجز.","دليل وزارة العدل يوضح أن تأكيد الإنهاء يؤدي إلى إنهاء الطلب ورفع القرارات المرتبطة به وفق مسار الخدمة، ثم تظهر حالة طلب الإجراء في ناجز.","","","","وزارة العدل — إنهاء طلب التنفيذ","https://www.moj.gov.sa/ar/eServices/Pages/152ff72e-0c8d-42b2-9f16-3f81e5cf38d2.aspx","2026-09-22","قابلة للتغير","STALE RISK","نظام تنفيذ جديد نُشر في 2026 وسيحل محل النظام السابق بعد 180 يومًا؛ يلزم تثبيت تاريخ النفاذ وخطة تحديث النتيجة.","HIGH","النتيجة تمس الاختصاص أو طريق الاعتراض/التنفيذ أو مدة/رسومًا مؤثرة.","نعم","هل الإجراء الصحيح طلب داخل ملف التنفيذ أم منازعة تنفيذ أم دعوى مستقلة، وما أثر نظام التنفيذ الجديد عند نفاذه؟","NEEDS REVIEW",""
"R-EXEC-FIN-REPORT","القضاء والتنفيذ وناجز","Q001: وش صار معك؟ ← عندي طلب تنفيذ أو إجراء تنفيذ → Q040: وش وضع التنفيذ؟ ← عندي طلب تنفيذ قائم → Q041: أنت بأي صفة في التنفيذ؟ ← أنا طالب التنفيذ → Q238: وش تحتاج بصفتك طالب التنفيذ؟ ← عندي إجراء آخر (34/46/إعلان/تقرير مالي...) → Q326: وش الإجراء اللي تحتاجه كطالب تنفيذ؟ ← أحتاج تقريرًا ماليًا للتنفيذ","تريد الاطلاع على التقرير المالي المتاح ضمن خدمات التنفيذ.","ادخل ناجز > جميع الخدمات الإلكترونية > التنفيذ، وابحث عن «الاستعلام عن التقرير المالي» واستخدم الخدمة وفق الصفة والبيانات التي يطلبها النظام.","وزارة العدل — قضاء التنفيذ/ناجز.","","الاستعلام عن التقرير المالي | ناجز | استعلام معلوماتي عن الحركات المالية الواردة على طلبات التنفيذ.","الدخول بحساب النفاذ الوطني وتوفر الخدمة لحالتك.","","","رسوم الخدمة: لا يوجد.","غير منطبق ظاهرًا","تستخدم البيانات الظاهرة لفهم وضع التنفيذ المالي ومتابعة الإجراء المناسب داخل طلب التنفيذ.","","","","وزارة العدل — الاستعلام عن التقرير المالي","https://www.moj.gov.sa/ar/eservices/pages/2200fd6a-d8d2-4583-a843-2d67839f5a1b.aspx","2026-09-21","قابلة للتغير","STALE RISK","نظام تنفيذ جديد نُشر في 2026 وسيحل محل النظام السابق بعد 180 يومًا؛ يلزم تثبيت تاريخ النفاذ وخطة تحديث النتيجة.","HIGH","النتيجة تمس الاختصاص أو طريق الاعتراض/التنفيذ أو مدة/رسومًا مؤثرة.","نعم","هل الإجراء الصحيح طلب داخل ملف التنفيذ أم منازعة تنفيذ أم دعوى مستقلة، وما أثر نظام التنفيذ الجديد عند نفاذه؟","NEEDS REVIEW",""
"R-EXEC-FIVE-DAYS","القضاء والتنفيذ وناجز","Q001: وش صار معك؟ ← عندي طلب تنفيذ أو إجراء تنفيذ → Q040: وش وضع التنفيذ؟ ← أبي أعرف إجراءات أمر التنفيذ والمادة 46 → Q615: وش تحتاج تعرف عن بدء التنفيذ والإجراءات بعد التبليغ؟ ← أبي أعرف مهلة الخمسة أيام وآثارها","تريد معرفة متى تبدأ مهلة الخمسة أيام المرتبطة بالمادة 46.","استخرج من طلب التنفيذ تاريخ إبلاغ المدين بأمر التنفيذ. وإذا تعذر التبليغ وكان المسار بالنشر، تحقق من تاريخ النشر. لا تحسبها من تاريخ الحكم أو من مجرد إنشاء طلب التنفيذ.","وزارة العدل — قضاء التنفيذ/ناجز.","","مهلة المادة 46 | طلب/إجراء تنفيذي","تاريخ إبلاغ المدين بأمر التنفيذ، أو تاريخ النشر عند تعذر الإبلاغ، مع حالة التنفيذ والإفصاح.","بيانات أمر التنفيذ والتبليغ/النشر في ملف التنفيذ.","خمسة أيام من تاريخ إبلاغ المدين بأمر التنفيذ، أو من تاريخ نشره إذا تعذر إبلاغه.","لا مبلغ موحد مثبت لهذه النتيجة.","إذا لم ينفذ المدين أو يفصح عن أموال تكفي للوفاء خلال خمسة أيام من تاريخ إبلاغه بأمر التنفيذ، أو من تاريخ النشر عند تعذر إبلاغه، تتحقق الحالة التي ربط بها النظام آثار المادة 46.","إذا لم ينفذ المدين أو يفصح عن أموال تكفي للوفاء خلال خمسة أيام من تاريخ إبلاغه بأمر التنفيذ، أو من تاريخ النشر عند تعذر إبلاغه، تتحقق الحالة التي ربط بها النظام آثار المادة 46.","نظام التنفيذ","","نظام التنفيذ — المادة 46","هيئة الخبراء بمجلس الوزراء — نظام التنفيذ","https://laws.boe.gov.sa/BoeLaws/Laws/LawDetails/c81ba2f1-1bf1-443b-9b1c-a9a700f27110/1","2026-09-22","قابلة للتغير","STALE RISK","نظام تنفيذ جديد نُشر في 2026 وسيحل محل النظام السابق بعد 180 يومًا؛ يلزم تثبيت تاريخ النفاذ وخطة تحديث النتيجة.","HIGH","النتيجة تمس الاختصاص أو طريق الاعتراض/التنفيذ أو مدة/رسومًا مؤثرة.","نعم","هل الإجراء الصحيح طلب داخل ملف التنفيذ أم منازعة تنفيذ أم دعوى مستقلة، وما أثر نظام التنفيذ الجديد عند نفاذه؟","NEEDS REVIEW",""
"R-EXEC-GRACE","القضاء والتنفيذ وناجز","Q001: وش صار معك؟ ← عندي طلب تنفيذ أو إجراء تنفيذ → Q040: وش وضع التنفيذ؟ ← عندي طلب تنفيذ قائم → Q041: أنت بأي صفة في التنفيذ؟ ← أنا طالب التنفيذ → Q238: وش تحتاج بصفتك طالب التنفيذ؟ ← إمهال أو تأجيل التنفيذ","تريد إمهال المنفذ ضده أو تأجيل السند التنفيذي في طلب تنفيذ قائم.","استخدم خدمة «طلب إمهال - تأجيل السند التنفيذي»، وحدد هل الإمهال كلي أو جزئي، وفترة المهلة وسببها، ثم راجع الأوامر المطلوب رفعها خلال المهلة قبل الإرسال.","وزارة العدل — قضاء التنفيذ/ناجز.","","طلب إمهال - تأجيل السند التنفيذي | ناجز | طلب إجراء داخل ملف تنفيذ قائم.","الخدمة متاحة لطالب التنفيذ أو وكيله، ومتاح كذلك للمنفذ ضده أو وكيله؛ صفحة الخدمة الحالية لا تذكر مستندات مطلوبة.","","","رسوم الخدمة الإلكترونية: لا يوجد. لا تخلط ذلك بالتكاليف القضائية التي قد تتعلق بطلب التنفيذ الأصلي.","إذا اعتمد الإمهال تصبح حالة الطلب مرتبطة بالمهلة. وبعد انتهائها يوجد مسار مستقل لإعادة تفعيل طلب التنفيذ وإعادة إصدار القرارات عند تحقق شروطه.","إذا اعتمد الإمهال تصبح حالة الطلب مرتبطة بالمهلة. وبعد انتهائها يوجد مسار مستقل لإعادة تفعيل طلب التنفيذ وإعادة إصدار القرارات عند تحقق شروطه.","","","","وزارة العدل — طلب إمهال - تأجيل السند التنفيذي","https://www.moj.gov.sa/ar/eServices/Pages/a7eef02b-d9ad-4d3f-9ad0-7b9a67399313.aspx","2026-09-22","قابلة للتغير","STALE RISK","نظام تنفيذ جديد نُشر في 2026 وسيحل محل النظام السابق بعد 180 يومًا؛ يلزم تثبيت تاريخ النفاذ وخطة تحديث النتيجة.","HIGH","النتيجة تمس الاختصاص أو طريق الاعتراض/التنفيذ أو مدة/رسومًا مؤثرة.","نعم","هل الإجراء الصحيح طلب داخل ملف التنفيذ أم منازعة تنفيذ أم دعوى مستقلة، وما أثر نظام التنفيذ الجديد عند نفاذه؟","NEEDS REVIEW",""
"R-EXEC-INSPECT-ACTION","القضاء والتنفيذ وناجز","Q001: وش صار معك؟ ← عندي طلب تنفيذ أو إجراء تنفيذ → Q040: وش وضع التنفيذ؟ ← عندي طلب تنفيذ قائم → Q041: أنت بأي صفة في التنفيذ؟ ← أنا طالب التنفيذ → Q238: وش تحتاج بصفتك طالب التنفيذ؟ ← ظاهر لي إجراء 34 أو 46 → Q203: عندك نص الإجراء أو بس الرقم؟ ← فقط الرقم أو وصف مختصر","ظهر لك رقم أو وصف مختصر مثل 34 أو 46.","لا نعتمد الرقم وحده. افتح تفاصيل الطلب واقرأ اسم الإجراء وحالته وتاريخه.","وزارة العدل — قضاء التنفيذ/ناجز.","","التحقق من طلب التنفيذ | ناجز | تحقق/استعلام","لتحديد الإجراء يكفي اسم الإجراء وحالته وتاريخه كما تظهر في ناجز. هذه بيانات تحقق ومتابعة وليست مستندات تُرفع.","لا توجد مستندات مطلوبة؛ الخدمة لا تتطلب تسجيل الدخول.","خدمة تحقق إلكترونية وليست مهلة قانونية.","لا رسوم مثبتة لهذه الخطوة.","غير منطبق ظاهرًا","بعدها يمكن توجيهك للإجراء التالي دون خلط بين أرقام المواد أو مسميات النظام.","","","","وزارة العدل — التحقق من طلب التنفيذ","https://www.moj.gov.sa/ar/eServices/Pages/8cc249d5-9f9c-464f-a772-25192e8fdf3b.aspx","2026-09-20","قابلة للتغير","STALE RISK","نظام تنفيذ جديد نُشر في 2026 وسيحل محل النظام السابق بعد 180 يومًا؛ يلزم تثبيت تاريخ النفاذ وخطة تحديث النتيجة.","HIGH","النتيجة تمس الاختصاص أو طريق الاعتراض/التنفيذ أو مدة/رسومًا مؤثرة.","نعم","هل الإجراء الصحيح طلب داخل ملف التنفيذ أم منازعة تنفيذ أم دعوى مستقلة، وما أثر نظام التنفيذ الجديد عند نفاذه؟","NEEDS REVIEW",""
"R-EXEC-ISSUE34","القضاء والتنفيذ وناجز","Q001: وش صار معك؟ ← عندي طلب تنفيذ أو إجراء تنفيذ → Q040: وش وضع التنفيذ؟ ← عندي طلب تنفيذ قائم → Q041: أنت بأي صفة في التنفيذ؟ ← أنا طالب التنفيذ → Q238: وش تحتاج بصفتك طالب التنفيذ؟ ← عندي إجراء آخر (34/46/إعلان/تقرير مالي...) → Q326: وش الإجراء اللي تحتاجه كطالب تنفيذ؟ ← طلب إصدار قرار 34","أنت طالب التنفيذ وطلبك قائم وتبحث عن إجراء قرار 34.","افتح طلب التنفيذ في ناجز ثم «طلبات إجراء أخرى». إذا ظهر لك «طلب إصدار قرار 34» على طلبك فاختره وقدمه وفق البيانات التي يطلبها النظام.","وزارة العدل — قضاء التنفيذ/ناجز.","","طلب إصدار قرار 34 | ناجز | طلب إجراء داخل ملف تنفيذ قائم.","رقم طلب التنفيذ وحالة الطلب، وأن يكون الإجراء متاحًا على الطلب في ناجز.","","","","غير منطبق ظاهرًا","تابع الخط الزمني والقرارات داخل طلب التنفيذ لمعرفة صدور القرار وحالة التبليغ.","","","","وزارة العدل — طلب إصدار قرار 34","https://www.moj.gov.sa/sites/knowledgebase/Documents02/CRM_CCTS_16a50df1-aa16-4f77-a61f-c11f5e459fba.pdf","2026-09-21","قابلة للتغير","STALE RISK","نظام تنفيذ جديد نُشر في 2026 وسيحل محل النظام السابق بعد 180 يومًا؛ يلزم تثبيت تاريخ النفاذ وخطة تحديث النتيجة.","HIGH","النتيجة تمس الاختصاص أو طريق الاعتراض/التنفيذ أو مدة/رسومًا مؤثرة.","نعم","هل الإجراء الصحيح طلب داخل ملف التنفيذ أم منازعة تنفيذ أم دعوى مستقلة، وما أثر نظام التنفيذ الجديد عند نفاذه؟","NEEDS REVIEW",""
"R-EXEC-ISSUE46","القضاء والتنفيذ وناجز","Q001: وش صار معك؟ ← عندي طلب تنفيذ أو إجراء تنفيذ → Q040: وش وضع التنفيذ؟ ← عندي طلب تنفيذ قائم → Q041: أنت بأي صفة في التنفيذ؟ ← أنا طالب التنفيذ → Q238: وش تحتاج بصفتك طالب التنفيذ؟ ← عندي إجراء آخر (34/46/إعلان/تقرير مالي...) → Q326: وش الإجراء اللي تحتاجه كطالب تنفيذ؟ ← طلب إصدار قرار 46","أنت طالب التنفيذ وتريد طلب إصدار قرار 46 على منفذ ضده في طلب قائم.","افتح طلب التنفيذ في ناجز ثم إجراءات الطلب واختر «طلب إصدار قرار 46» إذا كانت الخدمة متاحة، وحدد المنفذ ضده عند تعددهم ثم أرسل الطلب.","وزارة العدل — قضاء التنفيذ/ناجز.","","طلب إصدار قرار 46 | ناجز | طلب إجراء داخل ملف تنفيذ قائم.","قيد التنفيذ/تم التنفيذ جزئيًا + لا قرار 46 فعال + قرار 34 انتهت مدته بعد التبليغ.","","","","غير منطبق ظاهرًا","بعد تقديم طلب الإجراء تابع حالته والقرارات في ناجز. وإذا صدر قرار 46 فالعبرة بالإجراءات النظامية والقرارات الفعلية في الطلب.","","","","وزارة العدل — الدليل الإرشادي لطلب إصدار قرار 46","https://www.moj.gov.sa/sites/knowledgebase/Documents02/CRM_CCTS_1d8a2b5c-38fc-43fa-ad27-0c4a8aac7e07.pdf","2026-09-22","قابلة للتغير","STALE RISK","نظام تنفيذ جديد نُشر في 2026 وسيحل محل النظام السابق بعد 180 يومًا؛ يلزم تثبيت تاريخ النفاذ وخطة تحديث النتيجة.","HIGH","النتيجة تمس الاختصاص أو طريق الاعتراض/التنفيذ أو مدة/رسومًا مؤثرة.","نعم","هل الإجراء الصحيح طلب داخل ملف التنفيذ أم منازعة تنفيذ أم دعوى مستقلة، وما أثر نظام التنفيذ الجديد عند نفاذه؟","NEEDS REVIEW",""
"R-EXEC-LEGAL-REP","القضاء والتنفيذ وناجز","Q001: وش صار معك؟ ← عندي طلب تنفيذ أو إجراء تنفيذ → Q040: وش وضع التنفيذ؟ ← عندي طلب تنفيذ قائم → Q041: أنت بأي صفة في التنفيذ؟ ← أنا طالب التنفيذ → Q238: وش تحتاج بصفتك طالب التنفيذ؟ ← عندي إجراء آخر (34/46/إعلان/تقرير مالي...) → Q326: وش الإجراء اللي تحتاجه كطالب تنفيذ؟ ← تعديل مبلغ / إضافة وارث / ممثل نظامي / إجراء آخر → Q330: وش الإجراء الإضافي اللي تحتاجه في طلب التنفيذ؟ ← التنفيذ على شركة وأحتاج إدراج ممثل نظامي","التنفيذ موجّه إلى جهة اعتبارية وتحتاج إدراج ممثلها النظامي في الطلب.","استخدم خدمة «إدراج ممثل نظامي» إذا استوفت حالة الطلب شروط الوصول المنشورة.","وزارة العدل — قضاء التنفيذ/ناجز.","","إدراج ممثل نظامي | ناجز | طلب إجراء داخل تنفيذ قائم ضد شركة تجارية.","بحسب وزارة العدل: الطلب يجب أن يكون قيد التنفيذ والمنفذ ضده جهة اعتبارية. وفي المالي يشترط صدور قرار 46 ومضي عشرة أيام؛ وفي التنفيذ المباشر عدا المزاد يشترط قرار 34 ومضي عشرة أيام، مع بقية شروط الخدمة.","لا توجد مستندات مطلوبة بحسب صفحة الخدمة، مع ضرورة معرفة بيانات الممثل النظامي.","","رسوم الخدمة: لا يوجد.","إذا استوفت الشروط، يُقدَّم طلب إدراج الممثل النظامي داخل مسار التنفيذ ويُعالج وفق الخدمة.","إذا استوفت الشروط، يُقدَّم طلب إدراج الممثل النظامي داخل مسار التنفيذ ويُعالج وفق الخدمة.","نظامي","","","وزارة العدل — إدراج ممثل نظامي","https://www.moj.gov.sa/ar/eServices/pages/477600c3-653d-42c7-b6ae-ac5484952123.aspx","2026-09-21","قابلة للتغير","STALE RISK","نظام تنفيذ جديد نُشر في 2026 وسيحل محل النظام السابق بعد 180 يومًا؛ يلزم تثبيت تاريخ النفاذ وخطة تحديث النتيجة.","HIGH","النتيجة تمس الاختصاص أو طريق الاعتراض/التنفيذ أو مدة/رسومًا مؤثرة.","نعم","هل الإجراء الصحيح طلب داخل ملف التنفيذ أم منازعة تنفيذ أم دعوى مستقلة، وما أثر نظام التنفيذ الجديد عند نفاذه؟","NEEDS REVIEW",""
"R-EXEC-LIFT46","القضاء والتنفيذ وناجز","Q001: وش صار معك؟ ← عندي طلب تنفيذ أو إجراء تنفيذ → Q040: وش وضع التنفيذ؟ ← عندي طلب تنفيذ قائم → Q041: أنت بأي صفة في التنفيذ؟ ← أنا المنفذ ضده → Q239: وش تحتاج بصفتك المنفذ ضده؟ ← أحتاج سداد / فاتورة / تحويل مبلغ محجوز / رفع 46 → Q328: وش تحتاج في الإجراءات المالية للتنفيذ؟ ← طلب رفع قرار 46","يظهر على طلب التنفيذ قرار 46 وتعتقد أن سبب رفعه تحقق.","افتح طلب التنفيذ في ناجز ثم «طلبات إجراء أخرى» وابحث عن «طلب إصدار قرار رفع 46» إذا كان متاحًا، واختر السبب المطابق لحالتك وأرسل الطلب.","وزارة العدل — قضاء التنفيذ/ناجز.","","طلب إصدار قرار رفع 46 | ناجز | طلب/إجراء تنفيذي","دليل ناجز يورد ضمن الأسباب: السداد خارج المحكمة، سداد الفاتورة، إنهاء طالب التنفيذ إلكترونيًا، وجود كامل مبلغ المطالبة في الحساب، وجود كفيل، أو سبب آخر؛ اختر فقط السبب الصحيح وأرفق ما يطلبه النظام.","بيانات طلب التنفيذ وما يثبت سبب طلب الرفع إذا طلبه النموذج.","لا نضع مهلة سقوط موحدة للخدمة؛ تقدم عند تحقق سبب الرفع.","لا مبلغ موحد مثبت لهذه النتيجة.","غير منطبق ظاهرًا","تتابع طلب رفع القرار من ناجز، وعند اعتماده تتغير حالة القرار وفق الإجراء الصادر.","نظام التنفيذ","","","هيئة الخبراء بمجلس الوزراء — نظام التنفيذ","https://laws.boe.gov.sa/BoeLaws/Laws/LawDetails/c81ba2f1-1bf1-443b-9b1c-a9a700f27110/1","2026-09-21","قابلة للتغير","STALE RISK","نظام تنفيذ جديد نُشر في 2026 وسيحل محل النظام السابق بعد 180 يومًا؛ يلزم تثبيت تاريخ النفاذ وخطة تحديث النتيجة.","HIGH","النتيجة تمس الاختصاص أو طريق الاعتراض/التنفيذ أو مدة/رسومًا مؤثرة.","نعم","هل الإجراء الصحيح طلب داخل ملف التنفيذ أم منازعة تنفيذ أم دعوى مستقلة، وما أثر نظام التنفيذ الجديد عند نفاذه؟","NEEDS REVIEW",""
"R-EXEC-MERITS-NOT-DISPUTE","القضاء والتنفيذ وناجز","Q001: وش صار معك؟ ← عندي طلب تنفيذ أو إجراء تنفيذ → Q040: وش وضع التنفيذ؟ ← عندي طلب تنفيذ قائم → Q041: أنت بأي صفة في التنفيذ؟ ← أنا طالب التنفيذ → Q238: وش تحتاج بصفتك طالب التنفيذ؟ ← استلمت جزءًا / عندي مبلغ محجوز / أبي أفهم الحركة المالية → Q334: وش نوع اعتراضك على التنفيذ؟ ← اعتراضي على أصل الحكم أو الحق نفسه","اعتراضك يبدو متعلقًا بأصل الحكم أو الحق نفسه.","تحقق من نوع السند وطريق الاعتراض الخاص به قبل تقديم منازعة تنفيذ.","وزارة العدل — قضاء التنفيذ/ناجز.","","تحديد الاعتراض على أصل الحق خارج منازعة التنفيذ | بوابة قرار/إجراء تنفيذي","نوع السند + بياناته + حالته + سبب الاعتراض.","السند/الحكم والمستندات المؤيدة لطريق الاعتراض الموضوعي.","المدة تتبع طريق الاعتراض على الحكم/السند، وليست مدة موحدة لمنازعة التنفيذ.","لا مبلغ موحد.","بعد تحديد نوع السند يتحدد طريق الاعتراض المناسب وما إذا كان هناك طلب وقف مستقل.","بعد تحديد نوع السند يتحدد طريق الاعتراض المناسب وما إذا كان هناك طلب وقف مستقل.","نظام التنفيذ","","","هيئة الخبراء بمجلس الوزراء — نظام التنفيذ","https://laws.boe.gov.sa/BoeLaws/Laws/LawDetails/c81ba2f1-1bf1-443b-9b1c-a9a700f27110/1","2026-09-21","قابلة للتغير","STALE RISK","نظام تنفيذ جديد نُشر في 2026 وسيحل محل النظام السابق بعد 180 يومًا؛ يلزم تثبيت تاريخ النفاذ وخطة تحديث النتيجة.","HIGH","النتيجة تمس الاختصاص أو طريق الاعتراض/التنفيذ أو مدة/رسومًا مؤثرة.","نعم","هل الإجراء الصحيح طلب داخل ملف التنفيذ أم منازعة تنفيذ أم دعوى مستقلة، وما أثر نظام التنفيذ الجديد عند نفاذه؟","NEEDS REVIEW",""
"R-EXEC-NOT-END-ACTION","القضاء والتنفيذ وناجز","Q001: وش صار معك؟ ← عندي طلب تنفيذ أو إجراء تنفيذ → Q040: وش وضع التنفيذ؟ ← عندي طلب تنفيذ قائم → Q041: أنت بأي صفة في التنفيذ؟ ← أنا طالب التنفيذ → Q238: وش تحتاج بصفتك طالب التنفيذ؟ ← إنهاء طلب التنفيذ → Q048: وش سبب طلب إنهاء التنفيذ؟ ← لا / لست طالب التنفيذ","حالتك لا تطابق مباشرة خدمة «إنهاء طلب التنفيذ» المنشورة لطالب التنفيذ أو من يمثله.","من ناجز > التنفيذ، افتح طلبك وحدد صفتك وحالة الطلب واسم الإجراء الظاهر. إذا كنت طالب التنفيذ وتريد إنهاء السند فراجع خدمة «إنهاء طلب التنفيذ»؛ وإن كنت منفذًا ضده أو تعترض على إجراء فحدد الإجراء أولًا.","وزارة العدل — قضاء التنفيذ/ناجز.","","إنهاء طلب التنفيذ | ناجز | طلب إجراء يقدمه طالب التنفيذ لإنهاء السند.","رقم طلب التنفيذ + صفتك + حالة الطلب + اسم الإجراء أو القرار الظاهر في ناجز.","لا توجد مستندات مطلوبة بحسب صفحة الخدمة الحالية.","","","بعد معرفة الصفة والإجراء يتحدد هل المسار إنهاء السند أو خدمة تنفيذ أخرى أو معالجة إجراء قائم.","بعد معرفة الصفة والإجراء يتحدد هل المسار إنهاء السند أو خدمة تنفيذ أخرى أو معالجة إجراء قائم.","","","","وزارة العدل — إنهاء طلب التنفيذ","https://www.moj.gov.sa/ar/eServices/Pages/152ff72e-0c8d-42b2-9f16-3f81e5cf38d2.aspx","2026-09-20","قابلة للتغير","STALE RISK","نظام تنفيذ جديد نُشر في 2026 وسيحل محل النظام السابق بعد 180 يومًا؛ يلزم تثبيت تاريخ النفاذ وخطة تحديث النتيجة.","HIGH","النتيجة تمس الاختصاص أو طريق الاعتراض/التنفيذ أو مدة/رسومًا مؤثرة.","نعم","هل الإجراء الصحيح طلب داخل ملف التنفيذ أم منازعة تنفيذ أم دعوى مستقلة، وما أثر نظام التنفيذ الجديد عند نفاذه؟","NEEDS REVIEW",""
"R-EXEC-PARTIAL-PAYMENT","القضاء والتنفيذ وناجز","Q001: وش صار معك؟ ← عندي طلب تنفيذ أو إجراء تنفيذ → Q040: وش وضع التنفيذ؟ ← عندي طلب تنفيذ قائم → Q041: أنت بأي صفة في التنفيذ؟ ← أنا المنفذ ضده → Q239: وش تحتاج بصفتك المنفذ ضده؟ ← سددت خارج المحكمة → Q044: عندك إثبات للسداد؟ ← نعم، سددت خارج المحكمة وعندي إثبات → Q201: سددت كامل المبلغ أو جزء؟ ← سددت جزءًا فقط","عندك تنفيذ قائم وسددت جزء من المبلغ خارج المحكمة.","استخدم «إثبات السداد» وأدخل قيمة الوفاء الفعلية وأرفق الإثبات إذا انطبقت شروط الخدمة، ثم تحقق من الرصيد وحالة الطلب.","وزارة العدل — قضاء التنفيذ/ناجز.","","إثبات السداد | ناجز | طلب إجراء داخل تنفيذ قائم","داخل «إثبات السداد» تختار طلب التنفيذ وتدخل قيمة الوفاء الفعلية وتُرفق ما يثبت السداد. المبلغ المتبقي معلومة تُراجع من حالة الطلب بعد اعتماد السداد، وليس مرفقًا مطلوبًا.","إرفاق ما يثبت السداد إلزامي وفق خطوات الخدمة.","لا نضع مهلة سقوط من صفحة الخدمة.","لا رسوم ثابتة مثبتة لهذه الخطوة.","غير منطبق ظاهرًا","يبقى التنفيذ قائمًا على الرصيد المتبقي حسب حالة الطلب.","","","","وزارة العدل — إثبات السداد","https://www.moj.gov.sa/ar/eServices/pages/0fabf9ed-05ba-497e-9e4e-1e227103fc00.aspx","2026-09-20","قابلة للتغير","STALE RISK","نظام تنفيذ جديد نُشر في 2026 وسيحل محل النظام السابق بعد 180 يومًا؛ يلزم تثبيت تاريخ النفاذ وخطة تحديث النتيجة.","HIGH","النتيجة تمس الاختصاص أو طريق الاعتراض/التنفيذ أو مدة/رسومًا مؤثرة.","نعم","هل الإجراء الصحيح طلب داخل ملف التنفيذ أم منازعة تنفيذ أم دعوى مستقلة، وما أثر نظام التنفيذ الجديد عند نفاذه؟","NEEDS REVIEW",""
"R-EXEC-PERSONAL-FINANCIAL","القضاء والتنفيذ وناجز","Q001: وش صار معك؟ ← عندي طلب تنفيذ أو إجراء تنفيذ → Q040: وش وضع التنفيذ؟ ← عندي طلب تنفيذ قائم → Q041: أنت بأي صفة في التنفيذ؟ ← أنا طالب التنفيذ → Q238: وش تحتاج بصفتك طالب التنفيذ؟ ← التنفيذ أحوال شخصية أو مباشر غير مالي → Q042: وش نوع التنفيذ؟ ← نفقة أو صداق","لديك حكم/سند تنفيذي بالنفقة وتريد تنفيذ المبالغ المستحقة أو النفقة المستقبلية.","إذا لم يوجد طلب تنفيذ فابدأ بخدمة «تقديم طلب تنفيذ» ضمن الأحوال الشخصية. وإذا كان الحكم يتضمن نفقة مستقبلية دورية وطلب التنفيذ قائمًا، استخدم خدمة «تنفيذ الاستقطاع» لطلب إصدار القرارات اللازمة لتنفيذ النفقة المستقبلية.","وزارة العدل — قضاء التنفيذ/ناجز.","","تنفيذ الاستقطاع | ناجز | طلب إجراء داخل تنفيذ سند نفقة مستقبلية.","سند تنفيذي يتضمن النفقة، بيانات الأطراف ومتطلبات تقديم طلب التنفيذ. ولخدمة الاستقطاع: طلب تنفيذ قائم بالنفقة المستقبلية واستيفاء شروط الإجراء الظاهرة في ناجز.","لا توجد مستندات مطلوبة بحسب صفحة الخدمة.","","رسوم الخدمة: لا يوجد.","اللائحة التنفيذية تقرر عند وجود أموال للمنفذ ضده لدى بنك/جهة الخصم بقدر المستحق الدوري وقيده لطالب التنفيذ، وتقرر أن النفقة حالة الدفع تقدم على بقية الديون.","اللائحة التنفيذية تقرر عند وجود أموال للمنفذ ضده لدى بنك/جهة الخصم بقدر المستحق الدوري وقيده لطالب التنفيذ، وتقرر أن النفقة حالة الدفع تقدم على بقية الديون.","","","","وزارة العدل — تنفيذ الاستقطاع","https://www.moj.gov.sa/ar/eServices/pages/0756dde6-14de-481a-a6e6-ec9bd642b284.aspx","2026-09-22","قابلة للتغير","STALE RISK","نظام تنفيذ جديد نُشر في 2026 وسيحل محل النظام السابق بعد 180 يومًا؛ يلزم تثبيت تاريخ النفاذ وخطة تحديث النتيجة.","HIGH","النتيجة تمس الاختصاص أو طريق الاعتراض/التنفيذ أو مدة/رسومًا مؤثرة.","نعم","هل الإجراء الصحيح طلب داخل ملف التنفيذ أم منازعة تنفيذ أم دعوى مستقلة، وما أثر نظام التنفيذ الجديد عند نفاذه؟","NEEDS REVIEW",""
"R-EXEC-PROOF-PAYMENT","القضاء والتنفيذ وناجز","Q001: وش صار معك؟ ← عندي طلب تنفيذ أو إجراء تنفيذ → Q040: وش وضع التنفيذ؟ ← عندي طلب تنفيذ قائم → Q041: أنت بأي صفة في التنفيذ؟ ← أنا المنفذ ضده → Q239: وش تحتاج بصفتك المنفذ ضده؟ ← سددت خارج المحكمة → Q044: عندك إثبات للسداد؟ ← نعم، سددت خارج المحكمة وعندي إثبات → Q201: سددت كامل المبلغ أو جزء؟ ← سددت كامل المبلغ","أنت المنفذ ضده وقد دفعت لطالب التنفيذ خارج المحكمة وتريد إثبات الوفاء داخل طلب التنفيذ.","استخدم خدمة «إثبات السداد» في ناجز، اختر طلب التنفيذ ثم «طلب إجراء إثبات السداد»، وحدد نوع السداد وطالب التنفيذ المسدد له وقيمة الوفاء، وأرفق ما يثبت السداد ثم أرسل الطلب.","وزارة العدل — قضاء التنفيذ/ناجز.","","إثبات السداد | ناجز | طلب إجراء داخل ملف تنفيذ قائم.","طلب تنفيذ قائم تنطبق عليه شروط الخدمة، بيانات السداد وقيمته، وتحديد طالب التنفيذ المسدد له، وإرفاق ما يثبت السداد ضمن خطوات التقديم.","","","","غير منطبق ظاهرًا","بعد الإرسال يُشعَر طالب التنفيذ برسالة نصية ويظهر له قبول أو رفض إثبات السداد. تابع نتيجة الطلب داخل ناجز ولا تعتبر التنفيذ منتهيًا قبل تحديث حالته رسميًا.","","","","وزارة العدل — إثبات السداد","https://www.moj.gov.sa/ar/eServices/pages/0fabf9ed-05ba-497e-9e4e-1e227103fc00.aspx","2026-09-22","قابلة للتغير","STALE RISK","نظام تنفيذ جديد نُشر في 2026 وسيحل محل النظام السابق بعد 180 يومًا؛ يلزم تثبيت تاريخ النفاذ وخطة تحديث النتيجة.","HIGH","النتيجة تمس الاختصاص أو طريق الاعتراض/التنفيذ أو مدة/رسومًا مؤثرة.","نعم","هل الإجراء الصحيح طلب داخل ملف التنفيذ أم منازعة تنفيذ أم دعوى مستقلة، وما أثر نظام التنفيذ الجديد عند نفاذه؟","NEEDS REVIEW",""
"R-EXEC-QUERY","القضاء والتنفيذ وناجز","Q001: وش صار معك؟ ← عندي طلب تنفيذ أو إجراء تنفيذ → Q040: وش وضع التنفيذ؟ ← أبغى أعرف حالة طلب التنفيذ فقط","تريد معرفة حالة طلب التنفيذ دون طلب إجراء جديد.","إذا كنت طرفًا في الطلب استخدم «استعلام عن طلب تنفيذ». وإذا معك رقم الطلب ورمز التحقق فقط، استخدم «التحقق من طلب التنفيذ» لعرض تفاصيله.","وزارة العدل — قضاء التنفيذ/ناجز.","","استعلام عن طلب تنفيذ / التحقق من طلب التنفيذ | استعلام/تحقق معلوماتي داخل منظومة التنفيذ.","للاستعلام يلزم الدخول إلى ناجز ووجود طلب تنفيذ مرتبط بك. ولخدمة التحقق يلزم رقم طلب التنفيذ ورمز التحقق. هذه بيانات وصول واستعلام وليست مستندات تُرفع.","","","","غير منطبق ظاهرًا","تطلع على حالة الطلب وتفاصيله المتاحة، ثم تحدد هل توجد خطوة مطلوبة.","","","","وزارة العدل — استعلام عن طلب تنفيذ","https://www.moj.gov.sa/ar/eServices/pages/9bd2e276-3110-4e32-a00e-330de0fec9a4.aspx","2026-09-20","قابلة للتغير","STALE RISK","نظام تنفيذ جديد نُشر في 2026 وسيحل محل النظام السابق بعد 180 يومًا؛ يلزم تثبيت تاريخ النفاذ وخطة تحديث النتيجة.","HIGH","النتيجة تمس الاختصاص أو طريق الاعتراض/التنفيذ أو مدة/رسومًا مؤثرة.","نعم","هل الإجراء الصحيح طلب داخل ملف التنفيذ أم منازعة تنفيذ أم دعوى مستقلة، وما أثر نظام التنفيذ الجديد عند نفاذه؟","NEEDS REVIEW",""
"R-EXEC-REACTIVATE","القضاء والتنفيذ وناجز","Q001: وش صار معك؟ ← عندي طلب تنفيذ أو إجراء تنفيذ → Q040: وش وضع التنفيذ؟ ← عندي طلب تنفيذ قائم → Q041: أنت بأي صفة في التنفيذ؟ ← أنا طالب التنفيذ → Q238: وش تحتاج بصفتك طالب التنفيذ؟ ← انتهت المهلة وأبي إعادة التفعيل → Q047: انتهت المهلة وتبي تفعّل الطلب؟ ← نعم","انتهت مدة الإمهال في طلب التنفيذ وتريد إعادة تفعيل التنفيذ.","استخدم خدمة «طلب إعادة تفعيل طلب تنفيذ بعد انتهاء مدة الإمهال» من طلب التنفيذ، حدد السبب وأرسل الإجراء.","وزارة العدل — قضاء التنفيذ/ناجز.","","طلب إعادة تفعيل طلب تنفيذ بعد انتهاء مدة الإمهال | ناجز | طلب إجراء داخل ملف تنفيذ قائم.","حالة الطلب «تم الإمهال»، انتهاء مدة الإمهال، وأن يكون مقدم الطلب طالب التنفيذ أو ممثله. وإذا تعدد طلاب التنفيذ تشترط الخدمة تقديم الإجراء من جميعهم. صفحة الخدمة الحالية تذكر أنه لا توجد مستندات مطلوبة.","","","رسوم الخدمة الإلكترونية: لا يوجد.","عند الاعتماد تعاد إجراءات/قرارات التنفيذ وفق مسار الخدمة، ويصل إشعار للمستفيد. رسوم الخدمة المنشورة: لا يوجد.","عند الاعتماد تعاد إجراءات/قرارات التنفيذ وفق مسار الخدمة، ويصل إشعار للمستفيد. رسوم الخدمة المنشورة: لا يوجد.","","","","وزارة العدل — طلب إعادة تفعيل طلب تنفيذ بعد انتهاء مدة الإمهال","https://www.moj.gov.sa/ar/eServices/Pages/42bc9d16-70e4-43ad-bb8d-0a8e156ffb72.aspx","2026-09-22","قابلة للتغير","STALE RISK","نظام تنفيذ جديد نُشر في 2026 وسيحل محل النظام السابق بعد 180 يومًا؛ يلزم تثبيت تاريخ النفاذ وخطة تحديث النتيجة.","HIGH","النتيجة تمس الاختصاص أو طريق الاعتراض/التنفيذ أو مدة/رسومًا مؤثرة.","نعم","هل الإجراء الصحيح طلب داخل ملف التنفيذ أم منازعة تنفيذ أم دعوى مستقلة، وما أثر نظام التنفيذ الجديد عند نفاذه؟","NEEDS REVIEW",""
"R-EXEC-SADAD-INVOICE","القضاء والتنفيذ وناجز","Q001: وش صار معك؟ ← عندي طلب تنفيذ أو إجراء تنفيذ → Q040: وش وضع التنفيذ؟ ← عندي طلب تنفيذ قائم → Q041: أنت بأي صفة في التنفيذ؟ ← أنا المنفذ ضده → Q239: وش تحتاج بصفتك المنفذ ضده؟ ← أحتاج سداد / فاتورة / تحويل مبلغ محجوز / رفع 46 → Q328: وش تحتاج في الإجراءات المالية للتنفيذ؟ ← فاتورة سداد","أنت المنفذ ضده وتريد إصدار فاتورة سداد لمبلغ المطالبة في طلب تنفيذ مالي.","من ناجز افتح باقة التنفيذ ثم «طلب إصدار فاتورة سداد»، واختر طلب التنفيذ وأكمل سبب الطلب والبيانات المطلوبة.","وزارة العدل — قضاء التنفيذ/ناجز.","","تقديم طلب تنفيذ | ناجز | طلب تنفيذ جديد لسند تنفيذي.","بحسب دليل وزارة العدل: يوجد مبلغ مطالبة، ومضى يومَا عمل من إحالة الطلب للدائرة، وحالة الطلب قيد التنفيذ أو منفذ جزئيًا، وصدر قرار 34، ولا يوجد طلب إصدار فاتورة سداد حالي أو طلب من النوع نفسه.","نسخة السند التنفيذي، وترجمة إذا لم يكن بالعربية، والمستندات الداعمة/الإجبارية بحسب نوع السند.","","","غير منطبق ظاهرًا","بعد تقديم الطلب تتابع إجراء إصدار الفاتورة في ناجز، ثم تستخدم بيانات السداد التي يصدرها النظام لإتمام الوفاء.","","","","وزارة العدل — تقديم طلب تنفيذ","https://www.moj.gov.sa/ar/eservices/pages/1c719954-3463-4754-85e1-1b319b937b86.aspx","2026-09-22","قابلة للتغير","STALE RISK","نظام تنفيذ جديد نُشر في 2026 وسيحل محل النظام السابق بعد 180 يومًا؛ يلزم تثبيت تاريخ النفاذ وخطة تحديث النتيجة.","HIGH","النتيجة تمس الاختصاص أو طريق الاعتراض/التنفيذ أو مدة/رسومًا مؤثرة.","نعم","هل الإجراء الصحيح طلب داخل ملف التنفيذ أم منازعة تنفيذ أم دعوى مستقلة، وما أثر نظام التنفيذ الجديد عند نفاذه؟","NEEDS REVIEW",""
"R-EXEC-STATUS-CHECK","القضاء والتنفيذ وناجز","Q001: وش صار معك؟ ← عندي طلب تنفيذ أو إجراء تنفيذ → Q040: وش وضع التنفيذ؟ ← عندي طلب تنفيذ قائم → Q041: أنت بأي صفة في التنفيذ؟ ← أبي أعرف وش صار على طلب التنفيذ","عندك طلب تنفيذ وتبي تعرف وش صار عليه.","اقرأ القرارات والإجراءات والحركات المالية ثم اختر الإجراء المناسب.","وزارة العدل — قضاء التنفيذ/ناجز.","","استعلام عن طلب تنفيذ | ناجز | استعلام داخل منظومة التنفيذ، وليس طلب إجراء أو دعوى.","طلب تنفيذ قائم؛ وللتحقق الخارجي رقم الطلب ورمز التحقق.","","","رسوم الخدمة: لا يوجد.","بعد معرفة الحالة انتقل إلى الإجراء المطابق للقرار أو المشكلة الظاهرة في الطلب.","بعد معرفة الحالة يوجّهك الدليل للإجراء التنفيذي الصحيح.","","","","وزارة العدل — استعلام عن طلب تنفيذ","https://www.moj.gov.sa/ar/eServices/pages/9bd2e276-3110-4e32-a00e-330de0fec9a4.aspx","2026-09-22","قابلة للتغير","STALE RISK","نظام تنفيذ جديد نُشر في 2026 وسيحل محل النظام السابق بعد 180 يومًا؛ يلزم تثبيت تاريخ النفاذ وخطة تحديث النتيجة.","HIGH","النتيجة تمس الاختصاص أو طريق الاعتراض/التنفيذ أو مدة/رسومًا مؤثرة.","نعم","هل الإجراء الصحيح طلب داخل ملف التنفيذ أم منازعة تنفيذ أم دعوى مستقلة، وما أثر نظام التنفيذ الجديد عند نفاذه؟","NEEDS REVIEW",""
"R-EXEC-TRANSFER-SEIZED","القضاء والتنفيذ وناجز","Q001: وش صار معك؟ ← عندي طلب تنفيذ أو إجراء تنفيذ → Q040: وش وضع التنفيذ؟ ← عندي طلب تنفيذ قائم → Q041: أنت بأي صفة في التنفيذ؟ ← أنا طالب التنفيذ → Q238: وش تحتاج بصفتك طالب التنفيذ؟ ← تحويل مبلغ محجوز","هناك مبلغ محجوز في حسابات المنفذ ضده وتريد تحويله للوفاء بالمطالبة كليًا أو جزئيًا.","استخدم خدمة «طلب تحويل مبلغ محجوز» من طلب التنفيذ إذا كانت حالة المبلغ والطلب تسمح بذلك؛ الخدمة متاحة لطالب التنفيذ وكذلك للمنفذ ضده بحسب الحالة.","وزارة العدل — قضاء التنفيذ/ناجز.","","طلب تحويل مبلغ محجوز | ناجز | طلب إجراء داخل ملف تنفيذ قائم.","طلب تنفيذ قائم ووجود مبلغ محجوز بالحالة المؤهلة للتحويل، مع استيفاء شروط الخدمة الظاهرة في ناجز.","","","رسوم الخدمة الإلكترونية: لا يوجد. مدة الخدمة المنشورة 7 أيام وليست مهلة سقوط للحق.","بعد تقديم طلب التحويل تتم معالجة المبلغ المحجوز لتنفيذ مضمون الطلب المالي كليًا أو جزئيًا، ثم تظهر الحركة المالية وحالة الطلب في ناجز.","بعد تقديم طلب التحويل تتم معالجة المبلغ المحجوز لتنفيذ مضمون الطلب المالي كليًا أو جزئيًا، ثم تظهر الحركة المالية وحالة الطلب في ناجز.","","","","وزارة العدل — طلب تحويل مبلغ محجوز","https://www.moj.gov.sa/ar/eServices/Pages/9bc63703-4291-4cc6-9615-ac15a3cfce36.aspx","2026-09-22","قابلة للتغير","STALE RISK","نظام تنفيذ جديد نُشر في 2026 وسيحل محل النظام السابق بعد 180 يومًا؛ يلزم تثبيت تاريخ النفاذ وخطة تحديث النتيجة.","HIGH","النتيجة تمس الاختصاص أو طريق الاعتراض/التنفيذ أو مدة/رسومًا مؤثرة.","نعم","هل الإجراء الصحيح طلب داخل ملف التنفيذ أم منازعة تنفيذ أم دعوى مستقلة، وما أثر نظام التنفيذ الجديد عند نفاذه؟","NEEDS REVIEW",""
"R-EXEC-WAIT-GRACE","القضاء والتنفيذ وناجز","Q001: وش صار معك؟ ← عندي طلب تنفيذ أو إجراء تنفيذ → Q040: وش وضع التنفيذ؟ ← عندي طلب تنفيذ قائم → Q041: أنت بأي صفة في التنفيذ؟ ← أنا طالب التنفيذ → Q238: وش تحتاج بصفتك طالب التنفيذ؟ ← انتهت المهلة وأبي إعادة التفعيل → Q047: انتهت المهلة وتبي تفعّل الطلب؟ ← لا / المهلة ما انتهت","يوجد إمهال قائم ولم تنته مدته بعد.","من ناجز > التنفيذ افتح الطلب وراقب حالة الإمهال وتاريخها وأي إشعار جديد. تحرك عند تغير الحالة أو انتهاء المهلة المسجلة في الطلب.","وزارة العدل — قضاء التنفيذ/ناجز.","","طلب إمهال - تأجيل السند التنفيذي | ناجز | طلب إجراء داخل ملف تنفيذ قائم.","رقم الطلب + حالة الإمهال + التاريخ الظاهر + آخر إشعار.","لا توجد مستندات مطلوبة بحسب صفحة الخدمة الحالية.","","","غير منطبق ظاهرًا","بعد انتهاء الإمهال أو تغير الحالة تظهر لك المرحلة أو الإجراءات المتاحة بحسب وضع الطلب.","","","","وزارة العدل — طلب إمهال - تأجيل السند التنفيذي","https://www.moj.gov.sa/ar/eServices/Pages/a7eef02b-d9ad-4d3f-9ad0-7b9a67399313.aspx","2026-09-20","قابلة للتغير","STALE RISK","نظام تنفيذ جديد نُشر في 2026 وسيحل محل النظام السابق بعد 180 يومًا؛ يلزم تثبيت تاريخ النفاذ وخطة تحديث النتيجة.","HIGH","النتيجة تمس الاختصاص أو طريق الاعتراض/التنفيذ أو مدة/رسومًا مؤثرة.","نعم","هل الإجراء الصحيح طلب داخل ملف التنفيذ أم منازعة تنفيذ أم دعوى مستقلة، وما أثر نظام التنفيذ الجديد عند نفاذه؟","NEEDS REVIEW",""
"R-EXECUTION-ROUTE-CHECK","القضاء والتنفيذ وناجز","Q001: وش صار معك؟ ← عندي طلب تنفيذ أو إجراء تنفيذ → Q040: وش وضع التنفيذ؟ ← عندي طلب تنفيذ قائم → Q041: أنت بأي صفة في التنفيذ؟ ← ما أعرف صفتي في طلب التنفيذ","تفاصيل طلب التنفيذ غير واضحة لك، لذلك لا يصح اختيار إجراء بالحدس.","افتح الطلب في ناجز وخذ لقطة مكتوبة لثلاثة أشياء: صفتك، نوع السند، وآخر قرار. ثم ارجع للمسار.","وزارة العدل — قضاء التنفيذ/ناجز.","","التحقق من بيانات طلب التنفيذ القائم | ناجز | تحقق قبل اختيار إجراء التنفيذ","طلب تنفيذ قائم؛ وللتحقق الخارجي رقم الطلب ورمز التحقق.","صورة من صفحة تفاصيل الطلب دون مشاركة بياناتك الشخصية.","","رسوم الخدمة: لا يوجد.","بعد معرفة الحالة انتقل إلى الإجراء المطابق للقرار أو المشكلة الظاهرة في الطلب.","بعد معرفة الحالة يوجّهك الدليل للإجراء التنفيذي الصحيح.","","","","وزارة العدل — استعلام عن طلب تنفيذ","https://www.moj.gov.sa/ar/eServices/pages/9bd2e276-3110-4e32-a00e-330de0fec9a4.aspx","2026-09-23","قابلة للتغير","STALE RISK","نظام تنفيذ جديد نُشر في 2026 وسيحل محل النظام السابق بعد 180 يومًا؛ يلزم تثبيت تاريخ النفاذ وخطة تحديث النتيجة.","HIGH","النتيجة تمس الاختصاص أو طريق الاعتراض/التنفيذ أو مدة/رسومًا مؤثرة.","نعم","هل الإجراء الصحيح طلب داخل ملف التنفيذ أم منازعة تنفيذ أم دعوى مستقلة، وما أثر نظام التنفيذ الجديد عند نفاذه؟","NEEDS REVIEW",""
"R-JUDGMENT-APPEAL-STATUS","القضاء والتنفيذ وناجز","Q001: وش صار معك؟ ← صدر حكم → Q030: وش وضع الحكم؟ ← صدر حكم استئناف → Q035: وش تبي تسوي في مرحلة الاستئناف؟ ← أبي أتابع نتيجة الاستئناف فقط","الحكم أو الاعتراض في مرحلة الاستئناف وتريد متابعة النتيجة.","في ناجز افتح القضية وراجع حالة الاعتراض وآخر إجراء وأي طلب من الدائرة. لا تكرر تقديم اعتراض على المرحلة نفسها ما دام الطلب قائمًا.","المحكمة أو الجهة القضائية المختصة بحسب نوع الدعوى والمرحلة المبينة في النتيجة.","محكمة الاستئناف","متابعة طلب الاعتراض على الحكم | ناجز | متابعة اعتراض قائم","رقم القضية + الحكم + حالة الاعتراض + آخر إشعار.","لا مستندات جديدة لمجرد متابعة الحالة.","المتابعة مستمرة بعد تقديم الاعتراض؛ رحلة القضية تذكر الإحالة للاستئناف بعد انتهاء المدة الاعتراضية.","لا رسوم مستقلة لمجرد متابعة حالة طلب سبق تقديمه.","عند صدور حكم أو قرار الاستئناف تنتقل للمرحلة التي يحددها الحكم وحالته.","عند صدور حكم أو قرار الاستئناف تنتقل للمرحلة التي يحددها الحكم وحالته.","","","","وزارة العدل — رحلة القضية في وزارة العدل","https://www.moj.gov.sa/ar/Ministry/Pages/CaseTripInMOJ.aspx","2026-09-20","قابلة للتغير","PARTIALLY VERIFIED","المصدر رسمي لكنه لا يثبت آليًا جميع عناصر الاختصاص/المدة/الرسوم المركبة في النتيجة.","HIGH","النتيجة تمس الاختصاص أو طريق الاعتراض/التنفيذ أو مدة/رسومًا مؤثرة.","نعم","ما مقدار المدة وبدايتها ونهايتها والاستثناءات وأثر فواتها وفق النص المطبق على هذه الحالة؟","NEEDS REVIEW",""
"R-JUDGMENT-CASSATION","القضاء والتنفيذ وناجز","Q001: وش صار معك؟ ← صدر حكم → Q030: وش وضع الحكم؟ ← صدر حكم استئناف → Q035: وش تبي تسوي في مرحلة الاستئناف؟ ← أبي أطلب نقض إذا كان الحكم قابلًا له → Q037: وش تبي تسوي بعد حكم الاستئناف؟ ← أريد تقديم طلب نقض والحكم قابل للنقض","لديك حكم استئناف وتقول إن حالته تسمح بطلب النقض.","استخدم مسار «طلب النقض» من القضية في ناجز إذا استوفت الحالة شروطه.","المحكمة أو الجهة القضائية المختصة بحسب نوع الدعوى والمرحلة المبينة في النتيجة.","","طلب النقض | ناجز | اعتراض/بوابة قرار قضائية","للتقييم الإجرائي راجع حكم الاستئناف وحالة القضية وبيانات طلب النقض التي تظهر في ناجز. صياغة أسباب النقض أو لائحته تحتاج تقييمًا قانونيًا بحسب الحالة.","صفحة الخدمة الحالية تقول لا توجد مستندات مطلوبة، مع إدخال بيانات الطلب؛ رحلة القضية تذكر اللائحة والمستندات الداعمة بحسب السياق.","30 يومًا للنقض، و15 يومًا للأحكام المستعجلة وفق المادة 194.","طلب النقض يخضع للتكاليف القضائية عند انطباق النظام؛ لا نكرر مبلغًا دون تحقق مستقل في هذه الدفعة.","يحال الطلب للمحكمة العليا وفق الإجراء وتظهر النتيجة في ناجز.","يحال الطلب للمحكمة العليا وفق الإجراء وتظهر النتيجة في ناجز.","","","","وزارة العدل — طلب النقض","https://www.moj.gov.sa/ar/eServices/pages/aee148d0-b7f7-43eb-b1cf-8eabf4d8b10d.aspx","2026-09-20","قابلة للتغير","PARTIALLY VERIFIED","المصدر رسمي لكنه لا يثبت آليًا جميع عناصر الاختصاص/المدة/الرسوم المركبة في النتيجة.","HIGH","النتيجة تمس الاختصاص أو طريق الاعتراض/التنفيذ أو مدة/رسومًا مؤثرة.","نعم","ما مقدار المدة وبدايتها ونهايتها والاستثناءات وأثر فواتها وفق النص المطبق على هذه الحالة؟","NEEDS REVIEW",""
"R-JUDGMENT-CHECK-STAGE","القضاء والتنفيذ وناجز","Q001: وش صار معك؟ ← وصلني شيء في ناجز → Q020: وش وصلك في ناجز؟ ← ما أعرف وش نوع اللي وصلني → QD09: وش اللي مو واضح لك في ناجز أو القضية؟ ← ما أعرف مرحلة القضية","عندك حكم لكن المرحلة غير واضحة.","افتح الحكم في ناجز وحدد هل هو درجة أولى أو استئناف أو مرتبط بقرار من المحكمة العليا.","المحكمة أو الجهة القضائية المختصة بحسب نوع الدعوى والمرحلة المبينة في النتيجة.","","تحديد مرحلة الحكم | ناجز | بوابة قرار للاعتراض","لتحديد المرحلة راجع بيانات الحكم واسم المحكمة أو الدرجة الظاهرة في ناجز. هذه معلومات تحقق لتوجيه المسار وليست قائمة مستندات لتقديم طلب جديد.","الحكم نفسه.","المدد الاعتراضية نظامية وتختلف حسب الطريق؛ لا تُستنتج من SLA.","التكاليف تختلف حسب طريق الاعتراض؛ لا مبلغ موحد للبوابة.","بعد تحديد المرحلة نوجهك للاعتراض أو النقض أو التنفيذ أو المتابعة.","بعد تحديد المرحلة نوجهك للاعتراض أو النقض أو التنفيذ أو المتابعة.","","","","وزارة العدل — رحلة القضية في وزارة العدل","https://www.moj.gov.sa/ar/Ministry/Pages/CaseTripInMOJ.aspx","2026-09-20","قابلة للتغير","PROCEDURAL GUIDANCE","المصدر الرسمي يصف خدمة أو قناة تقديم؛ التفاصيل التشغيلية قابلة للتغيير.","HIGH","النتيجة تمس الاختصاص أو طريق الاعتراض/التنفيذ أو مدة/رسومًا مؤثرة.","نعم","ما مقدار المدة وبدايتها ونهايتها والاستثناءات وأثر فواتها وفق النص المطبق على هذه الحالة؟","NEEDS REVIEW",""
"R-JUDGMENT-COPY","القضاء والتنفيذ وناجز","Q001: وش صار معك؟ ← صدر حكم → Q030: وش وضع الحكم؟ ← أحتاج إجراءً على الحكم نفسه: تصحيح / تفسير / نسخة → Q323: وش تحتاج بخصوص الحكم نفسه؟ ← أحتاج نسخة الحكم / الصك","تحتاج الوصول إلى نسخة الحكم أو الصك الصادر في قضيتك.","افتح القضية أو الأحكام في ناجز وتحقق من الحكم الصادر وخيارات عرضه أو تنزيله المتاحة لحسابك.","المحكمة أو الجهة القضائية المختصة بحسب نوع الدعوى والمرحلة المبينة في النتيجة.","","الاطلاع على الحكم إلكترونيًا | ناجز | اطلاع على حكم","بيانات الدخول إلى ناجز والقضية أو الحكم المعني.","لا مستند مستقل لمجرد الاطلاع على الحكم في الحساب.","تاريخ تسليم/تبليغ الحكم قد يؤثر في مدد الاعتراض؛ لذلك يجب عدم تأخير مراجعة الحكم.","لا رسوم مستقلة لمجرد الاطلاع الإلكتروني على الحكم وفق رحلة القضية.","تستطيع استخدام النسخة المتاحة لمراجعة الحكم، ثم تنتقل لمسار الاعتراض أو التنفيذ بحسب حالته.","تستطيع استخدام النسخة المتاحة لمراجعة الحكم، ثم تنتقل لمسار الاعتراض أو التنفيذ بحسب حالته.","","","","وزارة العدل — رحلة القضية في وزارة العدل","https://www.moj.gov.sa/ar/Ministry/Pages/CaseTripInMOJ.aspx","2026-09-21","قابلة للتغير","PROCEDURAL GUIDANCE","المصدر الرسمي يصف خدمة أو قناة تقديم؛ التفاصيل التشغيلية قابلة للتغيير.","HIGH","النتيجة تمس الاختصاص أو طريق الاعتراض/التنفيذ أو مدة/رسومًا مؤثرة.","نعم","ما مقدار المدة وبدايتها ونهايتها والاستثناءات وأثر فواتها وفق النص المطبق على هذه الحالة؟","NEEDS REVIEW",""
"R-JUDGMENT-CORRECTION","القضاء والتنفيذ وناجز","Q001: وش صار معك؟ ← صدر حكم → Q030: وش وضع الحكم؟ ← أحتاج إجراءً على الحكم نفسه: تصحيح / تفسير / نسخة → Q323: وش تحتاج بخصوص الحكم نفسه؟ ← في الحكم خطأ وأحتاج تصحيحه","صدر حكم وفيه خطأ مادي بحت: كتابي أو حسابي. التصحيح هنا لا يعيد بحث أصل النزاع ولا يغيّر ما قضى به الحكم موضوعيًا.","استخدم خدمة وزارة العدل «طلب تصحيح الحكم أو تفسيره» من القضية في ناجز، واختر الحكم وحدد موضع الخطأ المادي. المادة 171 تجيز للمحكمة تصحيح الخطأ المادي الكتابي أو الحسابي، وصفحة الخدمة الحالية تعرض رسومًا قدرها 2,000 ريال.","المحكمة أو الجهة القضائية المختصة بحسب نوع الدعوى والمرحلة المبينة في النتيجة.","","طلب تصحيح الحكم أو تفسيره | ناجز | طلب داخل قضية قائمة","بحسب صفحة الخدمة: لا توجد مستندات مطلوبة. إذا كان مقدم الطلب وكيلاً فتشترط وكالة سارية تتضمن بند المرافعة، وإذا كان وليًا فصك ولاية ساري. وتقبل الخدمة الحكم سواء كان قطعيًا أو لم يكتسب القطعية.","لا نضيف مستندًا إلزاميًا غير منشور في الصفحة؛ يوضح الخطأ وبيانات الحكم في الطلب.","مدة تنفيذ الخدمة المنشورة يوم واحد؛ ليست مهلة اعتراض.","رسوم الخدمة الحالية 2000 ريال سعودي.","يصلك رقم الطلب برسالة نصية. إذا صدر قرار بالتصحيح جاز الاعتراض عليه استقلالًا بطرق الاعتراض الجائزة؛ وإذا رفضت المحكمة التصحيح فيكون الاعتراض على الرفض مع الاعتراض على الحكم نفسه وفق المادة 172.","يصلك رقم الطلب برسالة نصية. إذا صدر قرار بالتصحيح جاز الاعتراض عليه استقلالًا بطرق الاعتراض الجائزة؛ وإذا رفضت المحكمة التصحيح فيكون الاعتراض على الرفض مع الاعتراض على الحكم نفسه وفق المادة 172.","نظام المرافعات الشرعية","","نظام المرافعات الشرعية — المادتان 171–172","وزارة العدل — طلب تصحيح الحكم أو تفسيره","https://www.moj.gov.sa/ar/eservices/pages/3f275eb8-cf00-4a70-9e1d-e7aa2256bd75.aspx","2026-09-22","قابلة للتغير","PARTIALLY VERIFIED","المصدر رسمي لكنه لا يثبت آليًا جميع عناصر الاختصاص/المدة/الرسوم المركبة في النتيجة.","HIGH","النتيجة تمس الاختصاص أو طريق الاعتراض/التنفيذ أو مدة/رسومًا مؤثرة.","نعم","ما مقدار المدة وبدايتها ونهايتها والاستثناءات وأثر فواتها وفق النص المطبق على هذه الحالة؟","NEEDS REVIEW",""
"R-JUDGMENT-INTERPRET","القضاء والتنفيذ وناجز","Q001: وش صار معك؟ ← صدر حكم → Q030: وش وضع الحكم؟ ← أحتاج إجراءً على الحكم نفسه: تصحيح / تفسير / نسخة → Q323: وش تحتاج بخصوص الحكم نفسه؟ ← منطوق الحكم غير واضح وأحتاج تفسيره","منطوق الحكم نفسه فيه غموض أو لبس وتحتاج تفسيرًا رسميًا من المحكمة التي أصدرته.","استخدم خدمة وزارة العدل «طلب تصحيح الحكم أو تفسيره» من القضية في ناجز، واختر الحكم وحدد موضع الغموض في المنطوق. المادة 173 تجيز للخصوم طلب تفسير ما وقع في منطوق الحكم من غموض أو لبس. صفحة الخدمة الحالية تعرض رسومًا قدرها 2,000 ريال.","المحكمة أو الجهة القضائية المختصة بحسب نوع الدعوى والمرحلة المبينة في النتيجة.","","طلب تصحيح الحكم أو تفسيره | ناجز | طلب داخل قضية قائمة","بحسب صفحة الخدمة: لا توجد مستندات مطلوبة. للوكيل وكالة سارية تتضمن بند المرافعة، وللولي صك ولاية ساري. وتقبل الخدمة الحكم سواء كان قطعيًا أو لم يكتسب القطعية.","لا نثبت مستندًا إلزاميًا غير ظاهر في صفحة الخدمة.","مدة تنفيذ الخدمة المنشورة يوم واحد؛ ليست مهلة اعتراض.","رسوم الخدمة الحالية 2000 ريال سعودي.","الحكم الصادر بالتفسير يعد متممًا للحكم الأصلي، وتسري عليه القواعد الخاصة بطرق الاعتراض على الحكم الأصلي وفق المادة 174. ويصلك رقم الطلب لمتابعته داخل القضية.","الحكم الصادر بالتفسير يعد متممًا للحكم الأصلي، وتسري عليه القواعد الخاصة بطرق الاعتراض على الحكم الأصلي وفق المادة 174. ويصلك رقم الطلب لمتابعته داخل القضية.","نظام المرافعات الشرعية","","نظام المرافعات الشرعية — المادتان 173–174","وزارة العدل — طلب تصحيح الحكم أو تفسيره","https://www.moj.gov.sa/ar/eservices/pages/3f275eb8-cf00-4a70-9e1d-e7aa2256bd75.aspx","2026-09-22","قابلة للتغير","PARTIALLY VERIFIED","المصدر رسمي لكنه لا يثبت آليًا جميع عناصر الاختصاص/المدة/الرسوم المركبة في النتيجة.","HIGH","النتيجة تمس الاختصاص أو طريق الاعتراض/التنفيذ أو مدة/رسومًا مؤثرة.","نعم","ما مقدار المدة وبدايتها ونهايتها والاستثناءات وأثر فواتها وفق النص المطبق على هذه الحالة؟","NEEDS REVIEW",""
"R-JUDGMENT-NO-EXEC","القضاء والتنفيذ وناجز","Q001: وش صار معك؟ ← صدر حكم → Q030: وش وضع الحكم؟ ← صدر حكم درجة أولى → Q032: وش تبي تسوي بالحكم؟ ← أبي أنفذ الحكم → Q036: وش ظاهر لك عند الحكم بخصوص التنفيذ؟ ← ظاهر لي أن التنفيذ غير متاح الآن","الحكم بحسب المعلومات الحالية لا يظهر قابلًا للتنفيذ الآن.","افتح القضية والحكم في ناجز وتحقق من حالته. إذا كان الحكم غير قابل للتنفيذ فلا تنشئ طلب تنفيذ؛ استخدم طريق الاعتراض المتاح في القضية إن كان ما زال متاحًا.","المحكمة أو الجهة القضائية المختصة بحسب نوع الدعوى والمرحلة المبينة في النتيجة.","","الحكم غير قابل للتنفيذ في مرحلته الحالية | ناجز | اعتراض/بوابة قرار قضائية","رقم القضية + نسخة الحكم + حالة الحكم في ناجز + تاريخ التبليغ.","الحكم نفسه وبيانات حالته.","لا توجد مدة موحدة لهذه البوابة؛ تتبع المدد الاعتراضية ذات الصلة.","لا رسوم لمجرد فحص الحالة.","وزارة العدل توضح أن الحكم القابل للتنفيذ ينتقل لاستكمال متطلبات طلب التنفيذ، أما غير القابل للتنفيذ فتُستكمل مرحلته القضائية بحسب حالته.","وزارة العدل توضح أن الحكم القابل للتنفيذ ينتقل لاستكمال متطلبات طلب التنفيذ، أما غير القابل للتنفيذ فتُستكمل مرحلته القضائية بحسب حالته.","","","","وزارة العدل — رحلة القضية في وزارة العدل","https://www.moj.gov.sa/ar/Ministry/Pages/CaseTripInMOJ.aspx","2026-09-20","قابلة للتغير","STALE RISK","نظام تنفيذ جديد نُشر في 2026 وسيحل محل النظام السابق بعد 180 يومًا؛ يلزم تثبيت تاريخ النفاذ وخطة تحديث النتيجة.","HIGH","النتيجة تمس الاختصاص أو طريق الاعتراض/التنفيذ أو مدة/رسومًا مؤثرة.","نعم","هل الإجراء الصحيح طلب داخل ملف التنفيذ أم منازعة تنفيذ أم دعوى مستقلة، وما أثر نظام التنفيذ الجديد عند نفاذه؟","NEEDS REVIEW",""
"R-JUDGMENT-OMITTED-REQUEST","القضاء والتنفيذ وناجز","Q001: وش صار معك؟ ← صدر حكم → Q030: وش وضع الحكم؟ ← أحتاج إجراءً على الحكم نفسه: تصحيح / تفسير / نسخة → Q323: وش تحتاج بخصوص الحكم نفسه؟ ← قدمت طلبًا في القضية والحكم ما فصل فيه أصلًا","قدمت طلبًا موضوعيًا في القضية، لكن الحكم لم يفصل فيه أصلًا.","اطلب من المحكمة التي أصدرت الحكم الفصل في الطلب الموضوعي الذي أغفلته؛ المادة 175 تنظم هذا المسار.","المحكمة أو الجهة القضائية المختصة بحسب نوع الدعوى والمرحلة المبينة في النتيجة.","","طلب الفصل في طلب موضوعي أغفل الحكم الفصل فيه | طلب/إجراء داخل قضية قائمة","راجع صحيفة الدعوى والمذكرات والحكم وحدد الطلب الذي طُرح ولم يفصل فيه. لا يوجد هنا اسم خدمة ناجز مستقلة مثبتة من المصدر الرسمي الذي تم التحقق منه.","الحكم وبيانات/مذكرة الطلب الموضوعي السابق.","المادة 175 لا تضع مدة رقمية خاصة لهذا الطلب.","لا مبلغ موحد مثبت لهذه النتيجة.","تنظر المحكمة الطلب المغفل وفق الإجراءات المعتادة ثم تحكم فيه.","تنظر المحكمة الطلب المغفل وفق الإجراءات المعتادة ثم تحكم فيه.","نظام المرافعات الشرعية","","نظام المرافعات الشرعية — المادة 175","هيئة الخبراء بمجلس الوزراء — نظام المرافعات الشرعية","https://laws.boe.gov.sa/BoeLaws/Laws/LawDetails/f0eaae46-9f84-40ee-815e-a9a700f268b3/1","2026-09-22","ثابتة نظاميًا نسبيًا","PARTIALLY VERIFIED","يوجد تدقيق تفصيلي ورابط لنص نظامي رسمي، لكن هذا النص بعينه لم يُعد فتحه ومطابقة جميع ادعاءات النتيجة في هذه المرحلة.","HIGH","النتيجة تمس الاختصاص أو طريق الاعتراض/التنفيذ أو مدة/رسومًا مؤثرة.","نعم","ما مقدار المدة وبدايتها ونهايتها والاستثناءات وأثر فواتها وفق النص المطبق على هذه الحالة؟","NEEDS REVIEW",""
"R-JUDGMENT-OPPONENT-APPEAL","القضاء والتنفيذ وناجز","Q001: وش صار معك؟ ← صدر حكم → Q030: وش وضع الحكم؟ ← صدر حكم درجة أولى → Q032: وش تبي تسوي بالحكم؟ ← الطرف الآخر اعترض وأنا أبي أعرف وش أسوي → Q206: مطلوب منك رد أو مذكرة؟ ← لا، فقط ظهر اعتراض الطرف الآخر","الطرف الآخر قدم اعتراضًا على الحكم.","راجع اعتراض الخصم داخل القضية، وقدّم ردك من مسار المذكرات المتاح أو عند طلب الدائرة. لا ترفع استئنافًا جديدًا إلا إذا كنت تريد الاعتراض بنفسك وما زالت مهلتك قائمة.","المحكمة أو الجهة القضائية المختصة بحسب نوع الدعوى والمرحلة المبينة في النتيجة.","","الاعتراض على الحكم | ناجز | دعوى جديدة أو طلب داخل قضية أو اعتراض بحسب المرحلة المبينة.","للمتابعة تحتاج رقم القضية وحالة طلب الاعتراض وأي طلب صادر من الدائرة. هذه معلومات متابعة للقضية وليست مستندات تقديم جديدة، إلا إذا طلبت المحكمة منك مذكرة أو مرفقًا.","","","إذا كان طلب الاستئناف خاضعًا لنظام التكاليف القضائية: 5,000 ريال وفق المادة السادسة من اللائحة التنفيذية، مع مراعاة الاستثناءات والإعفاءات.","تنتقل القضية في مسار الاستئناف وفق حالة الاعتراض.","تنتقل القضية في مسار الاستئناف وفق حالة الاعتراض.","","","","وزارة العدل — رحلة القضية في وزارة العدل","https://www.moj.gov.sa/ar/Ministry/Pages/CaseTripInMOJ.aspx","2026-09-20","قابلة للتغير","PARTIALLY VERIFIED","المصدر رسمي لكنه لا يثبت آليًا جميع عناصر الاختصاص/المدة/الرسوم المركبة في النتيجة.","HIGH","النتيجة تمس الاختصاص أو طريق الاعتراض/التنفيذ أو مدة/رسومًا مؤثرة.","نعم","ما مقدار المدة وبدايتها ونهايتها والاستثناءات وأثر فواتها وفق النص المطبق على هذه الحالة؟","NEEDS REVIEW",""
"R-JUDGMENT-RECONSIDERATION-REVIEW","القضاء والتنفيذ وناجز","Q001: وش صار معك؟ ← صدر حكم → Q030: وش وضع الحكم؟ ← صدر حكم درجة أولى → Q032: وش تبي تسوي بالحكم؟ ← أفكر بالتماس إعادة النظر → Q038: تبي التماس إعادة نظر؟ ← نعم","تفكر في التماس إعادة النظر بعد الحكم.","قارن سببك أولًا بحالات التماس إعادة النظر النظامية. إذا انطبق سبب، يُرفع الالتماس بصحيفة لدى المحكمة التي أصدرت الحكم، مع بيان الحكم ورقمه وتاريخه وسبب الالتماس.","المحكمة أو الجهة القضائية المختصة بحسب نوع الدعوى والمرحلة المبينة في النتيجة.","","التماس إعادة النظر | ناجز | دعوى جديدة أو طلب داخل قضية أو اعتراض بحسب المرحلة المبينة.","الحكم النهائي + رقمه وتاريخه + سبب الالتماس + ما يثبت السبب أو تاريخ العلم به بحسب الحالة.","","","إذا كان الطلب خاضعًا لنظام التكاليف القضائية: 10,000 ريال لطلب التماس إعادة النظر وفق المادة السادسة من اللائحة التنفيذية، مع مراعاة الاستثناءات والإعفاءات. ويُمهل طالب الالتماس 30 يومًا من تاريخ قيد الطلب لسداد التكاليف المحددة وفق المادة 12 من النظام؛ وهذه مهلة سداد مستقلة عن مهلة تقديم الالتماس.","تفصل المحكمة أولًا في قبول الالتماس؛ وإذا قُبل تنظر الدعوى. رفع الالتماس وحده لا يوقف تنفيذ الحكم، لكن يمكن طلب وقف التنفيذ عند توافر شروطه.","تفصل المحكمة أولًا في قبول الالتماس؛ وإذا قُبل تنظر الدعوى. رفع الالتماس وحده لا يوقف تنفيذ الحكم، لكن يمكن طلب وقف التنفيذ عند توافر شروطه.","","","","وزارة العدل — التماس إعادة النظر","https://www.moj.gov.sa/ar/eServices/pages/34a53f98-57e0-4f8b-9bad-78a095ebae4b.aspx","2026-09-20","قابلة للتغير","PARTIALLY VERIFIED","المصدر رسمي لكنه لا يثبت آليًا جميع عناصر الاختصاص/المدة/الرسوم المركبة في النتيجة.","HIGH","النتيجة تمس الاختصاص أو طريق الاعتراض/التنفيذ أو مدة/رسومًا مؤثرة.","نعم","ما مقدار المدة وبدايتها ونهايتها والاستثناءات وأثر فواتها وفق النص المطبق على هذه الحالة؟","NEEDS REVIEW",""
"R-JUDGMENT-SUPREME-STATUS","القضاء والتنفيذ وناجز","Q001: وش صار معك؟ ← صدر حكم → Q030: وش وضع الحكم؟ ← صدر قرار من المحكمة العليا أو نُقض الحكم وأعيدت القضية","لديك قرار من المحكمة العليا أو مرحلة لاحقة لنقض الحكم، ولا تكفي هذه العبارة وحدها لتحديد الإجراء التالي.","حدّد من منطوق القرار: رفض/عدم قبول/تأييد، أو نقض وإعادة، أو حكم في الموضوع. عند الإعادة تابع القضية لدى المحكمة المحال إليها، ولا تفترض طريق اعتراض جديد قبل معرفة الحكم اللاحق وحالته.","المحكمة أو الجهة القضائية المختصة بحسب نوع الدعوى والمرحلة المبينة في النتيجة.","المحكمة العليا","متابعة طلب النقض | ناجز | متابعة نقض قائم","للتعرّف على المسار التالي راجع قرار المحكمة العليا كاملًا ومنطوقه وحالة القضية الحالية في ناجز وأي حكم صدر بعد الإحالة. هذه معلومات تحقق وليست متطلبات تقديم لخدمة واحدة.","لا مستندات جديدة لمجرد متابعة حالة الطلب.","المتابعة بعد تقديم النقض؛ رحلة القضية تذكر الإحالة للمحكمة العليا بعد انتهاء المدة الاعتراضية.","لا رسوم مستقلة لمجرد متابعة طلب قائم.","يتحدد المسار بعد قراءة منطوق القرار: متابعة الإحالة، أو التحقق من حكم لاحق وطريق الاعتراض المتاح، أو التعامل مع حكم المحكمة العليا في الموضوع بحسب حالته.","يتحدد المسار بعد قراءة منطوق القرار: متابعة الإحالة، أو التحقق من حكم لاحق وطريق الاعتراض المتاح، أو التعامل مع حكم المحكمة العليا في الموضوع بحسب حالته.","","","","وزارة العدل — رحلة القضية في وزارة العدل","https://www.moj.gov.sa/ar/Ministry/Pages/CaseTripInMOJ.aspx","2026-09-20","قابلة للتغير","PARTIALLY VERIFIED","المصدر رسمي لكنه لا يثبت آليًا جميع عناصر الاختصاص/المدة/الرسوم المركبة في النتيجة.","HIGH","النتيجة تمس الاختصاص أو طريق الاعتراض/التنفيذ أو مدة/رسومًا مؤثرة.","نعم","ما مقدار المدة وبدايتها ونهايتها والاستثناءات وأثر فواتها وفق النص المطبق على هذه الحالة؟","NEEDS REVIEW",""
"R-LABOR-WAGE-DIRECT-EXEC","القضاء والتنفيذ وناجز","Q001: وش صار معك؟ ← مشكلة عمل أو راتب أو فصل → Q050: أنت تشتغل عند مين؟ ← شركة أو مؤسسة في القطاع الخاص → Q054: وش صفتك أو وش الخدمة العمالية اللي تحتاجها؟ ← أنا العامل → Q055: وش موضوع الخلاف؟ ← راتب متأخر أو غير مدفوع → Q295: راتبك متأخر: هل عقدك في قوى على نموذج عقد العمل التنفيذي وله رقم تنفيذ؟ ← نعم، العقد تنفيذي وله رقم تنفيذ","راتبك متأخر ولديك عقد تنفيذي موثق في قوى وله رقم تنفيذ.","ناجز ← التنفيذ ← تقديم طلب تنفيذ، ثم استكمل البيانات.","وزارة الموارد البشرية للتسوية الودية ثم المحكمة العمالية عند تعذر الصلح.","المحكمة العمالية","فحص هل مطالبة الأجر قابلة للتنفيذ مباشرة | ناجز | بوابة قرار: سند تنفيذي أم نزاع عمالي","عقد تنفيذي موثق في قوى ورقم تنفيذ للعقد؛ ويتم التحقق إلكترونيًا من الأجر عبر مدد.","السند إن وجد؛ وإلا عقد العمل/إثبات العلاقة ومستندات الأجر.","عند عدم وجود سند: مدة التسوية المهنية 21 يوم عمل من أول جلسة.","التسوية المهنية مجانية وفق HRSD؛ لا تكلفة قضائية موحدة مثبتة لهذه النتيجة.","بعد قبول الطلب يُشعر صاحب العمل، وله خمسة أيام للاعتراض أو السداد.","بعد قبول الطلب يُشعر صاحب العمل، وله خمسة أيام للاعتراض أو السداد.","","","","وزارة الموارد البشرية والتنمية الاجتماعية — التسوية الودية للخلافات العمالية","https://www.hrsd.gov.sa/ministry-services/services/269970","2026-09-21","قابلة للتغير","STALE RISK","نظام تنفيذ جديد نُشر في 2026 وسيحل محل النظام السابق بعد 180 يومًا؛ يلزم تثبيت تاريخ النفاذ وخطة تحديث النتيجة.","HIGH","النتيجة تمس الاختصاص أو طريق الاعتراض/التنفيذ أو مدة/رسومًا مؤثرة.","نعم","هل الإجراء الصحيح طلب داخل ملف التنفيذ أم منازعة تنفيذ أم دعوى مستقلة، وما أثر نظام التنفيذ الجديد عند نفاذه؟","NEEDS REVIEW",""
"R-LAWYER-JUDGMENT-STRATEGY","القضاء والتنفيذ وناجز","Q001: وش صار معك؟ ← صدر حكم → Q030: وش وضع الحكم؟ ← صدر حكم درجة أولى → Q032: وش تبي تسوي بالحكم؟ ← أبي أعرف هل الحكم صحيح أو هل أستأنف → Q039: سؤالك عن صحة الحكم أو فرصك؟ ← نعم، أبي تقييم الحكم أو فرص الاعتراض أو الدفوع","سؤالك ليس فقط «ما الإجراء؟» بل هل الحكم صحيح أو هل تستأنف وما الدفوع.","اعرض الحكم وملف القضية على محامٍ مرخص لتقييم فرص الاعتراض وأسبابه.","الجهة القضائية أو الرسمية المحددة في المصدر المرتبط بالنتيجة.","","دعوى جديدة أو طلب قضائي بحسب الحالة المحددة في النتيجة؛ لا يُستخدم كطلب داخل قضية/تنفيذ إلا إذا نصت النتيجة على ذلك.","للتقييم القانوني جهّز الحكم والمذكرات والمستندات والتواريخ ذات الصلة. هذه مواد للمختص وليست متطلبات تقديم حكومية.","","","","المختص يحدد الاستراتيجية القانونية، بينما المحرك يبقى للإجراء فقط.","المختص يحدد الاستراتيجية القانونية، بينما المحرك يبقى للإجراء فقط.","","","","وزارة العدل — الاعتراض على الحكم","https://www.moj.gov.sa/ar/eServices/Pages/cba332a0-28b8-4ce0-ab00-ef4ddeb9ab64.aspx","2026-09-20","قابلة للتغير","STALE RISK","نظام تنفيذ جديد نُشر في 2026 وسيحل محل النظام السابق بعد 180 يومًا؛ يلزم تثبيت تاريخ النفاذ وخطة تحديث النتيجة.","HIGH","النتيجة تمس الاختصاص أو طريق الاعتراض/التنفيذ أو مدة/رسومًا مؤثرة.","نعم","ما مقدار المدة وبدايتها ونهايتها والاستثناءات وأثر فواتها وفق النص المطبق على هذه الحالة؟","NEEDS REVIEW",""
"R-MONEY-EXEC-APPLY","القضاء والتنفيذ وناجز","Q001: وش صار معك؟ ← عندي طلب تنفيذ أو إجراء تنفيذ → Q040: وش وضع التنفيذ؟ ← أبغى أقدم تنفيذ لأول مرة → Q204: وش معك للتنفيذ؟ ← تنفيذ مالي أو نفقة أو صداق","عندك سند/حكم وتقول إنك لم تبدأ التنفيذ بعد.","تحقق من قابلية السند للتنفيذ، ثم ادخل على «تقديم طلب تنفيذ» في ناجز إذا كان مستوفيًا.","المحكمة أو الجهة القضائية المختصة بحسب نوع الدعوى والمرحلة المبينة في النتيجة.","","تقديم طلب تنفيذ | ناجز | طلب تنفيذ","آيبان فعال باسم طالب التنفيذ، وبيانات المنفذ ضده، ونسخة السند والمرفقات التي تتطلبها الخدمة بحسب نوع السند. بيانات الأطراف تُعبأ داخل الطلب ولا تُعامل كلها كمستندات مستقلة.","المستندات الإجبارية تختلف بحسب نوع السند؛ نسخة السند وترجمته إذا لم يكن بالعربية ضمن خطوات الخدمة.","مدة الخدمة المنشورة لا تُعامل كمهلة سقوط.","رسوم الخدمة: لا يوجد وفق صفحة الخدمة الحالية.","غير منطبق ظاهرًا","يصل إشعار برقم الطلب، ثم تتابع حالته في ناجز.","","","","وزارة العدل — تقديم طلب تنفيذ","https://www.moj.gov.sa/ar/eservices/pages/1c719954-3463-4754-85e1-1b319b937b86.aspx","2026-09-20","قابلة للتغير","STALE RISK","نظام تنفيذ جديد نُشر في 2026 وسيحل محل النظام السابق بعد 180 يومًا؛ يلزم تثبيت تاريخ النفاذ وخطة تحديث النتيجة.","HIGH","النتيجة تمس الاختصاص أو طريق الاعتراض/التنفيذ أو مدة/رسومًا مؤثرة.","نعم","هل الإجراء الصحيح طلب داخل ملف التنفيذ أم منازعة تنفيذ أم دعوى مستقلة، وما أثر نظام التنفيذ الجديد عند نفاذه؟","NEEDS REVIEW",""
"R-PROC-ABSENCE","القضاء والتنفيذ وناجز","Q001: وش صار معك؟ ← عندي مشكلة في إجراءات الدعوى أو الاختصاص أو الاعتراض → Q601: وش المشكلة الإجرائية في الدعوى أو الحكم؟ ← المدعى عليه ما حضر","أحد الخصوم لم يحضر جلسة الدعوى.","أثر الغياب يختلف بحسب صحة التبليغ وصفة الغائب ومرحلة الدعوى؛ راجع محضر التبليغ والجلسة قبل تقرير الأثر.","المحكمة أو الجهة القضائية المختصة بحسب نوع الدعوى والمرحلة المبينة في النتيجة.","","فحص أثر غياب الخصم | طلب/إجراء داخل قضية قائمة","بيانات التبليغ، محضر الجلسة، وصفة الطرف الغائب.","محضر الجلسة وبيانات التبليغ.","لا مدة موحدة لهذه البوابة؛ الأثر مرتبط بالجلسة والتبليغ.","لا مبلغ موحد مثبت لهذه النتيجة.","غير منطبق ظاهرًا","تعرض المحكمة الأدلة والدفوع وفق النظام وتقدر أثرها في النزاع.","نظام المرافعات الشرعية نظام المرافعات الشرعية","","باب حضور الخصوم وغيابهم — نظام المرافعات الشرعية","هيئة الخبراء بمجلس الوزراء — نظام المرافعات الشرعية","https://laws.boe.gov.sa/BoeLaws/Laws/LawDetails/f0eaae46-9f84-40ee-815e-a9a700f268b3/1","2026-09-22","ثابتة نظاميًا نسبيًا","PARTIALLY VERIFIED","يوجد تدقيق تفصيلي ورابط لنص نظامي رسمي، لكن هذا النص بعينه لم يُعد فتحه ومطابقة جميع ادعاءات النتيجة في هذه المرحلة.","HIGH","النتيجة تمس الاختصاص أو طريق الاعتراض/التنفيذ أو مدة/رسومًا مؤثرة.","نعم","ما مقدار المدة وبدايتها ونهايتها والاستثناءات وأثر فواتها وفق النص المطبق على هذه الحالة؟","NEEDS REVIEW",""
"R-PROC-APPEAL","القضاء والتنفيذ وناجز","Q001: وش صار معك؟ ← عندي مشكلة في إجراءات الدعوى أو الاختصاص أو الاعتراض → Q601: وش المشكلة الإجرائية في الدعوى أو الحكم؟ ← أبي أعترض على حكم أول درجة","صدر حكم من محكمة الدرجة الأولى وتريد الاعتراض.","تحقق أولًا من قابلية الحكم للاستئناف ومن بداية الميعاد. الأصل في نظام المرافعات أن مدة الاستئناف/التدقيق 30 يومًا، وتكون 10 أيام في المسائل المستعجلة (المادة 187). يبدأ الميعاد وفق المادة 179 من تسليم صورة الحكم أو التاريخ المحدد لتسلمها بحسب الحالة. يودع الاعتراض لدى المحكمة التي أصدرت الحكم، ووزارة العدل تتيح «الاعتراض على الحكم» من القضية في ناجز.","المحكمة أو الجهة القضائية المختصة بحسب نوع الدعوى والمرحلة المبينة في النتيجة.","","الاعتراض على الحكم | ناجز | الإجراء الصحيح هنا هو «الاعتراض على الحكم» داخل القضية القائمة، لا رفع دعوى جديدة إلا إذا نصت النتيجة على صحيفة دعوى.","صك الحكم، رقم القضية، تاريخ تسليم/تبليغ الحكم، أسباب الاعتراض المحددة، الطلبات، والمستندات المؤيدة.","صفحة الخدمة تقول لا توجد مستندات مطلوبة، مع كتابة اللائحة وإرفاق المستندات الداعمة عند وجودها.","المهلة تختلف بحسب تصنيف القضية؛ الصفحة الحالية تقول تبدأ للحضوري من تسليم الحكم وللغيابي من نجاح مهمة التبليغ. لا نستبدل ذلك بـSLA 30 يومًا.","رسوم الخدمة الظاهرة حاليًا: 5000 ريال سعودي، مع تطبيق نظام التكاليف والإعفاءات النظامية حيث تنطبق.","تراجع الدائرة مصدرة الحكم مذكرة الاعتراض ثم ترفعها إلى محكمة الاستئناف وفق النظام إذا أكدت حكمها؛ وقد تنظر محكمة الاستئناف مرافعة أو تدقيقًا بحسب الحالة.","تراجع الدائرة مصدرة الحكم مذكرة الاعتراض ثم ترفعها إلى محكمة الاستئناف وفق النظام إذا أكدت حكمها؛ وقد تنظر محكمة الاستئناف مرافعة أو تدقيقًا بحسب الحالة.","نظام المرافعات الشرعية","","نظام المرافعات الشرعية — المواد 176–190، وبخاصة 179 و187–188","وزارة العدل — الاعتراض على الحكم","https://moj.gov.sa/ar/eServices/Pages/cba332a0-28b8-4ce0-ab00-ef4ddeb9ab64.aspx","2026-09-22","قابلة للتغير","PARTIALLY VERIFIED","المصدر رسمي لكنه لا يثبت آليًا جميع عناصر الاختصاص/المدة/الرسوم المركبة في النتيجة.","HIGH","النتيجة تمس الاختصاص أو طريق الاعتراض/التنفيذ أو مدة/رسومًا مؤثرة.","نعم","ما مقدار المدة وبدايتها ونهايتها والاستثناءات وأثر فواتها وفق النص المطبق على هذه الحالة؟","NEEDS REVIEW",""
"R-PROC-APPEAL-URGENT","القضاء والتنفيذ وناجز","Q001: وش صار معك؟ ← عندي مشكلة في إجراءات الدعوى أو الاختصاص أو الاعتراض → Q601: وش المشكلة الإجرائية في الدعوى أو الحكم؟ ← أبي أتأكد من مدة الاستئناف/النقض/الالتماس أو طريقة حسابها → Q621: وش المدة القضائية اللي تبي تتأكد منها؟ ← استئناف حكم مستعجل","صدر ضدك حكم في مسألة مستعجلة وتريد الاعتراض عليه بطلب الاستئناف.","في نظام المرافعات الشرعية مدة الاستئناف في المسائل المستعجلة 10 أيام (المادة 187). يبدأ ميعاد الاعتراض وفق المادة 179 من تسليم صورة الحكم أو التاريخ المحدد لتسلمها بحسب الحالة، والحكم الغيابي من تاريخ تبليغه. قدّم الاعتراض من القضية عبر خدمة «الاعتراض على الحكم» في ناجز.","المحكمة أو الجهة القضائية المختصة بحسب نوع الدعوى والمرحلة المبينة في النتيجة.","","الاعتراض على الحكم | ناجز | الإجراء الصحيح هنا هو «الاعتراض على الحكم» داخل القضية القائمة، لا رفع دعوى جديدة إلا إذا نصت النتيجة على صحيفة دعوى.","رقم القضية والحكم، تاريخ تسليم/تبليغ الحكم، أسباب الاعتراض وطلباتك. صفحة وزارة العدل لخدمة الاعتراض تعرض أن المستندات المطلوبة: لا يوجد؛ وما تحتاج إرفاقه لإثبات أسبابك يختلف بحسب القضية.","لا توجد مستندات مطلوبة بحسب صفحة الخدمة؛ تكتب اللائحة وتدعمها بما يلزم.","المدة الاعتراضية تُحدد من النظام وتصنيف القضية؛ لا نستخدم SLA كمدة قانونية.","رسوم الخدمة الظاهرة لخدمة الاعتراض: 5000 ريال سعودي مع مراعاة النظام والإعفاءات.","تراجع الدائرة مصدرة الحكم الاعتراض؛ فإن أكدت حكمها يرفع إلى محكمة الاستئناف. الاعتراض على الحكم المستعجل لا يوقف تنفيذه لمجرد تقديم الاعتراض وفق المادة 178/2.","تراجع الدائرة مصدرة الحكم الاعتراض؛ فإن أكدت حكمها يرفع إلى محكمة الاستئناف. الاعتراض على الحكم المستعجل لا يوقف تنفيذه لمجرد تقديم الاعتراض وفق المادة 178/2.","نظام المرافعات الشرعية","","نظام المرافعات الشرعية — المواد 178–190، وبخاصة 179 و187–190","وزارة العدل — الاعتراض على الحكم","https://moj.gov.sa/ar/eServices/Pages/cba332a0-28b8-4ce0-ab00-ef4ddeb9ab64.aspx","2026-09-22","قابلة للتغير","PARTIALLY VERIFIED","المصدر رسمي لكنه لا يثبت آليًا جميع عناصر الاختصاص/المدة/الرسوم المركبة في النتيجة.","HIGH","النتيجة تمس الاختصاص أو طريق الاعتراض/التنفيذ أو مدة/رسومًا مؤثرة.","نعم","ما مقدار المدة وبدايتها ونهايتها والاستثناءات وأثر فواتها وفق النص المطبق على هذه الحالة؟","NEEDS REVIEW",""
"R-PROC-CASSATION","القضاء والتنفيذ وناجز","Q001: وش صار معك؟ ← عندي مشكلة في إجراءات الدعوى أو الاختصاص أو الاعتراض → Q601: وش المشكلة الإجرائية في الدعوى أو الحكم؟ ← صدر حكم استئناف وأبي أطلب نقضه","صدر أو تأيد حكم من محكمة الاستئناف وتريد معرفة هل طريق النقض أمام المحكمة العليا هو الطريق المناسب.","النقض ليس إعادة محاكمة للوقائع. في نظام المرافعات، المادة 193 تحصر أسبابه في مخالفة الشريعة أو الأنظمة، خلل تشكيل المحكمة، عدم الاختصاص، أو الخطأ في تكييف الواقعة أو وصفها. المدة 30 يومًا، و15 يومًا للمسائل المستعجلة (المادة 194). قدّم «طلب النقض» خلال المدة الاعتراضية عبر ناجز.","المحكمة أو الجهة القضائية المختصة بحسب نوع الدعوى والمرحلة المبينة في النتيجة.","","طلب النقض | ناجز | الإجراء الصحيح هنا هو «طلب النقض» داخل القضية القائمة، لا رفع دعوى جديدة إلا إذا نصت النتيجة على صحيفة دعوى.","حدد الحكم محل النقض ورقمه وتاريخه وسبب النقض وطلباتك. صفحة وزارة العدل الحالية لخدمة «طلب النقض» تعرض: لا توجد مستندات مطلوبة للخدمة.","صفحة الخدمة تقول لا توجد مستندات مطلوبة مع وجوب كتابة اللائحة وإرفاق الداعم لها.","يقدم خلال المدة الاعتراضية؛ المدد تختلف حسب التصنيف وتبدأ للحضوري من تسليم الحكم وللغيابي من نجاح التبليغ.","رسوم الخدمة الظاهرة حاليًا: 7000 ريال سعودي.","تفحص المحكمة العليا القبول الشكلي، ثم عند قبوله تفصل في أسباب النقض من واقع ملف القضية دون تناول وقائعها من جديد؛ قد تؤيد الحكم أو تنقضه كله أو بعضه. إذا نُقض يعاد للمحكمة التي أصدرته لتحكم من جديد من غير من نظرها، ومع النقض للمرة الثانية والموضوع صالح للحكم تحكم المحكمة العليا فيه.","تفحص المحكمة العليا القبول الشكلي، ثم عند قبوله تفصل في أسباب النقض من واقع ملف القضية دون تناول وقائعها من جديد؛ قد تؤيد الحكم أو تنقضه كله أو بعضه. إذا نُقض يعاد للمحكمة التي أصدرته لتحكم من جديد من غير من نظرها، ومع النقض للمرة الثانية والموضوع صالح للحكم تحكم المحكمة العليا فيه.","نظام المرافعات الشرعية","","نظام المرافعات الشرعية — المواد 193–199","وزارة العدل — طلب النقض","https://www.moj.gov.sa/ar/eServices/pages/aee148d0-b7f7-43eb-b1cf-8eabf4d8b10d.aspx","2026-09-22","قابلة للتغير","PARTIALLY VERIFIED","المصدر رسمي لكنه لا يثبت آليًا جميع عناصر الاختصاص/المدة/الرسوم المركبة في النتيجة.","HIGH","النتيجة تمس الاختصاص أو طريق الاعتراض/التنفيذ أو مدة/رسومًا مؤثرة.","نعم","ما مقدار المدة وبدايتها ونهايتها والاستثناءات وأثر فواتها وفق النص المطبق على هذه الحالة؟","NEEDS REVIEW",""
"R-PROC-DEADLINE-CALC","القضاء والتنفيذ وناجز","Q001: وش صار معك؟ ← عندي مشكلة في إجراءات الدعوى أو الاختصاص أو الاعتراض → Q601: وش المشكلة الإجرائية في الدعوى أو الحكم؟ ← أبي أتأكد من مدة الاستئناف/النقض/الالتماس أو طريقة حسابها → Q621: وش المدة القضائية اللي تبي تتأكد منها؟ ← أبي أفهم طريقة حساب المدة","تريد حساب مهلة نقض أو فهم قواعد حساب المواعيد القضائية.","في نظام المرافعات: النقض 30 يومًا، ويكون 15 يومًا في المسائل المستعجلة (المادة 194). وفي حساب المواعيد لا يحسب يوم التبليغ/الحدث الذي يبدأ به الموعد، وإذا صادف اليوم الأخير عطلة رسمية امتد لأول يوم عمل بعدها (المادة 22). ويضاف 60 يومًا للمواعيد النظامية لمن كان مكان إقامته خارج المملكة، مع سلطة المحكمة في زيادتها مدة مماثلة عند الاقتضاء (المادة 21).","المحكمة أو الجهة القضائية المختصة بحسب نوع الدعوى والمرحلة المبينة في النتيجة.","","حساب مدة إجرائية قضائية | طلب/إجراء داخل قضية قائمة","نوع الحكم، هل هو مستعجل، تاريخ التبليغ/التسليم أو الواقعة التي يبدأ منها الميعاد، ومكان إقامة صاحب الإجراء.","بيانات التبليغ أو الحكم أو الإجراء الذي تبدأ منه المدة.","لا توجد مدة واحدة؛ هذه بوابة لحساب مدة يحددها نص آخر.","لا مبلغ موحد مثبت لهذه النتيجة.","بعد تحديد نقطة البداية ونوع الطريق تحسب المدة وفق النظام؛ فوات الميعاد قد يؤدي إلى سقوط الحق في طريق الاعتراض.","بعد تحديد نقطة البداية ونوع الطريق تحسب المدة وفق النظام؛ فوات الميعاد قد يؤدي إلى سقوط الحق في طريق الاعتراض.","نظام المرافعات الشرعية","","نظام المرافعات الشرعية — المواد 21–22 و194","هيئة الخبراء بمجلس الوزراء — نظام المرافعات الشرعية","https://laws.boe.gov.sa/BoeLaws/Laws/LawDetails/f0eaae46-9f84-40ee-815e-a9a700f268b3/1","2026-09-22","ثابتة نظاميًا نسبيًا","PARTIALLY VERIFIED","يوجد تدقيق تفصيلي ورابط لنص نظامي رسمي، لكن هذا النص بعينه لم يُعد فتحه ومطابقة جميع ادعاءات النتيجة في هذه المرحلة.","HIGH","النتيجة تمس الاختصاص أو طريق الاعتراض/التنفيذ أو مدة/رسومًا مؤثرة.","نعم","ما مقدار المدة وبدايتها ونهايتها والاستثناءات وأثر فواتها وفق النص المطبق على هذه الحالة؟","NEEDS REVIEW",""
"R-PROC-DEADLINE-EXPIRED","القضاء والتنفيذ وناجز","Q001: وش صار معك؟ ← عندي مشكلة في إجراءات الدعوى أو الاختصاص أو الاعتراض → Q601: وش المشكلة الإجرائية في الدعوى أو الحكم؟ ← فاتتني مدة الاعتراض","تعتقد أن مدة الاعتراض على الحكم انتهت وتريد معرفة الخطوة التالية.","لا تنتقل تلقائيًا إلى النقض أو الالتماس. أولًا حدّد طريق الاعتراض ونقطة بدء المدة؛ ففي نظام المرافعات يبدأ الميعاد وفق المادة 179 وتوجد حالات توقف سريان المدة في المادة 180. إذا ثبت فوات مدة الاستئناف الخاضعة للمادة 187 يسقط الحق فيه، وإذا ثبت فوات مدة النقض الخاضعة للمادة 194 يسقط الحق فيه. التماس إعادة النظر ليس بديلًا عامًا عن المدة الفائتة، بل يتطلب سببًا من أسباب المادة 200.","المحكمة أو الجهة القضائية المختصة بحسب نوع الدعوى والمرحلة المبينة في النتيجة.","","تحديد الاستئناف/النقض/الالتماس المناسب قبل استخدام الخدمة. | تشخيص طريق الاعتراض والمدة قبل أي طلب جديد.","صورة الحكم، نوع القضية، طريق الاعتراض المقصود، تاريخ تسليم/تبليغ الحكم، وأي واقعة قد تؤثر في سريان المدة مثل وفاة المعترض أو فقد أهليته أو زوال صفة ممثله.","المستندات التي تثبت التبليغ/السبب عند الحاجة بحسب المسار.","المدة تختلف بحسب الطريق وتصنيف القضية؛ لا يوضع رقم واحد لكل الحالات.","تكلفة الطلب تعتمد على طريق الاعتراض المستخدم؛ لا مبلغ موحد لهذه النتيجة.","إذا كانت المدة ما زالت جارية تتجه لطريق الاعتراض الصحيح. إذا ثبت انتهاؤها، افحص فقط ما إذا كان يوجد طريق استثنائي مستقل تنطبق شروطه فعلًا، مثل التماس إعادة النظر بسبب نظامي؛ وإلا يكتسب الحكم القطعية بحسب النظام المطبق.","إذا كانت المدة ما زالت جارية تتجه لطريق الاعتراض الصحيح. إذا ثبت انتهاؤها، افحص فقط ما إذا كان يوجد طريق استثنائي مستقل تنطبق شروطه فعلًا، مثل التماس إعادة النظر بسبب نظامي؛ وإلا يكتسب الحكم القطعية بحسب النظام المطبق.","نظام المرافعات الشرعية","","نظام المرافعات الشرعية — المواد 179–180 و187 و194 و200–204","هيئة الخبراء بمجلس الوزراء — نظام المرافعات الشرعية","https://laws.boe.gov.sa/BoeLaws/Laws/LawDetails/f0eaae46-9f84-40ee-815e-a9a700f268b3/1","2026-09-22","قابلة للتغير","PARTIALLY VERIFIED","يوجد تدقيق تفصيلي ورابط لنص نظامي رسمي، لكن هذا النص بعينه لم يُعد فتحه ومطابقة جميع ادعاءات النتيجة في هذه المرحلة.","HIGH","النتيجة تمس الاختصاص أو طريق الاعتراض/التنفيذ أو مدة/رسومًا مؤثرة.","نعم","ما مقدار المدة وبدايتها ونهايتها والاستثناءات وأثر فواتها وفق النص المطبق على هذه الحالة؟","NEEDS REVIEW",""
"R-PROC-DEFENSES","القضاء والتنفيذ وناجز","Q001: وش صار معك؟ ← عندي مشكلة في إجراءات الدعوى أو الاختصاص أو الاعتراض → Q601: وش المشكلة الإجرائية في الدعوى أو الحكم؟ ← عندي دفع شكلي أو بعدم الاختصاص","لديك دفع إجرائي مثل عدم الاختصاص أو مانع من نظر الدعوى.","الدفوع ليست درجة واحدة؛ بعضها يتعلق بالاختصاص أو القبول أو سبق الفصل وغيرها، ويختلف توقيت وأثر كل دفع. قدم الدفع محددًا مع مستنده.","المحكمة أو الجهة القضائية المختصة بحسب نوع الدعوى والمرحلة المبينة في النتيجة.","","إيداع مذكرة بالدفع المناسب | طلب/إجراء داخل قضية قائمة","نوع الدفع، الوقائع المؤيدة، الأحكام/المستندات ذات الصلة.","المذكرة والمستندات المؤيدة للدفع.","الدفع الذي تسري عليه المادة 75 يجب إبداؤه قبل أي طلب أو دفاع؛ أما المادة 76 ففي أي مرحلة.","لا مبلغ موحد مثبت لهذه النتيجة.","غير منطبق ظاهرًا","تعرض المحكمة الأدلة والدفوع وفق النظام وتقدر أثرها في النزاع.","نظام المرافعات الشرعية نظام المرافعات الشرعية","","باب الدفوع — نظام المرافعات الشرعية","هيئة الخبراء بمجلس الوزراء — نظام المرافعات الشرعية","https://laws.boe.gov.sa/BoeLaws/Laws/LawDetails/f0eaae46-9f84-40ee-815e-a9a700f268b3/1","2026-09-22","ثابتة نظاميًا نسبيًا","PARTIALLY VERIFIED","يوجد تدقيق تفصيلي ورابط لنص نظامي رسمي، لكن هذا النص بعينه لم يُعد فتحه ومطابقة جميع ادعاءات النتيجة في هذه المرحلة.","HIGH","النتيجة تمس الاختصاص أو طريق الاعتراض/التنفيذ أو مدة/رسومًا مؤثرة.","نعم","هل الجهة والمحكمة ونوع الإجراء المحددة صحيحة لكل صور الحالة والاستثناءات المحتملة؟","NEEDS REVIEW",""
"R-PROC-JUDICIAL-COSTS","القضاء والتنفيذ وناجز","Q001: وش صار معك؟ ← عندي مشكلة في إجراءات الدعوى أو الاختصاص أو الاعتراض → Q601: وش المشكلة الإجرائية في الدعوى أو الحكم؟ ← عندي سؤال عن التكاليف القضائية أو الاعتراض عليها","تم تحديد تكاليف قضائية للدعوى أو الطلب.","إذا كان اعتراضك على تحديد مبلغ التكاليف، فالمادة 11 تجيز الاعتراض خلال 15 يومًا من تاريخ تبليغك بالتحديد. ومن ناجز تتيح خدمة «التكاليف القضائية» الاطلاع على السندات المسددة وغير المسددة والاعتراض على الفاتورة. انتبه: طلب النقض وطلب التماس إعادة النظر لهما مهلة سداد 30 يومًا من تاريخ قيد الطلب وفق المادة 12/2، وإلا يسقط الحق في الطلب.","المحكمة أو الجهة القضائية المختصة بحسب نوع الدعوى والمرحلة المبينة في النتيجة.","","التكاليف القضائية. | ناجز | استعلام/اعتراض على فاتورة تكاليف قضائية.","إشعار/فاتورة التكاليف، تاريخ التبليغ أو تاريخ قيد طلب النقض/الالتماس بحسب الحالة، رقم القضية أو الطلب، وسبب الاعتراض ومستنداته.","لا نضيف مستندًا إلزاميًا غير ظاهر في الخدمة؛ يرفق ما يدعم الاعتراض عند طلبه.","مهلة الاعتراض على تحديد مبلغ التكاليف نظامية؛ لا تُخلط بمدة تنفيذ الخدمة.","المبلغ هو ما يحدده سند التكاليف وفق النظام وليس رقمًا موحدًا لكل القضايا.","يفصل في اعتراض تحديد التكاليف وفق الإجراء المقرر، أو تستمر إجراءات التحصيل. عدم دفع التكاليف لا يمنع أصلًا قيد الدعوى أو الطلب، باستثناء الأثر الخاص بطلب النقض والتماس إعادة النظر المنصوص عليه في المادة 12/2.","يفصل في اعتراض تحديد التكاليف وفق الإجراء المقرر، أو تستمر إجراءات التحصيل. عدم دفع التكاليف لا يمنع أصلًا قيد الدعوى أو الطلب، باستثناء الأثر الخاص بطلب النقض والتماس إعادة النظر المنصوص عليه في المادة 12/2.","نظام التكاليف القضائية","","نظام التكاليف القضائية — المواد 11–13","وزارة العدل — التكاليف القضائية","https://www.moj.gov.sa/ar/eservices/pages/143507f9-e5db-4423-a0c1-9f489c6c3893.aspx","2026-09-22","قابلة للتغير","PARTIALLY VERIFIED","المصدر رسمي لكنه لا يثبت آليًا جميع عناصر الاختصاص/المدة/الرسوم المركبة في النتيجة.","HIGH","النتيجة تمس الاختصاص أو طريق الاعتراض/التنفيذ أو مدة/رسومًا مؤثرة.","نعم","ما مقدار المدة وبدايتها ونهايتها والاستثناءات وأثر فواتها وفق النص المطبق على هذه الحالة؟","NEEDS REVIEW",""
"R-PROC-RECONSIDERATION","القضاء والتنفيذ وناجز","Q001: وش صار معك؟ ← عندي مشكلة في إجراءات الدعوى أو الاختصاص أو الاعتراض → Q601: وش المشكلة الإجرائية في الدعوى أو الحكم؟ ← أبي التماس إعادة نظر","تريد التماس إعادة النظر في حكم نهائي.","لا يُقبل الالتماس لمجرد عدم الرضا أو فوات الاستئناف؛ يجب أن ينطبق سبب من أسباب المادة 200 على حكم نهائي. مدة الالتماس 30 يومًا وتختلف بدايتها بحسب السبب وفق المادة 201. يرفع الالتماس بصحيفة لدى المحكمة التي أصدرت الحكم وفق المادة 202، ووزارة العدل تتيح «التماس إعادة النظر» من طلبات القضية.","المحكمة أو الجهة القضائية المختصة بحسب نوع الدعوى والمرحلة المبينة في النتيجة.","","التماس إعادة النظر | ناجز | الإجراء الصحيح هنا هو «التماس إعادة النظر» داخل القضية القائمة، لا رفع دعوى جديدة إلا إذا نصت النتيجة على صحيفة دعوى.","الحكم النهائي، سبب الالتماس المحدد من المادة 200، دليل السبب، وما يثبت تاريخ العلم أو التبليغ الذي يبدأ منه الميعاد. انتبه إلى التكاليف القضائية المطبقة على طلب الالتماس.","لا توجد مستندات مطلوبة بحسب صفحة الخدمة، مع إدخال سبب الالتماس وما يدعمه في الطلب.","يقدم خلال المدة النظامية؛ لا نعامل SLA (خلال 30 يوم) بوصفه تحديدًا عامًا لبداية/نهاية مهلة الالتماس.","رسوم الخدمة الظاهرة حاليًا: 10000 ريال سعودي.","تفحص المحكمة قبول الالتماس؛ فإن قبلته تنظر الدعوى المحكمة التي أصدرت الحكم. وإن لم تقبله فللملتمس الاعتراض على عدم القبول وفق الإجراءات المقررة، ما لم يكن القرار صادرًا من المحكمة العليا. رفع الالتماس لا يوقف التنفيذ بذاته، ويمكن طلب الوقف بالشروط الواردة في المادة 202/2.","تفحص المحكمة قبول الالتماس؛ فإن قبلته تنظر الدعوى المحكمة التي أصدرت الحكم. وإن لم تقبله فللملتمس الاعتراض على عدم القبول وفق الإجراءات المقررة، ما لم يكن القرار صادرًا من المحكمة العليا. رفع الالتماس لا يوقف التنفيذ بذاته، ويمكن طلب الوقف بالشروط الواردة في المادة 202/2.","نظام المرافعات الشرعية","","نظام المرافعات الشرعية — المواد 200–204، وبخاصة المادة 201","وزارة العدل — التماس إعادة النظر","https://www.moj.gov.sa/ar/eServices/pages/34a53f98-57e0-4f8b-9bad-78a095ebae4b.aspx","2026-09-22","قابلة للتغير","PARTIALLY VERIFIED","المصدر رسمي لكنه لا يثبت آليًا جميع عناصر الاختصاص/المدة/الرسوم المركبة في النتيجة.","HIGH","النتيجة تمس الاختصاص أو طريق الاعتراض/التنفيذ أو مدة/رسومًا مؤثرة.","نعم","ما مقدار المدة وبدايتها ونهايتها والاستثناءات وأثر فواتها وفق النص المطبق على هذه الحالة؟","NEEDS REVIEW",""
"R-PROC-RECONSIDERATION-STAY","القضاء والتنفيذ وناجز","Q001: وش صار معك؟ ← عندي مشكلة في إجراءات الدعوى أو الاختصاص أو الاعتراض → Q601: وش المشكلة الإجرائية في الدعوى أو الحكم؟ ← أبي أتأكد من مدة الاستئناف/النقض/الالتماس أو طريقة حسابها → Q621: وش المدة القضائية اللي تبي تتأكد منها؟ ← أبي أطلب وقف التنفيذ مع الالتماس","ستقدم التماس إعادة النظر في حكم نهائي وتخشى تنفيذ الحكم أثناء نظر الالتماس.","رفع الالتماس لا يوقف التنفيذ بذاته. وفق المادة 202/2 يجوز للمحكمة التي تنظر الالتماس أن تأمر بوقف التنفيذ إذا طلب ذلك وكان يخشى من التنفيذ وقوع ضرر جسيم يتعذر تداركه.","المحكمة أو الجهة القضائية المختصة بحسب نوع الدعوى والمرحلة المبينة في النتيجة.","","التماس إعادة النظر. | ناجز | التماس إعادة النظر مع طلب وقف التنفيذ عند توافر شروطه.","الحكم النهائي، طلب الالتماس وسببه النظامي، وطلب وقف التنفيذ مع بيان الضرر الجسيم المتعذر تداركه وما يؤيده بحسب الحالة.","سبب الالتماس وما يدعمه بحسب الحالة؛ الصفحة لا تسمي مستندًا إلزاميًا عامًا.","الالتماس داخل المدة النظامية؛ طلب الالتماس بذاته لا يوقف التنفيذ ما لم يصدر وقف وفق النظام.","رسوم الخدمة الحالية 10000 ريال، مع تطبيق الإعفاءات النظامية حيث تنطبق.","تفصل المحكمة في طلب الوقف، ولها عند الأمر به أن تشترط ضمانًا أو كفيلًا غارمًا مليئًا أو ما يحفظ حق الطرف الآخر. يستمر الحكم قابلًا للتنفيذ ما لم يصدر أمر بالوقف حيث يكون ذلك لازمًا.","تفصل المحكمة في طلب الوقف، ولها عند الأمر به أن تشترط ضمانًا أو كفيلًا غارمًا مليئًا أو ما يحفظ حق الطرف الآخر. يستمر الحكم قابلًا للتنفيذ ما لم يصدر أمر بالوقف حيث يكون ذلك لازمًا.","نظام المرافعات الشرعية","","نظام المرافعات الشرعية — المادة 202/2","وزارة العدل — التماس إعادة النظر","https://www.moj.gov.sa/ar/eServices/pages/34a53f98-57e0-4f8b-9bad-78a095ebae4b.aspx","2026-09-22","قابلة للتغير","STALE RISK","نظام تنفيذ جديد نُشر في 2026 وسيحل محل النظام السابق بعد 180 يومًا؛ يلزم تثبيت تاريخ النفاذ وخطة تحديث النتيجة.","HIGH","النتيجة تمس الاختصاص أو طريق الاعتراض/التنفيذ أو مدة/رسومًا مؤثرة.","نعم","ما مقدار المدة وبدايتها ونهايتها والاستثناءات وأثر فواتها وفق النص المطبق على هذه الحالة؟","NEEDS REVIEW",""
"R-PROC-URGENT","القضاء والتنفيذ وناجز","Q001: وش صار معك؟ ← عندي مشكلة في إجراءات الدعوى أو الاختصاص أو الاعتراض → Q601: وش المشكلة الإجرائية في الدعوى أو الحكم؟ ← أبي طلب مستعجل","تحتاج حماية عاجلة قبل الفصل في أصل الحق.","إذا كان المطلوب حماية وقتية يخشى عليها فوات الوقت دون حسم أصل الحق، فارفعها عبر ناجز > القضاء > صحيفة الدعوى، واختر تصنيف الدعوى المستعجلة المناسب. المادة 205 تجعل الاختصاص للمحكمة المختصة بالموضوع، والمادة 206 تذكر أمثلة منها إثبات الحالة والمنع من السفر والحيازة ووقف الأعمال الجديدة والحراسة. موعد الحضور في المستعجل 24 ساعة ويجوز نقصه للضرورة القصوى وفق المادة 207.","المحكمة أو الجهة القضائية المختصة بحسب نوع الدعوى والمرحلة المبينة في النتيجة.","","صحيفة الدعوى - تصنيف الدعوى المستعجلة. | ناجز | دعوى مستعجلة عبر صحيفة الدعوى.","هوية الأطراف والعنوان الوطني، وكالة تتضمن المرافعة أو صك ولاية عند الحاجة، وصف الخطر العاجل والطلب الوقتي المحدد، والمستندات المؤيدة بحسب نوع الدعوى.","المستندات التي يطلبها تصنيف الدعوى المستعجلة.","الخدمة تصفها بأنها خلال المدة المحددة نظامًا؛ لا نضع مدة موحدة لكل دعوى مستعجلة.","رسوم الخدمة الظاهرة حاليًا للدعاوى المستعجلة: 3000 ريال سعودي، مع تطبيق الإعفاءات النظامية حيث تنطبق.","غير منطبق ظاهرًا","تُدقق صحيفة الدعوى ثم تنظر المحكمة الطلب بصفة عاجلة؛ الحكم الوقتي لا يحسم أصل الحق. وبحسب اللائحة التنفيذية لنظام التكاليف القضائية تُقدّر الدعوى المستعجلة غير محددة القيمة بـ3,000 ريال ما لم تنطبق حالة إعفاء أو حكم خاص.","نظام المرافعات الشرعية","","نظام المرافعات الشرعية — المواد 205–211؛ نظام التكاليف القضائية ولائحته التنفيذية","وزارة العدل — الدعاوى المستعجلة","https://moj.gov.sa/ar/eservices/pages/d73f20f6-8693-4381-9a5a-1f7120815918.aspx","2026-09-22","قابلة للتغير","PARTIALLY VERIFIED","المصدر رسمي لكنه لا يثبت آليًا جميع عناصر الاختصاص/المدة/الرسوم المركبة في النتيجة.","HIGH","النتيجة تمس الاختصاص أو طريق الاعتراض/التنفيذ أو مدة/رسومًا مؤثرة.","نعم","ما مقدار المدة وبدايتها ونهايتها والاستثناءات وأثر فواتها وفق النص المطبق على هذه الحالة؟","NEEDS REVIEW",""
"R-FAM-ABSENT-ASSETS","الأحوال الشخصية والتركات","Q001: وش صار معك؟ ← أحوال شخصية → Q060: وش المشكلة الأسرية اللي عندك؟ ← ما أعرف التصنيف، أبي أحدد المشكلة خطوة بخطوة → Q400: وش المشكلة الأسرية بالتحديد؟ ← غائب أو مفقود → Q412: وش وضع الغائب أو المفقود؟ ← شخص غائب ومصالحه وأمواله متعطلة","شخص لا يعرف موطنه أو إقامته وتعذرت إدارة شؤونه المالية وتعطلت مصالحه أو مصالح غيره.","إذا لم يكن له وكيل، اطلب من المحكمة تعيين ولي لإدارة أمواله أو بعضها.","وزارة العدل — محكمة الأحوال الشخصية/ناجز بحسب نوع الإجراء.","محكمة الأحوال الشخصية","غائب لا يعرف موطنه أو إقامته وتعذرت إدارة شؤونه المالية بنفسه أو بوكيل | طلب تعيين ولي لإدارة أموال الغائب عند عدم وجود وكيل","بيانات الغائب، ما يثبت تعذر الوصول إليه وتعطل المصالح، وبيانات الأموال المعروفة.","ما يثبت الغياب ومحاولات الوصول، الأموال المطلوب إدارتها، وعدم وجود وكيل صالح للإدارة.","مدة تحقق الغياب يقدرها القضاء؛ لا يوجد رقم ثابت في المادة 161.","قضايا الأحوال الشخصية مستثناة من التكاليف القضائية.","غير منطبق ظاهرًا","إذا كان الإجراء قضائياً فتُراجع المحكمة الوقائع والمستندات، وإذا كان توثيقاً إلكترونياً فتسير المعاملة وفق خطوات ناجز.","نظام الأحوال الشخصية - الولاية والغائب والمفقود","","المادتان 161-162: تعريف الغائب والمفقود، وجواز تعيين المحكمة وليًا لإدارة أموال الغائب أو المفقود إذا لم يكن له وكيل.","هيئة الخبراء بمجلس الوزراء — نظام الأحوال الشخصية - الولاية والغائب والمفقود","https://laws.boe.gov.sa/BoeLaws/Laws/LawDetails/4d72d829-947b-45d5-b9b5-ae5800d6bac2/1","2026-09-22","ثابتة نظاميًا نسبيًا","VERIFIED","تدقيق تفصيلي ومصدر نظامي أولي فُتح وتحقق من بقائه متاحًا في هذه المرحلة.","HIGH","النتيجة تمس الاختصاص أو طريق الاعتراض/التنفيذ أو مدة/رسومًا مؤثرة.","نعم","هل استثناء الأحوال الشخصية من التكاليف يشمل هذا الطلب التنفيذي تحديدًا، وما الاستثناءات؟","NEEDS REVIEW",""
"R-FAM-ADHL-DEEP","الأحوال الشخصية والتركات","Q001: وش صار معك؟ ← أحوال شخصية → Q060: وش المشكلة الأسرية اللي عندك؟ ← ما أعرف التصنيف، أبي أحدد المشكلة خطوة بخطوة → Q400: وش المشكلة الأسرية بالتحديد؟ ← الولي رافض الزواج / عضل","المرأة رضيت بكفء والولي يمنع الزواج أو توجد مشكلة في الولاية.","قدّم صحيفة دعوى عبر ناجز ضمن القضاء واختر تصنيف دعوى العضل/الولاية المناسب، ثم أدخل الأطراف ووقائع الامتناع والمرفقات المطلوبة.","وزارة العدل — محكمة الأحوال الشخصية/ناجز بحسب نوع الإجراء.","محكمة الأحوال الشخصية","ولي يمنع المرأة من الزواج ممن رضيت به مع تحقق موجب دعوى العضل | ناجز | دعوى عضل أمام محكمة الأحوال الشخصية","بيانات المرأة والولي والخاطب وما يثبت الطلب والرفض أو الامتناع بحسب الحالة.","هوية المرأة، بيانات الولي، وما يثبت واقعة المنع وبيانات الخاطب إن وجد وأي أدلة مساندة.","التعميم القضائي يوجب على الدائرة الفصل خلال 30 يومًا من تاريخ إحالة الدعوى إذا كانت صالحة للحكم، ولا يؤجل الموعد إلا للضرورة ولمدة لا تزيد على 10 أيام ولا للسبب ذاته أكثر من مرة.","قضايا الأحوال الشخصية مستثناة من التكاليف القضائية.","غير منطبق ظاهرًا","بعد تقديم الطلب تُدقق المحكمة/الجهة المختصة الطلب والمستندات، ثم تسير القضية أو معاملة التوثيق بحسب نوعها.","نظام الأحوال الشخصية","","التعميم 1410/ت: ترفع دعوى العضل من المرأة أو أي صاحب مصلحة ولو بلا خاطب، وتوزع على دائرة محددة بالأحوال الشخصية، مع قواعد السرعة والخصوصية.","هيئة الخبراء — نظام الأحوال الشخصية","https://laws.boe.gov.sa/BoeLaws/Laws/LawDetails/4d72d829-947b-45d5-b9b5-ae5800d6bac2/1","2026-09-22","قابلة للتغير","VERIFIED","تدقيق تفصيلي ومصدر نظامي أولي فُتح وتحقق من بقائه متاحًا في هذه المرحلة.","HIGH","النتيجة تمس الاختصاص أو طريق الاعتراض/التنفيذ أو مدة/رسومًا مؤثرة.","نعم","هل استثناء الأحوال الشخصية من التكاليف يشمل هذا الطلب التنفيذي تحديدًا، وما الاستثناءات؟","NEEDS REVIEW",""
"R-FAM-ANNUL-ABSENCE","الأحوال الشخصية والتركات","Q001: وش صار معك؟ ← أحوال شخصية → Q060: وش المشكلة الأسرية اللي عندك؟ ← ما أعرف التصنيف، أبي أحدد المشكلة خطوة بخطوة → Q400: وش المشكلة الأسرية بالتحديد؟ ← أبي فسخ النكاح / أحدد سبب الفسخ → Q421: وش سبب طلب فسخ النكاح؟ ← الزوج غائب ومكانه معروف","الزوج غائب معروف الموطن أو محل الإقامة وتريد الزوجة الفسخ بسبب الغياب.","ارفع دعوى فسخ عقد الزواج بسبب الغياب مع بيانات موطن الزوج ومدة الغياب.","وزارة العدل — محكمة الأحوال الشخصية/ناجز بحسب نوع الإجراء.","محكمة الأحوال الشخصية","غياب الزوج عن الزوجة | دعوى فسخ عقد الزواج بسبب الغياب عند تحقق شروط النص","عقد الزواج، ما يثبت مدة الغياب ومعلومات التواصل/الموطن المتاحة.","وثيقة الزواج، ما يثبت الغياب ومدته ووسائل التواصل/العنوان وأي مستندات عن سبب الغياب.","إذا كان عنوان الزوج معروفًا وغيابه ليس بسبب العمل، فلا يطلب الفسخ لهذا السبب إلا بعد غياب 4 أشهر على الأقل؛ وتنذره المحكمة وقد تضرب له أجلًا لا يزيد على 180 يومًا من تاريخ الإنذار.","قضايا الأحوال الشخصية مستثناة من التكاليف القضائية وفق رحلة القضية بوزارة العدل.","غير منطبق ظاهرًا","إذا كانت المطالبة محل نزاع، تُرفع عبر صحيفة الدعوى بتصنيف الدعوى المناسب، ثم يُدقق الطلب وتحال القضية للدائرة المختصة عند قبوله.","نظام الأحوال الشخصية","","نظام الأحوال الشخصية يتضمن أسباب فسخ الزواج، ويجب مطابقة الغياب على المادة الخاصة به قبل تقرير المدة أو الأثر النهائي.","هيئة الخبراء بمجلس الوزراء — نظام الأحوال الشخصية","https://laws.boe.gov.sa/Files/Download/?attId=e1b4e2e3-46b5-4659-a8f1-b11600da934a","2026-09-22","ثابتة نظاميًا نسبيًا","VERIFIED","تدقيق تفصيلي ومصدر نظامي أولي فُتح وتحقق من بقائه متاحًا في هذه المرحلة.","HIGH","النتيجة تمس الاختصاص أو طريق الاعتراض/التنفيذ أو مدة/رسومًا مؤثرة.","نعم","هل استثناء الأحوال الشخصية من التكاليف يشمل هذا الطلب التنفيذي تحديدًا، وما الاستثناءات؟","NEEDS REVIEW",""
"R-FAM-ANNUL-BEFORE-CONSUMMATION","الأحوال الشخصية والتركات","Q001: وش صار معك؟ ← أحوال شخصية → Q060: وش المشكلة الأسرية اللي عندك؟ ← ما أعرف التصنيف، أبي أحدد المشكلة خطوة بخطوة → Q400: وش المشكلة الأسرية بالتحديد؟ ← أبي فسخ النكاح / أحدد سبب الفسخ → Q421: وش سبب طلب فسخ النكاح؟ ← قبل الدخول أو الخلوة والزوج يرفض الطلاق/الخلع","تطلب الزوجة الفسخ قبل الدخول أو الخلوة، والزوج ممتنع عن الطلاق أو الخلع.","ارفع دعوى فسخ عقد الزواج وبيّن عدم حصول الدخول أو الخلوة واستعدادك لإعادة ما قبضته من المهر وفق الحالة.","وزارة العدل — محكمة الأحوال الشخصية/ناجز بحسب نوع الإجراء.","محكمة الأحوال الشخصية","طلب الزوجة فسخ الزواج قبل الدخول أو الخلوة مع رفض الزوج الطلاق أو الخلع | ناجز | دعوى فسخ قبل الدخول/الخلوة وفق شروط المادة 112","عقد الزواج، ما يثبت مقدار المهر المقبوض، وبيان عدم الدخول أو الخلوة والوقائع ذات الصلة.","وثيقة الزواج، ما يثبت المهر وردّه، وبيانات الواقعة المتعلقة بعدم الدخول/الخلوة.","لا توجد مدة رقمية خاصة في المادة 112.","قضايا الأحوال الشخصية مستثناة من التكاليف القضائية وفق رحلة القضية بوزارة العدل.","غير منطبق ظاهرًا","تتحقق المحكمة من شروط المادة 112 ومحاولة الإصلاح والحقوق المالية المرتبطة بالحالة، ثم تفصل في طلب الفسخ.","نظام الأحوال الشخصية","","المادة 112: تفسخ المحكمة إذا طلبت الزوجة قبل الدخول أو الخلوة، ورفض الزوج الطلاق أو الخلع، وأعادت المهر وتعذر الإصلاح؛ وإذا كان السبب راجعًا إليها فترد المهر وما طلبته من نفقات الزواج وفق النص إذا طلب الزوج.","هيئة الخبراء بمجلس الوزراء — نظام الأحوال الشخصية","https://laws.boe.gov.sa/Files/Download/?attId=e1b4e2e3-46b5-4659-a8f1-b11600da934a","2026-09-22","قابلة للتغير","VERIFIED","تدقيق تفصيلي ومصدر نظامي أولي فُتح وتحقق من بقائه متاحًا في هذه المرحلة.","HIGH","النتيجة تمس الاختصاص أو طريق الاعتراض/التنفيذ أو مدة/رسومًا مؤثرة.","نعم","هل استثناء الأحوال الشخصية من التكاليف يشمل هذا الطلب التنفيذي تحديدًا، وما الاستثناءات؟","NEEDS REVIEW",""
"R-FAM-ANNUL-DEEP","الأحوال الشخصية والتركات","Q001: وش صار معك؟ ← أحوال شخصية → Q060: وش المشكلة الأسرية اللي عندك؟ ← ما أعرف التصنيف، أبي أحدد المشكلة خطوة بخطوة → Q400: وش المشكلة الأسرية بالتحديد؟ ← أبي فسخ النكاح / أحدد سبب الفسخ → Q421: وش سبب طلب فسخ النكاح؟ ← أبي نظرة عامة على فسخ النكاح وأسبابه","تطلب فسخ النكاح بسبب نظامي وليس مجرد توثيق طلاق وقع.","ارفع دعوى فسخ عقد الزواج بالسبب الصحيح، واربط الوقائع والأدلة بسبب الفسخ المحدد.","وزارة العدل — محكمة الأحوال الشخصية/ناجز بحسب نوع الإجراء.","محكمة الأحوال الشخصية","الزوجة/أحد الزوجين يطلب فسخ عقد الزواج لسبب نظامي | دعوى فسخ عقد زواج بحسب السبب","عقد الزواج والأدلة المرتبطة بسبب الفسخ مثل الضرر أو عدم النفقة أو العلة أو الغياب بحسب الحالة.","عقد الزواج، الهوية، وأدلة السبب: تقارير/نفقة/غياب/ضرر/مراسلات بحسب الحالة.","المدد تختلف حسب السبب؛ لا توجد مدة موحدة. في الشقاق مدة الحكمين لا تزيد على 60 يومًا من تعيينهما، وفي فقد/غياب مجهول الموطن تحدد المحكمة مدة بين سنة وسنتين.","قضايا الأحوال الشخصية مستثناة من التكاليف القضائية.","غير منطبق ظاهرًا","بعد تقديم الطلب تُدقق المحكمة/الجهة المختصة الطلب والمستندات، ثم تسير القضية أو معاملة التوثيق بحسب نوعها.","نظام الأحوال الشخصية","","المواد 103-115 تنظم الفسخ وأسبابه وآثاره؛ 108 للضرر، 109-111 للشقاق، 115 للفقد/الغياب مجهول الموطن.","هيئة الخبراء — نظام الأحوال الشخصية","https://laws.boe.gov.sa/BoeLaws/Laws/LawDetails/4d72d829-947b-45d5-b9b5-ae5800d6bac2/1","2026-09-22","ثابتة نظاميًا نسبيًا","VERIFIED","تدقيق تفصيلي ومصدر نظامي أولي فُتح وتحقق من بقائه متاحًا في هذه المرحلة.","HIGH","النتيجة تمس الاختصاص أو طريق الاعتراض/التنفيذ أو مدة/رسومًا مؤثرة.","نعم","هل استثناء الأحوال الشخصية من التكاليف يشمل هذا الطلب التنفيذي تحديدًا، وما الاستثناءات؟","NEEDS REVIEW",""
"R-FAM-ANNUL-DEFECT","الأحوال الشخصية والتركات","Q001: وش صار معك؟ ← أحوال شخصية → Q060: وش المشكلة الأسرية اللي عندك؟ ← ما أعرف التصنيف، أبي أحدد المشكلة خطوة بخطوة → Q400: وش المشكلة الأسرية بالتحديد؟ ← أبي فسخ النكاح / أحدد سبب الفسخ → Q421: وش سبب طلب فسخ النكاح؟ ← علة مضرة أو منفرة تمنع المعاشرة","تطلب فسخ عقد الزواج بسبب علة مضرة أو منفرة تمنع المعاشرة.","ارفع دعوى فسخ عقد الزواج وحدد العلة وأدلتها؛ للمحكمة الاستعانة بأهل الخبرة.","وزارة العدل — محكمة الأحوال الشخصية/ناجز بحسب نوع الإجراء.","محكمة الأحوال الشخصية","فسخ الزواج لعلة مضرة أو منفرة | دعوى فسخ عقد الزواج لعلة","عقد الزواج وما يثبت العلة وتاريخ العلم بها وما يتعلق بالرضا بها بعد العلم.","وثيقة الزواج، التقارير الطبية/الخبرة عند صلتها، والمراسلات أو الأدلة على تاريخ العلم والرضا.","لا يضع النص مدة رقمية لهذه الدعوى، لكن العلم والرضا يؤثران في الحق.","قضايا الأحوال الشخصية مستثناة من التكاليف القضائية وفق رحلة القضية المنشورة من وزارة العدل.","غير منطبق ظاهرًا","إذا كانت المطالبة محل نزاع، تُرفع عبر صحيفة الدعوى بتصنيف الدعوى المناسب، ثم يُدقق الطلب وتحال القضية للدائرة المختصة عند قبوله.","نظام الأحوال الشخصية","","المادتان 104-105: حق كل من الزوجين في طلب الفسخ للعلة وشروطه، وإمكان الاستعانة بالخبرة، وآثار العلة على المهر بحسب توقيتها والدخول/الخلوة.","هيئة الخبراء بمجلس الوزراء — نظام الأحوال الشخصية","https://laws.boe.gov.sa/BoeLaws/Laws/LawDetails/4d72d829-947b-45d5-b9b5-ae5800d6bac2/1","2026-09-22","ثابتة نظاميًا نسبيًا","VERIFIED","تدقيق تفصيلي ومصدر نظامي أولي فُتح وتحقق من بقائه متاحًا في هذه المرحلة.","HIGH","النتيجة تمس الاختصاص أو طريق الاعتراض/التنفيذ أو مدة/رسومًا مؤثرة.","نعم","هل استثناء الأحوال الشخصية من التكاليف يشمل هذا الطلب التنفيذي تحديدًا، وما الاستثناءات؟","NEEDS REVIEW",""
"R-FAM-ANNUL-DISCORD","الأحوال الشخصية والتركات","Q001: وش صار معك؟ ← أحوال شخصية → Q060: وش المشكلة الأسرية اللي عندك؟ ← ما أعرف التصنيف، أبي أحدد المشكلة خطوة بخطوة → Q400: وش المشكلة الأسرية بالتحديد؟ ← أبي فسخ النكاح / أحدد سبب الفسخ → Q421: وش سبب طلب فسخ النكاح؟ ← شقاق مستمر وتعذر الإصلاح","لم يثبت الضرر الذي يتعذر معه دوام العشرة، لكن الشقاق مستمر وتعذر الإصلاح.","ارفع/استمر في دعوى فسخ النكاح مع بيان استمرار الشقاق وتعذر الإصلاح؛ المحكمة تطبق مسار الحكمين وفق النظام عند تحقق شروطه.","وزارة العدل — محكمة الأحوال الشخصية/ناجز بحسب نوع الإجراء.","محكمة الأحوال الشخصية","شقاق مستمر مع عدم ثبوت الضرر وتعذر الصلح | ناجز | مسار تحكيم/إصلاح داخل دعوى فسخ الزواج","عقد الزواج ووقائع النزاع وما قدم في محاولات الإصلاح والأدلة المتاحة.","ملف الدعوى القائم، وثيقة الزواج، وأي أدلة على النزاع ومحاولات الإصلاح.","مدة الإصلاح بواسطة الحكمين لا تتجاوز 60 يومًا من تاريخ تعيينهما.","قضايا الأحوال الشخصية مستثناة من التكاليف القضائية وفق رحلة القضية بوزارة العدل.","غير منطبق ظاهرًا","تنظر المحكمة في استمرار الشقاق، ثم يجري مسار الحكمين ومحاولة الإصلاح وفق المواد 109–111 قبل ما تقرره المحكمة في الدعوى.","نظام الأحوال الشخصية","","المواد 109-111: تعيين حكمين عند استمرار الشقاق وتعذر الإصلاح، مدة الإصلاح ≤60 يومًا من تعيينهما، وسماع الزوجين والسعي للإصلاح ثم تقرير التفريق بعوض أو بدونه؛ عوض المرأة لا يتجاوز المهر.","هيئة الخبراء بمجلس الوزراء — نظام الأحوال الشخصية","https://laws.boe.gov.sa/Files/Download/?attId=e1b4e2e3-46b5-4659-a8f1-b11600da934a","2026-09-22","قابلة للتغير","VERIFIED","تدقيق تفصيلي ومصدر نظامي أولي فُتح وتحقق من بقائه متاحًا في هذه المرحلة.","HIGH","النتيجة تمس الاختصاص أو طريق الاعتراض/التنفيذ أو مدة/رسومًا مؤثرة.","نعم","هل استثناء الأحوال الشخصية من التكاليف يشمل هذا الطلب التنفيذي تحديدًا، وما الاستثناءات؟","NEEDS REVIEW",""
"R-FAM-ANNUL-HARM","الأحوال الشخصية والتركات","Q001: وش صار معك؟ ← أحوال شخصية → Q060: وش المشكلة الأسرية اللي عندك؟ ← ما أعرف التصنيف، أبي أحدد المشكلة خطوة بخطوة → Q400: وش المشكلة الأسرية بالتحديد؟ ← أبي فسخ النكاح / أحدد سبب الفسخ → Q421: وش سبب طلب فسخ النكاح؟ ← ضرر يتعذر معه دوام العشرة","تدعي الزوجة ضرراً من الزوج يتعذر معه دوام العشرة بالمعروف.","ارفع دعوى فسخ عقد الزواج بسبب الضرر، واذكر وقائع الضرر وأدلته بصورة محددة.","وزارة العدل — محكمة الأحوال الشخصية/ناجز بحسب نوع الإجراء.","محكمة الأحوال الشخصية","ضرر من الزوج يجعل استمرار العشرة بالمعروف متعذرًا | ناجز | دعوى فسخ عقد الزواج للضرر","عقد الزواج وما يتوافر من بينات أو مستندات أو قرائن مرتبطة بالضرر.","وثيقة الزواج، وأدلة الضرر المناسبة للواقعة مثل أحكام/بلاغات/تقارير/مراسلات/شهود بحسب المقبول قضائيًا.","لا يقرر النص مدة رقمية خاصة لرفع هذا الطلب.","قضايا الأحوال الشخصية مستثناة من التكاليف القضائية وفق رحلة القضية بوزارة العدل.","غير منطبق ظاهرًا","تُدقق صحيفة الدعوى، ثم تنظر المحكمة في ثبوت الضرر. وإذا لم يثبت الضرر واستمر الشقاق وتعذر الإصلاح فقد ينتقل المسار لأحكام المواد 109–111.","نظام الأحوال الشخصية","","المادة 108: تفسخ المحكمة عقد الزواج بناء على طلب الزوجة إذا أضر بها الزوج ضررًا يتعذر معه استمرار العشرة بالمعروف، إذا ثبت وقوع الضرر.","هيئة الخبراء بمجلس الوزراء — نظام الأحوال الشخصية","https://laws.boe.gov.sa/Files/Download/?attId=e1b4e2e3-46b5-4659-a8f1-b11600da934a","2026-09-22","قابلة للتغير","VERIFIED","تدقيق تفصيلي ومصدر نظامي أولي فُتح وتحقق من بقائه متاحًا في هذه المرحلة.","HIGH","النتيجة تمس الاختصاص أو طريق الاعتراض/التنفيذ أو مدة/رسومًا مؤثرة.","نعم","هل استثناء الأحوال الشخصية من التكاليف يشمل هذا الطلب التنفيذي تحديدًا، وما الاستثناءات؟","NEEDS REVIEW",""
"R-FAM-ANNUL-INTERCOURSE","الأحوال الشخصية والتركات","Q001: وش صار معك؟ ← أحوال شخصية → Q060: وش المشكلة الأسرية اللي عندك؟ ← ما أعرف التصنيف، أبي أحدد المشكلة خطوة بخطوة → Q400: وش المشكلة الأسرية بالتحديد؟ ← أبي فسخ النكاح / أحدد سبب الفسخ → Q421: وش سبب طلب فسخ النكاح؟ ← امتناع عن المعاشرة الزوجية","امتنع الزوج عن جماع زوجته أكثر من أربعة أشهر بلا عذر مشروع أو حلف على عدم جماعها لهذه المدة.","ارفع دعوى فسخ عقد الزواج وحدد الواقعة والمدة وما يدعمها.","وزارة العدل — محكمة الأحوال الشخصية/ناجز بحسب نوع الإجراء.","محكمة الأحوال الشخصية","زوجة تطلب الفسخ بسبب امتناع الزوج عن الجماع أو حلفه على عدم الجماع | دعوى فسخ عقد زواج","عقد الزواج وبيان المدة والوقائع والأدلة المتاحة.","عقد الزواج، وما يثبت الامتناع/اليمين بوسائل الإثبات المتاحة.","أكثر من أربعة أشهر وفق الحالتين بالمادة 113.","قضايا الأحوال الشخصية مستثناة من التكاليف القضائية عند رفع الدعوى.","إذا كانت المطالبة محل نزاع، تُرفع عبر صحيفة الدعوى بتصنيف الدعوى المناسب، ثم يُدقق الطلب وتحال القضية للدائرة المختصة عند قبوله.","إذا كانت المطالبة محل نزاع، تُرفع عبر صحيفة الدعوى بتصنيف الدعوى المناسب، ثم يُدقق الطلب وتحال القضية للدائرة المختصة عند قبوله.","نظام الأحوال الشخصية","","المادة 113: الفسخ عند الحلف على عدم الجماع مدة تزيد على أربعة أشهر ما لم يرجع قبل انقضائها، أو الامتناع عن الجماع مدة تزيد على أربعة أشهر بلا عذر مشروع.","هيئة الخبراء بمجلس الوزراء — نظام الأحوال الشخصية","https://laws.boe.gov.sa/BoeLaws/Laws/LawDetails/4d72d829-947b-45d5-b9b5-ae5800d6bac2/1","2026-09-22","ثابتة نظاميًا نسبيًا","VERIFIED","تدقيق تفصيلي ومصدر نظامي أولي فُتح وتحقق من بقائه متاحًا في هذه المرحلة.","HIGH","النتيجة تمس الاختصاص أو طريق الاعتراض/التنفيذ أو مدة/رسومًا مؤثرة.","نعم","هل استثناء الأحوال الشخصية من التكاليف يشمل هذا الطلب التنفيذي تحديدًا، وما الاستثناءات؟","NEEDS REVIEW",""
"R-FAM-ANNUL-MAHR","الأحوال الشخصية والتركات","Q001: وش صار معك؟ ← أحوال شخصية → Q060: وش المشكلة الأسرية اللي عندك؟ ← ما أعرف التصنيف، أبي أحدد المشكلة خطوة بخطوة → Q400: وش المشكلة الأسرية بالتحديد؟ ← أبي فسخ النكاح / أحدد سبب الفسخ → Q421: وش سبب طلب فسخ النكاح؟ ← المهر الحال لم يُدفع قبل الدخول","لم يتم الدخول وتطلب الزوجة الفسخ لعدم أداء المهر الحال.","ارفع دعوى فسخ عقد الزواج بسبب عدم أداء المهر الحال، مع بيان عدم الدخول والمهر المستحق.","وزارة العدل — محكمة الأحوال الشخصية/ناجز بحسب نوع الإجراء.","محكمة الأحوال الشخصية","زوجة قبل الدخول لم تستلم مهرها الحال | دعوى فسخ عقد زواج لعدم أداء المهر الحال","عقد الزواج وبيانات المهر وما يثبت عدم الدخول وعدم الأداء.","عقد الزواج، ما يبين المهر وحلوله، وأدلة عدم السداد.","الأجل الذي تحدده المحكمة للأداء لا يزيد على 30 يومًا من تاريخ الطلب.","قضايا الأحوال الشخصية مستثناة من التكاليف القضائية عند رفع الدعوى.","غير منطبق ظاهرًا","إذا كانت المطالبة محل نزاع، تُرفع عبر صحيفة الدعوى بتصنيف الدعوى المناسب، ثم يُدقق الطلب وتحال القضية للدائرة المختصة عند قبوله.","نظام الأحوال الشخصية","","المادة 106: الفسخ قبل الدخول لعدم أداء المهر الحال بعد انتهاء أجل تحدده المحكمة لا يتجاوز 30 يومًا؛ وبعد الدخول لا يفسخ لهذا السبب ويبقى المهر دينًا.","هيئة الخبراء بمجلس الوزراء — نظام الأحوال الشخصية","https://laws.boe.gov.sa/BoeLaws/Laws/LawDetails/4d72d829-947b-45d5-b9b5-ae5800d6bac2/1","2026-09-22","ثابتة نظاميًا نسبيًا","VERIFIED","تدقيق تفصيلي ومصدر نظامي أولي فُتح وتحقق من بقائه متاحًا في هذه المرحلة.","HIGH","النتيجة تمس الاختصاص أو طريق الاعتراض/التنفيذ أو مدة/رسومًا مؤثرة.","نعم","هل استثناء الأحوال الشخصية من التكاليف يشمل هذا الطلب التنفيذي تحديدًا، وما الاستثناءات؟","NEEDS REVIEW",""
"R-FAM-ANNUL-MISSING","الأحوال الشخصية والتركات","Q001: وش صار معك؟ ← أحوال شخصية → Q060: وش المشكلة الأسرية اللي عندك؟ ← ما أعرف التصنيف، أبي أحدد المشكلة خطوة بخطوة → Q400: وش المشكلة الأسرية بالتحديد؟ ← أبي فسخ النكاح / أحدد سبب الفسخ → Q421: وش سبب طلب فسخ النكاح؟ ← الزوج مفقود أو غائب ومكانه غير معلوم","الزوج مفقود أو غائب ولا يعرف موطنه أو محل إقامته.","ارفع دعوى فسخ عقد الزواج بسبب الفقد أو الغيبة مع كل ما يتوافر عن تاريخ الانقطاع ومحاولات الوصول إليه.","وزارة العدل — محكمة الأحوال الشخصية/ناجز بحسب نوع الإجراء.","محكمة الأحوال الشخصية","زوج مفقود أو غائب لا يعرف موطنه ولا محل إقامته | ناجز | دعوى فسخ عقد الزواج بسبب الفقد/الغيبة مجهولة الموطن","عقد الزواج، تاريخ الفقد/الغيبة، وآخر بيانات أو مستندات متاحة عن الزوج ومحاولات الوصول إليه.","عقد الزواج، البلاغات ومحاولات البحث والتواصل، وبيانات آخر ظهور/إقامة.","المحكمة لا تحكم بالفسخ إلا بعد مدة تحددها لا تقل عن سنة ولا تزيد على سنتين من تاريخ الفقد أو الغيبة.","قضايا الأحوال الشخصية مستثناة من التكاليف القضائية عند رفع الدعوى.","غير منطبق ظاهرًا","تتحقق المحكمة من واقعة الفقد أو الغيبة وعدم معرفة الموطن/الإقامة، وتحدد المدة النظامية ضمن حدود المادة 115 قبل الفصل بالفسخ.","نظام الأحوال الشخصية","","المادة 115 تنظم فسخ الزواج بسبب فقد الزوج أو غيبته مع جهل موطنه ومحل إقامته وحد المدة من سنة إلى سنتين.","هيئة الخبراء بمجلس الوزراء — نظام الأحوال الشخصية","https://laws.boe.gov.sa/BoeLaws/Laws/LawDetails/4d72d829-947b-45d5-b9b5-ae5800d6bac2/1","2026-09-22","قابلة للتغير","VERIFIED","تدقيق تفصيلي ومصدر نظامي أولي فُتح وتحقق من بقائه متاحًا في هذه المرحلة.","HIGH","النتيجة تمس الاختصاص أو طريق الاعتراض/التنفيذ أو مدة/رسومًا مؤثرة.","نعم","هل استثناء الأحوال الشخصية من التكاليف يشمل هذا الطلب التنفيذي تحديدًا، وما الاستثناءات؟","NEEDS REVIEW",""
"R-FAM-ANNUL-NO-MAINT","الأحوال الشخصية والتركات","Q001: وش صار معك؟ ← أحوال شخصية → Q060: وش المشكلة الأسرية اللي عندك؟ ← ما أعرف التصنيف، أبي أحدد المشكلة خطوة بخطوة → Q400: وش المشكلة الأسرية بالتحديد؟ ← أبي فسخ النكاح / أحدد سبب الفسخ → Q421: وش سبب طلب فسخ النكاح؟ ← الزوج لا ينفق أو تعذر تحصيل النفقة","يمتنع الزوج عن الإنفاق أو يتعذر استيفاء النفقة منه.","ارفع دعوى فسخ عقد الزواج بسبب عدم الإنفاق، مع إرفاق ما يدعم الوقائع.","وزارة العدل — محكمة الأحوال الشخصية/ناجز بحسب نوع الإجراء.","محكمة الأحوال الشخصية","فسخ لامتناع الزوج عن النفقة أو تعذر استيفائها | دعوى فسخ عقد الزواج لعدم النفقة","عقد الزواج وما يدعم الامتناع أو تعذر استيفاء النفقة.","وثيقة الزواج، ما يثبت المطالبة بالنفقة والامتناع/التعذر، وأحكام أو مستندات النفقة إن وجدت.","للزوجة طلب الفسخ فورًا أو متراخيًا في حالة ادعاء الزوج الإعسار بالنفقة الواجبة.","قضايا الأحوال الشخصية مستثناة من التكاليف القضائية وفق رحلة القضية المنشورة من وزارة العدل.","غير منطبق ظاهرًا","إذا كانت المطالبة محل نزاع، تُرفع عبر صحيفة الدعوى بتصنيف الدعوى المناسب، ثم يُدقق الطلب وتحال القضية للدائرة المختصة عند قبوله.","نظام الأحوال الشخصية","","المادة 107: تفسخ المحكمة بطلب الزوجة إذا امتنع الزوج عن الإنفاق أو تعذر الاستيفاء؛ وإذا ادعى الإعسار فلها طلب الفسخ فورًا أو متراخيًا.","هيئة الخبراء بمجلس الوزراء — نظام الأحوال الشخصية","https://laws.boe.gov.sa/BoeLaws/Laws/LawDetails/4d72d829-947b-45d5-b9b5-ae5800d6bac2/1","2026-09-22","ثابتة نظاميًا نسبيًا","VERIFIED","تدقيق تفصيلي ومصدر نظامي أولي فُتح وتحقق من بقائه متاحًا في هذه المرحلة.","HIGH","النتيجة تمس الاختصاص أو طريق الاعتراض/التنفيذ أو مدة/رسومًا مؤثرة.","نعم","هل استثناء الأحوال الشخصية من التكاليف يشمل هذا الطلب التنفيذي تحديدًا، وما الاستثناءات؟","NEEDS REVIEW",""
"R-FAM-BREASTFEEDING-DOC","الأحوال الشخصية والتركات","Q001: وش صار معك؟ ← أحوال شخصية → Q060: وش المشكلة الأسرية اللي عندك؟ ← ما أعرف التصنيف، أبي أحدد المشكلة خطوة بخطوة → Q400: وش المشكلة الأسرية بالتحديد؟ ← رضاعة / تحريم بالرضاع / توثيق رضاعة → Q420: وش موضوع الرضاعة عندك؟ ← أبي أوثق واقعة رضاعة في ناجز","تريد توثيق واقعة رضاعة إلكترونيًا.","استخدم خدمة «توثيق الرضاعة» في ناجز وفق دليل وزارة العدل، وأدخل البيانات والمرفقات التي تطلبها الخدمة.","وزارة العدل — محكمة الأحوال الشخصية/ناجز بحسب نوع الإجراء.","محكمة الأحوال الشخصية","توجد واقعة رضاع يراد إثبات أثرها في الزواج/المحرمية | ناجز | دعوى إثبات واقعة رضاع وآثارها عند النزاع","بيانات الواقعة والمستندات المؤيدة بحسب الحالة.","ما يثبت الواقعة بحسب المتاح: شهادة/إقرار/مستندات؛ النظام نفسه لا يسرد قائمة مستندات إلكترونية خاصة لهذه النتيجة.","لا مدة دعوى رقمية عامة؛ الشرط الموضوعي أن يكون الرضاع نفسه في العامين الأولين.","الدعاوى والطلبات التي تختص بها محاكم الأحوال الشخصية مستثناة من نظام التكاليف القضائية، عدا طلب النقض والتماس إعادة النظر.","يتحدد المسار التالي بحسب وجود اتفاق أو نزاع وطبيعة الطلب.","يتحدد المسار التالي بحسب وجود اتفاق أو نزاع وطبيعة الطلب.","نظام الأحوال الشخصية - المادة 25","","المادة 25: يحرم من الرضاع ما يحرم من النسب بشرط وقوعه في العامين الأولين وبلوغه خمس رضعات متيقنة متفرقة ولو تقارب وقتها.","هيئة الخبراء — نظام الأحوال الشخصية - المادة 25","https://laws.boe.gov.sa/BoeLaws/Laws/LawDetails/4d72d829-947b-45d5-b9b5-ae5800d6bac2/1","2026-09-22","قابلة للتغير","VERIFIED","تدقيق تفصيلي ومصدر نظامي أولي فُتح وتحقق من بقائه متاحًا في هذه المرحلة.","HIGH","النتيجة تمس الاختصاص أو طريق الاعتراض/التنفيذ أو مدة/رسومًا مؤثرة.","نعم","هل استثناء الأحوال الشخصية من التكاليف يشمل هذا الطلب التنفيذي تحديدًا، وما الاستثناءات؟","NEEDS REVIEW",""
"R-FAM-BREASTFEEDING-PROHIBITION","الأحوال الشخصية والتركات","Q001: وش صار معك؟ ← أحوال شخصية → Q060: وش المشكلة الأسرية اللي عندك؟ ← ما أعرف التصنيف، أبي أحدد المشكلة خطوة بخطوة → Q400: وش المشكلة الأسرية بالتحديد؟ ← رضاعة / تحريم بالرضاع / توثيق رضاعة → Q420: وش موضوع الرضاعة عندك؟ ← أبي أعرف هل الرضاعة تمنع الزواج","يوجد سؤال هل واقعة رضاعة تنشئ تحريمًا مؤبدًا يؤثر في الزواج.","تحقق من عمر الطفل وقت الرضاع وعدد الرضعات المتيقنة المتفرقة.","وزارة العدل — محكمة الأحوال الشخصية/ناجز بحسب نوع الإجراء.","محكمة الأحوال الشخصية","يوجد ادعاء رضاع قد يمنع الزواج | دعوى/دفع لإثبات أثر الرضاع عند النزاع","بيانات الواقعة والمستندات المؤيدة بحسب الحالة.","ما يثبت واقعة الرضاع وعدد الرضعات وتوقيتها بوسائل الإثبات المقبولة.","لا مدة دعوى رقمية؛ الشرطان موضوعيان: أول عامين وخمس رضعات.","قضايا الأحوال الشخصية مستثناة من التكاليف القضائية.","غير منطبق ظاهرًا","يتحدد المسار التالي بحسب وجود اتفاق أو نزاع وطبيعة الطلب.","نظام الأحوال الشخصية","","المادة 25: يحرم من الرضاع ما يحرم من النسب إذا وقع في العامين الأولين وبلغ خمس رضعات متيقنة متفرقة.","هيئة الخبراء — نظام الأحوال الشخصية","https://laws.boe.gov.sa/BoeLaws/Laws/LawDetails/4d72d829-947b-45d5-b9b5-ae5800d6bac2/1","2026-09-22","ثابتة نظاميًا نسبيًا","VERIFIED","تدقيق تفصيلي ومصدر نظامي أولي فُتح وتحقق من بقائه متاحًا في هذه المرحلة.","HIGH","النتيجة تمس الاختصاص أو طريق الاعتراض/التنفيذ أو مدة/رسومًا مؤثرة.","نعم","هل استثناء الأحوال الشخصية من التكاليف يشمل هذا الطلب التنفيذي تحديدًا، وما الاستثناءات؟","NEEDS REVIEW",""
"R-FAM-BREASTFEEDING-WAGE","الأحوال الشخصية والتركات","Q001: وش صار معك؟ ← أحوال شخصية → Q060: وش المشكلة الأسرية اللي عندك؟ ← ما أعرف التصنيف، أبي أحدد المشكلة خطوة بخطوة → Q400: وش المشكلة الأسرية بالتحديد؟ ← رضاعة / تحريم بالرضاع / توثيق رضاعة → Q420: وش موضوع الرضاعة عندك؟ ← أبي أعرف حكم إرضاع الطفل وأجرة المرضعة","تسأل عن إرضاع الطفل وأجرة الإرضاع.","لا تخلط التحريم بالرضاع مع النفقة/أجرة الإرضاع. حدّد علاقة المرضعة بالطفل وحالة الزوجية/الفرقة ثم طبّق أحكام النفقة والإرضاع ذات الصلة، وعند النزاع ارفع الطلب القضائي المناسب.","وزارة العدل — محكمة الأحوال الشخصية/ناجز بحسب نوع الإجراء.","محكمة الأحوال الشخصية","مرضعة تطلب أجرة رضاع طفل ليست ملزمة بإرضاعه بلا مقابل | دعوى أجرة رضاع عند النزاع","المستندات والوقائع المؤيدة بحسب الحالة.","ما يثبت الولادة والرضاع ومدته وأي اتفاق على الأجرة وأدلة الدفع/عدم الدفع.","لا مدة رقمية خاصة في النتيجة دون نص صريح.","قضايا الأحوال الشخصية مستثناة من التكاليف القضائية.","غير منطبق ظاهرًا","تفصل المحكمة في النزاع عند الحاجة، أما التوثيق فيستخدم فقط إذا كانت الخدمة وشروطها تنطبق.","نظام الأحوال الشخصية","","أحكام نفقة الطفل والرضاع في نظام الأحوال الشخصية تفرق بين التزام الأم بالإرضاع في حالات محددة واستحقاق الأجرة عند انطباقها.","هيئة الخبراء — نظام الأحوال الشخصية","https://laws.boe.gov.sa/BoeLaws/Laws/LawDetails/4d72d829-947b-45d5-b9b5-ae5800d6bac2/1","2026-09-22","ثابتة نظاميًا نسبيًا","VERIFIED","تدقيق تفصيلي ومصدر نظامي أولي فُتح وتحقق من بقائه متاحًا في هذه المرحلة.","HIGH","النتيجة تمس الاختصاص أو طريق الاعتراض/التنفيذ أو مدة/رسومًا مؤثرة.","نعم","هل استثناء الأحوال الشخصية من التكاليف يشمل هذا الطلب التنفيذي تحديدًا، وما الاستثناءات؟","NEEDS REVIEW",""
"R-FAM-CUSTODY-AGE15-18","الأحوال الشخصية والتركات","Q001: وش صار معك؟ ← أحوال شخصية → Q060: وش المشكلة الأسرية اللي عندك؟ ← حضانة أو زيارة → Q403: وش موضوع الحضانة أو الزيارة؟ ← المحضون بلغ 15 أو 18 سنة","المحضون أتم 15 سنة أو بلغ 18 سنة.","إذا يوجد نزاع على الإقامة أو انطباق الاستثناء، ارفع المسألة للمحكمة ولا تفترض أن الاختيار أو الانتهاء آلي في جميع الحالات.","وزارة العدل — محكمة الأحوال الشخصية/ناجز بحسب نوع الإجراء.","محكمة الأحوال الشخصية","المحضون أتم 15 سنة ولم يبلغ 18 | اختيار الإقامة لدى أحد الوالدين مع مراعاة المصلحة","العمر + الحالة الصحية + الحكم السابق إن وجد.","إثبات العمر وأي حكم حضانة قائم وأدلة المصلحة عند النزاع.","من إتمام 15 حتى إتمام 18؛ الحضانة تنتهي عند 18 إلا الحالات المذكورة بالمادة.","قضايا الأحوال الشخصية مستثناة من التكاليف القضائية.","غير منطبق ظاهرًا","تفصل المحكمة عند النزاع وفق المادة 135 ومصلحة المحضون.","نظام الأحوال الشخصية - العدة والنفقة","","المادة 135: الاختيار عند 15، انتهاء الحضانة عند 18، واستمرارها للمجنون أو المعتوه أو المريض مرضًا مقعدًا وفق الترتيب النظامي.","هيئة الخبراء بمجلس الوزراء — نظام الأحوال الشخصية - العدة والنفقة","https://laws.boe.gov.sa/BoeLaws/Laws/LawDetails/4d72d829-947b-45d5-b9b5-ae5800d6bac2/1","2026-09-22","ثابتة نظاميًا نسبيًا","VERIFIED","تدقيق تفصيلي ومصدر نظامي أولي فُتح وتحقق من بقائه متاحًا في هذه المرحلة.","HIGH","النتيجة تمس الاختصاص أو طريق الاعتراض/التنفيذ أو مدة/رسومًا مؤثرة.","نعم","هل استثناء الأحوال الشخصية من التكاليف يشمل هذا الطلب التنفيذي تحديدًا، وما الاستثناءات؟","NEEDS REVIEW",""
"R-FAM-CUSTODY-DEEP","الأحوال الشخصية والتركات","Q001: وش صار معك؟ ← أحوال شخصية → Q060: وش المشكلة الأسرية اللي عندك؟ ← ما أعرف التصنيف، أبي أحدد المشكلة خطوة بخطوة → Q400: وش المشكلة الأسرية بالتحديد؟ ← نزاع على الحضانة أو انتقالها","يوجد نزاع فعلي على استحقاق الحضانة أو انتقالها أو استمرارها.","لا تستخدم توثيق الحضانة غير النزاعية؛ ارفع دعوى الحضانة المناسبة، وإذا كان لديك حكم قائم فانتقل لتنفيذه.","وزارة العدل — محكمة الأحوال الشخصية/ناجز بحسب نوع الإجراء.","محكمة الأحوال الشخصية","نزاع حضانة يحتاج تحديد الأحق والشروط | دعوى حضانة جديدة عند عدم وجود سند؛ تنفيذ عند وجود حكم/سند حضانة","بيانات الوالدين والمحضون، وما يثبت الوقائع المؤثرة في الحضانة، وأي حكم سابق.","وثائق العلاقة/الفرقة، بيانات المحضون، أدلة الرعاية والسكن والصحة، وأي حكم أو وثيقة حضانة قائمة.","لا مدة عامة للدعوى؛ لكن السكوت عن المطالبة بالحضانة أكثر من سنة بلا عذر سبب سقوط ما لم تقتض مصلحة المحضون خلاف ذلك.","قضايا الأحوال الشخصية مستثناة من التكاليف القضائية.","غير منطبق ظاهرًا","بعد تقديم الطلب تُدقق المحكمة/الجهة المختصة الطلب والمستندات، ثم تسير القضية أو معاملة التوثيق بحسب نوعها.","نظام الأحوال الشخصية","","المواد 124-135 تنظم الحضانة وشروط الحاضن وترتيبها وسقوطها والسفر والزيارة واختيار المحضون عند 15 وانتهاء الحضانة عند 18 مع الاستثناءات.","هيئة الخبراء بمجلس الوزراء — نظام الأحوال الشخصية","https://laws.boe.gov.sa/BoeLaws/Laws/LawDetails/4d72d829-947b-45d5-b9b5-ae5800d6bac2/1","2026-09-22","قابلة للتغير","STALE RISK","نظام تنفيذ جديد نُشر في 2026 وسيحل محل النظام السابق بعد 180 يومًا؛ يلزم تثبيت تاريخ النفاذ وخطة تحديث النتيجة.","HIGH","النتيجة تمس الاختصاص أو طريق الاعتراض/التنفيذ أو مدة/رسومًا مؤثرة.","نعم","هل استثناء الأحوال الشخصية من التكاليف يشمل هذا الطلب التنفيذي تحديدًا، وما الاستثناءات؟","NEEDS REVIEW",""
"R-FAM-CUSTODY-DOC","الأحوال الشخصية والتركات","Q001: وش صار معك؟ ← أحوال شخصية → Q060: وش المشكلة الأسرية اللي عندك؟ ← حضانة أو زيارة → Q403: وش موضوع الحضانة أو الزيارة؟ ← أبي توثيق حضانة بدون نزاع","لديك حكم حضانة داخل سند تنفيذي وطلب تنفيذ قائم وتريد تنفيذ الحضانة فعليًا.","إذا لم يوجد طلب تنفيذ فابدأ بخدمة «تقديم طلب تنفيذ». وإذا أصبح الطلب قائمًا وتنطبق الشروط، استخدم «طلب تنفيذ حضانة عبر الجمعيات» من باقة التنفيذ.","وزارة العدل — محكمة الأحوال الشخصية/ناجز بحسب نوع الإجراء.","محكمة الأحوال الشخصية","طلب تنفيذ حضانة عبر الجمعيات | ناجز | طلب إجراء داخل ملف تنفيذ أحوال شخصية قائم.","السند يجب أن يتضمن حكم الحضانة. خدمة الحضانة تشترط نوع السند (شخصي-حضانة)، وأن تكون حالة طلب التنفيذ قيد التنفيذ أو تم التنفيذ جزئيًا، مع بقية شروط الإجراء المنشورة. لا توجد مستندات مطلوبة للخدمة نفسها.","لا توجد مستندات مطلوبة بحسب صفحة الخدمة الحالية.","","رسوم الخدمة: لا يوجد.","غير منطبق ظاهرًا","بعد قبول الإجراء يسير تنفيذ الحضانة عبر المسار المختص. نظام التنفيذ يجيز التنفيذ الجبري لأحكام الحضانة وحفظ الصغير وفق أحكامه.","","","","وزارة العدل — طلب خدمة حضانة","https://www.moj.gov.sa/ar/eservices/pages/739b4d6e-c736-4d27-ba3e-a6d17dd561aa.aspx","2026-09-22","قابلة للتغير","STALE RISK","نظام تنفيذ جديد نُشر في 2026 وسيحل محل النظام السابق بعد 180 يومًا؛ يلزم تثبيت تاريخ النفاذ وخطة تحديث النتيجة.","HIGH","النتيجة تمس الاختصاص أو طريق الاعتراض/التنفيذ أو مدة/رسومًا مؤثرة.","نعم","هل استثناء الأحوال الشخصية من التكاليف يشمل هذا الطلب التنفيذي تحديدًا، وما الاستثناءات؟","NEEDS REVIEW",""
"R-FAM-CUSTODY-LEFT-HOME","الأحوال الشخصية والتركات","Q001: وش صار معك؟ ← أحوال شخصية → Q060: وش المشكلة الأسرية اللي عندك؟ ← حضانة أو زيارة → Q403: وش موضوع الحضانة أو الزيارة؟ ← الأم تركت بيت الزوجية وأخشى سقوط حضانتها","تركت الأم بيت الزوجية بسبب خلاف وتريد معرفة أثر ذلك على الحضانة.","إذا نشأ نزاع على الحضانة فارفع دعوى الحضانة ولا تفترض سقوطها بمجرد مغادرة المنزل.","وزارة العدل — محكمة الأحوال الشخصية/ناجز بحسب نوع الإجراء.","محكمة الأحوال الشخصية","ترك الأم بيت الزوجية مع وجود نزاع على الحضانة | دعوى حضانة عند وجود نزاع؛ وترك البيت وحده لا يسقط الحضانة","وقائع النزاع وأي حكم حضانة سابق إن وجد.","وثيقة الزواج/الفرقة، بيانات المحضون، وأدلة الرعاية والسكن ومصلحة المحضون.","لا مدة خاصة لمجرد ترك بيت الزوجية؛ وقد تنطبق قاعدة السكوت أكثر من سنة في المادة 128 إذا كانت الوقائع تحققها.","قضايا الأحوال الشخصية مستثناة من التكاليف القضائية.","غير منطبق ظاهرًا","إذا كانت المطالبة محل نزاع، تُرفع عبر صحيفة الدعوى بتصنيف الدعوى المناسب، ثم يُدقق الطلب وتحال القضية للدائرة المختصة عند قبوله.","نظام الأحوال الشخصية","","المادة 133: ترك الأم بيت الزوجية لخلاف أو غيره لا يسقط حقها في الحضانة لأجل ذلك ما لم تقتض مصلحة المحضون خلاف ذلك؛ مع مراعاة المواد 125-128.","هيئة الخبراء بمجلس الوزراء — نظام الأحوال الشخصية","https://laws.boe.gov.sa/BoeLaws/Laws/LawDetails/4d72d829-947b-45d5-b9b5-ae5800d6bac2/1","2026-09-22","ثابتة نظاميًا نسبيًا","VERIFIED","تدقيق تفصيلي ومصدر نظامي أولي فُتح وتحقق من بقائه متاحًا في هذه المرحلة.","HIGH","النتيجة تمس الاختصاص أو طريق الاعتراض/التنفيذ أو مدة/رسومًا مؤثرة.","نعم","هل استثناء الأحوال الشخصية من التكاليف يشمل هذا الطلب التنفيذي تحديدًا، وما الاستثناءات؟","NEEDS REVIEW",""
"R-FAM-CUSTODY-LOSS","الأحوال الشخصية والتركات","Q001: وش صار معك؟ ← أحوال شخصية → Q060: وش المشكلة الأسرية اللي عندك؟ ← حضانة أو زيارة → Q403: وش موضوع الحضانة أو الزيارة؟ ← أطلب إسقاط/نقل الحضانة","تدعي وجود سبب نظامي لسقوط حق الحاضن أو انتقال الحضانة.","ارفع دعوى الحضانة وحدد سبب السقوط والوقائع والأدلة؛ المحكمة تقيّم مصلحة المحضون.","وزارة العدل — محكمة الأحوال الشخصية/ناجز بحسب نوع الإجراء.","محكمة الأحوال الشخصية","سقوط حق الحضانة | دعوى حضانة/طلب تغيير الحاضن","الحكم السابق إن وجد، وأدلة السبب المدعى به ومصلحة المحضون.","وثيقة الحضانة/الحكم إن وجد، وأدلة تخلف شرط الحاضن أو الانتقال أو مدة السكوت.","إذا كان السبب السكوت عن المطالبة: أكثر من سنة دون عذر، ما لم تقتض مصلحة المحضون خلاف ذلك.","قضايا الأحوال الشخصية مستثناة من التكاليف القضائية.","غير منطبق ظاهرًا","إذا كانت المطالبة محل نزاع، تُرفع عبر صحيفة الدعوى بتصنيف الدعوى المناسب، ثم يُدقق الطلب وتحال القضية للدائرة المختصة عند قبوله.","نظام الأحوال الشخصية - الحضانة","","المادة 128: سقوط الحضانة عند تخلف شروط 125/126، أو الانتقال بقصد الإقامة بما يفوت مصلحة المحضون، أو السكوت أكثر من سنة دون عذر مع استثناء مصلحة المحضون.","هيئة الخبراء بمجلس الوزراء — نظام الأحوال الشخصية - الحضانة","https://laws.boe.gov.sa/BoeLaws/Laws/LawDetails/4d72d829-947b-45d5-b9b5-ae5800d6bac2/1","2026-09-22","ثابتة نظاميًا نسبيًا","VERIFIED","تدقيق تفصيلي ومصدر نظامي أولي فُتح وتحقق من بقائه متاحًا في هذه المرحلة.","HIGH","النتيجة تمس الاختصاص أو طريق الاعتراض/التنفيذ أو مدة/رسومًا مؤثرة.","نعم","هل استثناء الأحوال الشخصية من التكاليف يشمل هذا الطلب التنفيذي تحديدًا، وما الاستثناءات؟","NEEDS REVIEW",""
"R-FAM-CUSTODY-NO-CLAIMANT","الأحوال الشخصية والتركات","Q001: وش صار معك؟ ← أحوال شخصية → Q060: وش المشكلة الأسرية اللي عندك؟ ← حضانة أو زيارة → Q403: وش موضوع الحضانة أو الزيارة؟ ← ما أحد من مستحقي الحضانة طلبها","لم يطلب الحضانة أحد مستحقيها.","إذا احتجت إلزامًا أو نشأ نزاع، استخدم المسار القضائي للحضانة وبيّن عمر المحضون ووضع الوالدين.","وزارة العدل — محكمة الأحوال الشخصية/ناجز بحسب نوع الإجراء.","محكمة الأحوال الشخصية","لا أحد من مستحقي الحضانة يطالب بها | إلزام أحد الوالدين بالحضانة بحسب عمر المحضون","عمر المحضون + بيانات الأب والأم.","بيانات المحضون والوالدين وما يثبت عدم وجود حاضن قائم عند النزاع.","العمر الفاصل سنتان، وليس مهلة إجرائية.","قضايا الأحوال الشخصية مستثناة من التكاليف القضائية.","غير منطبق ظاهرًا","تطبق المحكمة ترتيب الإلزام المنصوص عليه في المادة 131.","نظام الأحوال الشخصية - العدة والنفقة","","المادة 131 تحدد الإلزام بالحضانة عند عدم مطالبة المستحقين بحسب كون سن المحضون لا يتجاوز سنتين أو تجاوزهما.","هيئة الخبراء بمجلس الوزراء — نظام الأحوال الشخصية - العدة والنفقة","https://laws.boe.gov.sa/BoeLaws/Laws/LawDetails/4d72d829-947b-45d5-b9b5-ae5800d6bac2/1","2026-09-22","ثابتة نظاميًا نسبيًا","VERIFIED","تدقيق تفصيلي ومصدر نظامي أولي فُتح وتحقق من بقائه متاحًا في هذه المرحلة.","HIGH","النتيجة تمس الاختصاص أو طريق الاعتراض/التنفيذ أو مدة/رسومًا مؤثرة.","نعم","هل استثناء الأحوال الشخصية من التكاليف يشمل هذا الطلب التنفيذي تحديدًا، وما الاستثناءات؟","NEEDS REVIEW",""
"R-FAM-CUSTODY-NO-PARENTS","الأحوال الشخصية والتركات","Q001: وش صار معك؟ ← أحوال شخصية → Q060: وش المشكلة الأسرية اللي عندك؟ ← حضانة أو زيارة → Q403: وش موضوع الحضانة أو الزيارة؟ ← لا يوجد الوالدان ولا أحد يقبل الحضانة","الوالدان غير موجودين ولا يوجد مستحق يقبل الحضانة.","تقدم للمحكمة بالطلب المناسب مع بيان وضع المحضون وعدم وجود من يقبل الحضانة.","وزارة العدل — محكمة الأحوال الشخصية/ناجز بحسب نوع الإجراء.","محكمة الأحوال الشخصية","لا يوجد الوالدان ولا يقبل الحضانة مستحق لها | طلب تعيين حاضن مناسب","بيانات المحضون ووضع الوالدين والأقارب المتاحين.","بيانات المحضون وما يثبت وضع الوالدين وبيانات الأقارب/الجهات المقترحة إن وجدت.","لا مدة رقمية خاصة بالمادة 132.","قضايا الأحوال الشخصية مستثناة من التكاليف القضائية.","غير منطبق ظاهرًا","تختار المحكمة ما تراه أصلح للمحضون.","نظام الأحوال الشخصية - العدة والنفقة","","المادة 132: عند عدم وجود الوالدين وعدم قبول مستحق للحضانة تختار المحكمة صالحًا من الأقارب أو غيرهم أو جهة مؤهلة.","هيئة الخبراء بمجلس الوزراء — نظام الأحوال الشخصية - العدة والنفقة","https://laws.boe.gov.sa/BoeLaws/Laws/LawDetails/4d72d829-947b-45d5-b9b5-ae5800d6bac2/1","2026-09-22","ثابتة نظاميًا نسبيًا","VERIFIED","تدقيق تفصيلي ومصدر نظامي أولي فُتح وتحقق من بقائه متاحًا في هذه المرحلة.","HIGH","النتيجة تمس الاختصاص أو طريق الاعتراض/التنفيذ أو مدة/رسومًا مؤثرة.","نعم","هل استثناء الأحوال الشخصية من التكاليف يشمل هذا الطلب التنفيذي تحديدًا، وما الاستثناءات؟","NEEDS REVIEW",""
"R-FAM-CUSTODY-OBSTRUCTION","الأحوال الشخصية والتركات","Q001: وش صار معك؟ ← عندي طلب تنفيذ أو إجراء تنفيذ → Q040: وش وضع التنفيذ؟ ← الطلب انتهى أو توقف وما أعرف السبب → Q202: الطلب منتهي أو متوقف مؤقت؟ ← الطلب منتهٍ أو ما أعرف سبب التوقف → QD04: وش اللي مو واضح لك في التنفيذ؟ ← ما أعرف إجراء تنفيذ الحضانة أو الزيارة → Q327: وش تحتاج في تنفيذ الحضانة أو الزيارة؟ ← عندي حكم والتنفيذ قائم لكن أبي أفهم مسار الحضانة/الزيارة → Q331: حكم الحضانة أو الزيارة موجود، وش مشكلتك الآن؟ ← التنفيذ متعثر أو أبي أغيّر أصل حكم الحضانة/الزيارة → Q404: المشكلة في تنفيذ حكم الحضانة/الزيارة أو تبي تغيير أصل الحكم؟ ← عندي حكم قائم لكن الطرف الآخر لا ينفذه → Q333: التنفيذ قائم، وش نوع التعثر في الحضانة أو الزيارة؟ ← الطرف الآخر لا يسلّم المحضون أو تنفيذ الحضانة متعثر","لديك حكم حضانة قيد التنفيذ لكن التنفيذ متعثر.","تابع طلب التنفيذ واستخدم «طلب خدمة حضانة» عند انطباق شروطها.","وزارة العدل — محكمة الأحوال الشخصية/ناجز بحسب نوع الإجراء.","محكمة الأحوال الشخصية","طلب خدمة حضانة | ناجز | تنفيذ حضانة عبر الجمعيات","نوع السند شخصي-حضانة، والطلب قيد التنفيذ أو منفذ جزئيًا، مع انطباق شروط الخدمة الرسمية.","لا توجد مستندات مطلوبة وفق صفحة الخدمة.","مدة الخدمة تشغيلية، ورسومها لا يوجد؛ لا نحول SLA إلى مهلة سقوط حق.","لا نثبت مبلغًا قضائيًا موحدًا لهذه النتيجة.","غير منطبق ظاهرًا","يستمر التنفيذ داخل طلب التنفيذ القائم وفق القرارات والإجراءات الصادرة.","","","","وزارة العدل — طلب خدمة حضانة","https://www.moj.gov.sa/ar/eservices/pages/739b4d6e-c736-4d27-ba3e-a6d17dd561aa.aspx","2026-09-22","قابلة للتغير","STALE RISK","نظام تنفيذ جديد نُشر في 2026 وسيحل محل النظام السابق بعد 180 يومًا؛ يلزم تثبيت تاريخ النفاذ وخطة تحديث النتيجة.","HIGH","النتيجة تمس الاختصاص أو طريق الاعتراض/التنفيذ أو مدة/رسومًا مؤثرة.","نعم","هل استثناء الأحوال الشخصية من التكاليف يشمل هذا الطلب التنفيذي تحديدًا، وما الاستثناءات؟","NEEDS REVIEW",""
"R-FAM-CUSTODY-ORDER","الأحوال الشخصية والتركات","Q001: وش صار معك؟ ← أحوال شخصية → Q060: وش المشكلة الأسرية اللي عندك؟ ← حضانة أو زيارة → Q403: وش موضوع الحضانة أو الزيارة؟ ← من الأحق بالحضانة بعد الانفصال؟","يوجد انفصال ونزاع على من يتولى الحضانة.","إذا كان هناك نزاع فارفع دعوى الحضانة؛ لا تستخدم توثيق الحضانة بلا نزاع.","وزارة العدل — محكمة الأحوال الشخصية/ناجز بحسب نوع الإجراء.","محكمة الأحوال الشخصية","تحديد أحقية الحضانة بعد افتراق الوالدين | دعوى حضانة عند النزاع","بيانات الطفل والأبوين وما يدعم مصلحة المحضون والوقائع محل النزاع.","وثيقة الزواج/الفرقة، بيانات المحضون، وأدلة توافر شروط الحضانة ومصلحته.","لا مدة رقمية لهذه المطالبة، مع مراعاة حكم السكوت الوارد بالمادة 128 عند انطباقه.","قضايا الأحوال الشخصية مستثناة من التكاليف القضائية.","غير منطبق ظاهرًا","إذا كانت المطالبة محل نزاع، تُرفع عبر صحيفة الدعوى بتصنيف الدعوى المناسب، ثم يُدقق الطلب وتحال القضية للدائرة المختصة عند قبوله.","نظام الأحوال الشخصية - الحضانة","","المادة 127: بعد الافتراق الحضانة للأم ثم الأب ثم أم الأم ثم أم الأب ثم ما تقرره المحكمة، وللمحكمة مخالفة الترتيب بناء على مصلحة المحضون.","هيئة الخبراء بمجلس الوزراء — نظام الأحوال الشخصية - الحضانة","https://laws.boe.gov.sa/BoeLaws/Laws/LawDetails/4d72d829-947b-45d5-b9b5-ae5800d6bac2/1","2026-09-22","ثابتة نظاميًا نسبيًا","VERIFIED","تدقيق تفصيلي ومصدر نظامي أولي فُتح وتحقق من بقائه متاحًا في هذه المرحلة.","HIGH","النتيجة تمس الاختصاص أو طريق الاعتراض/التنفيذ أو مدة/رسومًا مؤثرة.","نعم","هل استثناء الأحوال الشخصية من التكاليف يشمل هذا الطلب التنفيذي تحديدًا، وما الاستثناءات؟","NEEDS REVIEW",""
"R-FAM-CUSTODY-RESTORE","الأحوال الشخصية والتركات","Q001: وش صار معك؟ ← أحوال شخصية → Q060: وش المشكلة الأسرية اللي عندك؟ ← حضانة أو زيارة → Q403: وش موضوع الحضانة أو الزيارة؟ ← سقطت حضانتي سابقًا وزال سبب السقوط","سقط حقك في الحضانة سابقًا وزال الآن سبب السقوط.","ارفع طلب الحضانة مجددًا أمام المحكمة، وأرفق ما يثبت زوال سبب السقوط.","وزارة العدل — محكمة الأحوال الشخصية/ناجز بحسب نوع الإجراء.","محكمة الأحوال الشخصية","سبق سقوط الحضانة ثم زال سبب السقوط | طلب الحضانة مجددًا أمام المحكمة","الحكم السابق إن وجد + دليل زوال سبب السقوط + بيانات المحضون.","الحكم/المستند السابق وأدلة زوال سبب السقوط وبيانات المحضون.","لا مدة رقمية خاصة بالمادة 130.","قضايا الأحوال الشخصية مستثناة من التكاليف القضائية.","غير منطبق ظاهرًا","تفصل المحكمة في الطلب وفق الوقائع ومصلحة المحضون.","نظام الأحوال الشخصية - العدة والنفقة","","المادة 130: يجوز لمن سقط حقه في الحضانة أن يتقدم إلى المحكمة بطلبها مجددًا إذا زال سبب سقوطها عنه.","هيئة الخبراء بمجلس الوزراء — نظام الأحوال الشخصية - العدة والنفقة","https://laws.boe.gov.sa/BoeLaws/Laws/LawDetails/4d72d829-947b-45d5-b9b5-ae5800d6bac2/1","2026-09-22","ثابتة نظاميًا نسبيًا","VERIFIED","تدقيق تفصيلي ومصدر نظامي أولي فُتح وتحقق من بقائه متاحًا في هذه المرحلة.","HIGH","النتيجة تمس الاختصاص أو طريق الاعتراض/التنفيذ أو مدة/رسومًا مؤثرة.","نعم","هل استثناء الأحوال الشخصية من التكاليف يشمل هذا الطلب التنفيذي تحديدًا، وما الاستثناءات؟","NEEDS REVIEW",""
"R-FAM-CUSTODY-TRAVEL-NONPARENT","الأحوال الشخصية والتركات","Q001: وش صار معك؟ ← أحوال شخصية → Q060: وش المشكلة الأسرية اللي عندك؟ ← حضانة أو زيارة → Q403: وش موضوع الحضانة أو الزيارة؟ ← زيارة/رؤية/استزارة أو سفر بالمحضون → Q408: وش موضوع السفر أو الزيارة بالمحضون؟ ← الحاضن ليس أحد الوالدين ويريد السفر أكثر من 30 يوماً","الحاضن ليس الأب أو الأم ويريد السفر بالمحضون خارج المملكة.","إذا تجاوز السفر 30 يوماً في السنة فاحصل على الموافقات التي تحددها المادة أو عالج النزاع قضائياً.","وزارة العدل — محكمة الأحوال الشخصية/ناجز بحسب نوع الإجراء.","محكمة الأحوال الشخصية","سفر حاضن غير الوالدين بالمحضون خارج المملكة | دعوى/طلب متعلق بالسفر والحضانة عند الخلاف","بيانات الحاضن والمحضون ومدة السفر والموافقات المتاحة.","وثيقة الحضانة، بيانات المحضون، خطة السفر ومدته، وموافقات الوالدين/من يقوم مقامهما بحسب النص.","أكثر من 30 يومًا في السنة يحتاج الموافقات المحددة بالنظام.","قضايا الأحوال الشخصية مستثناة من التكاليف القضائية.","غير منطبق ظاهرًا","اتبع المسار الموضح، وإذا وجد نزاع قضائي فتقدم عبر صحيفة الدعوى بالتصنيف المناسب.","نظام الأحوال الشخصية - الحضانة","","المادة 129/2: غير الوالدين لا يسافر بالمحضون خارج المملكة أكثر من 30 يومًا في السنة إلا بموافقة الوالدين أو أحدهما عند وفاة الآخر والولي على النفس عند وفاتهما.","هيئة الخبراء بمجلس الوزراء — نظام الأحوال الشخصية - الحضانة","https://laws.boe.gov.sa/BoeLaws/Laws/LawDetails/4d72d829-947b-45d5-b9b5-ae5800d6bac2/1","2026-09-22","ثابتة نظاميًا نسبيًا","VERIFIED","تدقيق تفصيلي ومصدر نظامي أولي فُتح وتحقق من بقائه متاحًا في هذه المرحلة.","HIGH","النتيجة تمس الاختصاص أو طريق الاعتراض/التنفيذ أو مدة/رسومًا مؤثرة.","نعم","هل استثناء الأحوال الشخصية من التكاليف يشمل هذا الطلب التنفيذي تحديدًا، وما الاستثناءات؟","NEEDS REVIEW",""
"R-FAM-CUSTODY-TRAVEL-PARENT","الأحوال الشخصية والتركات","Q001: وش صار معك؟ ← أحوال شخصية → Q060: وش المشكلة الأسرية اللي عندك؟ ← حضانة أو زيارة → Q403: وش موضوع الحضانة أو الزيارة؟ ← زيارة/رؤية/استزارة أو سفر بالمحضون → Q408: وش موضوع السفر أو الزيارة بالمحضون؟ ← الحاضن أحد الوالدين ويريد السفر خارج المملكة أكثر من 90 يوماً","الحاضن أحد الوالدين ويريد السفر بالمحضون خارج المملكة مدة طويلة.","إذا تجاوز السفر 90 يوماً في السنة فاحصل على موافقة الوالد الآخر، والولي على النفس عند وفاة الوالد، أو عالج النزاع قضائياً قبل السفر.","وزارة العدل — محكمة الأحوال الشخصية/ناجز بحسب نوع الإجراء.","محكمة الأحوال الشخصية","سفر الحاضن الوالد بالمحضون خارج المملكة | دعوى/طلب متعلق بالسفر والحضانة عند الخلاف","بيانات الحضانة، مدة السفر، موافقة الطرف المطلوب إن وجدت.","وثيقة الحضانة/الحكم، بيانات المحضون، خطة السفر ومدته، وموافقة صاحب الحق إن وجدت.","أكثر من 90 يومًا في السنة يحتاج الموافقة المحددة بالنظام.","قضايا الأحوال الشخصية مستثناة من التكاليف القضائية.","غير منطبق ظاهرًا","اتبع المسار الموضح، وإذا وجد نزاع قضائي فتقدم عبر صحيفة الدعوى بالتصنيف المناسب.","نظام الأحوال الشخصية - الحضانة","","المادة 129/1: لا يجوز للحاضن إذا كان أحد الوالدين السفر بالمحضون خارج المملكة مدة تزيد على 90 يومًا في السنة إلا بموافقة الوالد الآخر، والولي على النفس في حال وفاة الوالد.","هيئة الخبراء بمجلس الوزراء — نظام الأحوال الشخصية - الحضانة","https://laws.boe.gov.sa/BoeLaws/Laws/LawDetails/4d72d829-947b-45d5-b9b5-ae5800d6bac2/1","2026-09-22","ثابتة نظاميًا نسبيًا","VERIFIED","تدقيق تفصيلي ومصدر نظامي أولي فُتح وتحقق من بقائه متاحًا في هذه المرحلة.","HIGH","النتيجة تمس الاختصاص أو طريق الاعتراض/التنفيذ أو مدة/رسومًا مؤثرة.","نعم","هل استثناء الأحوال الشخصية من التكاليف يشمل هذا الطلب التنفيذي تحديدًا، وما الاستثناءات؟","NEEDS REVIEW",""
"R-FAM-CUSTODY-VISIT-RIGHT","الأحوال الشخصية والتركات","Q001: وش صار معك؟ ← أحوال شخصية → Q060: وش المشكلة الأسرية اللي عندك؟ ← حضانة أو زيارة → Q403: وش موضوع الحضانة أو الزيارة؟ ← زيارة/رؤية/استزارة أو سفر بالمحضون → Q408: وش موضوع السفر أو الزيارة بالمحضون؟ ← أبي تنظيم الزيارة/الرؤية ولا يوجد حكم","يوجد نزاع حول التواصل مع المحضون أو زيارته.","إذا لا يوجد اتفاق أو حكم منظم للزيارة/الاستزارة/الاستصحاب فارفع المسار القضائي المناسب؛ وإذا لديك حكم قائم فانتقل إلى تنفيذ أحوال شخصية/خدمة الزيارة.","وزارة العدل — محكمة الأحوال الشخصية/ناجز بحسب نوع الإجراء.","محكمة الأحوال الشخصية","حق زيارة المحضون واستزارته واستصحابه | دعوى زيارة عند الخلاف أو تنفيذ عند وجود سند تنفيذي","بيانات المحضون والأطراف والحكم السابق إن وجد.","وثيقة الحضانة/الحكم، بيانات المحضون، وأي اتفاق سابق أو سند زيارة.","لا مدة رقمية للزيارة في المادة 134؛ المحكمة تقرر عند الخلاف.","قضايا الأحوال الشخصية مستثناة من التكاليف القضائية.","غير منطبق ظاهرًا","إذا كانت المطالبة محل نزاع، تُرفع عبر صحيفة الدعوى بتصنيف الدعوى المناسب، ثم يُدقق الطلب وتحال القضية للدائرة المختصة عند قبوله.","نظام الأحوال الشخصية - الحضانة","","المادة 134: للوالد الآخر زيارة المحضون واستزارته واستصحابه حسب الاتفاق، وعند الاختلاف تقرر المحكمة؛ وللمحكمة تعيين مستحق زيارة من الأقارب في حالات الوفاة/الغياب أو حضانة غير الوالدين.","هيئة الخبراء بمجلس الوزراء — نظام الأحوال الشخصية - الحضانة","https://laws.boe.gov.sa/BoeLaws/Laws/LawDetails/4d72d829-947b-45d5-b9b5-ae5800d6bac2/1","2026-09-22","قابلة للتغير","STALE RISK","نظام تنفيذ جديد نُشر في 2026 وسيحل محل النظام السابق بعد 180 يومًا؛ يلزم تثبيت تاريخ النفاذ وخطة تحديث النتيجة.","HIGH","النتيجة تمس الاختصاص أو طريق الاعتراض/التنفيذ أو مدة/رسومًا مؤثرة.","نعم","هل استثناء الأحوال الشخصية من التكاليف يشمل هذا الطلب التنفيذي تحديدًا، وما الاستثناءات؟","NEEDS REVIEW",""
"R-FAM-DECISION-CUSTODY","الأحوال الشخصية والتركات","Q001: وش صار معك؟ ← عندي طلب تنفيذ أو إجراء تنفيذ → Q040: وش وضع التنفيذ؟ ← الطلب انتهى أو توقف وما أعرف السبب → Q202: الطلب منتهي أو متوقف مؤقت؟ ← الطلب منتهٍ أو ما أعرف سبب التوقف → QD04: وش اللي مو واضح لك في التنفيذ؟ ← ما أعرف إجراء تنفيذ الحضانة أو الزيارة → Q327: وش تحتاج في تنفيذ الحضانة أو الزيارة؟ ← أحتاج إصدار قرار حضانة","لديك تنفيذ أحوال شخصية متعلق بالحضانة وتبحث عن قرار الحضانة التنفيذي.","افتح خدمات التنفيذ في ناجز وابحث عن إجراء «إصدار قرار حضانة» المرتبط بطلبك، وتحقق من توفره وحالة الطلب قبل التقديم.","وزارة العدل — محكمة الأحوال الشخصية/ناجز بحسب نوع الإجراء.","محكمة الأحوال الشخصية","طلب إصدار قرار حضانة | ناجز | طلب داخل تنفيذ قائم","طلب تنفيذ أحوال شخصية مناسب وسند حضانة وحالة تسمح بالإجراء وفق ناجز.","لا نضيف مستندات غير مثبتة.","SLA الحالي يذكر يومين لإصدار قرار حضانة؛ مدة خدمة وليست مهلة سقوط.","لا نثبت مبلغًا قضائيًا موحدًا لهذه النتيجة.","غير منطبق ظاهرًا","بعد صدور القرار تتابع التنفيذ والخدمات المرتبطة بالحضانة من طلب التنفيذ.","","","","وزارة العدل — اتفاقية مستوى الخدمات الإلكترونية","https://www.moj.gov.sa/ar/Ministry/Pages/SLA.aspx","2026-09-21","قابلة للتغير","STALE RISK","نظام تنفيذ جديد نُشر في 2026 وسيحل محل النظام السابق بعد 180 يومًا؛ يلزم تثبيت تاريخ النفاذ وخطة تحديث النتيجة.","HIGH","النتيجة تمس الاختصاص أو طريق الاعتراض/التنفيذ أو مدة/رسومًا مؤثرة.","نعم","هل استثناء الأحوال الشخصية من التكاليف يشمل هذا الطلب التنفيذي تحديدًا، وما الاستثناءات؟","NEEDS REVIEW",""
"R-FAM-DECISION-VISIT","الأحوال الشخصية والتركات","Q001: وش صار معك؟ ← أحوال شخصية → Q060: وش المشكلة الأسرية اللي عندك؟ ← عندي حكم أسري → Q079: وش تبي تسوي بالحكم الأسري؟ ← أبي أنفذ الحكم → Q241: وش نوع الحكم الأسري اللي تبي تنفذه؟ ← حكم زيارة → Q329: وش تحتاج في تنفيذ الزيارة تحديدًا؟ ← أحتاج إصدار قرار زيارة","لديك تنفيذ زيارة وتبحث عن قرار الزيارة التنفيذي.","افتح خدمات التنفيذ في ناجز وابحث عن «إصدار قرار زيارة» على طلب التنفيذ المناسب، ثم قدمه عند انطباق المتطلبات.","وزارة العدل — محكمة الأحوال الشخصية/ناجز بحسب نوع الإجراء.","محكمة الأحوال الشخصية","طلب إصدار قرار زيارة | ناجز | طلب داخل تنفيذ قائم","طلب تنفيذ زيارة قائم وسند مناسب وحالة تسمح بالإجراء.","لا نضيف مستندات غير مثبتة في الدليل.","SLA الحالي: يومان لإصدار قرار زيارة؛ مدة خدمة لا مهلة سقوط. القيود 2/7 أيام شروط إجرائية للخدمة.","لا نثبت مبلغًا قضائيًا موحدًا لهذه النتيجة.","غير منطبق ظاهرًا","بعد صدور القرار يمكن متابعة خدمات تنفيذ الزيارة وما يظهر على الطلب من إجراءات.","","","","وزارة العدل — دليل طلب إصدار قرار زيارة","https://www.moj.gov.sa/sites/knowledgebase/Documents02/CRM_CCTS_c5ab2283-5d8f-4b19-8dfc-25784000f01a.pdf","2026-09-21","قابلة للتغير","STALE RISK","نظام تنفيذ جديد نُشر في 2026 وسيحل محل النظام السابق بعد 180 يومًا؛ يلزم تثبيت تاريخ النفاذ وخطة تحديث النتيجة.","HIGH","النتيجة تمس الاختصاص أو طريق الاعتراض/التنفيذ أو مدة/رسومًا مؤثرة.","نعم","هل استثناء الأحوال الشخصية من التكاليف يشمل هذا الطلب التنفيذي تحديدًا، وما الاستثناءات؟","NEEDS REVIEW",""
"R-FAM-DIVORCE-DISPUTE","الأحوال الشخصية والتركات","Q001: وش صار معك؟ ← أحوال شخصية → Q060: وش المشكلة الأسرية اللي عندك؟ ← ما أعرف التصنيف، أبي أحدد المشكلة خطوة بخطوة → Q400: وش المشكلة الأسرية بالتحديد؟ ← طلاق أو إثبات طلاق أو رجعة → Q406: وش وضع الطلاق أو الرجعة عندك؟ ← نزاع هل وقع الطلاق أصلاً","هناك خلاف حول ما إذا صدر طلاق معتبر نظاماً.","ارفع دعوى إثبات الطلاق/النزاع المناسب وقدم اللفظ أو الكتابة أو الرسائل والقرائن المتاحة للمحكمة.","وزارة العدل — محكمة الأحوال الشخصية/ناجز بحسب نوع الإجراء.","محكمة الأحوال الشخصية","يوجد نزاع هل وقع الطلاق أو متى وقع أو هل حصلت مراجعة | دعوى إثبات طلاق/مراجعة بحسب محل النزاع","عقد الزواج، الواقعة محل النزاع، والرسائل/الشهود/المستندات المتاحة.","عقد الزواج، أي وثيقة طلاق/مراجعة، الرسائل أو الشهود أو البينات ذات الصلة.","على الزوج توثيق الطلاق خلال مدة أقصاها 15 يومًا من حين البينونة؛ ولا يسقط بذلك حق الزوجة في إقامة دعوى إثبات الطلاق.","قضايا الأحوال الشخصية مستثناة من التكاليف القضائية.","غير منطبق ظاهرًا","اتبع المسار الموضح، وإذا وجد نزاع قضائي فتقدم عبر صحيفة الدعوى بالتصنيف المناسب.","نظام الأحوال الشخصية","","المواد 77-94: وقوع الطلاق وصوره وحالات عدم وقوعه، أنواع الطلاق والمراجعة، المادة 90 للتوثيق خلال 15 يومًا، والمادة 93 لا تقبل قول الزوجة في دعوى الطلاق والمراجعة إلا ببينة.","هيئة الخبراء — نظام الأحوال الشخصية","https://laws.boe.gov.sa/BoeLaws/Laws/LawDetails/4d72d829-947b-45d5-b9b5-ae5800d6bac2/1","2026-09-22","ثابتة نظاميًا نسبيًا","VERIFIED","تدقيق تفصيلي ومصدر نظامي أولي فُتح وتحقق من بقائه متاحًا في هذه المرحلة.","HIGH","النتيجة تمس الاختصاص أو طريق الاعتراض/التنفيذ أو مدة/رسومًا مؤثرة.","نعم","هل استثناء الأحوال الشخصية من التكاليف يشمل هذا الطلب التنفيذي تحديدًا، وما الاستثناءات؟","NEEDS REVIEW",""
"R-FAM-DIVORCE-DOC","الأحوال الشخصية والتركات","Q001: وش صار معك؟ ← أحتاج توثيق أو خدمة بدون نزاع → Q100: وش الخدمة اللي تبيها؟ ← طلاق / رجعة / حضانة / زواج → Q155: وش الإجراء الاجتماعي المطلوب؟ ← توثيق طلاق","وقع طلاق وتريد توثيقه دون أن يكون سؤالك عن نزاع موضوعي.","ادخل على «توثيق طلاق» ضمن الحالات الاجتماعية في ناجز.","وزارة العدل — محكمة الأحوال الشخصية/ناجز بحسب نوع الإجراء.","محكمة الأحوال الشخصية","توثيق طلاق | ناجز | توثيق حالة اجتماعية إلكتروني.","بيانات مقدم الطلب والأطراف وعقد الزواج أو سجل الأسرة وبيانات الطلاق ومكان الواقعة تُدخل داخل نموذج الخدمة. وقد يلزم تقديم مستندات داعمة بحسب الحالة، والوثائق الصادرة من خارج المملكة يلزم تصديقها وفق شروط الخدمة.","المستندات/البيانات التي يطلبها نموذج الخدمة بحسب الحالة؛ لا نختلق قائمة ثابتة.","يومان كمدة تنفيذ خدمة منشورة، وليست مهلة سقوط.","الدعاوى والطلبات التي تختص بها محاكم الأحوال الشخصية مستثناة من نظام التكاليف القضائية، عدا طلب النقض والتماس إعادة النظر.","يُرسل رقم الطلب وتستكمل المصادقات والإجراءات حتى إصدار الوثيقة.","يُرسل رقم الطلب وتستكمل المصادقات والإجراءات حتى إصدار الوثيقة.","","","","وزارة العدل — الخدمات الإلكترونية - الحالات الاجتماعية","https://www.moj.gov.sa/ar/Pages/default.aspx","2026-09-20","قابلة للتغير","PARTIALLY VERIFIED","المصدر رسمي لكنه لا يثبت آليًا جميع عناصر الاختصاص/المدة/الرسوم المركبة في النتيجة.","HIGH","النتيجة تمس الاختصاص أو طريق الاعتراض/التنفيذ أو مدة/رسومًا مؤثرة.","نعم","هل استثناء الأحوال الشخصية من التكاليف يشمل هذا الطلب التنفيذي تحديدًا، وما الاستثناءات؟","NEEDS REVIEW",""
"R-FAM-DIVORCE-DOCUMENT","الأحوال الشخصية والتركات","Q001: وش صار معك؟ ← أحوال شخصية → Q060: وش المشكلة الأسرية اللي عندك؟ ← ما أعرف التصنيف، أبي أحدد المشكلة خطوة بخطوة → Q400: وش المشكلة الأسرية بالتحديد؟ ← طلاق أو إثبات طلاق أو رجعة → Q406: وش وضع الطلاق أو الرجعة عندك؟ ← وقع الطلاق وأبي أوثقه","وقع الطلاق بالفعل وتريد إصدار وثيقة رسمية.","استخدم خدمة توثيق طلاق في ناجز وأدخل بيانات الزواج والطلاق والأطراف وأرفق ما يطلبه النموذج.","وزارة العدل — محكمة الأحوال الشخصية/ناجز بحسب نوع الإجراء.","محكمة الأحوال الشخصية","توثيق طلاق | ناجز | توثيق حالة اجتماعية","بيانات عقد الزواج أو سجل الأسرة، بيانات الطلاق والأطراف، والمرفقات التي يطلبها النموذج.","قد يلزم تقديم مستندات داعمة وفق صفحة الخدمة.","يومان وفق SLA الحالي؛ مدة خدمة وليست مهلة سقوط.","رسوم الخدمة: لا يوجد","غير منطبق ظاهرًا","خدمة وزارة العدل تقبل توثيق الطلاق السابق أو الجديد بعد استكمال الإجراءات والمصادقات. إذا كان أصل وقوع الطلاق أو تاريخه محل نزاع، فالمسار قضائي عبر صحيفة الدعوى.","","","","وزارة العدل — توثيق طلاق","https://www.moj.gov.sa/ar/eServices/Pages/0205e7ab-9006-4cc5-9c42-cc279e08a831.aspx","2026-09-22","قابلة للتغير","PARTIALLY VERIFIED","المصدر رسمي لكنه لا يثبت آليًا جميع عناصر الاختصاص/المدة/الرسوم المركبة في النتيجة.","HIGH","النتيجة تمس الاختصاص أو طريق الاعتراض/التنفيذ أو مدة/رسومًا مؤثرة.","نعم","هل استثناء الأحوال الشخصية من التكاليف يشمل هذا الطلب التنفيذي تحديدًا، وما الاستثناءات؟","NEEDS REVIEW",""
"R-FAM-DIVORCE-NOT-DOC","الأحوال الشخصية والتركات","Q001: وش صار معك؟ ← أحوال شخصية → Q060: وش المشكلة الأسرية اللي عندك؟ ← ما أعرف التصنيف، أبي أحدد المشكلة خطوة بخطوة → Q400: وش المشكلة الأسرية بالتحديد؟ ← طلاق أو إثبات طلاق أو رجعة → Q406: وش وضع الطلاق أو الرجعة عندك؟ ← زوجي طلقني ولم يوثق الطلاق","تقول الزوجة إن الطلاق وقع لكن الزوج لم يوثقه.","إذا لم يوثق الزوج الطلاق، فللزوجة إقامة دعوى إثبات الطلاق مع تقديم البينة المتاحة.","وزارة العدل — محكمة الأحوال الشخصية/ناجز بحسب نوع الإجراء.","محكمة الأحوال الشخصية","توثيق طلاق | استكمال توثيق طلاق واقع","عقد الزواج، وتاريخ وواقعة الطلاق، والبينة المتاحة.","قد يلزم تقديم مستندات داعمة بحسب الحالة.","يومان وفق SLA الحالي؛ لا نحوله إلى مدة سقوط للحق.","رسوم الخدمة: لا يوجد","غير منطبق ظاهرًا","اتبع المسار الموضح، وإذا وجد نزاع قضائي فتقدم عبر صحيفة الدعوى بالتصنيف المناسب.","","","","وزارة العدل — توثيق طلاق","https://www.moj.gov.sa/ar/eServices/Pages/0205e7ab-9006-4cc5-9c42-cc279e08a831.aspx","2026-09-22","ثابتة نظاميًا نسبيًا","PARTIALLY VERIFIED","المصدر رسمي لكنه لا يثبت آليًا جميع عناصر الاختصاص/المدة/الرسوم المركبة في النتيجة.","HIGH","النتيجة تمس الاختصاص أو طريق الاعتراض/التنفيذ أو مدة/رسومًا مؤثرة.","نعم","هل استثناء الأحوال الشخصية من التكاليف يشمل هذا الطلب التنفيذي تحديدًا، وما الاستثناءات؟","NEEDS REVIEW",""
"R-FAM-ENGAGEMENT-GIFTS","الأحوال الشخصية والتركات","Q001: وش صار معك؟ ← أحوال شخصية → Q060: وش المشكلة الأسرية اللي عندك؟ ← ما أعرف التصنيف، أبي أحدد المشكلة خطوة بخطوة → Q400: وش المشكلة الأسرية بالتحديد؟ ← خطبة / هدايا الخطبة / مهر قبل العقد → Q418: وش مشكلتك في الخطبة قبل عقد الزواج؟ ← فسخت الخطبة وأبي أعرف حكم الهدايا بيننا","انتهت الخطبة ويوجد خلاف على الهدايا التي قدمها أحد الطرفين للآخر.","حدد أولًا من عدل عن الخطبة وسبب العدول وهل الهدية ما زالت قائمة أو استهلكت؛ فالمادة 4 تفرق بين هذه الحالات.","وزارة العدل — محكمة الأحوال الشخصية/ناجز بحسب نوع الإجراء.","محكمة الأحوال الشخصية","انتهت الخطبة ويوجد نزاع على هدايا الخطبة | دعوى مطالبة برد هدايا الخطبة عند توافر حق الاسترداد","بيانات الواقعة والمستندات المؤيدة بحسب الحالة.","أدلة تقديم الهدية وقيمتها وحالتها وسبب انتهاء الخطبة.","لا مدة خاصة في المادة 4.","قضايا الأحوال الشخصية مستثناة من التكاليف القضائية.","غير منطبق ظاهرًا","يتحدد المسار التالي بحسب وجود اتفاق أو نزاع وطبيعة الطلب.","نظام الأحوال الشخصية","","المواد 1-4: لكل طرف العدول؛ الأصل أن المقدم هدية ما لم يصرح بأنه مهر أو يجري العرف؛ والاسترداد يختلف بحسب سبب العدول، ولا استرداد عند الوفاة أو سبب لا يد للطرفين فيه.","هيئة الخبراء — نظام الأحوال الشخصية","https://laws.boe.gov.sa/BoeLaws/Laws/LawDetails/4d72d829-947b-45d5-b9b5-ae5800d6bac2/1","2026-09-22","ثابتة نظاميًا نسبيًا","VERIFIED","تدقيق تفصيلي ومصدر نظامي أولي فُتح وتحقق من بقائه متاحًا في هذه المرحلة.","HIGH","النتيجة تمس الاختصاص أو طريق الاعتراض/التنفيذ أو مدة/رسومًا مؤثرة.","نعم","هل استثناء الأحوال الشخصية من التكاليف يشمل هذا الطلب التنفيذي تحديدًا، وما الاستثناءات؟","NEEDS REVIEW",""
"R-FAM-ENGAGEMENT-MAHR","الأحوال الشخصية والتركات","Q001: وش صار معك؟ ← أحوال شخصية → Q060: وش المشكلة الأسرية اللي عندك؟ ← ما أعرف التصنيف، أبي أحدد المشكلة خطوة بخطوة → Q400: وش المشكلة الأسرية بالتحديد؟ ← خطبة / هدايا الخطبة / مهر قبل العقد → Q418: وش مشكلتك في الخطبة قبل عقد الزواج؟ ← دفعت مبلغًا على أنه مهر قبل العقد ثم لم يتم الزواج","سُلّم مال قبل عقد الزواج على أنه من المهر ثم لم يبرم العقد أو توفي أحد الطرفين قبل العقد.","ميز بين المال المسلم على أنه مهر وبين هدايا الخطبة؛ للمهر قبل العقد حكم خاص في المادة 5.","وزارة العدل — محكمة الأحوال الشخصية/ناجز بحسب نوع الإجراء.","محكمة الأحوال الشخصية","دُفع مال قبل العقد على أنه مهر ثم لم يتم الزواج أو مات أحدهما قبل العقد | دعوى استرداد المهر المدفوع قبل العقد","بيانات الواقعة والمستندات المؤيدة بحسب الحالة.","إثبات التحويل/التسليم ووصفه مهرًا، وما يثبت المشتريات لمصلحة الزواج إن وجدت.","لا مدة خاصة في المادة 5.","قضايا الأحوال الشخصية مستثناة من التكاليف القضائية.","غير منطبق ظاهرًا","يتحدد المسار التالي بحسب وجود اتفاق أو نزاع وطبيعة الطلب.","نظام الأحوال الشخصية","","المادة 5 تنظم رجوع الخاطب أو ورثته في المهر قبل العقد، وخيار المخطوبة في حالة شراء أشياء لمصلحة الزواج وفق شروط النص.","هيئة الخبراء — نظام الأحوال الشخصية","https://laws.boe.gov.sa/BoeLaws/Laws/LawDetails/4d72d829-947b-45d5-b9b5-ae5800d6bac2/1","2026-09-22","ثابتة نظاميًا نسبيًا","VERIFIED","تدقيق تفصيلي ومصدر نظامي أولي فُتح وتحقق من بقائه متاحًا في هذه المرحلة.","HIGH","النتيجة تمس الاختصاص أو طريق الاعتراض/التنفيذ أو مدة/رسومًا مؤثرة.","نعم","هل استثناء الأحوال الشخصية من التكاليف يشمل هذا الطلب التنفيذي تحديدًا، وما الاستثناءات؟","NEEDS REVIEW",""
"R-FAM-ESTATE-AGREED","الأحوال الشخصية والتركات","Q001: وش صار معك؟ ← أحوال شخصية → Q060: وش المشكلة الأسرية اللي عندك؟ ← ما أعرف التصنيف، أبي أحدد المشكلة خطوة بخطوة → Q400: وش المشكلة الأسرية بالتحديد؟ ← ورثة أو تركة أو وصية أو قاصر → Q409: وش مشكلتك في الورثة أو التركة؟ ← كل الورثة متفقون ونبي نقسم التركة","الورثة متفقون على القسمة وتوجد أصول قابلة للقسمة.","بعد حصر الورثة وحصر التركة، استخدم خدمة قسمة تركة اتفاقية في منصة التركات.","وزارة العدل — محكمة الأحوال الشخصية/ناجز بحسب نوع الإجراء.","محكمة الأحوال الشخصية","الورثة متفقون ويريدون قسمة التركة إلكترونيًا | قسمة تركة اتفاقية عبر منصة التركات","وثيقة حصر ورثة، وثيقة حصر تركة، أصول قابلة للقسمة، ومقدم الطلب أحد الورثة.","لا مستندات إضافية مطلوبة بحسب صفحة القسمة؛ تعتمد الخدمة على وثيقتي الحصر والأصول المرتبطة.","مدة تنفيذ الخدمة المعروضة 14 يومًا وهي مدة خدمة لا مدة سقوط حق.","الدعاوى والطلبات التي تختص بها محاكم الأحوال الشخصية مستثناة من نظام التكاليف القضائية، عدا طلب النقض والتماس إعادة النظر.","اتبع المسار الموضح، وإذا وجد نزاع قضائي فتقدم عبر صحيفة الدعوى بالتصنيف المناسب.","اتبع المسار الموضح، وإذا وجد نزاع قضائي فتقدم عبر صحيفة الدعوى بالتصنيف المناسب.","","","وزارة العدل: القسمة الاتفاقية توزع أموال وأصول المورث وفق الأنصبة الشرعية والأنظمة واللوائح؛ وحصر التركة يشترط حصر ورثة موثقًا وأن يكون مقدم الطلب أحد الورثة.","وزارة العدل — إصدار حصر الورثة","https://www.moj.gov.sa/ar/eServices/Pages/17b08d90-809c-45cf-bd41-9eb8d15fabcb.aspx","2026-09-22","ثابتة نظاميًا نسبيًا","PARTIALLY VERIFIED","المصدر رسمي لكنه لا يثبت آليًا جميع عناصر الاختصاص/المدة/الرسوم المركبة في النتيجة.","HIGH","النتيجة تمس الاختصاص أو طريق الاعتراض/التنفيذ أو مدة/رسومًا مؤثرة.","نعم","هل استثناء الأحوال الشخصية من التكاليف يشمل هذا الطلب التنفيذي تحديدًا، وما الاستثناءات؟","NEEDS REVIEW",""
"R-FAM-ESTATE-AGREED-DIVISION","الأحوال الشخصية والتركات","Q001: وش صار معك؟ ← أحوال شخصية → Q060: وش المشكلة الأسرية اللي عندك؟ ← وفاة / ورثة / وصية → Q078: وش المطلوب بخصوص الورثة أو الوصية؟ ← وفاة / ورثة / حصر ورثة → Q223: وش تحتاج في التركة؟ ← الورثة متفقون ونبي نقسم التركة","الورثة متفقون وتريدون قسمة تركة اتفاقية.","استخدم خدمة «قسمة تركة اتفاقية» بعد اكتمال المتطلبات.","وزارة العدل — محكمة الأحوال الشخصية/ناجز بحسب نوع الإجراء.","محكمة الأحوال الشخصية","قسمة تركة اتفاقية | قسمة تركة رضائية إلكترونية","من متطلبات المسار وجود حصر ورثة وحصر تركة وأصول قابلة للقسمة، وأن يكون مقدم الطلب أحد الورثة. اتفاق الورثة شرط جوهري للمسار الاتفاقي، وليس مجرد مرفق.","لا توجد مستندات مطلوبة وفق صفحة الخدمة الحالية.","صفحة الوزارة تعرض قيمة مدة غير واضحة «14 4»؛ لا نفسرها كمهلة قانونية.","رسوم الخدمة: لا يوجد.","غير منطبق ظاهرًا","تعرض المنصة الأصول المرتبطة بحصر التركة وتستكمل إجراءات القسمة الاتفاقية وفق الخدمة.","","","","وزارة العدل — قسمة تركة اتفاقية","https://www.moj.gov.sa/ar/eServices/Pages/f49aa181-459d-4d5f-b48c-64d092b919e6.aspx","2026-09-20","ثابتة نظاميًا نسبيًا","PARTIALLY VERIFIED","المصدر رسمي لكنه لا يثبت آليًا جميع عناصر الاختصاص/المدة/الرسوم المركبة في النتيجة.","HIGH","النتيجة تمس الاختصاص أو طريق الاعتراض/التنفيذ أو مدة/رسومًا مؤثرة.","نعم","هل استثناء الأحوال الشخصية من التكاليف يشمل هذا الطلب التنفيذي تحديدًا، وما الاستثناءات؟","NEEDS REVIEW",""
"R-FAM-ESTATE-ASSET-MISSING","الأحوال الشخصية والتركات","Q001: وش صار معك؟ ← أحوال شخصية → Q060: وش المشكلة الأسرية اللي عندك؟ ← ما أعرف التصنيف، أبي أحدد المشكلة خطوة بخطوة → Q400: وش المشكلة الأسرية بالتحديد؟ ← ورثة أو تركة أو وصية أو قاصر → Q409: وش مشكلتك في الورثة أو التركة؟ ← فيه مال أو أصل للمتوفى غير ظاهر في حصر التركة","تعتقد أن مالًا أو أصلًا للمتوفى غير ظاهر أو لم يُحصر.","ابدأ/راجع حصر التركة، واجمع ما يثبت ملكية المتوفى للأصل غير الظاهر؛ وإذا نوزع في ملكيته فلا تعتبره محسومًا بمجرد الادعاء.","وزارة العدل — محكمة الأحوال الشخصية/ناجز بحسب نوع الإجراء.","محكمة الأحوال الشخصية","أصل من أصول المورث غير ظاهر أو يوجد نزاع في دخوله ضمن التركة | دعوى/طلب لإثبات الأصل وإدخاله في التركة قبل القسمة النهائية","وثيقة حصر الورثة، بيانات الأصل، وما يثبت ملكية المورث أو الحق المتعلق به.","مستندات الملكية/الحساب/العقد، حصر الورثة، بيانات التركة وأدلة الحيازة أو الإخفاء.","لا مدة رقمية عامة هنا؛ قد توجد مدد خاصة بحسب نوع الحق نفسه وتراجع منفصلة.","قضايا الأحوال الشخصية مستثناة من التكاليف القضائية عند الدعوى.","غير منطبق ظاهرًا","بعد حصر الورثة والتركة والحقوق السابقة على القسمة، تحدد القسمة أو ينتقل النزاع للمسار القضائي المناسب.","نظام الأحوال الشخصية - المادة 134","","اختصاص الأحوال الشخصية يشمل الإرث وقسمة التركة، لكن النزاع في ملكية أصل قد يستلزم حسم الملكية وفق نوع الأصل والخصوم قبل إدخاله في صافي التركة.","وزارة العدل — شرح نظام الأحوال الشخصية - المادة 134","https://laws-gateway.moj.gov.sa/apis/legislations/v1/ExportDocument/pdf?Serial=4DC3ARZ00YqnoqpraZMxCQ","2026-09-22","ثابتة نظاميًا نسبيًا","VERIFIED","تدقيق تفصيلي ومصدر نظامي أولي فُتح وتحقق من بقائه متاحًا في هذه المرحلة.","HIGH","النتيجة تمس الاختصاص أو طريق الاعتراض/التنفيذ أو مدة/رسومًا مؤثرة.","نعم","هل استثناء الأحوال الشخصية من التكاليف يشمل هذا الطلب التنفيذي تحديدًا، وما الاستثناءات؟","NEEDS REVIEW",""
"R-FAM-ESTATE-DISPUTE","الأحوال الشخصية والتركات","Q001: وش صار معك؟ ← أحوال شخصية → Q060: وش المشكلة الأسرية اللي عندك؟ ← ما أعرف التصنيف، أبي أحدد المشكلة خطوة بخطوة → Q400: وش المشكلة الأسرية بالتحديد؟ ← ورثة أو تركة أو وصية أو قاصر → Q409: وش مشكلتك في الورثة أو التركة؟ ← أحد الورثة رافض أو يوجد نزاع على القسمة","يوجد وارث رافض للقسمة أو نزاع على أصل أو نصيب.","لا تستخدم القسمة الاتفاقية كأن الجميع موافق؛ ارفع النزاع عبر المسار القضائي المناسب لقسمة التركة/الحق المتنازع عليه.","وزارة العدل — محكمة الأحوال الشخصية؛ تختص بالإرث وقسمة التركة بما فيها العقار إذا كان فيها نزاع، أو حصة وقف أو وصية أو قاصر أو غائب.","محكمة الأحوال الشخصية","دعوى نزاع تركة/قسمة قضائية عند وجود نزاع؛ أما القسمة الاتفاقية فلحالة اتفاق الورثة واستيفاء شروط منصة التركات.","حصر الورثة، حصر التركة إن توفر، مستندات الأصول، وبيان محل النزاع.","","","الدعاوى والطلبات التي تختص بها محاكم الأحوال الشخصية مستثناة من نظام التكاليف القضائية، عدا طلب النقض والتماس إعادة النظر.","إذا كان جميع الورثة متفقين واستوفيت الشروط يمكن استخدام قسمة تركة اتفاقية؛ أما مع رفض وارث أو نزاع على أصل/نصيب فالمسار قضائي أمام محكمة الأحوال الشخصية.","إذا كان جميع الورثة متفقين واستوفيت الشروط يمكن استخدام قسمة تركة اتفاقية؛ أما مع رفض وارث أو نزاع على أصل/نصيب فالمسار قضائي أمام محكمة الأحوال الشخصية.","نظام الأحوال الشخصية","","","هيئة الخبراء بمجلس الوزراء — نظام الأحوال الشخصية","https://laws.boe.gov.sa/BoeLaws/Laws/LawDetails/4d72d829-947b-45d5-b9b5-ae5800d6bac2/1","2026-09-23","ثابتة نظاميًا نسبيًا","VERIFIED","تدقيق تفصيلي ومصدر نظامي أولي فُتح وتحقق من بقائه متاحًا في هذه المرحلة.","HIGH","النتيجة تمس الاختصاص أو طريق الاعتراض/التنفيذ أو مدة/رسومًا مؤثرة.","نعم","هل استثناء الأحوال الشخصية من التكاليف يشمل هذا الطلب التنفيذي تحديدًا، وما الاستثناءات؟","NEEDS REVIEW",""
"R-FAM-ESTATE-INVENTORY","الأحوال الشخصية والتركات","Q001: وش صار معك؟ ← أحوال شخصية → Q060: وش المشكلة الأسرية اللي عندك؟ ← ما أعرف التصنيف، أبي أحدد المشكلة خطوة بخطوة → Q400: وش المشكلة الأسرية بالتحديد؟ ← ورثة أو تركة أو وصية أو قاصر → Q409: وش مشكلتك في الورثة أو التركة؟ ← أبي أعرف وأحصر أموال وأصول المتوفى","تريد حصر أموال وأصول المورث والحقوق الموثقة المتعلقة بالتركة.","بعد وجود وثيقة حصر ورثة، استخدم خدمة إصدار حصر تركة في منصة التركات.","وزارة العدل — محكمة الأحوال الشخصية/ناجز بحسب نوع الإجراء.","محكمة الأحوال الشخصية","إصدار حصر تركة | حصر تركة إلكتروني.","وثيقة حصر ورثة موثقة، وأن يكون مقدم الطلب أحد الورثة.","لا توجد مستندات مطلوبة وفق صفحة الخدمة.","مدة الخدمة المنشورة في الصفحة تعرض «14 4» بشكل غير واضح؛ لا نحولها إلى رقم زمني من عندنا.","رسوم الخدمة: لا يوجد.","غير منطبق ظاهرًا","اتبع المسار الموضح، وإذا وجد نزاع قضائي فتقدم عبر صحيفة الدعوى بالتصنيف المناسب.","","","","وزارة العدل — إصدار حصر تركة","https://www.moj.gov.sa/ar/eServices/pages/2841c3bc-6aea-4ef7-9c70-934c28952fd8.aspx","2026-09-22","ثابتة نظاميًا نسبيًا","PARTIALLY VERIFIED","المصدر رسمي لكنه لا يثبت آليًا جميع عناصر الاختصاص/المدة/الرسوم المركبة في النتيجة.","HIGH","النتيجة تمس الاختصاص أو طريق الاعتراض/التنفيذ أو مدة/رسومًا مؤثرة.","نعم","هل استثناء الأحوال الشخصية من التكاليف يشمل هذا الطلب التنفيذي تحديدًا، وما الاستثناءات؟","NEEDS REVIEW",""
"R-FAM-ESTATE-JUDICIAL-DIVISION","الأحوال الشخصية والتركات","Q001: وش صار معك؟ ← أحوال شخصية → Q060: وش المشكلة الأسرية اللي عندك؟ ← ما أعرف التصنيف، أبي أحدد المشكلة خطوة بخطوة → Q400: وش المشكلة الأسرية بالتحديد؟ ← ورثة أو تركة أو وصية أو قاصر → Q409: وش مشكلتك في الورثة أو التركة؟ ← أحتاج قسمة قضائية لأن الاتفاق غير ممكن","الورثة غير متفقين أو تحتاج قسمة قضائية للتركة.","أكمل حصر الورثة ثم حصر التركة، وبعدها ابدأ مسار القسمة القضائية بدل القسمة الاتفاقية إذا بقي النزاع.","وزارة العدل — محكمة الأحوال الشخصية/ناجز بحسب نوع الإجراء.","محكمة الأحوال الشخصية","تعذر الاتفاق على قسمة التركة أو وجد سبب يقتضي القسمة القضائية | دعوى قسمة تركة قضائية","وثيقة حصر الورثة، وثيقة حصر التركة، مستندات محل النزاع.","حصر الورثة، مستندات الأصول، بيان الديون والوصايا، وأدلة النزاع.","لا مدة رقمية موحدة في المصادر المدققة.","قضايا الأحوال الشخصية مستثناة من التكاليف القضائية عند الدعوى.","غير منطبق ظاهرًا","بعد حصر الورثة والتركة والحقوق السابقة على القسمة، تحدد القسمة أو ينتقل النزاع للمسار القضائي المناسب.","نظام الأحوال الشخصية - المادة 134","","وزارة العدل تقرر اختصاص محاكم الأحوال الشخصية بالإرث وقسمة التركة بما فيها العقار عند النزاع أو وجود وقف/وصية/قاصر/غائب؛ صحيفة الدعوى هي مسار رفع الدعوى.","وزارة العدل — شرح نظام الأحوال الشخصية - المادة 134","https://laws-gateway.moj.gov.sa/apis/legislations/v1/ExportDocument/pdf?Serial=4DC3ARZ00YqnoqpraZMxCQ","2026-09-22","ثابتة نظاميًا نسبيًا","VERIFIED","تدقيق تفصيلي ومصدر نظامي أولي فُتح وتحقق من بقائه متاحًا في هذه المرحلة.","HIGH","النتيجة تمس الاختصاص أو طريق الاعتراض/التنفيذ أو مدة/رسومًا مؤثرة.","نعم","هل استثناء الأحوال الشخصية من التكاليف يشمل هذا الطلب التنفيذي تحديدًا، وما الاستثناءات؟","NEEDS REVIEW",""
"R-FAM-ESTATE-MINOR-ABSENT","الأحوال الشخصية والتركات","Q001: وش صار معك؟ ← أحوال شخصية → Q060: وش المشكلة الأسرية اللي عندك؟ ← ما أعرف التصنيف، أبي أحدد المشكلة خطوة بخطوة → Q400: وش المشكلة الأسرية بالتحديد؟ ← ورثة أو تركة أو وصية أو قاصر → Q409: وش مشكلتك في الورثة أو التركة؟ ← من ضمن الورثة قاصر أو غائب","من ضمن الورثة قاصر أو غائب وتريد قسمة التركة.","أكمل حصر الورثة والتركة، وحدد صفة ممثل القاصر/الغائب، ثم استخدم مسار القسمة الذي يحفظ مصلحته وتحت إشراف الجهة المختصة عند الحاجة.","وزارة العدل — محكمة الأحوال الشخصية/ناجز بحسب نوع الإجراء.","محكمة الأحوال الشخصية","في التركة قاصر أو غائب، لذلك لا يكفي مسار القسمة الرضائية العادي | قسمة تركة قضائية مع تمثيل القاصر/الغائب وحماية نصيبه","حصر الورثة والتركة، مستند الولاية/الوصاية أو التمثيل النظامي، ومستندات الأصول.","حصر الورثة، بيانات التركة، صك الولاية/الوصاية أو ما يثبت التمثيل، والديون/الوصايا.","لا مدة رقمية موحدة.","قضايا الأحوال الشخصية مستثناة من التكاليف القضائية عند الدعوى.","غير منطبق ظاهرًا","بعد حصر الورثة والتركة والحقوق السابقة على القسمة، تحدد القسمة أو ينتقل النزاع للمسار القضائي المناسب.","نظام الأحوال الشخصية - المادة 134","","وزارة العدل تنص على اختصاص محاكم الأحوال الشخصية بقسمة التركة بما فيها العقار إذا كان فيها نزاع أو حصة وقف/وصية أو قاصر أو غائب.","وزارة العدل — شرح نظام الأحوال الشخصية - المادة 134","https://laws-gateway.moj.gov.sa/apis/legislations/v1/ExportDocument/pdf?Serial=4DC3ARZ00YqnoqpraZMxCQ","2026-09-22","ثابتة نظاميًا نسبيًا","VERIFIED","تدقيق تفصيلي ومصدر نظامي أولي فُتح وتحقق من بقائه متاحًا في هذه المرحلة.","HIGH","النتيجة تمس الاختصاص أو طريق الاعتراض/التنفيذ أو مدة/رسومًا مؤثرة.","نعم","هل استثناء الأحوال الشخصية من التكاليف يشمل هذا الطلب التنفيذي تحديدًا، وما الاستثناءات؟","NEEDS REVIEW",""
"R-FAM-ESTATE-PRIORITY","الأحوال الشخصية والتركات","Q001: وش صار معك؟ ← أحوال شخصية → Q060: وش المشكلة الأسرية اللي عندك؟ ← ما أعرف التصنيف، أبي أحدد المشكلة خطوة بخطوة → Q400: وش المشكلة الأسرية بالتحديد؟ ← ورثة أو تركة أو وصية أو قاصر → Q409: وش مشكلتك في الورثة أو التركة؟ ← فيه ديون أو وصية وأبي أعرف وش يقدم","توجد ديون أو وصايا قبل توزيع التركة.","لا توزع صافي التركة قبل ترتيب الحقوق المتعلقة بها وفق النظام.","وزارة العدل — محكمة الأحوال الشخصية/ناجز بحسب نوع الإجراء.","محكمة الأحوال الشخصية","تركة قبل توزيعها | ترتيب الحقوق المتعلقة بالتركة قبل القسمة","حصر الأصول والديون والوصايا والورثة.","حصر الأصول والديون والوصايا والورثة وما يثبت كل حق.","لا مدة رقمية عامة في المادة 198.","قضايا الأحوال الشخصية مستثناة من التكاليف القضائية.","غير منطبق ظاهرًا","اتبع المسار الموضح، وإذا وجد نزاع قضائي فتقدم عبر صحيفة الدعوى بالتصنيف المناسب.","نظام الأحوال الشخصية - التركة والإرث","","المادة 197 تعرف التركة، والمادة 198 ترتب الحقوق: التجهيز، الديون، الوصية، ثم قسمة الباقي.","هيئة الخبراء بمجلس الوزراء — نظام الأحوال الشخصية - التركة والإرث","https://laws.boe.gov.sa/BoeLaws/Laws/LawDetails/4d72d829-947b-45d5-b9b5-ae5800d6bac2/1","2026-09-22","ثابتة نظاميًا نسبيًا","VERIFIED","تدقيق تفصيلي ومصدر نظامي أولي فُتح وتحقق من بقائه متاحًا في هذه المرحلة.","HIGH","النتيجة تمس الاختصاص أو طريق الاعتراض/التنفيذ أو مدة/رسومًا مؤثرة.","نعم","هل استثناء الأحوال الشخصية من التكاليف يشمل هذا الطلب التنفيذي تحديدًا، وما الاستثناءات؟","NEEDS REVIEW",""
"R-FAM-ESTATE-RIGHTS-ORDER","الأحوال الشخصية والتركات","Q001: وش صار معك؟ ← أحوال شخصية → Q060: وش المشكلة الأسرية اللي عندك؟ ← ما أعرف التصنيف، أبي أحدد المشكلة خطوة بخطوة → Q400: وش المشكلة الأسرية بالتحديد؟ ← ورثة أو تركة أو وصية أو قاصر → Q409: وش مشكلتك في الورثة أو التركة؟ ← أبي أعرف ترتيب الديون والوصية قبل توزيع الإرث","تريد معرفة ما الذي يُدفع من التركة قبل توزيعها على الورثة.","احصر الأصول والديون والوصايا أولًا ولا تقسّم صافي التركة قبل استيفاء الحقوق السابقة عليها.","وزارة العدل — محكمة الأحوال الشخصية/ناجز بحسب نوع الإجراء.","محكمة الأحوال الشخصية","تركة عليها حقوق قبل الإرث | تصفية التركة ثم القسمة","حصر الورثة، حصر التركة، بيانات الديون والوصايا.","حصر الورثة وحصر التركة ومستندات الديون والوصية.","لا مدة موحدة.","الدعاوى والطلبات التي تختص بها محاكم الأحوال الشخصية مستثناة من نظام التكاليف القضائية، عدا طلب النقض والتماس إعادة النظر.","بعد حصر الورثة والتركة والحقوق السابقة على القسمة، تحدد القسمة أو ينتقل النزاع للمسار القضائي المناسب.","بعد حصر الورثة والتركة والحقوق السابقة على القسمة، تحدد القسمة أو ينتقل النزاع للمسار القضائي المناسب.","نظام الأحوال الشخصية","","المادتان 197-198 تعرفان التركة وترتب الحقوق المتعلقة بها.","هيئة الخبراء بمجلس الوزراء — نظام الأحوال الشخصية","https://laws.boe.gov.sa/BoeLaws/Laws/LawDetails/4d72d829-947b-45d5-b9b5-ae5800d6bac2/1","2026-09-22","ثابتة نظاميًا نسبيًا","VERIFIED","تدقيق تفصيلي ومصدر نظامي أولي فُتح وتحقق من بقائه متاحًا في هذه المرحلة.","HIGH","النتيجة تمس الاختصاص أو طريق الاعتراض/التنفيذ أو مدة/رسومًا مؤثرة.","نعم","هل استثناء الأحوال الشخصية من التكاليف يشمل هذا الطلب التنفيذي تحديدًا، وما الاستثناءات؟","NEEDS REVIEW",""
"R-FAM-GUARDIAN-CONTINUE","الأحوال الشخصية والتركات","Q001: وش صار معك؟ ← أحوال شخصية → Q060: وش المشكلة الأسرية اللي عندك؟ ← ما أعرف التصنيف، أبي أحدد المشكلة خطوة بخطوة → Q400: وش المشكلة الأسرية بالتحديد؟ ← قاصر / ولاية / وصاية → Q414: وش موضوع القاصر أو الولاية أو الوصاية؟ ← بلغ سن الرشد لكن ما زالت هناك حاجة لاستمرار الولاية على المال","بلغ القاصر سن الرشد لكنه ناقص الأهلية أو غير مأمون على أمواله.","على الوصي أو الولي المعين من المحكمة التقدم للمحكمة للنظر في استمرار الوصاية أو الولاية.","وزارة العدل — محكمة الأحوال الشخصية/ناجز بحسب نوع الإجراء.","محكمة الأحوال الشخصية","استمرار ولي/وصي في شؤون القاصر | إدارة ولاية قائمة مع التحقق من استمرار الشروط والصلاحيات","صك الولاية/الوصاية القائم وما يثبت الحالة التي تستدعي الاستمرار.","صك/سند الولاية أو الوصاية، هوية القاصر، والمستندات المتعلقة بالتصرف المطلوب.","لا مدة رقمية عامة؛ استمرار الولاية مرتبط ببقاء سببها وشروطها.","قضايا الأحوال الشخصية مستثناة من التكاليف القضائية.","غير منطبق ظاهرًا","إذا كان الإجراء قضائياً فتُراجع المحكمة الوقائع والمستندات، وإذا كان توثيقاً إلكترونياً فتسير المعاملة وفق خطوات ناجز.","نظام الأحوال الشخصية","","المواد 137-141 تبين الولي/الوصي وأنواع الولاية وشروط الولي وموانع التعيين المرتبطة بمصلحة القاصر.","هيئة الخبراء بمجلس الوزراء — نظام الأحوال الشخصية","https://laws.boe.gov.sa/BoeLaws/Laws/LawDetails/4d72d829-947b-45d5-b9b5-ae5800d6bac2/1","2026-09-22","ثابتة نظاميًا نسبيًا","VERIFIED","تدقيق تفصيلي ومصدر نظامي أولي فُتح وتحقق من بقائه متاحًا في هذه المرحلة.","HIGH","النتيجة تمس الاختصاص أو طريق الاعتراض/التنفيذ أو مدة/رسومًا مؤثرة.","نعم","هل استثناء الأحوال الشخصية من التكاليف يشمل هذا الطلب التنفيذي تحديدًا، وما الاستثناءات؟","NEEDS REVIEW",""
"R-FAM-GUARDIAN-END","الأحوال الشخصية والتركات","Q001: وش صار معك؟ ← أحوال شخصية → Q060: وش المشكلة الأسرية اللي عندك؟ ← ما أعرف التصنيف، أبي أحدد المشكلة خطوة بخطوة → Q400: وش المشكلة الأسرية بالتحديد؟ ← قاصر / ولاية / وصاية → Q414: وش موضوع القاصر أو الولاية أو الوصاية؟ ← انتهت مهمة الولي/الوصي المعين من المحكمة","انتهت مهمة الوصي أو الولي المعين من المحكمة.","سلّم أموال القاصر والحسابات والوثائق إلى من يعنيه الأمر تحت إشراف الجهة المختصة خلال المدة النظامية.","وزارة العدل — محكمة الأحوال الشخصية/ناجز بحسب نوع الإجراء.","محكمة الأحوال الشخصية","انتهاء سبب الولاية/الوصاية أو تحقق إحدى حالات انتهائها | إجراء إنهاء/تسليم أموال القاصر وما يتعلق بها تحت الإشراف المختص","حصر الأموال والحسابات والوثائق وصك الولاية أو الوصاية وما يثبت سبب انتهائها.","ما يثبت سبب الانتهاء، حصر الأموال والحسابات والوثائق، والحكم/الصك عند وجوده.","30 يومًا كحد أقصى من تاريخ انتهاء مهمة الوصي أو الولي المعين من المحكمة لتسليم الأموال وما يتعلق بها.","قضايا الأحوال الشخصية مستثناة من التكاليف القضائية.","غير منطبق ظاهرًا","إذا كان الإجراء قضائياً فتُراجع المحكمة الوقائع والمستندات، وإذا كان توثيقاً إلكترونياً فتسير المعاملة وفق خطوات ناجز.","نظام الأحوال الشخصية - الولاية والغائب والمفقود","","المادتان 157-159: حالات انتهاء الولاية/الوصاية، استمرارها عند بلوغ ناقص الأهلية/غير المأمون على ماله بطلب للمحكمة، وتسليم الأموال خلال 30 يومًا من انتهاء المهمة.","هيئة الخبراء بمجلس الوزراء — نظام الأحوال الشخصية - الولاية والغائب والمفقود","https://laws.boe.gov.sa/BoeLaws/Laws/LawDetails/4d72d829-947b-45d5-b9b5-ae5800d6bac2/1","2026-09-22","ثابتة نظاميًا نسبيًا","VERIFIED","تدقيق تفصيلي ومصدر نظامي أولي فُتح وتحقق من بقائه متاحًا في هذه المرحلة.","HIGH","النتيجة تمس الاختصاص أو طريق الاعتراض/التنفيذ أو مدة/رسومًا مؤثرة.","نعم","هل استثناء الأحوال الشخصية من التكاليف يشمل هذا الطلب التنفيذي تحديدًا، وما الاستثناءات؟","NEEDS REVIEW",""
"R-FAM-GUARDIAN-FEE","الأحوال الشخصية والتركات","Q001: وش صار معك؟ ← أحوال شخصية → Q060: وش المشكلة الأسرية اللي عندك؟ ← ما أعرف التصنيف، أبي أحدد المشكلة خطوة بخطوة → Q400: وش المشكلة الأسرية بالتحديد؟ ← قاصر / ولاية / وصاية → Q414: وش موضوع القاصر أو الولاية أو الوصاية؟ ← الولي أو الوصي يسأل عن أجر أو مكافأة","الولي أو الوصي يسأل عن أجر أو مكافأة مقابل إدارة شؤون القاصر.","قدّم الطلب للمحكمة مع صك الولاية/الوصاية وبيان العمل والمصلحة؛ لا تفترض مقابلاً تلقائيًا.","وزارة العدل — محكمة الأحوال الشخصية/ناجز بحسب نوع الإجراء.","محكمة الأحوال الشخصية","ولي/وصي يطلب مقابلاً عن عمله | طلب قضائي متعلق بأجر/مكافأة الولي أو الوصي","ثبوت الصفة والعمل المطلوب تقدير مقابله وفق النظام.","صك الولاية/الوصاية وبيان الأعمال والمصروفات المؤيدة.","لا مدة رقمية عامة تثبت من المصدر المتاح.","قضايا الأحوال الشخصية مستثناة من التكاليف القضائية عند رفع الدعوى.","غير منطبق ظاهرًا","تابع حالة الطلب ورقم الطلب في المنصة نفسها. إذا أعيد للاستكمال، استكمل النقص على الطلب القائم ولا تنشئ طلبًا جديدًا إلا إذا نصت الخدمة على ذلك.","نظام الأحوال الشخصية","","أحكام الولاية والوصاية في نظام الأحوال الشخصية هي المرجع؛ لا يثبت أجر أو مقدار غير منصوص عليه دون قرار المحكمة.","وزارة العدل — شرح نظام الأحوال الشخصية","https://laws-gateway.moj.gov.sa/apis/legislations/v1/ExportDocument/pdf?Serial=4DC3ARZ00YqnoqpraZMxCQ","2026-09-22","ثابتة نظاميًا نسبيًا","VERIFIED","تدقيق تفصيلي ومصدر نظامي أولي فُتح وتحقق من بقائه متاحًا في هذه المرحلة.","HIGH","النتيجة تمس الاختصاص أو طريق الاعتراض/التنفيذ أو مدة/رسومًا مؤثرة.","نعم","هل استثناء الأحوال الشخصية من التكاليف يشمل هذا الطلب التنفيذي تحديدًا، وما الاستثناءات؟","NEEDS REVIEW",""
"R-FAM-GUARDIAN-REMOVE","الأحوال الشخصية والتركات","Q001: وش صار معك؟ ← أحوال شخصية → Q060: وش المشكلة الأسرية اللي عندك؟ ← ما أعرف التصنيف، أبي أحدد المشكلة خطوة بخطوة → Q400: وش المشكلة الأسرية بالتحديد؟ ← قاصر / ولاية / وصاية → Q414: وش موضوع القاصر أو الولاية أو الوصاية؟ ← الولي/الوصي مقصر أو فقد شرطًا وأبي عزله","يوجد تقصير من الوصي أو الولي أو تخلف شرط من شروطه.","ارفع الطلب القضائي المناسب وبيّن أوجه التقصير أو تخلف الشرط مع أدلتك.","وزارة العدل — محكمة الأحوال الشخصية/ناجز بحسب نوع الإجراء.","محكمة الأحوال الشخصية","طلب عزل ولي أو وصي لمصلحة القاصر | دعوى/طلب عزل أو استبدال ولي/وصي بحسب الحالة","صك الولاية/الوصاية والوقائع والمستندات التي تثبت التقصير أو تعذر القيام بالمهمة.","سند الولاية/الوصاية، الأحكام أو الأدلة على سبب العزل، ومستندات مصلحة القاصر.","لا مدة رقمية عامة لهذه النتيجة.","قضايا الأحوال الشخصية مستثناة من التكاليف القضائية.","غير منطبق ظاهرًا","إذا كان الإجراء قضائياً فتُراجع المحكمة الوقائع والمستندات، وإذا كان توثيقاً إلكترونياً فتسير المعاملة وفق خطوات ناجز.","نظام الأحوال الشخصية","","المادتان 140-141 تشترطان كمال الأهلية والأمانة والقدرة، وتمنعان تعيين من تكون في ولايته مظنة ضرر بمصلحة القاصر، ومنها حالات الإدانة المخلة بالشرف والأمانة أو العزل السابق للإضرار أو التفريط.","هيئة الخبراء بمجلس الوزراء — نظام الأحوال الشخصية","https://laws.boe.gov.sa/BoeLaws/Laws/LawDetails/4d72d829-947b-45d5-b9b5-ae5800d6bac2/1","2026-09-22","ثابتة نظاميًا نسبيًا","VERIFIED","تدقيق تفصيلي ومصدر نظامي أولي فُتح وتحقق من بقائه متاحًا في هذه المرحلة.","HIGH","النتيجة تمس الاختصاص أو طريق الاعتراض/التنفيذ أو مدة/رسومًا مؤثرة.","نعم","هل استثناء الأحوال الشخصية من التكاليف يشمل هذا الطلب التنفيذي تحديدًا، وما الاستثناءات؟","NEEDS REVIEW",""
"R-FAM-HEIRS-CERT","الأحوال الشخصية والتركات","Q001: وش صار معك؟ ← أحوال شخصية → Q060: وش المشكلة الأسرية اللي عندك؟ ← ما أعرف التصنيف، أبي أحدد المشكلة خطوة بخطوة → Q400: وش المشكلة الأسرية بالتحديد؟ ← ورثة أو تركة أو وصية أو قاصر → Q409: وش مشكلتك في الورثة أو التركة؟ ← أبي إصدار حصر ورثة","تريد إصدار وثيقة تبين المورث والورثة وأنصبتهم.","ابدأ بخدمة إصدار حصر الورثة في منصة التركات وأدخل بيانات المتوفى والورثة والشهود.","وزارة العدل — محكمة الأحوال الشخصية/ناجز بحسب نوع الإجراء.","محكمة الأحوال الشخصية","تحتاج إصدار وثيقة رسمية بحصر ورثة المتوفى | منصة التركات / ناجز بحسب الخدمة المتاحة | إصدار حصر الورثة عبر منصة التركات","بيانات مقدم الطلب والمتوفى والورثة والشهود.","قد يلزم مستند داعم مثل شهادة الوفاة؛ والوكالة الخارجية تصدق من وزارة العدل وفق شروط الخدمة.","مدة تنفيذ الخدمة المعروضة رسميًا ليست مدة سقوط حق، والخدمة بلا رسوم.","الدعاوى والطلبات التي تختص بها محاكم الأحوال الشخصية مستثناة من نظام التكاليف القضائية، عدا طلب النقض والتماس إعادة النظر.","اتبع المسار الموضح، وإذا وجد نزاع قضائي فتقدم عبر صحيفة الدعوى بالتصنيف المناسب.","اتبع المسار الموضح، وإذا وجد نزاع قضائي فتقدم عبر صحيفة الدعوى بالتصنيف المناسب.","","","وزارة العدل تصف الوثيقة بأنها تشتمل على بيانات المورث والورثة وأنصبتهم، وتحدد خطوات وشروط الإصدار الحالية.","وزارة العدل — إصدار حصر الورثة","https://www.moj.gov.sa/ar/eServices/Pages/17b08d90-809c-45cf-bd41-9eb8d15fabcb.aspx","2026-09-22","قابلة للتغير","PARTIALLY VERIFIED","المصدر رسمي لكنه لا يثبت آليًا جميع عناصر الاختصاص/المدة/الرسوم المركبة في النتيجة.","HIGH","النتيجة تمس الاختصاص أو طريق الاعتراض/التنفيذ أو مدة/رسومًا مؤثرة.","نعم","هل استثناء الأحوال الشخصية من التكاليف يشمل هذا الطلب التنفيذي تحديدًا، وما الاستثناءات؟","NEEDS REVIEW",""
"R-FAM-HEIRS-DIGITIZE","الأحوال الشخصية والتركات","Q001: وش صار معك؟ ← أحوال شخصية → Q060: وش المشكلة الأسرية اللي عندك؟ ← وفاة / ورثة / وصية → Q078: وش المطلوب بخصوص الورثة أو الوصية؟ ← وفاة / ورثة / حصر ورثة → Q223: وش تحتاج في التركة؟ ← عندي صك حصر ورثة ورقي وأحتاج رقمنته","عندك صك حصر ورثة ورقي وتحتاج تحوله إلى وثيقة إلكترونية.","استخدم خدمة «رقمنة وثيقة حصر الورثة» في ناجز.","وزارة العدل — محكمة الأحوال الشخصية/ناجز بحسب نوع الإجراء.","محكمة الأحوال الشخصية","توثيق ورثة متوفى / إضافة مولود | ناجز | توثيق حالة اجتماعية","لا تعرض صفحة الخدمة مستندات مطلوبة مستقلة، لكنها تشترط إرفاق صور واضحة لصك حصر الورثة الورقي من الأمام والخلف. وتُدخل داخل الطلب بيانات مقدم الطلب وبيانات الصك وبيانات المتوفى؛ وهذه بيانات نموذج وليست مستندات مستقلة.","بيانات الوثيقة والهوية والمستندات التي يطلبها النموذج.","لا نثبت مهلة سقوط؛ يتبع زمن معالجة الخدمة.","لا نثبت رسمًا دون مصدر صريح.","غير منطبق ظاهرًا","يُراجع الطلب ويطابق لدى المحكمة المختصة، ثم تصدر وثيقة إلكترونية برقم جديد عند اكتمال الإجراء.","","","","وزارة العدل — توثيق ورثة متوفى","https://www.moj.gov.sa/Documents/Sharing/ElectronicJudicialServices2.pdf","2026-09-20","قابلة للتغير","PARTIALLY VERIFIED","المصدر رسمي لكنه لا يثبت آليًا جميع عناصر الاختصاص/المدة/الرسوم المركبة في النتيجة.","HIGH","النتيجة تمس الاختصاص أو طريق الاعتراض/التنفيذ أو مدة/رسومًا مؤثرة.","نعم","هل استثناء الأحوال الشخصية من التكاليف يشمل هذا الطلب التنفيذي تحديدًا، وما الاستثناءات؟","NEEDS REVIEW",""
"R-FAM-HEIRS-DISPUTE","الأحوال الشخصية والتركات","Q001: وش صار معك؟ ← أحوال شخصية → Q060: وش المشكلة الأسرية اللي عندك؟ ← وفاة / ورثة / وصية → Q078: وش المطلوب بخصوص الورثة أو الوصية؟ ← نزاع بين الورثة","يوجد خلاف بين الورثة، لذلك لا يكفي التعامل مع الحالة كقسمة تركة اتفاقية.","حدد موضوع الخلاف أولًا. وإذا كان المطلوب قسمة اتفاقية، فتحقق من اكتمال حصر التركة واتفاق الورثة قبل استخدام مسار القسمة الاتفاقية.","وزارة العدل — محكمة الأحوال الشخصية/ناجز بحسب نوع الإجراء.","محكمة الأحوال الشخصية","صحيفة دعوى في نزاع تركة/ورثة | ناجز | دعوى قضائية","وثيقة حصر الورثة وحصر التركة يفيدان في تحديد التركة والأطراف، مع المستندات المؤيدة لموضوع الخلاف بحسب الحالة؛ لا تُعامل هذه القائمة كمتطلبات ثابتة لكل نزاع.","وثيقة الورثة وما يثبت عناصر التركة والحق المتنازع عليه بحسب الدعوى.","لا نضع مهلة موضوعية موحدة لكل نزاعات التركات.","تخضع الدعوى للتكاليف القضائية عند انطباق النظام؛ لا مبلغ موحد.","إذا تحقق الاتفاق يمكن متابعة القسمة الاتفاقية عبر منصة التركات؛ أما وجود نزاع فيتطلب تحديد موضوعه ومساره المختص بدل افتراض القسمة الاتفاقية.","إذا تحقق الاتفاق يمكن متابعة القسمة الاتفاقية عبر منصة التركات؛ أما وجود نزاع فيتطلب تحديد موضوعه ومساره المختص بدل افتراض القسمة الاتفاقية.","","","","وزارة العدل — الخدمات الإنهائية والحالات الاجتماعية","https://inhaatportal.moj.gov.sa/tabsnew.aspx","2026-09-20","قابلة للتغير","PARTIALLY VERIFIED","المصدر رسمي لكنه لا يثبت آليًا جميع عناصر الاختصاص/المدة/الرسوم المركبة في النتيجة.","HIGH","النتيجة تمس الاختصاص أو طريق الاعتراض/التنفيذ أو مدة/رسومًا مؤثرة.","نعم","هل استثناء الأحوال الشخصية من التكاليف يشمل هذا الطلب التنفيذي تحديدًا، وما الاستثناءات؟","NEEDS REVIEW",""
"R-FAM-HEIRS-ISSUE","الأحوال الشخصية والتركات","Q001: وش صار معك؟ ← أحوال شخصية → Q060: وش المشكلة الأسرية اللي عندك؟ ← وفاة / ورثة / وصية → Q078: وش المطلوب بخصوص الورثة أو الوصية؟ ← وفاة / ورثة / حصر ورثة → Q223: وش تحتاج في التركة؟ ← أحتاج حصر ورثة أو تعديل بيانات الورثة","تحتاج إصدار وثيقة حصر ورثة.","ابدأ بخدمة «إصدار حصر ورثة» عبر منصة التركات.","وزارة العدل — محكمة الأحوال الشخصية/ناجز بحسب نوع الإجراء.","محكمة الأحوال الشخصية","توثيق ورثة متوفى | ناجز | توثيق حالة اجتماعية","بيانات مقدم الطلب والمتوفى وجميع الورثة والشهود بحسب نموذج الخدمة؛ ويتيح مسار إدخال بيانات الورثة إضافة مولود أو وارث آخر.","الوثائق الداعمة بحسب النموذج مثل شهادة الوفاة، وبيانات الورثة والشهود، والوكالة عند الانطباق.","لا نثبت مهلة سقوط؛ زمن المعالجة يتبع الخدمة.","لا نثبت رسمًا دون صفحة حالية صريحة.","غير منطبق ظاهرًا","تُراجع البيانات لإصدار وثيقة حصر الورثة التي تتضمن بيانات المورث والورثة وأنصبتهم.","","","","وزارة العدل — توثيق ورثة متوفى","https://www.moj.gov.sa/Documents/Sharing/ElectronicJudicialServices2.pdf","2026-09-20","قابلة للتغير","PARTIALLY VERIFIED","المصدر رسمي لكنه لا يثبت آليًا جميع عناصر الاختصاص/المدة/الرسوم المركبة في النتيجة.","HIGH","النتيجة تمس الاختصاص أو طريق الاعتراض/التنفيذ أو مدة/رسومًا مؤثرة.","نعم","هل استثناء الأحوال الشخصية من التكاليف يشمل هذا الطلب التنفيذي تحديدًا، وما الاستثناءات؟","NEEDS REVIEW",""
"R-FAM-IDDAH-DEATH","الأحوال الشخصية والتركات","Q001: وش صار معك؟ ← أحوال شخصية → Q060: وش المشكلة الأسرية اللي عندك؟ ← ما أعرف التصنيف، أبي أحدد المشكلة خطوة بخطوة → Q400: وش المشكلة الأسرية بالتحديد؟ ← العدة أو نفقة المعتدة أو متى تنتهي العدة → Q415: وش سؤالك عن العدة بعد الفرقة أو الوفاة؟ ← توفي الزوج وأبي أعرف مدة العدة","الزوج توفي وتريد معرفة عدة الوفاة.","إذا لم تكن الزوجة حاملًا فالأصل أن عدة الوفاة أربعة أشهر وعشرة أيام، ولو كانت الوفاة قبل الدخول، مع مراعاة حكم الحامل.","وزارة العدل — محكمة الأحوال الشخصية/ناجز بحسب نوع الإجراء.","محكمة الأحوال الشخصية","عدة وفاة | تحديد مدة عدة المتوفى عنها زوجها","إثبات الوفاة وحالة الحمل إن وجدت.","شهادة الوفاة ووثيقة الزواج وما يثبت الحمل عند وجوده.","غير الحامل: أربعة أشهر وعشرة أيام؛ الحامل: وضع الحمل إذا جاوز الحمل 80 يومًا وفق المادة 120.","قضايا الأحوال الشخصية مستثناة من التكاليف القضائية.","تنتهي عدة غير الحامل بانقضاء المدة النظامية، أما الحامل فترتبط بوضع الحمل وفق المادة 120.","تنتهي عدة غير الحامل بانقضاء المدة النظامية، أما الحامل فترتبط بوضع الحمل وفق المادة 120.","نظام الأحوال الشخصية - العدة والنفقة","","المواد 117 و119-120: عدة الوفاة واجبة ولو قبل الدخول؛ غير الحامل أربعة أشهر وعشرة أيام، والحامل وضع حملها وفق شرط المادة 120.","هيئة الخبراء بمجلس الوزراء — نظام الأحوال الشخصية - العدة والنفقة","https://laws.boe.gov.sa/BoeLaws/Laws/LawDetails/4d72d829-947b-45d5-b9b5-ae5800d6bac2/1","2026-09-22","ثابتة نظاميًا نسبيًا","VERIFIED","تدقيق تفصيلي ومصدر نظامي أولي فُتح وتحقق من بقائه متاحًا في هذه المرحلة.","HIGH","النتيجة تمس الاختصاص أو طريق الاعتراض/التنفيذ أو مدة/رسومًا مؤثرة.","نعم","هل استثناء الأحوال الشخصية من التكاليف يشمل هذا الطلب التنفيذي تحديدًا، وما الاستثناءات؟","NEEDS REVIEW",""
"R-FAM-IDDAH-MAINT","الأحوال الشخصية والتركات","Q001: وش صار معك؟ ← أحوال شخصية → Q060: وش المشكلة الأسرية اللي عندك؟ ← ما أعرف التصنيف، أبي أحدد المشكلة خطوة بخطوة → Q400: وش المشكلة الأسرية بالتحديد؟ ← العدة أو نفقة المعتدة أو متى تنتهي العدة → Q415: وش سؤالك عن العدة بعد الفرقة أو الوفاة؟ ← أبي أعرف نفقة المعتدة أو السكن أثناء العدة","تسأل عن النفقة أو السكن أثناء العدة.","حدّد هل الطلاق رجعي أم بائن أم أن العدة بسبب وفاة: الرجعية لها النفقة حتى انتهاء العدة، والبائن لا نفقة لها إلا إذا كانت حاملًا، وللمعتدة من الوفاة حكم مستقل في النفقة والسكن.","وزارة العدل — محكمة الأحوال الشخصية/ناجز بحسب نوع الإجراء.","محكمة الأحوال الشخصية","مطالبة معتدة بالنفقة | دعوى نفقة معتدة عند النزاع على الاستحقاق","وثيقة الفرقة ونوعها، وحالة الحمل عند وجودها.","وثيقة الفرقة/الوفاة، ما يثبت الحمل، وأدلة عدم الإنفاق عند المطالبة القضائية.","النفقة تستمر بحسب نوع العدة: الرجعية حتى انتهائها، والحامل حتى وضع الحمل في الحالات المنصوص عليها.","قضايا الأحوال الشخصية مستثناة من التكاليف القضائية.","غير منطبق ظاهرًا","يحدد نوع الفرقة والحمل استحقاق النفقة، وفي عدة الوفاة يقرر النظام كذلك حق السكنى في بيت الزوجية مدة العدة.","نظام الأحوال الشخصية - العدة والنفقة","","المادتان 53-54: نفقة المعتدة من طلاق رجعي حتى انتهاء العدة؛ البائن فقط إذا كانت حاملًا حتى الوضع؛ معتدة الوفاة لا نفقة لها إلا الحامل فتكون في مال الحمل، فإن لم يكن له مال فعلى وارث الحمل، ولها السكنى في بيت الزوجية مدة العدة.","هيئة الخبراء بمجلس الوزراء — نظام الأحوال الشخصية - العدة والنفقة","https://laws.boe.gov.sa/BoeLaws/Laws/LawDetails/4d72d829-947b-45d5-b9b5-ae5800d6bac2/1","2026-09-22","ثابتة نظاميًا نسبيًا","VERIFIED","تدقيق تفصيلي ومصدر نظامي أولي فُتح وتحقق من بقائه متاحًا في هذه المرحلة.","HIGH","النتيجة تمس الاختصاص أو طريق الاعتراض/التنفيذ أو مدة/رسومًا مؤثرة.","نعم","هل استثناء الأحوال الشخصية من التكاليف يشمل هذا الطلب التنفيذي تحديدًا، وما الاستثناءات؟","NEEDS REVIEW",""
"R-FAM-IDDAH-PREGNANT","الأحوال الشخصية والتركات","Q001: وش صار معك؟ ← أحوال شخصية → Q060: وش المشكلة الأسرية اللي عندك؟ ← ما أعرف التصنيف، أبي أحدد المشكلة خطوة بخطوة → Q400: وش المشكلة الأسرية بالتحديد؟ ← العدة أو نفقة المعتدة أو متى تنتهي العدة → Q415: وش سؤالك عن العدة بعد الفرقة أو الوفاة؟ ← أنا حامل وأبي أعرف متى تنتهي العدة","المرأة حامل عند الفرقة أو الوفاة.","راجع المادة 120: عدة الحامل المفارقة بالوفاة وغيرها هي وضع حملها متى جاوز الحمل ثمانين يومًا.","وزارة العدل — محكمة الأحوال الشخصية/ناجز بحسب نوع الإجراء.","محكمة الأحوال الشخصية","عدة امرأة حامل بعد فرقة أو وفاة | تحديد انتهاء العدة بالحمل","إثبات الفرقة أو الوفاة وما يثبت حالة الحمل ومدته عند الحاجة.","تقرير طبي يثبت الحمل ومدته، ووثيقة الفرقة/الوفاة.","تنتهي بوضع الحمل متى جاوز الحمل 80 يومًا.","قضايا الأحوال الشخصية مستثناة من التكاليف القضائية.","غير منطبق ظاهرًا","تنتهي العدة بوضع الحمل وفق الضابط الوارد في المادة، ثم تُراجع بقية آثار الفرقة بصورة مستقلة.","نظام الأحوال الشخصية - العدة والنفقة","","المادة 120: عدة الحامل المفارقة بالوفاة وغيرها هي وضع حملها متى جاوز الحمل 80 يومًا.","هيئة الخبراء بمجلس الوزراء — نظام الأحوال الشخصية - العدة والنفقة","https://laws.boe.gov.sa/BoeLaws/Laws/LawDetails/4d72d829-947b-45d5-b9b5-ae5800d6bac2/1","2026-09-22","ثابتة نظاميًا نسبيًا","VERIFIED","تدقيق تفصيلي ومصدر نظامي أولي فُتح وتحقق من بقائه متاحًا في هذه المرحلة.","HIGH","النتيجة تمس الاختصاص أو طريق الاعتراض/التنفيذ أو مدة/رسومًا مؤثرة.","نعم","هل استثناء الأحوال الشخصية من التكاليف يشمل هذا الطلب التنفيذي تحديدًا، وما الاستثناءات؟","NEEDS REVIEW",""
"R-FAM-IDDAH-START","الأحوال الشخصية والتركات","Q001: وش صار معك؟ ← أحوال شخصية → Q060: وش المشكلة الأسرية اللي عندك؟ ← ما أعرف التصنيف، أبي أحدد المشكلة خطوة بخطوة → Q400: وش المشكلة الأسرية بالتحديد؟ ← العدة أو نفقة المعتدة أو متى تنتهي العدة → Q415: وش سؤالك عن العدة بعد الفرقة أو الوفاة؟ ← مطلقة أو مختلعة وأبي أعرف متى تبدأ العدة","تريد معرفة بداية العدة بعد الطلاق أو الخلع أو الفرقة القضائية.","حدّد سبب الفرقة وتاريخها أولًا؛ فالعدة تبدأ من وقوع الطلاق أو الخلع، وفي الفسخ أو البطلان بحكم قضائي من تاريخ صدور الحكم، مع مراعاة نهائية الحكم عند الزواج مجددًا.","وزارة العدل — محكمة الأحوال الشخصية/ناجز بحسب نوع الإجراء.","محكمة الأحوال الشخصية","تحديد بداية العدة بعد طلاق/خلع/وفاة أو حكم قضائي | تحديد تاريخ بدء العدة قبل أي زواج جديد أو مطالبة مرتبطة بها","وثيقة الطلاق/الخلع أو الحكم وتاريخه، وحالة الدخول أو الخلوة عند الحاجة.","وثيقة الطلاق/الخلع أو الحكم وشهادة الوفاة بحسب الحالة.","تبدأ من وقوع الطلاق أو الخلع أو الوفاة؛ وفي الحالات القضائية وفق التفصيل بالمادة 118.","قضايا الأحوال الشخصية مستثناة من التكاليف القضائية.","غير منطبق ظاهرًا","بعد تحديد نوع الفرقة يمكن تحديد بدء العدة ثم مدتها وفق حالة المرأة.","نظام الأحوال الشخصية - العدة والنفقة","","المواد 116-118: تعريف العدة ووجوبها وبدايتها، مع قاعدة عدم الزواج حتى انتهاء العدة أو اكتساب الحكم الصفة النهائية أيهما أبعد في الحالات القضائية المذكورة.","هيئة الخبراء بمجلس الوزراء — نظام الأحوال الشخصية - العدة والنفقة","https://laws.boe.gov.sa/BoeLaws/Laws/LawDetails/4d72d829-947b-45d5-b9b5-ae5800d6bac2/1","2026-09-22","ثابتة نظاميًا نسبيًا","VERIFIED","تدقيق تفصيلي ومصدر نظامي أولي فُتح وتحقق من بقائه متاحًا في هذه المرحلة.","HIGH","النتيجة تمس الاختصاص أو طريق الاعتراض/التنفيذ أو مدة/رسومًا مؤثرة.","نعم","هل استثناء الأحوال الشخصية من التكاليف يشمل هذا الطلب التنفيذي تحديدًا، وما الاستثناءات؟","NEEDS REVIEW",""
"R-FAM-INHERITANCE-ACKNOWLEDGED-HEIR","الأحوال الشخصية والتركات","Q001: وش صار معك؟ ← أحوال شخصية → Q060: وش المشكلة الأسرية اللي عندك؟ ← ما أعرف التصنيف، أبي أحدد المشكلة خطوة بخطوة → Q400: وش المشكلة الأسرية بالتحديد؟ ← ورثة أو تركة أو وصية أو قاصر → Q409: وش مشكلتك في الورثة أو التركة؟ ← أبي أعرف من يرث وكم نصيبه أو عندي مانع إرث → Q411: وش سؤالك في الميراث والأنصبة؟ ← عندي حمل أو مفقود أو إقرار بوارث أو تخارج أو حالة خاصة → Q424: هل عندك حالة خاصة في الميراث أو التخارج؟ ← بعض الورثة أقر بوارث أو حاجب والباقون ينكرون","بعض الورثة يقر بوجود مشارك في الإرث أو حاجب، بينما ينكر الآخرون أو يوجد غير مكلفين.","لا تضف الشخص أو تستبعد وارثًا آليًا؛ افحص وجود البينة وأثر إقرار الوارث وفق المادة 241.","وزارة العدل — محكمة الأحوال الشخصية/ناجز بحسب نوع الإجراء.","محكمة الأحوال الشخصية","إقرار بعض الورثة بوارث أو حاجب إضافي | دعوى/إثبات استحقاق إرث عند النزاع بحسب وجود البينة","إقرار الوريث، البينة المتاحة، حصر الورثة، وصف من أقر ومن أنكر وأهليتهم.","حصر الورثة، الإقرار، وثائق القرابة وأدلة الاستحقاق.","لا مدة رقمية خاصة في المادة 241.","قضايا الأحوال الشخصية مستثناة من التكاليف القضائية.","غير منطبق ظاهرًا","عند النزاع تفصل المحكمة في الإثبات ثم تصحح الأنصبة بحسب النتيجة.","نظام الأحوال الشخصية - ميراث المفقود والحمل والإقرار","","المادة 241 تنظم إقرار بعض الورثة بمشارك في الإرث أو حاجب، وتفرق بين قيام البينة وعدمها في أثر الإقرار.","هيئة الخبراء بمجلس الوزراء — نظام الأحوال الشخصية - ميراث المفقود والحمل والإقرار","https://laws.boe.gov.sa/BoeLaws/Laws/LawDetails/4d72d829-947b-45d5-b9b5-ae5800d6bac2/1","2026-09-22","ثابتة نظاميًا نسبيًا","VERIFIED","تدقيق تفصيلي ومصدر نظامي أولي فُتح وتحقق من بقائه متاحًا في هذه المرحلة.","HIGH","النتيجة تمس الاختصاص أو طريق الاعتراض/التنفيذ أو مدة/رسومًا مؤثرة.","نعم","هل استثناء الأحوال الشخصية من التكاليف يشمل هذا الطلب التنفيذي تحديدًا، وما الاستثناءات؟","NEEDS REVIEW",""
"R-FAM-INHERITANCE-ASABA","الأحوال الشخصية والتركات","Q001: وش صار معك؟ ← أحوال شخصية → Q060: وش المشكلة الأسرية اللي عندك؟ ← ما أعرف التصنيف، أبي أحدد المشكلة خطوة بخطوة → Q400: وش المشكلة الأسرية بالتحديد؟ ← ورثة أو تركة أو وصية أو قاصر → Q409: وش مشكلتك في الورثة أو التركة؟ ← أبي أعرف من يرث وكم نصيبه أو عندي مانع إرث → Q411: وش سؤالك في الميراث والأنصبة؟ ← فيه إخوة أو عصبة وأبي أعرف من يأخذ الباقي","يوجد ورثة قد يستحقون الباقي بالتعصيب.","بعد إخراج الفروض، حدد جهة العصبة ودرجته وقوة قرابته وفق ترتيب النظام.","وزارة العدل — محكمة الأحوال الشخصية/ناجز بحسب نوع الإجراء.","محكمة الأحوال الشخصية","وجود وارث أو أكثر بالتعصيب | حساب التعصيب بعد الفروض والحجب","قائمة الورثة كاملة بعد تحديد أصحاب الفروض.","حصر الورثة، شهادة الوفاة، ووثائق القرابة.","لا مدة رقمية لحساب التعصيب.","قضايا الأحوال الشخصية مستثناة من التكاليف القضائية.","غير منطبق ظاهرًا","طبّق الحكم على جميع الورثة والحقوق المتعلقة بالتركة قبل القسمة؛ وعند وجود نزاع استخدم المسار القضائي المناسب.","نظام الأحوال الشخصية - الإرث","","المواد 223-229: أنواع العصبة، ترتيب العصبة بالنفس، العصبة بالغير ومع الغير، أولوية الجهة والدرجة والقوة، واستحقاق الباقي أو السقوط عند استغراق الفروض.","هيئة الخبراء بمجلس الوزراء — نظام الأحوال الشخصية - الإرث","https://laws.boe.gov.sa/BoeLaws/Laws/LawDetails/4d72d829-947b-45d5-b9b5-ae5800d6bac2/1","2026-09-22","ثابتة نظاميًا نسبيًا","VERIFIED","تدقيق تفصيلي ومصدر نظامي أولي فُتح وتحقق من بقائه متاحًا في هذه المرحلة.","HIGH","النتيجة تمس الاختصاص أو طريق الاعتراض/التنفيذ أو مدة/رسومًا مؤثرة.","نعم","هل استثناء الأحوال الشخصية من التكاليف يشمل هذا الطلب التنفيذي تحديدًا، وما الاستثناءات؟","NEEDS REVIEW",""
"R-FAM-INHERITANCE-ASABA-DEEP","الأحوال الشخصية والتركات","Q001: وش صار معك؟ ← أحوال شخصية → Q060: وش المشكلة الأسرية اللي عندك؟ ← ما أعرف التصنيف، أبي أحدد المشكلة خطوة بخطوة → Q400: وش المشكلة الأسرية بالتحديد؟ ← ورثة أو تركة أو وصية أو قاصر → Q409: وش مشكلتك في الورثة أو التركة؟ ← أبي أعرف من يرث وكم نصيبه أو عندي مانع إرث → Q411: وش سؤالك في الميراث والأنصبة؟ ← عندي سؤال في الحجب أو العصبات أو ذوي الأرحام → Q423: وش سؤالك في الحجب والتعصيب وذوي الأرحام؟ ← أبي أعرف أنواع العصبة وترتيبها","تريد تحديد العصبة وترتيبها.","النظام يقسم العصبة إلى بالنفس وبالغير ومع الغير، ويبين ترتيب جهات العصبة بالنفس. لا تحسب الباقي قبل إدخال جميع الورثة وأصحاب الفروض.","وزارة العدل — محكمة الأحوال الشخصية/ناجز بحسب نوع الإجراء.","محكمة الأحوال الشخصية","يوجد عاصب أو أكثر ويراد تحديد الباقي وترتيبهم | حساب التعصيب في الميراث","المستندات والوقائع المؤيدة بحسب الحالة.","حصر الورثة وبيانات القرابة.","لا مدة رقمية.","الدعاوى والطلبات التي تختص بها محاكم الأحوال الشخصية مستثناة من نظام التكاليف القضائية، عدا طلب النقض والتماس إعادة النظر.","تفصل المحكمة في النزاع عند الحاجة، أما التوثيق فيستخدم فقط إذا كانت الخدمة وشروطها تنطبق.","تفصل المحكمة في النزاع عند الحاجة، أما التوثيق فيستخدم فقط إذا كانت الخدمة وشروطها تنطبق.","نظام الأحوال الشخصية - الإرث","","المواد 227-229: العاصب بالنفس يأخذ الكل عند الانفراد أو الباقي بعد الفروض، والترتيب بالجهة ثم الدرجة ثم قوة القرابة.","هيئة الخبراء بمجلس الوزراء — نظام الأحوال الشخصية - الإرث","https://laws.boe.gov.sa/BoeLaws/Laws/LawDetails/4d72d829-947b-45d5-b9b5-ae5800d6bac2/1","2026-09-22","ثابتة نظاميًا نسبيًا","VERIFIED","تدقيق تفصيلي ومصدر نظامي أولي فُتح وتحقق من بقائه متاحًا في هذه المرحلة.","HIGH","النتيجة تمس الاختصاص أو طريق الاعتراض/التنفيذ أو مدة/رسومًا مؤثرة.","نعم","هل استثناء الأحوال الشخصية من التكاليف يشمل هذا الطلب التنفيذي تحديدًا، وما الاستثناءات؟","NEEDS REVIEW",""
"R-FAM-INHERITANCE-AWL-RADD","الأحوال الشخصية والتركات","Q001: وش صار معك؟ ← أحوال شخصية → Q060: وش المشكلة الأسرية اللي عندك؟ ← ما أعرف التصنيف، أبي أحدد المشكلة خطوة بخطوة → Q400: وش المشكلة الأسرية بالتحديد؟ ← ورثة أو تركة أو وصية أو قاصر → Q409: وش مشكلتك في الورثة أو التركة؟ ← أبي أعرف من يرث وكم نصيبه أو عندي مانع إرث → Q411: وش سؤالك في الميراث والأنصبة؟ ← الفروض أكبر من التركة أو بقي جزء بعد الفروض","الفروض تزاحمت أو بقي من التركة شيء بعد الفروض ولا يوجد عاصب.","لا توزع يدويًا بنسبة ثابتة؛ طبّق أحكام العول أو الرد بحسب تركيب الورثة.","وزارة العدل — محكمة الأحوال الشخصية/ناجز بحسب نوع الإجراء.","محكمة الأحوال الشخصية","مجموع الفروض يزيد أو ينقص عن أصل التركة | حساب العول أو الرد","جميع أصحاب الفروض ومقادير فروضهم ووجود عاصب أو ذوي أرحام.","حصر الورثة وبياناتهم.","لا مدة رقمية.","الدعاوى والطلبات التي تختص بها محاكم الأحوال الشخصية مستثناة من نظام التكاليف القضائية، عدا طلب النقض والتماس إعادة النظر.","طبّق الحكم على جميع الورثة والحقوق المتعلقة بالتركة قبل القسمة؛ وعند وجود نزاع استخدم المسار القضائي المناسب.","طبّق الحكم على جميع الورثة والحقوق المتعلقة بالتركة قبل القسمة؛ وعند وجود نزاع استخدم المسار القضائي المناسب.","نظام الأحوال الشخصية - الإرث","","المادة 230 للعول؛ المادة 231 للرد، بما فيها رد الباقي على غير الزوجين من أصحاب الفروض، ثم حالة الزوج/الزوجة إذا لم يوجد غيرهم من الفروض أو العصبات أو ذوي الأرحام.","هيئة الخبراء بمجلس الوزراء — نظام الأحوال الشخصية - الإرث","https://laws.boe.gov.sa/BoeLaws/Laws/LawDetails/4d72d829-947b-45d5-b9b5-ae5800d6bac2/1","2026-09-22","ثابتة نظاميًا نسبيًا","VERIFIED","تدقيق تفصيلي ومصدر نظامي أولي فُتح وتحقق من بقائه متاحًا في هذه المرحلة.","HIGH","النتيجة تمس الاختصاص أو طريق الاعتراض/التنفيذ أو مدة/رسومًا مؤثرة.","نعم","هل استثناء الأحوال الشخصية من التكاليف يشمل هذا الطلب التنفيذي تحديدًا، وما الاستثناءات؟","NEEDS REVIEW",""
"R-FAM-INHERITANCE-CALCULATOR","الأحوال الشخصية والتركات","Q001: وش صار معك؟ ← أحوال شخصية → Q060: وش المشكلة الأسرية اللي عندك؟ ← ما أعرف التصنيف، أبي أحدد المشكلة خطوة بخطوة → Q400: وش المشكلة الأسرية بالتحديد؟ ← ورثة أو تركة أو وصية أو قاصر → Q409: وش مشكلتك في الورثة أو التركة؟ ← أبي أعرف من يرث وكم نصيبه أو عندي مانع إرث → Q411: وش سؤالك في الميراث والأنصبة؟ ← أبي أحسب الأنصبة بالأسماء والورثة الموجودين","تريد حساب الأنصبة الشرعية بناءً على الورثة الموجودين.","استخدم خدمة «حساب المواريث» في ناجز، وأدخل إجمالي التركة وجنس المتوفى وأجب عن أسئلة الورثة؛ ثم راجع الناتج مع وثائق الورثة الفعلية.","وزارة العدل — محكمة الأحوال الشخصية/ناجز بحسب نوع الإجراء.","محكمة الأحوال الشخصية","حساب أنصبة الورثة | ناجز | استخدام خدمة حساب المواريث الرسمية","إجمالي مبلغ التركة وبيانات الورثة المطلوبة في الخدمة.","لا مستندات لخدمة الحساب؛ حصر التركة يشترط وثيقة حصر ورثة موثقة وأن يكون مقدم الطلب أحد الورثة.","خدمة الحساب فورية بحسب صفحة الوزارة؛ لا أجل نظامي للنزاع.","الدعاوى والطلبات التي تختص بها محاكم الأحوال الشخصية مستثناة من نظام التكاليف القضائية، عدا طلب النقض والتماس إعادة النظر.","طبّق الحكم على جميع الورثة والحقوق المتعلقة بالتركة قبل القسمة؛ وعند وجود نزاع استخدم المسار القضائي المناسب.","طبّق الحكم على جميع الورثة والحقوق المتعلقة بالتركة قبل القسمة؛ وعند وجود نزاع استخدم المسار القضائي المناسب.","نظام الأحوال الشخصية","","خدمة حساب المواريث تعرض نصيب كل وارث ونسبته والمحجوبين؛ وحصر التركة يوثق أصول المورث.","هيئة الخبراء بمجلس الوزراء — نظام الأحوال الشخصية","https://laws.boe.gov.sa/BoeLaws/Laws/LawDetails/4d72d829-947b-45d5-b9b5-ae5800d6bac2/1","2026-09-22","قابلة للتغير","VERIFIED","تدقيق تفصيلي ومصدر نظامي أولي فُتح وتحقق من بقائه متاحًا في هذه المرحلة.","HIGH","النتيجة تمس الاختصاص أو طريق الاعتراض/التنفيذ أو مدة/رسومًا مؤثرة.","نعم","هل استثناء الأحوال الشخصية من التكاليف يشمل هذا الطلب التنفيذي تحديدًا، وما الاستثناءات؟","NEEDS REVIEW",""
"R-FAM-INHERITANCE-CORE-SHARES","الأحوال الشخصية والتركات","Q001: وش صار معك؟ ← أحوال شخصية → Q060: وش المشكلة الأسرية اللي عندك؟ ← ما أعرف التصنيف، أبي أحدد المشكلة خطوة بخطوة → Q400: وش المشكلة الأسرية بالتحديد؟ ← ورثة أو تركة أو وصية أو قاصر → Q409: وش مشكلتك في الورثة أو التركة؟ ← أبي أعرف من يرث وكم نصيبه أو عندي مانع إرث → Q411: وش سؤالك في الميراث والأنصبة؟ ← أبي أعرف نصيب الأب أو الأم أو البنات","تريد معرفة فروض الأب أو الأم أو البنات ونحوهم.","أدخل جميع الورثة أولًا؛ ثم طبّق مواد أصحاب الفروض بحسب التركيبة الكاملة للأسرة، ولا تحسب نصيب شخص بمعزل عن بقية الورثة.","وزارة العدل — محكمة الأحوال الشخصية/ناجز بحسب نوع الإجراء.","محكمة الأحوال الشخصية","تحديد أصحاب الفروض الأساسية | حساب فروض الورثة بعد حصرهم والتحقق من الحجب والموانع","حصر الورثة وصلة كل وارث بالمورث.","حصر الورثة وشهادة الوفاة ووثائق القرابة والزواج اللازمة.","لا مدة رقمية للحساب.","قضايا الأحوال الشخصية مستثناة من التكاليف القضائية.","غير منطبق ظاهرًا","طبّق الحكم على جميع الورثة والحقوق المتعلقة بالتركة قبل القسمة؛ وعند وجود نزاع استخدم المسار القضائي المناسب.","نظام الأحوال الشخصية - التركة والإرث","","المواد 199 و204 و207-220 تحدد شروط الإرث وأنواعه وأصحاب الفروض ونسب الزوجين والأبوين والبنات والإخوة بحسب شروط كل حالة.","هيئة الخبراء بمجلس الوزراء — نظام الأحوال الشخصية - التركة والإرث","https://laws.boe.gov.sa/BoeLaws/Laws/LawDetails/4d72d829-947b-45d5-b9b5-ae5800d6bac2/1","2026-09-22","ثابتة نظاميًا نسبيًا","VERIFIED","تدقيق تفصيلي ومصدر نظامي أولي فُتح وتحقق من بقائه متاحًا في هذه المرحلة.","HIGH","النتيجة تمس الاختصاص أو طريق الاعتراض/التنفيذ أو مدة/رسومًا مؤثرة.","نعم","هل استثناء الأحوال الشخصية من التكاليف يشمل هذا الطلب التنفيذي تحديدًا، وما الاستثناءات؟","NEEDS REVIEW",""
"R-FAM-INHERITANCE-DHAWI-ARHAM","الأحوال الشخصية والتركات","Q001: وش صار معك؟ ← أحوال شخصية → Q060: وش المشكلة الأسرية اللي عندك؟ ← ما أعرف التصنيف، أبي أحدد المشكلة خطوة بخطوة → Q400: وش المشكلة الأسرية بالتحديد؟ ← ورثة أو تركة أو وصية أو قاصر → Q409: وش مشكلتك في الورثة أو التركة؟ ← أبي أعرف من يرث وكم نصيبه أو عندي مانع إرث → Q411: وش سؤالك في الميراث والأنصبة؟ ← عندي سؤال في الحجب أو العصبات أو ذوي الأرحام → Q423: وش سؤالك في الحجب والتعصيب وذوي الأرحام؟ ← ما فيه أصحاب فرض أو عصبة وأبي أعرف ذوي الأرحام","تسأل عن إرث ذوي الأرحام.","يرث ذوو الأرحام في الحالات المحددة نظامًا، ومنها عدم وجود وارث بفرض أو تعصيب، أو وجود أحد الزوجين دون وارث آخر بفرض أو تعصيب؛ ويكون توريثهم وفق قواعد التنزيل النظامية.","وزارة العدل — محكمة الأحوال الشخصية/ناجز بحسب نوع الإجراء.","محكمة الأحوال الشخصية","وجود أقارب من ذوي الأرحام | تحديد استحقاق ذوي الأرحام وترتيبهم","المستندات والوقائع المؤيدة بحسب الحالة.","حصر الورثة ووثائق القرابة والزواج والوفاة.","لا مدة رقمية.","قضايا الأحوال الشخصية مستثناة من التكاليف القضائية.","غير منطبق ظاهرًا","تفصل المحكمة في النزاع عند الحاجة، أما التوثيق فيستخدم فقط إذا كانت الخدمة وشروطها تنطبق.","نظام الأحوال الشخصية - الإرث","","المواد 232-237: تعريف ذوي الأرحام وجهاتهم، حالات إرثهم، التنزيل، الأقرب عند اتحاد الجهة، وحكم عدم وجود وارث.","هيئة الخبراء بمجلس الوزراء — نظام الأحوال الشخصية - الإرث","https://laws.boe.gov.sa/BoeLaws/Laws/LawDetails/4d72d829-947b-45d5-b9b5-ae5800d6bac2/1","2026-09-22","ثابتة نظاميًا نسبيًا","VERIFIED","تدقيق تفصيلي ومصدر نظامي أولي فُتح وتحقق من بقائه متاحًا في هذه المرحلة.","HIGH","النتيجة تمس الاختصاص أو طريق الاعتراض/التنفيذ أو مدة/رسومًا مؤثرة.","نعم","هل استثناء الأحوال الشخصية من التكاليف يشمل هذا الطلب التنفيذي تحديدًا، وما الاستثناءات؟","NEEDS REVIEW",""
"R-FAM-INHERITANCE-DIVORCED-SPOUSE","الأحوال الشخصية والتركات","Q001: وش صار معك؟ ← أحوال شخصية → Q060: وش المشكلة الأسرية اللي عندك؟ ← ما أعرف التصنيف، أبي أحدد المشكلة خطوة بخطوة → Q400: وش المشكلة الأسرية بالتحديد؟ ← ورثة أو تركة أو وصية أو قاصر → Q409: وش مشكلتك في الورثة أو التركة؟ ← أبي أعرف من يرث وكم نصيبه أو عندي مانع إرث → Q411: وش سؤالك في الميراث والأنصبة؟ ← المتوفى طلق زوجته قبل وفاته وأبي أعرف هل ترث","المورث طلق زوجه قبل الوفاة وتريد معرفة أثر الطلاق على الإرث.","حدد هل الطلاق رجعي وهل الوفاة وقعت أثناء العدة، وهل وقع الطلاق في مرض الموت دون طلب المرأة.","وزارة العدل — محكمة الأحوال الشخصية/ناجز بحسب نوع الإجراء.","محكمة الأحوال الشخصية","وفاة أحد الزوجين بعد فرقة/طلاق | تحديد استحقاق الإرث بين الزوجين بعد الفرقة","وثيقة الزواج والطلاق وتاريخ الطلاق والوفاة والعدة والوقائع المتعلقة بمرض الموت عند انطباقها.","وثيقة الزواج والطلاق وشهادة الوفاة وما يثبت العدة/مرض الموت والزواج اللاحق إن وجد.","لا مدة دعوى رقمية في المادة 201؛ الاستحقاق مرتبط بحالة الزوجة وقت الوفاة.","قضايا الأحوال الشخصية مستثناة من التكاليف القضائية.","غير منطبق ظاهرًا","طبّق الحكم على جميع الورثة والحقوق المتعلقة بالتركة قبل القسمة؛ وعند وجود نزاع استخدم المسار القضائي المناسب.","نظام الأحوال الشخصية - التركة والإرث","","المادة 201: الفرقة تمنع التوارث إلا الطلاق الرجعي ما دامت المرأة في العدة، أو طلاق مرض الموت دون طلبها ما لم تتزوج قبل وفاته.","هيئة الخبراء بمجلس الوزراء — نظام الأحوال الشخصية - التركة والإرث","https://laws.boe.gov.sa/BoeLaws/Laws/LawDetails/4d72d829-947b-45d5-b9b5-ae5800d6bac2/1","2026-09-22","ثابتة نظاميًا نسبيًا","VERIFIED","تدقيق تفصيلي ومصدر نظامي أولي فُتح وتحقق من بقائه متاحًا في هذه المرحلة.","HIGH","النتيجة تمس الاختصاص أو طريق الاعتراض/التنفيذ أو مدة/رسومًا مؤثرة.","نعم","هل استثناء الأحوال الشخصية من التكاليف يشمل هذا الطلب التنفيذي تحديدًا، وما الاستثناءات؟","NEEDS REVIEW",""
"R-FAM-INHERITANCE-ELIGIBILITY","الأحوال الشخصية والتركات","Q001: وش صار معك؟ ← أحوال شخصية → Q060: وش المشكلة الأسرية اللي عندك؟ ← ما أعرف التصنيف، أبي أحدد المشكلة خطوة بخطوة → Q400: وش المشكلة الأسرية بالتحديد؟ ← ورثة أو تركة أو وصية أو قاصر → Q409: وش مشكلتك في الورثة أو التركة؟ ← أبي أعرف من يرث وكم نصيبه أو عندي مانع إرث → Q411: وش سؤالك في الميراث والأنصبة؟ ← أبي أعرف هل الشخص يعتبر وارثًا أصلًا","تريد التحقق هل شخص معين يستحق الإرث أصلًا.","تحقق أولًا من وفاة المورث، وحياة الوارث بعده حقيقة أو تقديرًا، ووجود سبب الإرث وانتفاء الموانع؛ ثم أدخل جميع الورثة في حصر الورثة.","وزارة العدل — محكمة الأحوال الشخصية/ناجز بحسب نوع الإجراء.","محكمة الأحوال الشخصية","شروط استحقاق الإرث | تحديد أهلية الإرث","بيانات المورث والوارث وصلة القرابة وأي واقعة قد تؤثر في الاستحقاق.","وثيقة الوفاة/حصر الورثة وما يثبت الصفة بحسب الحالة.","لا مهلة موحدة لاستحقاق الإرث في هذه النتيجة.","لا مبلغ موحد مثبت لهذه النتيجة.","غير منطبق ظاهرًا","طبّق الحكم على جميع الورثة والحقوق المتعلقة بالتركة قبل القسمة؛ وعند وجود نزاع استخدم المسار القضائي المناسب.","نظام الأحوال الشخصية","","المادة 199 من نظام الأحوال الشخصية","هيئة الخبراء بمجلس الوزراء — نظام الأحوال الشخصية","https://laws.boe.gov.sa/BoeLaws/Laws/LawDetails/4d72d829-947b-45d5-b9b5-ae5800d6bac2/1","2026-09-22","ثابتة نظاميًا نسبيًا","VERIFIED","تدقيق تفصيلي ومصدر نظامي أولي فُتح وتحقق من بقائه متاحًا في هذه المرحلة.","HIGH","النتيجة تمس الاختصاص أو طريق الاعتراض/التنفيذ أو مدة/رسومًا مؤثرة.","نعم","هل استثناء الأحوال الشخصية من التكاليف يشمل هذا الطلب التنفيذي تحديدًا، وما الاستثناءات؟","NEEDS REVIEW",""
"R-FAM-INHERITANCE-HAJB","الأحوال الشخصية والتركات","Q001: وش صار معك؟ ← أحوال شخصية → Q060: وش المشكلة الأسرية اللي عندك؟ ← ما أعرف التصنيف، أبي أحدد المشكلة خطوة بخطوة → Q400: وش المشكلة الأسرية بالتحديد؟ ← ورثة أو تركة أو وصية أو قاصر → Q409: وش مشكلتك في الورثة أو التركة؟ ← أبي أعرف من يرث وكم نصيبه أو عندي مانع إرث → Q411: وش سؤالك في الميراث والأنصبة؟ ← عندي سؤال في الحجب أو العصبات أو ذوي الأرحام → Q423: وش سؤالك في الحجب والتعصيب وذوي الأرحام؟ ← أبي أعرف معنى الحجب ومن يحجب من","تريد معرفة الحجب في الميراث.","الحجب هو حرمان من قام به سبب الإرث من الميراث كله أو بعضه. تحديد من يحجب من يعتمد على الورثة الموجودين؛ استخدم حساب المواريث للحساب الإرشادي، وإذا كان النزاع على صفة وارث أو نسبه فالمسار قضائي.","وزارة العدل — محكمة الأحوال الشخصية/ناجز بحسب نوع الإجراء.","محكمة الأحوال الشخصية","تريد معرفة هل وارث محجوب بوارث أقرب | حساب/نزاع في الحجب والإرث","المستندات والوقائع المؤيدة بحسب الحالة.","حصر الورثة ووثائق القرابة/النسب عند النزاع.","لا مدة رقمية عامة.","الدعاوى والطلبات التي تختص بها محاكم الأحوال الشخصية مستثناة من نظام التكاليف القضائية، عدا طلب النقض والتماس إعادة النظر.","تفصل المحكمة في النزاع عند الحاجة، أما التوثيق فيستخدم فقط إذا كانت الخدمة وشروطها تنطبق.","تفصل المحكمة في النزاع عند الحاجة، أما التوثيق فيستخدم فقط إذا كانت الخدمة وشروطها تنطبق.","نظام الأحوال الشخصية - الإرث","","باب الإرث يحدد الفروض والتعصيب والحجب؛ المواد 227-229 تبين أثر العصبة والباقي والسقوط عند استغراق الفروض.","هيئة الخبراء بمجلس الوزراء — نظام الأحوال الشخصية - الإرث","https://laws.boe.gov.sa/BoeLaws/Laws/LawDetails/4d72d829-947b-45d5-b9b5-ae5800d6bac2/1","2026-09-22","ثابتة نظاميًا نسبيًا","VERIFIED","تدقيق تفصيلي ومصدر نظامي أولي فُتح وتحقق من بقائه متاحًا في هذه المرحلة.","HIGH","النتيجة تمس الاختصاص أو طريق الاعتراض/التنفيذ أو مدة/رسومًا مؤثرة.","نعم","هل استثناء الأحوال الشخصية من التكاليف يشمل هذا الطلب التنفيذي تحديدًا، وما الاستثناءات؟","NEEDS REVIEW",""
"R-FAM-INHERITANCE-KILLING","الأحوال الشخصية والتركات","Q001: وش صار معك؟ ← أحوال شخصية → Q060: وش المشكلة الأسرية اللي عندك؟ ← ما أعرف التصنيف، أبي أحدد المشكلة خطوة بخطوة → Q400: وش المشكلة الأسرية بالتحديد؟ ← ورثة أو تركة أو وصية أو قاصر → Q409: وش مشكلتك في الورثة أو التركة؟ ← أبي أعرف من يرث وكم نصيبه أو عندي مانع إرث → Q411: وش سؤالك في الميراث والأنصبة؟ ← الوارث تسبب في وفاة المورث أو قتله","يوجد ادعاء بأن وارثًا قتل المورث أو تسبب في قتله.","لا توزع نصيب هذا الشخص قبل تحديد وصف واقعة القتل وحكمها؛ فالأثر يختلف بين العمد/شبه العمد والخطأ.","وزارة العدل — محكمة الأحوال الشخصية/ناجز بحسب نوع الإجراء.","محكمة الأحوال الشخصية","أثر قتل المورث على الإرث | مانع من موانع الإرث","الحكم أو المستندات المثبتة لوصف واقعة الوفاة والقتل.","الحكم أو المستند المثبت لوصف القتل عند النزاع.","لا مهلة موحدة لهذه القاعدة.","لا مبلغ موحد مثبت لهذه النتيجة.","غير منطبق ظاهرًا","طبّق الحكم على جميع الورثة والحقوق المتعلقة بالتركة قبل القسمة؛ وعند وجود نزاع استخدم المسار القضائي المناسب.","نظام الأحوال الشخصية","","المادة 200 من نظام الأحوال الشخصية","هيئة الخبراء بمجلس الوزراء — نظام الأحوال الشخصية","https://laws.boe.gov.sa/BoeLaws/Laws/LawDetails/4d72d829-947b-45d5-b9b5-ae5800d6bac2/1","2026-09-22","ثابتة نظاميًا نسبيًا","VERIFIED","تدقيق تفصيلي ومصدر نظامي أولي فُتح وتحقق من بقائه متاحًا في هذه المرحلة.","HIGH","النتيجة تمس الاختصاص أو طريق الاعتراض/التنفيذ أو مدة/رسومًا مؤثرة.","نعم","هل استثناء الأحوال الشخصية من التكاليف يشمل هذا الطلب التنفيذي تحديدًا، وما الاستثناءات؟","NEEDS REVIEW",""
"R-FAM-INHERITANCE-MISSING-PERSON","الأحوال الشخصية والتركات","Q001: وش صار معك؟ ← أحوال شخصية → Q060: وش المشكلة الأسرية اللي عندك؟ ← ما أعرف التصنيف، أبي أحدد المشكلة خطوة بخطوة → Q400: وش المشكلة الأسرية بالتحديد؟ ← ورثة أو تركة أو وصية أو قاصر → Q409: وش مشكلتك في الورثة أو التركة؟ ← أبي أعرف من يرث وكم نصيبه أو عندي مانع إرث → Q411: وش سؤالك في الميراث والأنصبة؟ ← عندي حمل أو مفقود أو إقرار بوارث أو تخارج أو حالة خاصة → Q424: هل عندك حالة خاصة في الميراث أو التخارج؟ ← من الورثة شخص مفقود أو حُكم بموته ثم ظهر","بين الورثة مفقود، أو سبق الحكم بموته ثم ظهر حيًا.","أوقف القسمة النهائية التي تمس نصيب المفقود حتى يطبق الحكم الخاص به؛ وإذا كان قد حكم بموته ثم ظهر حيًا فتطبق أحكام النظام الخاصة بعودة المفقود.","وزارة العدل — محكمة الأحوال الشخصية/ناجز بحسب نوع الإجراء.","محكمة الأحوال الشخصية","أحد الورثة مفقود ولا تعرف حياته أو وفاته | حفظ نصيب المفقود ثم التسوية عند ظهور حياته أو الحكم بموته","حكم الفقد/الوفاة إن وجد، وثائق الوفاة، حصر الورثة والتركة.","حصر الورثة، ما يثبت الفقد، وبيانات التركة.","يتبع حكم الفقد ومدده النظامية؛ لا نخترع مدة إرث مستقلة.","الدعاوى والطلبات التي تختص بها محاكم الأحوال الشخصية مستثناة من نظام التكاليف القضائية، عدا طلب النقض والتماس إعادة النظر.","يحدد نصيبه ويحفظ أو تعالج آثار ظهوره وفق الحكم النظامي والقضائي عند الحاجة.","يحدد نصيبه ويحفظ أو تعالج آثار ظهوره وفق الحكم النظامي والقضائي عند الحاجة.","نظام الأحوال الشخصية - الإرث","","المادة 238 تحفظ للمفقود نصيبه على تقدير حياته؛ فإن ظهر أخذه، وإن حكم بموته قبل مورثه رد لمن يستحق وقت الحكم.","هيئة الخبراء بمجلس الوزراء — نظام الأحوال الشخصية - الإرث","https://laws.boe.gov.sa/BoeLaws/Laws/LawDetails/4d72d829-947b-45d5-b9b5-ae5800d6bac2/1","2026-09-22","ثابتة نظاميًا نسبيًا","VERIFIED","تدقيق تفصيلي ومصدر نظامي أولي فُتح وتحقق من بقائه متاحًا في هذه المرحلة.","HIGH","النتيجة تمس الاختصاص أو طريق الاعتراض/التنفيذ أو مدة/رسومًا مؤثرة.","نعم","هل استثناء الأحوال الشخصية من التكاليف يشمل هذا الطلب التنفيذي تحديدًا، وما الاستثناءات؟","NEEDS REVIEW",""
"R-FAM-INHERITANCE-NO-FATHER-LINEAGE","الأحوال الشخصية والتركات","Q001: وش صار معك؟ ← أحوال شخصية → Q060: وش المشكلة الأسرية اللي عندك؟ ← ما أعرف التصنيف، أبي أحدد المشكلة خطوة بخطوة → Q400: وش المشكلة الأسرية بالتحديد؟ ← ورثة أو تركة أو وصية أو قاصر → Q409: وش مشكلتك في الورثة أو التركة؟ ← أبي أعرف من يرث وكم نصيبه أو عندي مانع إرث → Q411: وش سؤالك في الميراث والأنصبة؟ ← عندي حمل أو مفقود أو إقرار بوارث أو تخارج أو حالة خاصة → Q424: هل عندك حالة خاصة في الميراث أو التخارج؟ ← الوارث غير منسوب لأبيه أو منفي النسب","المعني غير منسوب لأبيه وعُلمت أمه، أو هو منفي النسب.","احسب صلته الإرثية من جهة الأم وقرابتها وفق المادة 242، ولا تنشئ له جهة أب غير ثابتة.","وزارة العدل — محكمة الأحوال الشخصية/ناجز بحسب نوع الإجراء.","محكمة الأحوال الشخصية","شخص لم ينسب لأبيه أو منفي النسب ويراد تحديد جهة إرثه | حساب إرث من لم ينسب لأبيه/منفي النسب","ما يثبت الأمومة والحالة النظامية للنسب وحصر الورثة.","وثائق النسب/الأم وحصر الورثة.","لا مدة رقمية.","الدعاوى والطلبات التي تختص بها محاكم الأحوال الشخصية مستثناة من نظام التكاليف القضائية، عدا طلب النقض والتماس إعادة النظر.","تحدد الأنصبة بعد إدخاله ضمن جهة الإرث الصحيحة ومراعاة بقية الورثة.","تحدد الأنصبة بعد إدخاله ضمن جهة الإرث الصحيحة ومراعاة بقية الورثة.","نظام الأحوال الشخصية - الإرث","","المادة 242: يرث من لم ينسب لأبيه وعلمت أمه ومنفي النسب من أمه وقرابتها، وترثه أمه وقرابتها.","هيئة الخبراء بمجلس الوزراء — نظام الأحوال الشخصية - الإرث","https://laws.boe.gov.sa/BoeLaws/Laws/LawDetails/4d72d829-947b-45d5-b9b5-ae5800d6bac2/1","2026-09-22","ثابتة نظاميًا نسبيًا","VERIFIED","تدقيق تفصيلي ومصدر نظامي أولي فُتح وتحقق من بقائه متاحًا في هذه المرحلة.","HIGH","النتيجة تمس الاختصاص أو طريق الاعتراض/التنفيذ أو مدة/رسومًا مؤثرة.","نعم","هل استثناء الأحوال الشخصية من التكاليف يشمل هذا الطلب التنفيذي تحديدًا، وما الاستثناءات؟","NEEDS REVIEW",""
"R-FAM-INHERITANCE-NO-HEIR","الأحوال الشخصية والتركات","Q001: وش صار معك؟ ← أحوال شخصية → Q060: وش المشكلة الأسرية اللي عندك؟ ← ما أعرف التصنيف، أبي أحدد المشكلة خطوة بخطوة → Q400: وش المشكلة الأسرية بالتحديد؟ ← ورثة أو تركة أو وصية أو قاصر → Q409: وش مشكلتك في الورثة أو التركة؟ ← أبي أعرف من يرث وكم نصيبه أو عندي مانع إرث → Q411: وش سؤالك في الميراث والأنصبة؟ ← عندي حمل أو مفقود أو إقرار بوارث أو تخارج أو حالة خاصة → Q424: هل عندك حالة خاصة في الميراث أو التخارج؟ ← لا يوجد أي وارث بفرض أو تعصيب أو رحم","لا يوجد وارث بفرض ولا تعصيب ولا رحم.","لا تفترض انتقال المال لشخص لمجرد القرابة البعيدة؛ طبّق حكم النظام بعد التحقق من عدم وجود أي وارث مستحق.","وزارة العدل — محكمة الأحوال الشخصية/ناجز بحسب نوع الإجراء.","محكمة الأحوال الشخصية","لا يوجد وارث بفرض أو تعصيب أو رحم بعد التحقق | تحديد مصير التركة بلا وارث","حصر الورثة والتركة وما يثبت عدم وجود وارث مستحق.","الوفاة، حصر الورثة، بيانات القرابة والوصايا والديون.","لا مدة رقمية.","الدعاوى والطلبات التي تختص بها محاكم الأحوال الشخصية مستثناة من نظام التكاليف القضائية، عدا طلب النقض والتماس إعادة النظر.","تتعامل الجهة المختصة مع التركة وفق الحكم النظامي، وأي نزاع يرفع قضائيًا.","تتعامل الجهة المختصة مع التركة وفق الحكم النظامي، وأي نزاع يرفع قضائيًا.","نظام الأحوال الشخصية - الإرث","","المادة 237: إذا لم يوجد وارث بفرض ولا تعصيب ولا رحم تأخذ التركة أو الباقي حكم الأموال التي جهل مالكها.","هيئة الخبراء بمجلس الوزراء — نظام الأحوال الشخصية - الإرث","https://laws.boe.gov.sa/BoeLaws/Laws/LawDetails/4d72d829-947b-45d5-b9b5-ae5800d6bac2/1","2026-09-22","ثابتة نظاميًا نسبيًا","VERIFIED","تدقيق تفصيلي ومصدر نظامي أولي فُتح وتحقق من بقائه متاحًا في هذه المرحلة.","HIGH","النتيجة تمس الاختصاص أو طريق الاعتراض/التنفيذ أو مدة/رسومًا مؤثرة.","نعم","هل استثناء الأحوال الشخصية من التكاليف يشمل هذا الطلب التنفيذي تحديدًا، وما الاستثناءات؟","NEEDS REVIEW",""
"R-FAM-INHERITANCE-PREGNANCY","الأحوال الشخصية والتركات","Q001: وش صار معك؟ ← أحوال شخصية → Q060: وش المشكلة الأسرية اللي عندك؟ ← ما أعرف التصنيف، أبي أحدد المشكلة خطوة بخطوة → Q400: وش المشكلة الأسرية بالتحديد؟ ← ورثة أو تركة أو وصية أو قاصر → Q409: وش مشكلتك في الورثة أو التركة؟ ← أبي أعرف من يرث وكم نصيبه أو عندي مانع إرث → Q411: وش سؤالك في الميراث والأنصبة؟ ← عندي حمل أو مفقود أو إقرار بوارث أو تخارج أو حالة خاصة → Q424: هل عندك حالة خاصة في الميراث أو التخارج؟ ← يوجد حمل وقت وفاة المورث","يوجد حمل يمكن أن يؤثر في أنصبة الورثة وقت وفاة المورث.","لا توزع كامل التركة نهائيًا قبل مراعاة نصيب الحمل؛ يحفظ له أوفر النصيبين وفق عدد الأجنة بتقرير طبي معتمد، ويعطى باقي الورثة أقل النصيبين إلى أن تتضح الولادة.","وزارة العدل — محكمة الأحوال الشخصية/ناجز بحسب نوع الإجراء.","محكمة الأحوال الشخصية","وجود حمل ضمن ورثة المتوفى | حفظ نصيب الحمل قبل القسمة النهائية","تقرير طبي معتمد يحدد عدد الأجنة، حصر الورثة والتركة.","التقرير الطبي المعتمد، شهادة الوفاة، حصر الورثة وبيانات التركة.","يستمر الحفظ حتى الوضع واتضاح الحياة والجنس والعدد؛ لا يحدد النص عدد أيام.","قضايا الأحوال الشخصية مستثناة من التكاليف القضائية.","غير منطبق ظاهرًا","بعد الولادة وتبين الحالة يعاد احتساب الأنصبة وتوزيع الباقي وفق النظام.","نظام الأحوال الشخصية - الإرث","","المادة 240: يحفظ للحمل أوفر النصيبين لذكر أو أنثى أو أكثر بناء على تقرير طبي معتمد يحدد عدد الأجنة، ويعطى باقي الورثة أقل النصيبين ثم يعاد التوزيع بعد الوضع بحسب الحالة.","هيئة الخبراء بمجلس الوزراء — نظام الأحوال الشخصية - الإرث","https://laws.boe.gov.sa/BoeLaws/Laws/LawDetails/4d72d829-947b-45d5-b9b5-ae5800d6bac2/1","2026-09-22","ثابتة نظاميًا نسبيًا","VERIFIED","تدقيق تفصيلي ومصدر نظامي أولي فُتح وتحقق من بقائه متاحًا في هذه المرحلة.","HIGH","النتيجة تمس الاختصاص أو طريق الاعتراض/التنفيذ أو مدة/رسومًا مؤثرة.","نعم","هل استثناء الأحوال الشخصية من التكاليف يشمل هذا الطلب التنفيذي تحديدًا، وما الاستثناءات؟","NEEDS REVIEW",""
"R-FAM-INHERITANCE-RELIGION","الأحوال الشخصية والتركات","Q001: وش صار معك؟ ← أحوال شخصية → Q060: وش المشكلة الأسرية اللي عندك؟ ← ما أعرف التصنيف، أبي أحدد المشكلة خطوة بخطوة → Q400: وش المشكلة الأسرية بالتحديد؟ ← ورثة أو تركة أو وصية أو قاصر → Q409: وش مشكلتك في الورثة أو التركة؟ ← أبي أعرف من يرث وكم نصيبه أو عندي مانع إرث → Q411: وش سؤالك في الميراث والأنصبة؟ ← الوارث والمورث مختلفان في الدين","يوجد اختلاف دين بين المورث ومن يطالب بالإرث.","تحقق من وصف الحالة قبل احتساب هذا الشخص ضمن الورثة.","وزارة العدل — محكمة الأحوال الشخصية/ناجز بحسب نوع الإجراء.","محكمة الأحوال الشخصية","اختلاف الدين والإرث | مانع من موانع الإرث","بيانات المورث وطالب الإرث وما يثبت الحالة عند النزاع.","ما يثبت الصفة عند النزاع بحسب المحكمة.","لا مهلة موحدة لهذه القاعدة.","لا مبلغ موحد مثبت لهذه النتيجة.","غير منطبق ظاهرًا","طبّق الحكم على جميع الورثة والحقوق المتعلقة بالتركة قبل القسمة؛ وعند وجود نزاع استخدم المسار القضائي المناسب.","نظام الأحوال الشخصية","","المادة 202 من نظام الأحوال الشخصية","هيئة الخبراء بمجلس الوزراء — نظام الأحوال الشخصية","https://laws.boe.gov.sa/BoeLaws/Laws/LawDetails/4d72d829-947b-45d5-b9b5-ae5800d6bac2/1","2026-09-22","ثابتة نظاميًا نسبيًا","VERIFIED","تدقيق تفصيلي ومصدر نظامي أولي فُتح وتحقق من بقائه متاحًا في هذه المرحلة.","HIGH","النتيجة تمس الاختصاص أو طريق الاعتراض/التنفيذ أو مدة/رسومًا مؤثرة.","نعم","هل استثناء الأحوال الشخصية من التكاليف يشمل هذا الطلب التنفيذي تحديدًا، وما الاستثناءات؟","NEEDS REVIEW",""
"R-FAM-INHERITANCE-RENUNCIATION","الأحوال الشخصية والتركات","Q001: وش صار معك؟ ← أحوال شخصية → Q060: وش المشكلة الأسرية اللي عندك؟ ← وفاة / ورثة / وصية → Q078: وش المطلوب بخصوص الورثة أو الوصية؟ ← وفاة / ورثة / حصر ورثة → Q223: وش تحتاج في التركة؟ ← أريد التنازل عن حصتي الإرثية","تريد التنازل عن حصتك الإرثية.","استخدم خدمة «الإقرار بالتنازل عن حصة إرثية» في ناجز إذا انطبقت شروطها.","وزارة العدل — محكمة الأحوال الشخصية/ناجز بحسب نوع الإجراء.","محكمة الأحوال الشخصية","الإقرار بالتنازل عن حصة إرثية | ناجز | إقرار إلكتروني","لا تعرض صفحة الخدمة مستندات مطلوبة. تُدخل بيانات أطراف الإقرار وتفاصيله داخل النموذج، مع شروط منها: أن يكون عمر جميع المقرين أكبر من 18 سنة، وألا يكون أحد المقرين قاصرًا عقلاً، وألا يكون أحد الأطراف متوفى، وألا يكون ممنوعًا كليًا أو جزئيًا من التصرف بالأموال، وأن تكون الوكالة سارية إذا كان مقدم الطلب وكيلاً.","بحسب صفحة وزارة العدل: لا توجد مستندات مطلوبة.","لا توجد مهلة سقوط مثبتة؛ الطلب يُلغى إلكترونيًا بعد 48 ساعة إذا لم تتم المصادقة.","رسوم الخدمة: لا يوجد.","غير منطبق ظاهرًا","تعاين الإقرار ثم تعتمد تقديم الطلب. وإذا لم تتم المصادقة يُلغى الطلب إلكترونيًا بعد 48 ساعة بحسب صفحة الخدمة.","","","","وزارة العدل — الإقرار بالتنازل عن حصة إرثية","https://www.moj.gov.sa/ar/eServices/Pages/f67eca8c-bdfc-419e-8815-8b28a1c1d464.aspx","2026-09-20","قابلة للتغير","PARTIALLY VERIFIED","يوجد تدقيق تفصيلي ورابط لنص نظامي رسمي، لكن هذا النص بعينه لم يُعد فتحه ومطابقة جميع ادعاءات النتيجة في هذه المرحلة.","HIGH","النتيجة تمس الاختصاص أو طريق الاعتراض/التنفيذ أو مدة/رسومًا مؤثرة.","نعم","هل استثناء الأحوال الشخصية من التكاليف يشمل هذا الطلب التنفيذي تحديدًا، وما الاستثناءات؟","NEEDS REVIEW",""
"R-FAM-INHERITANCE-SIMULTANEOUS-DEATH","الأحوال الشخصية والتركات","Q001: وش صار معك؟ ← أحوال شخصية → Q060: وش المشكلة الأسرية اللي عندك؟ ← ما أعرف التصنيف، أبي أحدد المشكلة خطوة بخطوة → Q400: وش المشكلة الأسرية بالتحديد؟ ← ورثة أو تركة أو وصية أو قاصر → Q409: وش مشكلتك في الورثة أو التركة؟ ← أبي أعرف من يرث وكم نصيبه أو عندي مانع إرث → Q411: وش سؤالك في الميراث والأنصبة؟ ← ماتوا في حادث واحد وما نعرف من توفي أول","توفي شخصان أو أكثر في واقعة واحدة ولا يُعلم من سبق الآخر وفاة.","لا تفترض أن أحدهما ورث الآخر؛ أثبت واقعة الوفاة وطبّق حكم المادة على التركات كلٌ بحسب ورثته.","وزارة العدل — محكمة الأحوال الشخصية/ناجز بحسب نوع الإجراء.","محكمة الأحوال الشخصية","الوفاة المتزامنة أو جهل السابق | تحديد استحقاق الإرث","وثائق الوفاة وحصر الورثة لكل متوفى وما يثبت عدم معرفة السابق وفاة عند النزاع.","وثائق الوفاة وما يثبت الواقعة عند النزاع.","لا مهلة موحدة لهذه القاعدة.","لا مبلغ موحد مثبت لهذه النتيجة.","غير منطبق ظاهرًا","طبّق الحكم على جميع الورثة والحقوق المتعلقة بالتركة قبل القسمة؛ وعند وجود نزاع استخدم المسار القضائي المناسب.","نظام الأحوال الشخصية","","المادة 203 من نظام الأحوال الشخصية","هيئة الخبراء بمجلس الوزراء — نظام الأحوال الشخصية","https://laws.boe.gov.sa/BoeLaws/Laws/LawDetails/4d72d829-947b-45d5-b9b5-ae5800d6bac2/1","2026-09-22","ثابتة نظاميًا نسبيًا","VERIFIED","تدقيق تفصيلي ومصدر نظامي أولي فُتح وتحقق من بقائه متاحًا في هذه المرحلة.","HIGH","النتيجة تمس الاختصاص أو طريق الاعتراض/التنفيذ أو مدة/رسومًا مؤثرة.","نعم","هل استثناء الأحوال الشخصية من التكاليف يشمل هذا الطلب التنفيذي تحديدًا، وما الاستثناءات؟","NEEDS REVIEW",""
"R-FAM-INHERITANCE-SPOUSE-SHARE","الأحوال الشخصية والتركات","Q001: وش صار معك؟ ← أحوال شخصية → Q060: وش المشكلة الأسرية اللي عندك؟ ← ما أعرف التصنيف، أبي أحدد المشكلة خطوة بخطوة → Q400: وش المشكلة الأسرية بالتحديد؟ ← ورثة أو تركة أو وصية أو قاصر → Q409: وش مشكلتك في الورثة أو التركة؟ ← أبي أعرف من يرث وكم نصيبه أو عندي مانع إرث → Q411: وش سؤالك في الميراث والأنصبة؟ ← أبي أعرف نصيب الزوج أو الزوجة","تريد معرفة فرض الزوج أو الزوجة.","بعد حصر جميع الورثة، طبّق فرض الزوج أو الزوجة بحسب وجود الفرع الوارث.","وزارة العدل — محكمة الأحوال الشخصية/ناجز بحسب نوع الإجراء.","محكمة الأحوال الشخصية","حساب فرض الزوج أو الزوجة | تحديد نصيب الزوج/الزوجة بعد حصر الورثة","حصر الورثة كاملًا وتحديد وجود فرع وارث.","حصر الورثة، وثيقة الزواج، وشهادة الوفاة/ما يقوم مقامها.","لا مدة رقمية لحساب الفرض.","قضايا الأحوال الشخصية مستثناة من التكاليف القضائية.","غير منطبق ظاهرًا","طبّق الحكم على جميع الورثة والحقوق المتعلقة بالتركة قبل القسمة؛ وعند وجود نزاع استخدم المسار القضائي المناسب.","نظام الأحوال الشخصية - التركة والإرث","","المادتان 209-210: الزوج النصف عند عدم الفرع الوارث والربع عند وجوده؛ الزوجة الربع عند عدم الفرع الوارث والثمن عند وجوده، والزوجات يشتركن في فرض الزوجة الواحدة.","هيئة الخبراء بمجلس الوزراء — نظام الأحوال الشخصية - التركة والإرث","https://laws.boe.gov.sa/BoeLaws/Laws/LawDetails/4d72d829-947b-45d5-b9b5-ae5800d6bac2/1","2026-09-22","ثابتة نظاميًا نسبيًا","VERIFIED","تدقيق تفصيلي ومصدر نظامي أولي فُتح وتحقق من بقائه متاحًا في هذه المرحلة.","HIGH","النتيجة تمس الاختصاص أو طريق الاعتراض/التنفيذ أو مدة/رسومًا مؤثرة.","نعم","هل استثناء الأحوال الشخصية من التكاليف يشمل هذا الطلب التنفيذي تحديدًا، وما الاستثناءات؟","NEEDS REVIEW",""
"R-FAM-INHERITANCE-TAKHARUJ","الأحوال الشخصية والتركات","Q001: وش صار معك؟ ← أحوال شخصية → Q060: وش المشكلة الأسرية اللي عندك؟ ← ما أعرف التصنيف، أبي أحدد المشكلة خطوة بخطوة → Q400: وش المشكلة الأسرية بالتحديد؟ ← ورثة أو تركة أو وصية أو قاصر → Q409: وش مشكلتك في الورثة أو التركة؟ ← أبي أعرف من يرث وكم نصيبه أو عندي مانع إرث → Q411: وش سؤالك في الميراث والأنصبة؟ ← عندي حمل أو مفقود أو إقرار بوارث أو تخارج أو حالة خاصة → Q424: هل عندك حالة خاصة في الميراث أو التخارج؟ ← نبي نتخارج: وارث يترك نصيبه مقابل شيء معلوم","يريد وارث أو موصى له ترك نصيبه أو بعضه مقابل شيء معلوم من التركة أو من غيرها.","تعامل معها كتخارج لا كتنازل مجاني؛ يجب تحديد المقابل والنصيب، ويجب توثيق التخارج أمام الجهة المختصة.","وزارة العدل — محكمة الأحوال الشخصية/ناجز بحسب نوع الإجراء.","محكمة الأحوال الشخصية","وارث أو موصى له يريد ترك نصيبه مقابل عوض معلوم | توثيق تخارج في التركة","حصر الورثة والتركة، بيان النصيب محل التخارج، المقابل المعلوم، موافقات الأطراف ذوي العلاقة.","حصر الورثة/التركة، اتفاق التخارج، بيان العوض وصفات الأطراف.","لا مدة ثابتة؛ المحكمة تحدد المدة القريبة بحسب طبيعة المال ومكانه ومقداره عند تطبيق المادة 244.","الدعاوى والطلبات التي تختص بها محاكم الأحوال الشخصية مستثناة من نظام التكاليف القضائية، عدا طلب النقض والتماس إعادة النظر.","بعد التوثيق يعاد ترتيب استحقاقات الأطراف في التركة وفق التخارج الموثق.","بعد التوثيق يعاد ترتيب استحقاقات الأطراف في التركة وفق التخارج الموثق.","نظام الأحوال الشخصية - الإرث","","المواد 243-245 تعرف التخارج، توجب توثيقه، وتنظم جهالة التركة وتوزيع نصيب المتخارج بحسب مصدر العوض.","هيئة الخبراء بمجلس الوزراء — نظام الأحوال الشخصية - الإرث","https://laws.boe.gov.sa/BoeLaws/Laws/LawDetails/4d72d829-947b-45d5-b9b5-ae5800d6bac2/1","2026-09-22","ثابتة نظاميًا نسبيًا","VERIFIED","تدقيق تفصيلي ومصدر نظامي أولي فُتح وتحقق من بقائه متاحًا في هذه المرحلة.","HIGH","النتيجة تمس الاختصاص أو طريق الاعتراض/التنفيذ أو مدة/رسومًا مؤثرة.","نعم","هل استثناء الأحوال الشخصية من التكاليف يشمل هذا الطلب التنفيذي تحديدًا، وما الاستثناءات؟","NEEDS REVIEW",""
"R-FAM-INTERDICTION-IMPOSE","الأحوال الشخصية والتركات","Q001: وش صار معك؟ ← أحوال شخصية → Q060: وش المشكلة الأسرية اللي عندك؟ ← ما أعرف التصنيف، أبي أحدد المشكلة خطوة بخطوة → Q400: وش المشكلة الأسرية بالتحديد؟ ← قاصر / ولاية / وصاية → Q414: وش موضوع القاصر أو الولاية أو الوصاية؟ ← أحتاج حجرًا على سفيه أو من في حكمه لحماية ماله","تريد طلب حجر قضائي لحماية مال شخص بسبب السفه أو حالة تستوجب تقييد التصرف المالي.","ابدأ من صحيفة الدعوى في ناجز وراجع متطلبات تصنيف الحجر/الولاية على المال.","وزارة العدل — محكمة الأحوال الشخصية/ناجز بحسب نوع الإجراء.","محكمة الأحوال الشخصية","طلب الحجر على سفيه أو شخص تستوجب حالته إجراء الولاية النظامي | ناجز | طلب حجر/إقامة ولي بحسب الحالة","بيانات الأطراف والأدلة المؤيدة للسبب بحسب متطلبات التصنيف.","الأدلة المالية/الواقعية، والهوية، والتقرير الطبي إذا طلبته الدائرة بحسب نوع الحالة.","لا مدة رقمية عامة.","قضايا الأحوال الشخصية مستثناة من التكاليف القضائية عند رفع الدعوى.","غير منطبق ظاهرًا","تدقيق الطلب ثم إحالته للدائرة المختصة عند قبوله.","نظام الأحوال الشخصية","","وزارة العدل تثبت اختصاص الأحوال الشخصية بالحجر؛ واللائحة 33/9 تحدد المحكمة المختصة مكانيًا، و33/10 تقرر أن تقرير القاصر عقليًا لا يلزم إرفاقه عند التقديم وعلى الدائرة طلبه قبل إقامة الولي.","وزارة العدل — شرح نظام الأحوال الشخصية","https://laws-gateway.moj.gov.sa/apis/legislations/v1/ExportDocument/pdf?Serial=4DC3ARZ00YqnoqpraZMxCQ","2026-09-22","قابلة للتغير","VERIFIED","تدقيق تفصيلي ومصدر نظامي أولي فُتح وتحقق من بقائه متاحًا في هذه المرحلة.","HIGH","النتيجة تمس الاختصاص أو طريق الاعتراض/التنفيذ أو مدة/رسومًا مؤثرة.","نعم","هل استثناء الأحوال الشخصية من التكاليف يشمل هذا الطلب التنفيذي تحديدًا، وما الاستثناءات؟","NEEDS REVIEW",""
"R-FAM-INTERDICTION-LIFT","الأحوال الشخصية والتركات","Q001: وش صار معك؟ ← أحوال شخصية → Q060: وش المشكلة الأسرية اللي عندك؟ ← ما أعرف التصنيف، أبي أحدد المشكلة خطوة بخطوة → Q400: وش المشكلة الأسرية بالتحديد؟ ← قاصر / ولاية / وصاية → Q414: وش موضوع القاصر أو الولاية أو الوصاية؟ ← أبي رفع الحجر بعد زوال سببه","عندك حجر قائم وتطلب رفعه بعد زوال سببه.","ابدأ من صحيفة الدعوى في ناجز بالتصنيف المناسب.","وزارة العدل — محكمة الأحوال الشخصية/ناجز بحسب نوع الإجراء.","محكمة الأحوال الشخصية","محجور عليه زال سبب الحجر ويراد رفعه | ناجز | طلب رفع الحجر","حكم/وثيقة الحجر وما يؤيد زوال السبب ومتطلبات التصنيف.","حكم/صك الحجر وأدلة زوال السبب والتقارير التي تطلبها المحكمة.","لا مدة رقمية عامة.","قضايا الأحوال الشخصية مستثناة من التكاليف القضائية عند رفع الدعوى.","غير منطبق ظاهرًا","تفصل المحكمة في استمرار الحجر أو رفعه.","نظام الأحوال الشخصية","","وزارة العدل تثبت اختصاص محاكم الأحوال الشخصية برفع الحجر، وشرح النظام الرسمي يقرر أن رفع الحجر يعيد أهلية التصرف وتنتهي به الولاية/الوصاية في الحالة المنطبقة.","وزارة العدل — شرح نظام الأحوال الشخصية","https://laws-gateway.moj.gov.sa/apis/legislations/v1/ExportDocument/pdf?Serial=4DC3ARZ00YqnoqpraZMxCQ","2026-09-22","قابلة للتغير","VERIFIED","تدقيق تفصيلي ومصدر نظامي أولي فُتح وتحقق من بقائه متاحًا في هذه المرحلة.","HIGH","النتيجة تمس الاختصاص أو طريق الاعتراض/التنفيذ أو مدة/رسومًا مؤثرة.","نعم","هل استثناء الأحوال الشخصية من التكاليف يشمل هذا الطلب التنفيذي تحديدًا، وما الاستثناءات؟","NEEDS REVIEW",""
"R-FAM-KHUL-AGREED","الأحوال الشخصية والتركات","Q001: وش صار معك؟ ← أحوال شخصية → Q060: وش المشكلة الأسرية اللي عندك؟ ← ما أعرف التصنيف، أبي أحدد المشكلة خطوة بخطوة → Q400: وش المشكلة الأسرية بالتحديد؟ ← أبي خلع → Q407: وش وضع الخلع عندك؟ ← متفقان على الخلع والعوض","الزوجان متفقان على إنهاء الزواج بالخلع مقابل عوض.","وثّقا الخلع عبر الخدمة المخصصة بعد الاتفاق على العوض المشروع.","وزارة العدل — محكمة الأحوال الشخصية/ناجز بحسب نوع الإجراء.","محكمة الأحوال الشخصية","خلع بالتراضي | توثيق خلع رضائي","بيانات الزوجين والزواج والعوض، وما تطلبه خدمة التوثيق.","بيانات الأطراف والعوض وما تطلبه خدمة التوثيق.","لا مهلة دعوى خاصة لمجرد الخلع الرضائي؛ يجب توثيقه.","لا مبلغ موحد مثبت لهذه النتيجة.","غير منطبق ظاهرًا","اتبع المسار الموضح، وإذا وجد نزاع قضائي فتقدم عبر صحيفة الدعوى بالتصنيف المناسب.","نظام الأحوال الشخصية","","المواد 95-102 من نظام الأحوال الشخصية","هيئة الخبراء بمجلس الوزراء — نظام الأحوال الشخصية","https://laws.boe.gov.sa/BoeLaws/Laws/LawDetails/4d72d829-947b-45d5-b9b5-ae5800d6bac2/1","2026-09-22","ثابتة نظاميًا نسبيًا","VERIFIED","تدقيق تفصيلي ومصدر نظامي أولي فُتح وتحقق من بقائه متاحًا في هذه المرحلة.","HIGH","النتيجة تمس الاختصاص أو طريق الاعتراض/التنفيذ أو مدة/رسومًا مؤثرة.","نعم","هل استثناء الأحوال الشخصية من التكاليف يشمل هذا الطلب التنفيذي تحديدًا، وما الاستثناءات؟","NEEDS REVIEW",""
"R-FAM-KHUL-CHILD-RIGHTS","الأحوال الشخصية والتركات","Q001: وش صار معك؟ ← أحوال شخصية → Q060: وش المشكلة الأسرية اللي عندك؟ ← ما أعرف التصنيف، أبي أحدد المشكلة خطوة بخطوة → Q400: وش المشكلة الأسرية بالتحديد؟ ← أبي خلع → Q407: وش وضع الخلع عندك؟ ← العوض يتضمن إسقاط نفقة أو حضانة الأولاد","طُرح أن يكون مقابل الخلع إسقاط حق من حقوق الأولاد أو حضانتهم.","لا تجعل حقوق الأولاد أو حضانتهم عوضاً للخلع؛ افصل العوض المالي عن حقوق الطفل.","وزارة العدل — محكمة الأحوال الشخصية/ناجز بحسب نوع الإجراء.","محكمة الأحوال الشخصية","حقوق الأولاد لا تكون عوضًا للخلع | تحديد حدود عوض الخلع","تفاصيل اتفاق الخلع والعوض المقترح.","بيانات العوض والتوثيق.","لا مدة خاصة؛ الحكم قيد على صحة العوض.","لا مبلغ موحد مثبت لهذه النتيجة.","غير منطبق ظاهرًا","اتبع المسار الموضح، وإذا وجد نزاع قضائي فتقدم عبر صحيفة الدعوى بالتصنيف المناسب.","نظام الأحوال الشخصية","","المادة 100 من نظام الأحوال الشخصية","هيئة الخبراء بمجلس الوزراء — نظام الأحوال الشخصية","https://laws.boe.gov.sa/BoeLaws/Laws/LawDetails/4d72d829-947b-45d5-b9b5-ae5800d6bac2/1","2026-09-22","ثابتة نظاميًا نسبيًا","VERIFIED","تدقيق تفصيلي ومصدر نظامي أولي فُتح وتحقق من بقائه متاحًا في هذه المرحلة.","HIGH","النتيجة تمس الاختصاص أو طريق الاعتراض/التنفيذ أو مدة/رسومًا مؤثرة.","نعم","هل استثناء الأحوال الشخصية من التكاليف يشمل هذا الطلب التنفيذي تحديدًا، وما الاستثناءات؟","NEEDS REVIEW",""
"R-FAM-KHUL-DEEP","الأحوال الشخصية والتركات","Q001: وش صار معك؟ ← أحوال شخصية → Q060: وش المشكلة الأسرية اللي عندك؟ ← ما أعرف التصنيف، أبي أحدد المشكلة خطوة بخطوة → Q400: وش المشكلة الأسرية بالتحديد؟ ← أبي خلع → Q407: وش وضع الخلع عندك؟ ← عندي نزاع على الخلع أو ما تنطبق الحالات السابقة","تريد إنهاء عقد الزواج بطريق الخلع.","إذا كان الخلع باتفاق الطرفين فاستكمل مسار توثيقه وفق الخدمة المتاحة؛ وإذا كان أصل الطلب أو آثاره محل نزاع فارفعه عبر صحيفة الدعوى بالتصنيف المناسب.","وزارة العدل — محكمة الأحوال الشخصية/ناجز بحسب نوع الإجراء.","محكمة الأحوال الشخصية","خلع | خلع رضائي، وليس فسخًا قضائيًا عند غياب موافقة الزوج","عقد الزواج وبيانات الطرفين وما يتعلق بالعوض والاتفاق إن وجد.","عقد الزواج، بيانات الطرفين، اتفاق الخلع والعوض وما يثبت المهر عند تعلق العوض به.","الخلع الرضائي لا يحتاج حكمًا قضائيًا، لكن يجب توثيقه وفق الإجراءات المنظمة.","قضايا الأحوال الشخصية مستثناة من التكاليف القضائية وفق رحلة القضية المنشورة من وزارة العدل.","غير منطبق ظاهرًا","بعد تقديم الطلب تُدقق المحكمة/الجهة المختصة الطلب والمستندات، ثم تسير القضية أو معاملة التوثيق بحسب نوعها.","نظام الأحوال الشخصية","","المواد 95-102: تعريف الخلع، صحته بالتراضي دون حكم، أثره كفسخ وفرقة بائنة صغرى، العوض، منع إسقاط حقوق الأولاد/الحضانة كعوض، وحكم المهر ووجوب التوثيق.","هيئة الخبراء بمجلس الوزراء — نظام الأحوال الشخصية","https://laws.boe.gov.sa/BoeLaws/Laws/LawDetails/4d72d829-947b-45d5-b9b5-ae5800d6bac2/1","2026-09-22","ثابتة نظاميًا نسبيًا","VERIFIED","تدقيق تفصيلي ومصدر نظامي أولي فُتح وتحقق من بقائه متاحًا في هذه المرحلة.","HIGH","النتيجة تمس الاختصاص أو طريق الاعتراض/التنفيذ أو مدة/رسومًا مؤثرة.","نعم","هل استثناء الأحوال الشخصية من التكاليف يشمل هذا الطلب التنفيذي تحديدًا، وما الاستثناءات؟","NEEDS REVIEW",""
"R-FAM-KHUL-DOCUMENT","الأحوال الشخصية والتركات","Q001: وش صار معك؟ ← أحوال شخصية → Q060: وش المشكلة الأسرية اللي عندك؟ ← ما أعرف التصنيف، أبي أحدد المشكلة خطوة بخطوة → Q400: وش المشكلة الأسرية بالتحديد؟ ← أبي خلع → Q407: وش وضع الخلع عندك؟ ← حصل الخلع لكن لم يوثق","حصل اتفاق/خلع وتريد إثباته أو توثيقه.","قدّم طلب توثيق الخلع؛ وإذا كان ثمة نزاع على حصوله فيجوز لذي المصلحة طلب إثباته بوسائل الإثبات.","وزارة العدل — محكمة الأحوال الشخصية/ناجز بحسب نوع الإجراء.","محكمة الأحوال الشخصية","توثيق خلع | ناجز | توثيق حالة اجتماعية","عقد الزواج وبيانات الخلع والعوض والبينة عند النزاع.","بحسب ما تطلبه الخدمة أثناء التقديم؛ لا نضيف قائمة غير مثبتة من المصدر المتاح.","يومان وفق SLA الحالي؛ مدة خدمة وليست مهلة سقوط.","رسوم الخدمة: لا يوجد","غير منطبق ظاهرًا","اتبع المسار الموضح، وإذا وجد نزاع قضائي فتقدم عبر صحيفة الدعوى بالتصنيف المناسب.","","","","وزارة العدل — الخدمات الإنهائية - الحالات الاجتماعية","https://inhaatportal.moj.gov.sa/tabsnew.aspx","2026-09-22","قابلة للتغير","PARTIALLY VERIFIED","المصدر رسمي لكنه لا يثبت آليًا جميع عناصر الاختصاص/المدة/الرسوم المركبة في النتيجة.","HIGH","النتيجة تمس الاختصاص أو طريق الاعتراض/التنفيذ أو مدة/رسومًا مؤثرة.","نعم","هل استثناء الأحوال الشخصية من التكاليف يشمل هذا الطلب التنفيذي تحديدًا، وما الاستثناءات؟","NEEDS REVIEW",""
"R-FAM-KHUL-MAHR","الأحوال الشخصية والتركات","Q001: وش صار معك؟ ← أحوال شخصية → Q060: وش المشكلة الأسرية اللي عندك؟ ← ما أعرف التصنيف، أبي أحدد المشكلة خطوة بخطوة → Q400: وش المشكلة الأسرية بالتحديد؟ ← أبي خلع → Q407: وش وضع الخلع عندك؟ ← الخلع مقابل إعادة المهر","تم الاتفاق على أن يكون عوض الخلع هو المهر.","حددا في التوثيق ما قبض من المهر وما بقي منه وفق النظام.","وزارة العدل — محكمة الأحوال الشخصية/ناجز بحسب نوع الإجراء.","محكمة الأحوال الشخصية","عوض الخلع إذا كان المهر | خلع رضائي","عقد الزواج وبيانات المهر والمقبوض منه.","ما يثبت مقدار المقبوض عند الحاجة وبيانات التوثيق.","لا مدة سقوط خاصة مثبتة لهذا الحكم.","لا مبلغ موحد مثبت لهذه النتيجة.","غير منطبق ظاهرًا","اتبع المسار الموضح، وإذا وجد نزاع قضائي فتقدم عبر صحيفة الدعوى بالتصنيف المناسب.","نظام الأحوال الشخصية","","المادة 101 من نظام الأحوال الشخصية","هيئة الخبراء بمجلس الوزراء — نظام الأحوال الشخصية","https://laws.boe.gov.sa/BoeLaws/Laws/LawDetails/4d72d829-947b-45d5-b9b5-ae5800d6bac2/1","2026-09-22","ثابتة نظاميًا نسبيًا","VERIFIED","تدقيق تفصيلي ومصدر نظامي أولي فُتح وتحقق من بقائه متاحًا في هذه المرحلة.","HIGH","النتيجة تمس الاختصاص أو طريق الاعتراض/التنفيذ أو مدة/رسومًا مؤثرة.","نعم","هل استثناء الأحوال الشخصية من التكاليف يشمل هذا الطلب التنفيذي تحديدًا، وما الاستثناءات؟","NEEDS REVIEW",""
"R-FAM-KHULA-DOC","الأحوال الشخصية والتركات","Q001: وش صار معك؟ ← أحتاج توثيق أو خدمة بدون نزاع → Q100: وش الخدمة اللي تبيها؟ ← طلاق / رجعة / حضانة / زواج → Q155: وش الإجراء الاجتماعي المطلوب؟ ← توثيق خلع","تريد توثيق خلع وإصدار وثيقة خلع رسمية.","ادخل على خدمة «توثيق خلع» في ناجز إذا كانت حالتك توثيق خلع.","وزارة العدل — محكمة الأحوال الشخصية/ناجز بحسب نوع الإجراء.","محكمة الأحوال الشخصية","توثيق خلع | ناجز | توثيق حالة اجتماعية إلكتروني.","بيانات الأطراف والبيانات والمصادقات المطلوبة بحسب الخدمة.","ما يطلبه نموذج الخدمة بحسب الواقعة؛ لا نضيف قائمة غير موثقة.","يومان كمدة تنفيذ خدمة منشورة، وليست مهلة سقوط.","الدعاوى والطلبات التي تختص بها محاكم الأحوال الشخصية مستثناة من نظام التكاليف القضائية، عدا طلب النقض والتماس إعادة النظر.","تستكمل الإجراءات والمصادقة، وبعد اعتماد الموثق تصدر وثيقة خلع رسمية.","تستكمل الإجراءات والمصادقة، وبعد اعتماد الموثق تصدر وثيقة خلع رسمية.","","","","وزارة العدل — دليل خدمات الحالات الاجتماعية","https://www.moj.gov.sa/sites/knowledgebase/Documents02/CRM_CCTS_919838cc-7a15-45a8-967c-c144f1225f42.pdf","2026-09-20","قابلة للتغير","PARTIALLY VERIFIED","المصدر رسمي لكنه لا يثبت آليًا جميع عناصر الاختصاص/المدة/الرسوم المركبة في النتيجة.","HIGH","النتيجة تمس الاختصاص أو طريق الاعتراض/التنفيذ أو مدة/رسومًا مؤثرة.","نعم","هل استثناء الأحوال الشخصية من التكاليف يشمل هذا الطلب التنفيذي تحديدًا، وما الاستثناءات؟","NEEDS REVIEW",""
"R-FAM-LAWYER-MERITS","الأحوال الشخصية والتركات","Q001: وش صار معك؟ ← أحوال شخصية → Q060: وش المشكلة الأسرية اللي عندك؟ ← عندي حكم أسري → Q079: وش تبي تسوي بالحكم الأسري؟ ← أبي أعرف هل الحكم صحيح أو وش حقي","سؤالك عن من الأحق بالحضانة أو مقدار النفقة أو صحة الحكم أو فرص الاعتراض.","اعرض الحكم والوقائع والمستندات على محامٍ مرخص؛ المنتج يحدد الإجراء فقط.","وزارة العدل — محكمة الأحوال الشخصية/ناجز بحسب نوع الإجراء.","محكمة الأحوال الشخصية","نزاع على أتعاب محاماة أو طلب تحميل الخصم مصروفات التقاضي في قضية مرتبطة بالأحوال الشخصية | مطالبة أتعاب/تعويض عن مصروفات التقاضي بحسب العلاقة والأساس","الحكم/القضية + الوقائع + المستندات + التواريخ.","عقد الأتعاب، الوكالة، الفواتير/التحويلات، ما يثبت العمل، والحكم أو ملف القضية المرتبط.","لا مدة خاصة موحدة لهذه النتيجة؛ المدة تتبع تكييف الدعوى الأصلية/المطالبة.","الدعاوى والطلبات التي تختص بها محاكم الأحوال الشخصية مستثناة من نظام التكاليف القضائية، عدا طلب النقض والتماس إعادة النظر.","المختص يقيّم الحق والدفوع، والمحرك يواصل معك في المسار الإجرائي.","المختص يقيّم الحق والدفوع، والمحرك يواصل معك في المسار الإجرائي.","نظام المحاماة","","المادة 26 من نظام المحاماة: الأتعاب وطريقة دفعها باتفاق المحامي وموكله، وعند عدم الاتفاق أو اختلافهما أو بطلانه تقدرها المحكمة التي نظرت القضية بما يتناسب مع الجهد والنفع. مطالبة الخصم بمصاريف التقاضي ليست تلقائيًا مساوية لعقد الموكل مع محاميه.","وزارة العدل — تقدير أتعاب المحاماة - المادة 26 من نظام المحاماة","https://adlm.moj.gov.sa/alqadaeya/attach/896.pdf","2026-09-20","ثابتة نظاميًا نسبيًا","PARTIALLY VERIFIED","يوجد تدقيق تفصيلي ورابط لنص نظامي رسمي، لكن هذا النص بعينه لم يُعد فتحه ومطابقة جميع ادعاءات النتيجة في هذه المرحلة.","HIGH","النتيجة تمس الاختصاص أو طريق الاعتراض/التنفيذ أو مدة/رسومًا مؤثرة.","نعم","هل استثناء الأحوال الشخصية من التكاليف يشمل هذا الطلب التنفيذي تحديدًا، وما الاستثناءات؟","NEEDS REVIEW",""
"R-FAM-LINEAGE-DENY","الأحوال الشخصية والتركات","Q001: وش صار معك؟ ← أحوال شخصية → Q060: وش المشكلة الأسرية اللي عندك؟ ← ما أعرف التصنيف، أبي أحدد المشكلة خطوة بخطوة → Q400: وش المشكلة الأسرية بالتحديد؟ ← نزاع على النسب → Q410: وش المشكلة في النسب؟ ← أبي أنفي النسب أو أعترض عليه","الزوج يريد نفي نسب ولد بطريق اللعان.","إذا كانت شروط المادة 73 تنطبق، فهذه دعوى قضائية ويجب الانتباه خصوصاً إلى مهلة 15 يوماً من تاريخ العلم بالولادة؛ قدم صحيفة الدعوى والمستندات ذات الصلة دون التعامل معها كطلب توثيق.","وزارة العدل — محكمة الأحوال الشخصية/ناجز بحسب نوع الإجراء.","محكمة الأحوال الشخصية","رجل يريد نفي نسب ولد ثبت بالولادة في عقد الزواج | دعوى لعان لنفي النسب أمام محكمة الأحوال الشخصية","عقد الزواج، بيانات الولد، وأسباب الدعوى والمستندات ذات الصلة.","وثيقة الزواج والولادة، ما يثبت تاريخ العلم عند النزاع، وأي مستندات متعلقة بالإقرار/النفي؛ وفحص DNA يكون بأمر المحكمة وفق المادة 74.","15 يومًا من تاريخ علم الرجل بالولادة لدعوى اللعان لنفي النسب.","قضايا الأحوال الشخصية مستثناة من التكاليف القضائية.","غير منطبق ظاهرًا","اتبع المسار الموضح، وإذا وجد نزاع قضائي فتقدم عبر صحيفة الدعوى بالتصنيف المناسب.","نظام الأحوال الشخصية - النسب","","المواد 72-75: إذا ثبت النسب وفق المادة 67 فلا تسمع دعوى نفيه؛ والاستثناء في حالة الولادة في عقد الزواج يكون باللعان بشروط المادة 73، وإجراءات DNA واللعان وآثاره في 74-75.","هيئة الخبراء بمجلس الوزراء — نظام الأحوال الشخصية - النسب","https://laws.boe.gov.sa/BoeLaws/Laws/LawDetails/4d72d829-947b-45d5-b9b5-ae5800d6bac2/1","2026-09-22","ثابتة نظاميًا نسبيًا","VERIFIED","تدقيق تفصيلي ومصدر نظامي أولي فُتح وتحقق من بقائه متاحًا في هذه المرحلة.","HIGH","النتيجة تمس الاختصاص أو طريق الاعتراض/التنفيذ أو مدة/رسومًا مؤثرة.","نعم","هل استثناء الأحوال الشخصية من التكاليف يشمل هذا الطلب التنفيذي تحديدًا، وما الاستثناءات؟","NEEDS REVIEW",""
"R-FAM-LINEAGE-PROVE","الأحوال الشخصية والتركات","Q001: وش صار معك؟ ← أحوال شخصية → Q060: وش المشكلة الأسرية اللي عندك؟ ← ما أعرف التصنيف، أبي أحدد المشكلة خطوة بخطوة → Q400: وش المشكلة الأسرية بالتحديد؟ ← نزاع على النسب → Q410: وش المشكلة في النسب؟ ← أبي أثبت النسب","يوجد نزاع أو حاجة قضائية لإثبات النسب.","إذا كان النسب محل نزاع أو يحتاج حكماً قضائياً، ارفع صحيفة دعوى بالتصنيف المناسب وأرفق وثائق الزواج والولادة وما يدعم طريق الإثبات الذي تستند إليه.","وزارة العدل — محكمة الأحوال الشخصية/ناجز بحسب نوع الإجراء.","محكمة الأحوال الشخصية","نزاع أو طلب إثبات نسب ولد | دعوى إثبات نسب أمام محكمة الأحوال الشخصية","وثائق الزواج والولادة والهوية وأي بينة مرتبطة بالنسب.","وثيقة الزواج/الولادة، الإقرار أو البينة بحسب الحالة، وأي تقرير طبي أو DNA تأمر به المحكمة.","لا مدة رقمية عامة لدعوى الإثبات في المواد 67-71؛ مدة أكثر الحمل عشرة أشهر وللمحكمة الحكم بخلافها بتقرير طبي معتمد.","قضايا الأحوال الشخصية مستثناة من التكاليف القضائية.","غير منطبق ظاهرًا","اتبع المسار الموضح، وإذا وجد نزاع قضائي فتقدم عبر صحيفة الدعوى بالتصنيف المناسب.","نظام الأحوال الشخصية - النسب","","المواد 67-71: طرق إثبات النسب، قاعدة الولادة أثناء العقد أو بعد انتهائه قبل أكثر الحمل، شروط الإقرار، وضوابط أمر المحكمة بفحص الحمض النووي.","هيئة الخبراء بمجلس الوزراء — نظام الأحوال الشخصية - النسب","https://laws.boe.gov.sa/BoeLaws/Laws/LawDetails/4d72d829-947b-45d5-b9b5-ae5800d6bac2/1","2026-09-22","ثابتة نظاميًا نسبيًا","VERIFIED","تدقيق تفصيلي ومصدر نظامي أولي فُتح وتحقق من بقائه متاحًا في هذه المرحلة.","HIGH","النتيجة تمس الاختصاص أو طريق الاعتراض/التنفيذ أو مدة/رسومًا مؤثرة.","نعم","هل استثناء الأحوال الشخصية من التكاليف يشمل هذا الطلب التنفيذي تحديدًا، وما الاستثناءات؟","NEEDS REVIEW",""
"R-FAM-MAHR-BEFORE","الأحوال الشخصية والتركات","Q001: وش صار معك؟ ← أحوال شخصية → Q060: وش المشكلة الأسرية اللي عندك؟ ← خلاف أسري وما عندي حكم → Q077: عندك خلاف أسري بدون حكم؟ ← نعم، أبي أحدد نوع المشكلة الأسرية → Q401: وش نوع المشكلة في الأحوال الشخصية؟ ← مهر أو صداق → Q405: وش مشكلتك في المهر؟ ← لم أستلم المهر الحال قبل الدخول","لم يحصل الدخول ولم تستلم الزوجة مهرها الحال.","إذا كان المطلوب المهر فطالب به قضائياً عند النزاع؛ وإذا كان المطلوب إنهاء الزواج بسبب عدم دفعه فراجع مسار الفسخ قبل الدخول.","وزارة العدل — محكمة الأحوال الشخصية/ناجز بحسب نوع الإجراء.","محكمة الأحوال الشخصية","مطالبة بالمهر قبل الدخول/الخلوة بحسب الواقعة | دعوى مهر","عقد الزواج وبيانات المهر وما يثبت عدم الأداء.","عقد الزواج، ما يثبت المهر والمدفوع والمتبقي وأي اتفاق أو حكم سابق.","المدة لا تُستمد من خدمة ناجز؛ أصل الاستحقاق وآثاره يتبعان نظام الأحوال الشخصية والواقعة.","قضايا الأحوال الشخصية مستثناة من التكاليف القضائية؛ لا نضيف مبلغًا غير ثابت.","غير منطبق ظاهرًا","إذا كانت المطالبة محل نزاع، تُرفع عبر صحيفة الدعوى بتصنيف الدعوى المناسب، ثم يُدقق الطلب وتحال القضية للدائرة المختصة عند قبوله.","نظام الأحوال الشخصية","","","هيئة الخبراء بمجلس الوزراء — نظام الأحوال الشخصية","https://laws.boe.gov.sa/BoeLaws/Laws/LawDetails/4d72d829-947b-45d5-b9b5-ae5800d6bac2/1","2026-09-22","ثابتة نظاميًا نسبيًا","VERIFIED","تدقيق تفصيلي ومصدر نظامي أولي فُتح وتحقق من بقائه متاحًا في هذه المرحلة.","HIGH","النتيجة تمس الاختصاص أو طريق الاعتراض/التنفيذ أو مدة/رسومًا مؤثرة.","نعم","هل استثناء الأحوال الشخصية من التكاليف يشمل هذا الطلب التنفيذي تحديدًا، وما الاستثناءات؟","NEEDS REVIEW",""
"R-FAM-MAHR-DEBT","الأحوال الشخصية والتركات","Q001: وش صار معك؟ ← أحوال شخصية → Q060: وش المشكلة الأسرية اللي عندك؟ ← خلاف أسري وما عندي حكم → Q077: عندك خلاف أسري بدون حكم؟ ← نعم، أبي أحدد نوع المشكلة الأسرية → Q401: وش نوع المشكلة في الأحوال الشخصية؟ ← مهر أو صداق → Q405: وش مشكلتك في المهر؟ ← دخلت ولم أستلم المهر","حصل الدخول قبل قبض المهر الحال.","طالب بالمهر المستحق عبر الدعوى المناسبة عند النزاع؛ لا تعتبر عدم دفعه بعد الدخول سبباً تلقائياً للفسخ.","وزارة العدل — محكمة الأحوال الشخصية/ناجز بحسب نوع الإجراء.","محكمة الأحوال الشخصية","مهر مستحق لم يُدفع | دعوى مطالبة مهر أو تنفيذ سند قائم","عقد الزواج وبيانات المهر وما يثبت المقدار والأداء إن وجد.","عقد الزواج، إثبات المهر، إثبات السداد الجزئي إن وجد، والمراسلات أو الإقرارات ذات الصلة.","لا نثبت مهلة موحدة من صفحة الخدمة؛ تُراجع القواعد الموضوعية بحسب الواقعة.","قضايا الأحوال الشخصية مستثناة من التكاليف القضائية؛ لا نضيف مبلغًا غير ثابت.","غير منطبق ظاهرًا","إذا كانت المطالبة محل نزاع، تُرفع عبر صحيفة الدعوى بتصنيف الدعوى المناسب، ثم يُدقق الطلب وتحال القضية للدائرة المختصة عند قبوله.","نظام الأحوال الشخصية","","","هيئة الخبراء بمجلس الوزراء — نظام الأحوال الشخصية","https://laws.boe.gov.sa/BoeLaws/Laws/LawDetails/4d72d829-947b-45d5-b9b5-ae5800d6bac2/1","2026-09-22","قابلة للتغير","STALE RISK","نظام تنفيذ جديد نُشر في 2026 وسيحل محل النظام السابق بعد 180 يومًا؛ يلزم تثبيت تاريخ النفاذ وخطة تحديث النتيجة.","HIGH","النتيجة تمس الاختصاص أو طريق الاعتراض/التنفيذ أو مدة/رسومًا مؤثرة.","نعم","هل استثناء الأحوال الشخصية من التكاليف يشمل هذا الطلب التنفيذي تحديدًا، وما الاستثناءات؟","NEEDS REVIEW",""
"R-FAM-MAHR-DIVORCE-BEFORE","الأحوال الشخصية والتركات","Q001: وش صار معك؟ ← أحوال شخصية → Q060: وش المشكلة الأسرية اللي عندك؟ ← خلاف أسري وما عندي حكم → Q077: عندك خلاف أسري بدون حكم؟ ← نعم، أبي أحدد نوع المشكلة الأسرية → Q401: وش نوع المشكلة في الأحوال الشخصية؟ ← مهر أو صداق → Q405: وش مشكلتك في المهر؟ ← حصل طلاق قبل الدخول","وقع الطلاق قبل الدخول وتريد تحديد أثره على المهر.","إذا كان مقدار المهر أو استحقاقه محل نزاع فارفع الدعوى المناسبة مع عقد الزواج ووثيقة الطلاق.","وزارة العدل — محكمة الأحوال الشخصية/ناجز بحسب نوع الإجراء.","محكمة الأحوال الشخصية","أثر الطلاق قبل الدخول على المهر | دعوى تحديد/مطالبة بحقوق المهر بعد الفرقة","عقد الزواج، بيان المهر، وثيقة الطلاق، وما يثبت عدم الدخول بحسب النزاع.","عقد الزواج، صك/توثيق الطلاق، ما يثبت المهر والمدفوع منه.","الحق يتحدد بنظام الأحوال الشخصية بحسب صورة الفرقة؛ لا نضع مدة إجرائية عامة غير موثقة.","قضايا الأحوال الشخصية مستثناة من التكاليف القضائية؛ لا نضيف مبلغًا غير ثابت.","غير منطبق ظاهرًا","إذا كانت المطالبة محل نزاع، تُرفع عبر صحيفة الدعوى بتصنيف الدعوى المناسب، ثم يُدقق الطلب وتحال القضية للدائرة المختصة عند قبوله.","نظام الأحوال الشخصية","","","هيئة الخبراء بمجلس الوزراء — نظام الأحوال الشخصية","https://laws.boe.gov.sa/BoeLaws/Laws/LawDetails/4d72d829-947b-45d5-b9b5-ae5800d6bac2/1","2026-09-22","ثابتة نظاميًا نسبيًا","VERIFIED","تدقيق تفصيلي ومصدر نظامي أولي فُتح وتحقق من بقائه متاحًا في هذه المرحلة.","HIGH","النتيجة تمس الاختصاص أو طريق الاعتراض/التنفيذ أو مدة/رسومًا مؤثرة.","نعم","هل استثناء الأحوال الشخصية من التكاليف يشمل هذا الطلب التنفيذي تحديدًا، وما الاستثناءات؟","NEEDS REVIEW",""
"R-FAM-MAHR-EQUIVALENT","الأحوال الشخصية والتركات","Q001: وش صار معك؟ ← أحوال شخصية → Q060: وش المشكلة الأسرية اللي عندك؟ ← خلاف أسري وما عندي حكم → Q077: عندك خلاف أسري بدون حكم؟ ← نعم، أبي أحدد نوع المشكلة الأسرية → Q401: وش نوع المشكلة في الأحوال الشخصية؟ ← مهر أو صداق → Q405: وش مشكلتك في المهر؟ ← لم يسمَّ المهر أو المهر المسمى فاسد","لم يسم المهر أو نُفي أو كان المهر المسمى فاسداً.","إذا وقع نزاع على المهر فارفع الدعوى المناسبة وبيّن حالة تسمية المهر في العقد.","وزارة العدل — محكمة الأحوال الشخصية/ناجز بحسب نوع الإجراء.","محكمة الأحوال الشخصية","نزاع حول مهر المثل/عدم تحديد المهر | دعوى أحوال شخصية لتحديد الحق المالي","عقد الزواج وأي مستندات مرتبطة بالمهر.","عقد الزواج والمراسلات/الإقرارات وما يثبت المدفوع والوقائع ذات الصلة.","لا توجد مهلة موحدة في خدمة صحيفة الدعوى لهذه الصورة.","قضايا الأحوال الشخصية مستثناة من التكاليف القضائية؛ لا نضيف مبلغًا غير ثابت.","غير منطبق ظاهرًا","إذا كانت المطالبة محل نزاع، تُرفع عبر صحيفة الدعوى بتصنيف الدعوى المناسب، ثم يُدقق الطلب وتحال القضية للدائرة المختصة عند قبوله.","نظام الأحوال الشخصية","","","هيئة الخبراء بمجلس الوزراء — نظام الأحوال الشخصية","https://laws.boe.gov.sa/BoeLaws/Laws/LawDetails/4d72d829-947b-45d5-b9b5-ae5800d6bac2/1","2026-09-22","ثابتة نظاميًا نسبيًا","VERIFIED","تدقيق تفصيلي ومصدر نظامي أولي فُتح وتحقق من بقائه متاحًا في هذه المرحلة.","HIGH","النتيجة تمس الاختصاص أو طريق الاعتراض/التنفيذ أو مدة/رسومًا مؤثرة.","نعم","هل استثناء الأحوال الشخصية من التكاليف يشمل هذا الطلب التنفيذي تحديدًا، وما الاستثناءات؟","NEEDS REVIEW",""
"R-FAM-MAHR-RIGHTS","الأحوال الشخصية والتركات","Q001: وش صار معك؟ ← أحوال شخصية → Q060: وش المشكلة الأسرية اللي عندك؟ ← ما أعرف التصنيف، أبي أحدد المشكلة خطوة بخطوة → Q400: وش المشكلة الأسرية بالتحديد؟ ← المهر أو المسكن أو الحقوق بين الزوجين","عندك مطالبة بالمهر أو المسكن أو حق مالي/زوجي مرتبط بعقد الزواج.","إذا كان الحق محل نزاع فابدأ بصحيفة دعوى أحوال شخصية وحدد الطلب بدقة؛ وإذا كان معك سند تنفيذي قائم فانتقل لمسار التنفيذ.","وزارة العدل — محكمة الأحوال الشخصية/ناجز بحسب نوع الإجراء.","محكمة الأحوال الشخصية","صحيفة دعوى بمطالبة مهر بعد تحديد نوع الاستحقاق | دعوى أحوال شخصية مالية","عقد الزواج وما يثبت المهر أو الشرط والوفاء أو عدمه وأي مستندات داعمة.","عقد الزواج وما يثبت المهر والسداد أو عدمه وأي اتفاق أو حكم سابق بحسب الحالة.","لا توجد مدة موحدة في صفحة صحيفة الدعوى لمطالبات المهر؛ القيود الموضوعية تتحدد بحسب نوع الحق والواقعة.","قضايا الأحوال الشخصية مستثناة من التكاليف القضائية وفق رحلة القضية؛ رسوم خدمة صحيفة الدعوى: لا يوجد.","غير منطبق ظاهرًا","بعد تقديم الطلب تُدقق المحكمة/الجهة المختصة الطلب والمستندات، ثم تسير القضية أو معاملة التوثيق بحسب نوعها.","","","","وزارة العدل — صحيفة دعوى","https://moj.gov.sa/ar/eServices/Pages/928b8f02-19a7-482b-ba0e-29a151d9a900.aspx","2026-09-22","ثابتة نظاميًا نسبيًا","PARTIALLY VERIFIED","المصدر رسمي لكنه لا يثبت آليًا جميع عناصر الاختصاص/المدة/الرسوم المركبة في النتيجة.","HIGH","النتيجة تمس الاختصاص أو طريق الاعتراض/التنفيذ أو مدة/رسومًا مؤثرة.","نعم","هل استثناء الأحوال الشخصية من التكاليف يشمل هذا الطلب التنفيذي تحديدًا، وما الاستثناءات؟","NEEDS REVIEW",""
"R-FAM-MAINT-ARREARS","الأحوال الشخصية والتركات","Q001: وش صار معك؟ ← أحوال شخصية → Q060: وش المشكلة الأسرية اللي عندك؟ ← نفقة → Q075: عندك حكم أو سند نفقة؟ ← نعم، عندي حكم/سند نفقة → Q335: وش المشكلة في تنفيذ النفقة أو الصداق؟ ← متأخرات نفقة أو مبلغ نفقة محكوم به وأبي تنفيذه","لديك مبلغ نفقة محكوم به أو متأخرات نفقة وتريد تنفيذه.","افتح ناجز > التنفيذ وقدّم أو تابع طلب التنفيذ استنادًا إلى السند التنفيذي.","وزارة العدل — محكمة الأحوال الشخصية/ناجز بحسب نوع الإجراء.","محكمة الأحوال الشخصية","مطالبة بنفقة ماضية/متأخرة بحسب وجود حكم سابق | ناجز | بوابة قرار: دعوى نفقة ماضية أو تنفيذ متأخرات محكوم بها","السند التنفيذي + بيانات الطلب + المبلغ المطلوب تنفيذه كما هو ثابت في السند.","الحكم السابق إن وجد، وما يثبت العلاقة والمبالغ والفترة، والمستندات التي تظهرها متطلبات تصنيف صحيفة الدعوى.","لا توجد مدة موحدة في خدمة صحيفة الدعوى لكل صور النفقة الماضية؛ أي قيد موضوعي على سماع المطالبة يجب أخذه من نظام الأحوال الشخصية بحسب نوع النفقة والفترة، ولا يُخمن هنا.","قضايا الأحوال الشخصية مستثناة من التكاليف القضائية وفق رحلة القضية؛ لا نضيف مبلغًا غير ثابت.","غير منطبق ظاهرًا","يدخل المبلغ في مسار التنفيذ بحسب نوع السند وحالة طلب التنفيذ.","","","","وزارة العدل — صحيفة دعوى","https://moj.gov.sa/ar/eServices/Pages/928b8f02-19a7-482b-ba0e-29a151d9a900.aspx","2026-09-21","قابلة للتغير","STALE RISK","نظام تنفيذ جديد نُشر في 2026 وسيحل محل النظام السابق بعد 180 يومًا؛ يلزم تثبيت تاريخ النفاذ وخطة تحديث النتيجة.","HIGH","النتيجة تمس الاختصاص أو طريق الاعتراض/التنفيذ أو مدة/رسومًا مؤثرة.","نعم","هل استثناء الأحوال الشخصية من التكاليف يشمل هذا الطلب التنفيذي تحديدًا، وما الاستثناءات؟","NEEDS REVIEW",""
"R-FAM-MAINT-DEDUCTION","الأحوال الشخصية والتركات","Q001: وش صار معك؟ ← أحوال شخصية → Q060: وش المشكلة الأسرية اللي عندك؟ ← نفقة → Q075: عندك حكم أو سند نفقة؟ ← نعم، عندي حكم/سند نفقة → Q335: وش المشكلة في تنفيذ النفقة أو الصداق؟ ← نفقة مستقبلية وأبي الاستقطاع","لديك طلب تنفيذ قائم وحكم نفقة مستقبلية وتريد تنفيذ الاستقطاع.","ادخل على «تنفيذ الاستقطاع» على طلب التنفيذ المناسب.","وزارة العدل — محكمة الأحوال الشخصية/ناجز بحسب نوع الإجراء.","محكمة الأحوال الشخصية","تنفيذ الاستقطاع | ناجز | طلب إجراء داخل التنفيذ","هذه شروط خدمة وليست قائمة مستندات: وجود طلب تنفيذ قائم بسند رئيسي «شخصي - نفقة مستقبلية»، وأن تكون حالة طلب التنفيذ قيد التنفيذ، مع انطباق بقية الشروط الرسمية. صفحة الخدمة لا تذكر مستندات مطلوبة مستقلة.","لا توجد مستندات مطلوبة وفق صفحة الخدمة.","شرط الخدمة الحالي: 7 أيام لتقديم طلب إجراء من النوع نفسه؛ هذا شرط تشغيلي للخدمة وليس مدة سقوط أصل النفقة.","لا مبلغ موحد مثبت لهذه النتيجة.","غير منطبق ظاهرًا","تُطلب القرارات اللازمة لتنفيذ حكم النفقة المستقبلية وفق الخدمة.","","","","وزارة العدل — تنفيذ الاستقطاع","https://www.moj.gov.sa/ar/eServices/pages/0756dde6-14de-481a-a6e6-ec9bd642b284.aspx","2026-09-20","قابلة للتغير","STALE RISK","نظام تنفيذ جديد نُشر في 2026 وسيحل محل النظام السابق بعد 180 يومًا؛ يلزم تثبيت تاريخ النفاذ وخطة تحديث النتيجة.","HIGH","النتيجة تمس الاختصاص أو طريق الاعتراض/التنفيذ أو مدة/رسومًا مؤثرة.","نعم","هل استثناء الأحوال الشخصية من التكاليف يشمل هذا الطلب التنفيذي تحديدًا، وما الاستثناءات؟","NEEDS REVIEW",""
"R-FAM-MAINT-NOT-RECEIVED","الأحوال الشخصية والتركات","Q001: وش صار معك؟ ← أحوال شخصية → Q060: وش المشكلة الأسرية اللي عندك؟ ← نفقة → Q075: عندك حكم أو سند نفقة؟ ← نعم، عندي حكم/سند نفقة → Q335: وش المشكلة في تنفيذ النفقة أو الصداق؟ ← المبلغ ما وصلني وأبي أعرف الحركة المالية","مبلغ النفقة أو التنفيذ لم يصل إليك أو لا تعرف أين وصل ماليًا.","راجع التقرير المالي في ناجز ثم افتح طلب التنفيذ لمعرفة حالة المبلغ والإجراء.","وزارة العدل — محكمة الأحوال الشخصية/ناجز بحسب نوع الإجراء.","محكمة الأحوال الشخصية","نفقة محكوم بها ولم تُستلم | ناجز | تنفيذ حكم نفقة قائم","حساب ناجز وطلب التنفيذ المرتبط بالمبلغ.","نسخة السند التنفيذي وما تطلبه خدمة التنفيذ بحسب نوعه؛ وفي طلب الاستقطاع يتم اختيار طلب التنفيذ القائم.","لا نضع مهلة تنفيذ موحدة هنا؛ المدد تتحدد بنظام التنفيذ وحالة الطلب.","قضايا الأحوال الشخصية مستثناة من التكاليف القضائية وفق رحلة القضية؛ لا نضيف مبلغًا غير ثابت.","غير منطبق ظاهرًا","بعد معرفة الحركة المالية يمكنك تحديد ما إذا كانت المشكلة تحويلًا أو حجزًا أو إجراء تنفيذ آخر.","","","","وزارة العدل — تقديم طلب تنفيذ","https://www.moj.gov.sa/ar/eservices/pages/1c719954-3463-4754-85e1-1b319b937b86.aspx","2026-09-21","قابلة للتغير","STALE RISK","نظام تنفيذ جديد نُشر في 2026 وسيحل محل النظام السابق بعد 180 يومًا؛ يلزم تثبيت تاريخ النفاذ وخطة تحديث النتيجة.","HIGH","النتيجة تمس الاختصاص أو طريق الاعتراض/التنفيذ أو مدة/رسومًا مؤثرة.","نعم","هل استثناء الأحوال الشخصية من التكاليف يشمل هذا الطلب التنفيذي تحديدًا، وما الاستثناءات؟","NEEDS REVIEW",""
"R-FAM-MARRIAGE-CONDITION-BREACH","الأحوال الشخصية والتركات","Q001: وش صار معك؟ ← أحوال شخصية → Q060: وش المشكلة الأسرية اللي عندك؟ ← ما أعرف التصنيف، أبي أحدد المشكلة خطوة بخطوة → Q400: وش المشكلة الأسرية بالتحديد؟ ← شروط مكتوبة في عقد الزواج أو نزاع على صحة الشرط → Q419: وش مشكلتك في شروط عقد الزواج أو صحة الشرط؟ ← شرط مكتوب في عقد الزواج ولم يلتزم به الطرف الآخر","يوجد شرط في وثيقة عقد الزواج أو أقر به الزوجان ولم يفِ به أحد الطرفين.","إذا كان الشرط مستوفيًا للمادة 27 ولم يسقط صاحب الشرط حقه، يمكن طلب الفسخ قضائيًا وفق المادة 28.","وزارة العدل — محكمة الأحوال الشخصية/ناجز بحسب نوع الإجراء.","محكمة الأحوال الشخصية","شرط مكتوب في عقد الزواج أو مقر به لم يف به أحد الزوجين | دعوى فسخ عقد الزواج لعدم الوفاء بالشرط","بيانات الواقعة والمستندات المؤيدة بحسب الحالة.","وثيقة عقد الزواج المتضمنة الشرط أو ما يثبت إقرار الزوجين به وأدلة عدم الوفاء.","النظام يقول للمشترط طلب الفسخ متى شاء إلا إذا أسقط حقه صراحة؛ لا نضع مدة رقمية.","قضايا الأحوال الشخصية مستثناة من التكاليف القضائية عند رفع الدعوى.","غير منطبق ظاهرًا","يتحدد المسار التالي بحسب وجود اتفاق أو نزاع وطبيعة الطلب.","نظام الأحوال الشخصية","","المادتان 27-28: لا يثبت خيار الفسخ للشرط إلا إذا نص عليه كتابة في وثيقة العقد أو أقر به الزوجان؛ وعدم الوفاء يجيز الفسخ، والعوض يختلف بحسب الطرف غير الموفي.","هيئة الخبراء بمجلس الوزراء — نظام الأحوال الشخصية","https://laws.boe.gov.sa/BoeLaws/Laws/LawDetails/4d72d829-947b-45d5-b9b5-ae5800d6bac2/1","2026-09-22","ثابتة نظاميًا نسبيًا","VERIFIED","تدقيق تفصيلي ومصدر نظامي أولي فُتح وتحقق من بقائه متاحًا في هذه المرحلة.","HIGH","النتيجة تمس الاختصاص أو طريق الاعتراض/التنفيذ أو مدة/رسومًا مؤثرة.","نعم","هل استثناء الأحوال الشخصية من التكاليف يشمل هذا الطلب التنفيذي تحديدًا، وما الاستثناءات؟","NEEDS REVIEW",""
"R-FAM-MARRIAGE-CONDITION-VALIDITY","الأحوال الشخصية والتركات","Q001: وش صار معك؟ ← أحوال شخصية → Q060: وش المشكلة الأسرية اللي عندك؟ ← ما أعرف التصنيف، أبي أحدد المشكلة خطوة بخطوة → Q400: وش المشكلة الأسرية بالتحديد؟ ← شروط مكتوبة في عقد الزواج أو نزاع على صحة الشرط → Q419: وش مشكلتك في شروط عقد الزواج أو صحة الشرط؟ ← عندي شرط في عقد الزواج وأبي أعرف هل هو صحيح أو باطل","يوجد شرط في عقد الزواج ويثور سؤال هل الشرط صحيح أم يبطل وحده أم يؤثر في العقد.","افحص مضمون الشرط على ضوء المادة 29؛ بعض الشروط تبطل العقد وبعضها يبطل الشرط مع بقاء العقد.","وزارة العدل — محكمة الأحوال الشخصية/ناجز بحسب نوع الإجراء.","محكمة الأحوال الشخصية","يوجد خلاف على صحة شرط في عقد الزواج | دعوى/دفع لتحديد صحة الشرط وأثره","بيانات الواقعة والمستندات المؤيدة بحسب الحالة.","وثيقة الزواج ونص الشرط وأي إقرار أو مراسلات مرتبطة بتنفيذه.","لا مدة رقمية عامة للحكم بصحة الشرط.","قضايا الأحوال الشخصية مستثناة من التكاليف القضائية.","غير منطبق ظاهرًا","يتحدد المسار التالي بحسب وجود اتفاق أو نزاع وطبيعة الطلب.","نظام الأحوال الشخصية","","المواد 27-29 تنظم الشروط في عقد الزواج، خيار الفسخ عند عدم الوفاء، وحالات بطلان الشرط وأثره على العقد.","هيئة الخبراء — نظام الأحوال الشخصية","https://laws.boe.gov.sa/BoeLaws/Laws/LawDetails/4d72d829-947b-45d5-b9b5-ae5800d6bac2/1","2026-09-22","ثابتة نظاميًا نسبيًا","VERIFIED","تدقيق تفصيلي ومصدر نظامي أولي فُتح وتحقق من بقائه متاحًا في هذه المرحلة.","HIGH","النتيجة تمس الاختصاص أو طريق الاعتراض/التنفيذ أو مدة/رسومًا مؤثرة.","نعم","هل استثناء الأحوال الشخصية من التكاليف يشمل هذا الطلب التنفيذي تحديدًا، وما الاستثناءات؟","NEEDS REVIEW",""
"R-FAM-MARRIAGE-DEFECTIVE","الأحوال الشخصية والتركات","Q001: وش صار معك؟ ← أحوال شخصية → Q060: وش المشكلة الأسرية اللي عندك؟ ← ما أعرف التصنيف، أبي أحدد المشكلة خطوة بخطوة → Q400: وش المشكلة الأسرية بالتحديد؟ ← زواج / توثيق زواج / مشكلة في الولي → Q417: وش وضع الزواج أو الولاية عندك؟ ← عندي مشكلة في صحة الزواج أو وجود مانع من الزواج → Q422: وش المشكلة في صحة عقد الزواج أو موانعه؟ ← العقد قد يكون فاسدًا وأبي أعرف آثاره","تسأل عن عقد زواج فاسد وآثاره.","المادة 34 تقرر فسخ المحكمة للعقد الفاسد وتفصل آثاره قبل الدخول وبعده، ومنها المهر والنسب والعدة والنفقة في الحالات المبينة بالنص. ارفع النزاع عبر صحيفة الدعوى.","وزارة العدل — محكمة الأحوال الشخصية/ناجز بحسب نوع الإجراء.","محكمة الأحوال الشخصية","عقد زواج فاسد لخلل لا يجعله صحيحًا بصورته الحالية | دعوى تحديد آثار العقد الفاسد أو إبرام عقد جديد صحيح","المستندات والوقائع المؤيدة بحسب الحالة.","وثيقة العقد وأدلة سبب الفساد والدخول عند تعلق الأثر به.","لا مدة رقمية عامة.","قضايا الأحوال الشخصية مستثناة من التكاليف القضائية.","غير منطبق ظاهرًا","تفصل المحكمة في النزاع عند الحاجة، أما التوثيق فيستخدم فقط إذا كانت الخدمة وشروطها تنطبق.","نظام الأحوال الشخصية","","نظام الأحوال الشخصية يفرق بين الزواج الفاسد والباطل والصحيح، ويرتب آثارًا محددة، والمادة 35 تجيز إبرام عقد جديد صحيح دون حكم فسخ سابق.","هيئة الخبراء — نظام الأحوال الشخصية","https://laws.boe.gov.sa/BoeLaws/Laws/LawDetails/4d72d829-947b-45d5-b9b5-ae5800d6bac2/1","2026-09-22","ثابتة نظاميًا نسبيًا","VERIFIED","تدقيق تفصيلي ومصدر نظامي أولي فُتح وتحقق من بقائه متاحًا في هذه المرحلة.","HIGH","النتيجة تمس الاختصاص أو طريق الاعتراض/التنفيذ أو مدة/رسومًا مؤثرة.","نعم","هل استثناء الأحوال الشخصية من التكاليف يشمل هذا الطلب التنفيذي تحديدًا، وما الاستثناءات؟","NEEDS REVIEW",""
"R-FAM-MARRIAGE-NEW","الأحوال الشخصية والتركات","Q001: وش صار معك؟ ← أحوال شخصية → Q060: وش المشكلة الأسرية اللي عندك؟ ← ما أعرف التصنيف، أبي أحدد المشكلة خطوة بخطوة → Q400: وش المشكلة الأسرية بالتحديد؟ ← زواج / توثيق زواج / مشكلة في الولي → Q417: وش وضع الزواج أو الولاية عندك؟ ← أبي أنشئ عقد زواج جديد","تريد إنشاء عقد زواج جديد، وليس تصديق عقد ورقي سابق أو التحقق من عقد قائم.","استخدم خدمة «إنشاء عقد زواج» في ناجز واستكمل بيانات الأطراف ومتطلبات الطلب.","وزارة العدل — محكمة الأحوال الشخصية/ناجز بحسب نوع الإجراء.","محكمة الأحوال الشخصية","إنشاء عقد زواج | ناجز | توثيق حالة اجتماعية إلكتروني.","داخل النموذج تُدخل بيانات الزوج والزوجة والولي والفحص الطبي والمهر والشروط ومكان الواقعة والشهود، وتضيف المرفقات التي تطلبها الخدمة بحسب الحالة. هذه بيانات نموذج ومتطلبات حالة وليست قائمة مستندات واحدة.","المتطلبات والمرفقات التي يطلبها نموذج إنشاء عقد الزواج بحسب حالة الأطراف.","يومان كمدة تنفيذ خدمة منشورة، وليست مهلة سقوط.","الدعاوى والطلبات التي تختص بها محاكم الأحوال الشخصية مستثناة من نظام التكاليف القضائية، عدا طلب النقض والتماس إعادة النظر.","يستكمل الطلب وإجراءات المأذون لاعتماد العقد وإصدار وثيقة الزواج.","يستكمل الطلب وإجراءات المأذون لاعتماد العقد وإصدار وثيقة الزواج.","","","","وزارة العدل — الخدمات الإلكترونية - الحالات الاجتماعية","https://www.moj.gov.sa/ar/Pages/default.aspx","2026-09-22","قابلة للتغير","PARTIALLY VERIFIED","المصدر رسمي لكنه لا يثبت آليًا جميع عناصر الاختصاص/المدة/الرسوم المركبة في النتيجة.","HIGH","النتيجة تمس الاختصاص أو طريق الاعتراض/التنفيذ أو مدة/رسومًا مؤثرة.","نعم","هل استثناء الأحوال الشخصية من التكاليف يشمل هذا الطلب التنفيذي تحديدًا، وما الاستثناءات؟","NEEDS REVIEW",""
"R-FAM-MARRIAGE-NONSAUDI","الأحوال الشخصية والتركات","Q001: وش صار معك؟ ← أحوال شخصية → Q060: وش المشكلة الأسرية اللي عندك؟ ← ما أعرف التصنيف، أبي أحدد المشكلة خطوة بخطوة → Q400: وش المشكلة الأسرية بالتحديد؟ ← زواج / توثيق زواج / مشكلة في الولي → Q417: وش وضع الزواج أو الولاية عندك؟ ← أحد الزوجين غير سعودي","أحد طرفي الزواج غير سعودي وتريد توثيق عقد الزواج.","استخدم خدمة «توثيق زواج أحد الزوجين غير سعودي» في ناجز.","وزارة العدل — محكمة الأحوال الشخصية/ناجز بحسب نوع الإجراء.","محكمة الأحوال الشخصية","توثيق زواج أحد الزوجين غير سعودي | ناجز | توثيق حالة اجتماعية إلكتروني.","وجود الفحص الطبي شرط، وتُدخل بيانات أطراف العقد والشهود ومكان العقد داخل النموذج. الوثائق الداعمة تختلف بحسب الحالة، مثل وثائق الطلاق أو حصر الورثة أو الوكالة، والوثائق الخارجية تخضع للتصديق وفق شروط الخدمة.","المستندات التي يطلبها النموذج بحسب جنسية وصفة الأطراف.","3 أيام كمدة تنفيذ خدمة منشورة، وليست مهلة سقوط.","الدعاوى والطلبات التي تختص بها محاكم الأحوال الشخصية مستثناة من نظام التكاليف القضائية، عدا طلب النقض والتماس إعادة النظر.","يُرسل الطلب وتستكمل إجراءات التوثيق والمصادقات اللازمة.","يُرسل الطلب وتستكمل إجراءات التوثيق والمصادقات اللازمة.","","","","وزارة العدل — الخدمات الإلكترونية - الحالات الاجتماعية","https://www.moj.gov.sa/ar/Pages/default.aspx","2026-09-22","قابلة للتغير","PARTIALLY VERIFIED","المصدر رسمي لكنه لا يثبت آليًا جميع عناصر الاختصاص/المدة/الرسوم المركبة في النتيجة.","HIGH","النتيجة تمس الاختصاص أو طريق الاعتراض/التنفيذ أو مدة/رسومًا مؤثرة.","نعم","هل استثناء الأحوال الشخصية من التكاليف يشمل هذا الطلب التنفيذي تحديدًا، وما الاستثناءات؟","NEEDS REVIEW",""
"R-FAM-MARRIAGE-PAPER-ATTEST","الأحوال الشخصية والتركات","Q001: وش صار معك؟ ← أحوال شخصية → Q060: وش المشكلة الأسرية اللي عندك؟ ← ما أعرف التصنيف، أبي أحدد المشكلة خطوة بخطوة → Q400: وش المشكلة الأسرية بالتحديد؟ ← زواج / توثيق زواج / مشكلة في الولي → Q417: وش وضع الزواج أو الولاية عندك؟ ← عندي عقد ورقي من مأذون وأبي أصدقه","لديك عقد زواج ورقي صادر من مأذون مرخص وتريد توثيقه إلكترونيًا.","استخدم خدمة «تصديق عقد زواج» في ناجز وأرفق وثيقة العقد الصادرة من المأذون والمتطلبات الظاهرة في الخدمة.","وزارة العدل — محكمة الأحوال الشخصية/ناجز بحسب نوع الإجراء.","محكمة الأحوال الشخصية","تصديق عقد زواج | ناجز | توثيق حالة اجتماعية إلكتروني.","عقد زواج ورقي صادر من مأذون مرخص، وبيانات الزوج والزوجة والولي أو وكلائهم، والمرفقات التي تطلبها الخدمة بحسب الحالة.","وثيقة/بيانات العقد والمتطلبات التي تظهر في الخدمة.","4 أيام كمدة تنفيذ خدمة منشورة، وليست مهلة سقوط.","الدعاوى والطلبات التي تختص بها محاكم الأحوال الشخصية مستثناة من نظام التكاليف القضائية، عدا طلب النقض والتماس إعادة النظر.","يُقدّم الطلب وتستكمل إجراءات التصديق حتى إصدار الوثيقة الإلكترونية عند استيفاء المتطلبات.","يُقدّم الطلب وتستكمل إجراءات التصديق حتى إصدار الوثيقة الإلكترونية عند استيفاء المتطلبات.","","","","وزارة العدل — دليل خدمات الحالات الاجتماعية","https://www.moj.gov.sa/sites/knowledgebase/Documents02/CRM_CCTS_919838cc-7a15-45a8-967c-c144f1225f42.pdf","2026-09-22","قابلة للتغير","PARTIALLY VERIFIED","المصدر رسمي لكنه لا يثبت آليًا جميع عناصر الاختصاص/المدة/الرسوم المركبة في النتيجة.","HIGH","النتيجة تمس الاختصاص أو طريق الاعتراض/التنفيذ أو مدة/رسومًا مؤثرة.","نعم","هل استثناء الأحوال الشخصية من التكاليف يشمل هذا الطلب التنفيذي تحديدًا، وما الاستثناءات؟","NEEDS REVIEW",""
"R-FAM-MARRIAGE-PERMANENT-PROHIBITION","الأحوال الشخصية والتركات","Q001: وش صار معك؟ ← أحوال شخصية → Q060: وش المشكلة الأسرية اللي عندك؟ ← ما أعرف التصنيف، أبي أحدد المشكلة خطوة بخطوة → Q400: وش المشكلة الأسرية بالتحديد؟ ← زواج / توثيق زواج / مشكلة في الولي → Q417: وش وضع الزواج أو الولاية عندك؟ ← عندي مشكلة في صحة الزواج أو وجود مانع من الزواج → Q422: وش المشكلة في صحة عقد الزواج أو موانعه؟ ← فيه قرابة أو مصاهرة وقد يكون الزواج محرمًا على التأبيد","توجد شبهة تحريم مؤبد بسبب النسب أو المصاهرة أو اللعان.","لا تتعامل مع الحالة كإجراء توثيق عادي؛ حدّد سبب التحريم أولًا، وعند النزاع على انطباقه استخدم المسار القضائي.","وزارة العدل — محكمة الأحوال الشخصية/ناجز بحسب نوع الإجراء.","محكمة الأحوال الشخصية","يوجد احتمال مانع مؤبد من الزواج | التحقق من مانع الزواج وطلب حكم عند النزاع","المستندات والوقائع المؤيدة بحسب الحالة.","وثائق القرابة والزواج والرضاع أو حكم اللعان بحسب سبب المنع.","المنع مؤبد بطبيعته؛ لا مدة رقمية.","قضايا الأحوال الشخصية مستثناة من التكاليف القضائية.","غير منطبق ظاهرًا","تفصل المحكمة في النزاع عند الحاجة، أما التوثيق فيستخدم فقط إذا كانت الخدمة وشروطها تنطبق.","نظام الأحوال الشخصية","","المواد 20-25 تنظم المحرمات على التأبيد بالنسب والمصاهرة والرضاع واللعان، مع شروط الرضاع بالمادة 25.","هيئة الخبراء — نظام الأحوال الشخصية","https://laws.boe.gov.sa/BoeLaws/Laws/LawDetails/4d72d829-947b-45d5-b9b5-ae5800d6bac2/1","2026-09-22","ثابتة نظاميًا نسبيًا","VERIFIED","تدقيق تفصيلي ومصدر نظامي أولي فُتح وتحقق من بقائه متاحًا في هذه المرحلة.","HIGH","النتيجة تمس الاختصاص أو طريق الاعتراض/التنفيذ أو مدة/رسومًا مؤثرة.","نعم","هل استثناء الأحوال الشخصية من التكاليف يشمل هذا الطلب التنفيذي تحديدًا، وما الاستثناءات؟","NEEDS REVIEW",""
"R-FAM-MARRIAGE-PREVIOUS","الأحوال الشخصية والتركات","Q001: وش صار معك؟ ← أحوال شخصية → Q060: وش المشكلة الأسرية اللي عندك؟ ← ما أعرف التصنيف، أبي أحدد المشكلة خطوة بخطوة → Q400: وش المشكلة الأسرية بالتحديد؟ ← زواج / توثيق زواج / مشكلة في الولي → Q417: وش وضع الزواج أو الولاية عندك؟ ← الزواج حصل سابقًا وأبي أوثقه الآن","الزواج تم سابقًا وتريد إصدار وثيقة زواج رسمية الآن.","قدّم طلب توثيق زواج سابق وأكمل بيانات الأطراف والواقعة والمصادقات المطلوبة.","وزارة العدل — محكمة الأحوال الشخصية/ناجز بحسب نوع الإجراء.","محكمة الأحوال الشخصية","توثيق زواج سابق | ناجز | توثيق حالة اجتماعية.","بيانات الواقعة والأطراف والمستندات التي يطلبها النموذج بحسب الحالة.","ما يطلبه نموذج الخدمة بحسب حالة الأطراف؛ لا نضيف مستندات غير منشورة.","5 أيام كمدة تنفيذ خدمة منشورة، وليست مهلة سقوط.","لا نثبت رسمًا دون مصدر رسمي خاص.","غير منطبق ظاهرًا","بعد استكمال المصادقات والتدقيق تصدر وثيقة الزواج عند قبول الطلب.","","","","وزارة العدل — دليل توثيق زواج سابق","https://www.moj.gov.sa/sites/knowledgebase/Documents02/CRM_CCTS_1b22fe32-4e30-4fd8-a2f9-1ffefdbfcedc.pdf","2026-09-22","قابلة للتغير","PARTIALLY VERIFIED","المصدر رسمي لكنه لا يثبت آليًا جميع عناصر الاختصاص/المدة/الرسوم المركبة في النتيجة.","HIGH","النتيجة تمس الاختصاص أو طريق الاعتراض/التنفيذ أو مدة/رسومًا مؤثرة.","نعم","هل استثناء الأحوال الشخصية من التكاليف يشمل هذا الطلب التنفيذي تحديدًا، وما الاستثناءات؟","NEEDS REVIEW",""
"R-FAM-MARRIAGE-RECONTRACT","الأحوال الشخصية والتركات","Q001: وش صار معك؟ ← أحوال شخصية → Q060: وش المشكلة الأسرية اللي عندك؟ ← ما أعرف التصنيف، أبي أحدد المشكلة خطوة بخطوة → Q400: وش المشكلة الأسرية بالتحديد؟ ← زواج / توثيق زواج / مشكلة في الولي → Q417: وش وضع الزواج أو الولاية عندك؟ ← عندي مشكلة في صحة الزواج أو وجود مانع من الزواج → Q422: وش المشكلة في صحة عقد الزواج أو موانعه؟ ← أبي أعرف هل يمكن عقد زواج جديد صحيح","تريد تصحيح الوضع بعقد زواج جديد مستوفٍ للشروط.","المادة 35 تجيز للزوجين إبرام عقد جديد مستوفٍ للأركان والشروط دون الحاجة لحكم بفسخ السابق الفاسد أو الباطل، مع مراعاة إجراءات التوثيق.","وزارة العدل — محكمة الأحوال الشخصية/ناجز بحسب نوع الإجراء.","محكمة الأحوال الشخصية","زواج سابق فاسد أو باطل ويريد الطرفان تصحيح العلاقة بعقد صحيح | إبرام عقد زواج جديد مستوفٍ الأركان والشروط","المستندات والوقائع المؤيدة بحسب الحالة.","وثائق ومتطلبات عقد الزواج الجديد بحسب خدمة التوثيق الحالية.","لا مدة رقمية.","قضايا الأحوال الشخصية مستثناة من التكاليف القضائية عند رفع الدعوى.","غير منطبق ظاهرًا","تفصل المحكمة في النزاع عند الحاجة، أما التوثيق فيستخدم فقط إذا كانت الخدمة وشروطها تنطبق.","نظام الأحوال الشخصية","","المادة 35 تجيز للزوجين إبرام عقد زواج جديد مستوفٍ الأركان والشروط دون الحاجة إلى حكم قضائي بفسخ العقد السابق الفاسد أو الباطل، مع مراعاة إجراءات التوثيق.","هيئة الخبراء بمجلس الوزراء — نظام الأحوال الشخصية","https://laws.boe.gov.sa/BoeLaws/Laws/LawDetails/4d72d829-947b-45d5-b9b5-ae5800d6bac2/1","2026-09-22","ثابتة نظاميًا نسبيًا","VERIFIED","تدقيق تفصيلي ومصدر نظامي أولي فُتح وتحقق من بقائه متاحًا في هذه المرحلة.","HIGH","النتيجة تمس الاختصاص أو طريق الاعتراض/التنفيذ أو مدة/رسومًا مؤثرة.","نعم","هل استثناء الأحوال الشخصية من التكاليف يشمل هذا الطلب التنفيذي تحديدًا، وما الاستثناءات؟","NEEDS REVIEW",""
"R-FAM-MARRIAGE-TEMP-PROHIBITION","الأحوال الشخصية والتركات","Q001: وش صار معك؟ ← أحوال شخصية → Q060: وش المشكلة الأسرية اللي عندك؟ ← ما أعرف التصنيف، أبي أحدد المشكلة خطوة بخطوة → Q400: وش المشكلة الأسرية بالتحديد؟ ← زواج / توثيق زواج / مشكلة في الولي → Q417: وش وضع الزواج أو الولاية عندك؟ ← عندي مشكلة في صحة الزواج أو وجود مانع من الزواج → Q422: وش المشكلة في صحة عقد الزواج أو موانعه؟ ← فيه مانع مؤقت مثل العدة أو الجمع أو الإحرام أو اختلاف الدين","توجد شبهة مانع مؤقت من الزواج.","تحقق من نوع المانع؛ المادة 26 تشمل العدة، البينونة الكبرى بشروطها، الجمع فوق أربع، الجمع بين المحارم المذكورات، الإحرام، وزواج المسلم من غير الكتابية أو المسلمة من غير المسلم.","وزارة العدل — محكمة الأحوال الشخصية/ناجز بحسب نوع الإجراء.","محكمة الأحوال الشخصية","يوجد مانع مؤقت من الزواج | التحقق من زوال المانع قبل العقد","المستندات والوقائع المؤيدة بحسب الحالة.","وثائق الحالة المدنية/الزواج/الطلاق والعدة أو ما يثبت زوال المانع بحسب الحالة.","تستمر الحرمة ما دام سبب المنع المؤقت قائمًا؛ لا مدة موحدة.","قضايا الأحوال الشخصية مستثناة من التكاليف القضائية.","غير منطبق ظاهرًا","تفصل المحكمة في النزاع عند الحاجة، أما التوثيق فيستخدم فقط إذا كانت الخدمة وشروطها تنطبق.","نظام الأحوال الشخصية","","المادة 26 تسرد حالات التحريم المؤقت، ومنها المعتدة، والبائن بينونة كبرى وفق شروطها، والجمع المحظور، والإحرام، وبعض حالات اختلاف الدين.","هيئة الخبراء — نظام الأحوال الشخصية","https://laws.boe.gov.sa/BoeLaws/Laws/LawDetails/4d72d829-947b-45d5-b9b5-ae5800d6bac2/1","2026-09-22","ثابتة نظاميًا نسبيًا","VERIFIED","تدقيق تفصيلي ومصدر نظامي أولي فُتح وتحقق من بقائه متاحًا في هذه المرحلة.","HIGH","النتيجة تمس الاختصاص أو طريق الاعتراض/التنفيذ أو مدة/رسومًا مؤثرة.","نعم","هل استثناء الأحوال الشخصية من التكاليف يشمل هذا الطلب التنفيذي تحديدًا، وما الاستثناءات؟","NEEDS REVIEW",""
"R-FAM-MARRIAGE-VALIDITY-REQ","الأحوال الشخصية والتركات","Q001: وش صار معك؟ ← أحوال شخصية → Q060: وش المشكلة الأسرية اللي عندك؟ ← ما أعرف التصنيف، أبي أحدد المشكلة خطوة بخطوة → Q400: وش المشكلة الأسرية بالتحديد؟ ← زواج / توثيق زواج / مشكلة في الولي → Q417: وش وضع الزواج أو الولاية عندك؟ ← عندي مشكلة في صحة الزواج أو وجود مانع من الزواج → Q422: وش المشكلة في صحة عقد الزواج أو موانعه؟ ← أبي أعرف شروط صحة عقد الزواج","تريد التحقق من شروط صحة عقد الزواج.","راجع توافر تعيين الزوجين ورضاهما والإيجاب من الولي والشاهدين وعدم وجود تحريم مؤبد أو مؤقت. إذا كان هناك نزاع في تحقق شرط من هذه الشروط فالمسار قضائي.","وزارة العدل — محكمة الأحوال الشخصية/ناجز بحسب نوع الإجراء.","محكمة الأحوال الشخصية","يراد التحقق من انعقاد عقد الزواج وصحته | إبرام/توثيق عقد زواج مستوفٍ للأركان والشروط","المستندات والوقائع المؤيدة بحسب الحالة.","هويات الأطراف وما تتطلبه خدمة عقد الزواج من وثائق وحالة اجتماعية وفحص/متطلبات تنظيمية بحسب الحالة.","لا مدة موضوعية موحدة.","قضايا الأحوال الشخصية مستثناة من التكاليف القضائية.","غير منطبق ظاهرًا","تفصل المحكمة في النزاع عند الحاجة، أما التوثيق فيستخدم فقط إذا كانت الخدمة وشروطها تنطبق.","نظام الأحوال الشخصية","","المواد 8 وما بعدها من نظام الأحوال الشخصية تنظم أركان عقد الزواج وشروطه والولاية والشهادة والموانع؛ وتطبق إجراءات التوثيق الرسمية.","هيئة الخبراء — نظام الأحوال الشخصية","https://laws.boe.gov.sa/BoeLaws/Laws/LawDetails/4d72d829-947b-45d5-b9b5-ae5800d6bac2/1","2026-09-22","ثابتة نظاميًا نسبيًا","VERIFIED","تدقيق تفصيلي ومصدر نظامي أولي فُتح وتحقق من بقائه متاحًا في هذه المرحلة.","HIGH","النتيجة تمس الاختصاص أو طريق الاعتراض/التنفيذ أو مدة/رسومًا مؤثرة.","نعم","هل استثناء الأحوال الشخصية من التكاليف يشمل هذا الطلب التنفيذي تحديدًا، وما الاستثناءات؟","NEEDS REVIEW",""
"R-FAM-MARRIAGE-VERIFY","الأحوال الشخصية والتركات","Q001: وش صار معك؟ ← أحتاج توثيق أو خدمة بدون نزاع → Q100: وش الخدمة اللي تبيها؟ ← طلاق / رجعة / حضانة / زواج → Q155: وش الإجراء الاجتماعي المطلوب؟ ← زواج / توثيق زواج → Q233: وش الإجراء المطلوب للزواج؟ ← التحقق من عقد زواج إلكتروني موجود","لديك عقد زواج إلكتروني قائم وتريد التحقق من صحته وبياناته.","استخدم خدمة «التحقق من عقد زواج» في ناجز وأدخل رقم الوثيقة ورقم الهوية.","وزارة العدل — محكمة الأحوال الشخصية/ناجز بحسب نوع الإجراء.","محكمة الأحوال الشخصية","التحقق من عقد زواج | ناجز | توثيق حالة اجتماعية إلكتروني.","للتحقق تُدخل رقم الوثيقة ورقم الهوية والبيانات التي تطلبها خدمة التحقق. هذه بيانات تحقق وليست مستندات مطلوبة.","لا نضيف مستندات إلزامية؛ المطلوب بيانات التحقق التي تظهر في الخدمة.","فوري كمدة تنفيذ خدمة منشورة، وليست مهلة سقوط.","الدعاوى والطلبات التي تختص بها محاكم الأحوال الشخصية مستثناة من نظام التكاليف القضائية، عدا طلب النقض والتماس إعادة النظر.","تعرض الخدمة نتيجة التحقق من عقد الزواج المسجل إلكترونيًا.","تعرض الخدمة نتيجة التحقق من عقد الزواج المسجل إلكترونيًا.","","","","وزارة العدل — الخدمات الإلكترونية - الحالات الاجتماعية","https://www.moj.gov.sa/ar/Pages/default.aspx","2026-09-20","قابلة للتغير","PARTIALLY VERIFIED","المصدر رسمي لكنه لا يثبت آليًا جميع عناصر الاختصاص/المدة/الرسوم المركبة في النتيجة.","HIGH","النتيجة تمس الاختصاص أو طريق الاعتراض/التنفيذ أو مدة/رسومًا مؤثرة.","نعم","هل استثناء الأحوال الشخصية من التكاليف يشمل هذا الطلب التنفيذي تحديدًا، وما الاستثناءات؟","NEEDS REVIEW",""
"R-FAM-MARRIAGE-VOID","الأحوال الشخصية والتركات","Q001: وش صار معك؟ ← أحوال شخصية → Q060: وش المشكلة الأسرية اللي عندك؟ ← ما أعرف التصنيف، أبي أحدد المشكلة خطوة بخطوة → Q400: وش المشكلة الأسرية بالتحديد؟ ← زواج / توثيق زواج / مشكلة في الولي → Q417: وش وضع الزواج أو الولاية عندك؟ ← عندي مشكلة في صحة الزواج أو وجود مانع من الزواج → Q422: وش المشكلة في صحة عقد الزواج أو موانعه؟ ← العقد قد يكون باطلًا وأبي أعرف آثاره","تسأل عن عقد زواج باطل وآثاره.","إذا تخلف ركن أو شرط صحة أو وجد الشرط المبطل المنصوص عليه، فراجع المواد 32–33؛ الآثار تختلف قبل الدخول وبعده، لذلك لا تستخدم نتيجة واحدة دون تحديد حصول الدخول والعلم بحكم العقد.","وزارة العدل — محكمة الأحوال الشخصية/ناجز بحسب نوع الإجراء.","محكمة الأحوال الشخصية","عقد زواج اختل فيه ركن أو وجد مانع يجعله باطلًا | دعوى تقرير بطلان/آثاره عند النزاع، أو عقد جديد صحيح عند إمكان التصحيح","المستندات والوقائع المؤيدة بحسب الحالة.","عقد الزواج وأدلة سبب البطلان والوقائع اللاحقة ذات الأثر.","لا مدة رقمية عامة.","قضايا الأحوال الشخصية مستثناة من التكاليف القضائية.","غير منطبق ظاهرًا","تفصل المحكمة في النزاع عند الحاجة، أما التوثيق فيستخدم فقط إذا كانت الخدمة وشروطها تنطبق.","نظام الأحوال الشخصية","","النظام يميز الزواج الصحيح والفاسد والباطل ويرتب آثارًا مختلفة، ويجيز عقدًا جديدًا صحيحًا دون اشتراط حكم فسخ سابق للعقد الفاسد/الباطل وفق المادة 35.","هيئة الخبراء — نظام الأحوال الشخصية","https://laws.boe.gov.sa/BoeLaws/Laws/LawDetails/4d72d829-947b-45d5-b9b5-ae5800d6bac2/1","2026-09-22","ثابتة نظاميًا نسبيًا","VERIFIED","تدقيق تفصيلي ومصدر نظامي أولي فُتح وتحقق من بقائه متاحًا في هذه المرحلة.","HIGH","النتيجة تمس الاختصاص أو طريق الاعتراض/التنفيذ أو مدة/رسومًا مؤثرة.","نعم","هل استثناء الأحوال الشخصية من التكاليف يشمل هذا الطلب التنفيذي تحديدًا، وما الاستثناءات؟","NEEDS REVIEW",""
"R-FAM-MINOR-ASSET-PERMISSION","الأحوال الشخصية والتركات","Q001: وش صار معك؟ ← أحوال شخصية → Q060: وش المشكلة الأسرية اللي عندك؟ ← ما أعرف التصنيف، أبي أحدد المشكلة خطوة بخطوة → Q400: وش المشكلة الأسرية بالتحديد؟ ← قاصر / ولاية / وصاية → Q414: وش موضوع القاصر أو الولاية أو الوصاية؟ ← أحتاج إذنًا للتصرف في مال القاصر","تريد إجراء تصرف في مال قاصر مما قد يستلزم إذن المحكمة.","لا تنفذ التصرف اعتمادًا على صفة الولي وحدها إذا كان من التصرفات التي تستوجب إذن المحكمة؛ قدّم الطلب القضائي المناسب عبر ناجز.","وزارة العدل — محكمة الأحوال الشخصية/ناجز بحسب نوع الإجراء.","محكمة الأحوال الشخصية","ولي/وصي يريد تصرفًا في مال قاصر يستوجب إذن المحكمة | ناجز | طلب إذن بالتصرف في مال القاصر","بيانات القاصر والولي/الوصي، تفاصيل المال والتصرف المطلوب ومستنداته ومبررات مصلحة القاصر.","صك الولاية/الوصاية، مستند المال، تفاصيل التصرف وما يثبت مصلحة القاصر.","لا مدة رقمية عامة.","قضايا الأحوال الشخصية مستثناة من التكاليف القضائية عند رفع الدعوى.","غير منطبق ظاهرًا","تراجع المحكمة التصرف المقترح ومصلحة القاصر قبل الإذن به عند وجوب الإذن.","نظام الأحوال الشخصية","","وزارة العدل تنص صراحة على اختصاص محاكم الأحوال الشخصية بالإذن للأولياء والأوصياء في التصرفات التي تستوجب إذن المحكمة.","وزارة العدل — شرح نظام الأحوال الشخصية","https://laws-gateway.moj.gov.sa/apis/legislations/v1/ExportDocument/pdf?Serial=4DC3ARZ00YqnoqpraZMxCQ","2026-09-22","قابلة للتغير","VERIFIED","تدقيق تفصيلي ومصدر نظامي أولي فُتح وتحقق من بقائه متاحًا في هذه المرحلة.","HIGH","النتيجة تمس الاختصاص أو طريق الاعتراض/التنفيذ أو مدة/رسومًا مؤثرة.","نعم","هل استثناء الأحوال الشخصية من التكاليف يشمل هذا الطلب التنفيذي تحديدًا، وما الاستثناءات؟","NEEDS REVIEW",""
"R-FAM-MINOR-GUARDIAN","الأحوال الشخصية والتركات","Q001: وش صار معك؟ ← أحوال شخصية → Q060: وش المشكلة الأسرية اللي عندك؟ ← ما أعرف التصنيف، أبي أحدد المشكلة خطوة بخطوة → Q400: وش المشكلة الأسرية بالتحديد؟ ← قاصر / ولاية / وصاية → Q414: وش موضوع القاصر أو الولاية أو الوصاية؟ ← أحتاج إقامة ولي أو وصي على قاصر","تحتاج تنظيم الولاية أو الوصاية على قاصر.","إذا كانت المسألة تحتاج حكمًا أو تعيينًا قضائيًا: ناجز ← القضاء ← صحيفة الدعوى ← تصنيف الأحوال الشخصية المناسب.","وزارة العدل — محكمة الأحوال الشخصية/ناجز بحسب نوع الإجراء.","محكمة الأحوال الشخصية","قاصر يحتاج وليًا/تمثيلًا | ناجز | طلب/دعوى ولاية بحسب الحالة أمام الأحوال الشخصية","ما يثبت صفة القاصر وعلاقته بمقدم الطلب، وما تطلبه صحيفة الدعوى بحسب التصنيف.","هوية القاصر، سجل الأسرة/ما يثبت العلاقة، مستندات حالة الأب أو سبب الحاجة للتعيين، وأي مستندات مالية عند ولاية المال.","لا مدة رقمية عامة لطلب تعيين الولي.","قضايا الأحوال الشخصية مستثناة من التكاليف القضائية.","غير منطبق ظاهرًا","تتحقق المحكمة من الصفة والمصلحة وشروط الولي أو الوصي ثم تصدر ما يلزم بحسب الحالة.","نظام الأحوال الشخصية","","المواد 136-140: تعريف القاصر، الولي هو الأب أو من تعينه المحكمة، تقسيم الولاية إلى النفس والمال، وترتيب ولاية المال للأب ثم وصي الأب ثم من تعينه المحكمة وشروط الولي.","هيئة الخبراء بمجلس الوزراء — نظام الأحوال الشخصية","https://laws.boe.gov.sa/BoeLaws/Laws/LawDetails/4d72d829-947b-45d5-b9b5-ae5800d6bac2/1","2026-09-22","قابلة للتغير","VERIFIED","تدقيق تفصيلي ومصدر نظامي أولي فُتح وتحقق من بقائه متاحًا في هذه المرحلة.","HIGH","النتيجة تمس الاختصاص أو طريق الاعتراض/التنفيذ أو مدة/رسومًا مؤثرة.","نعم","هل استثناء الأحوال الشخصية من التكاليف يشمل هذا الطلب التنفيذي تحديدًا، وما الاستثناءات؟","NEEDS REVIEW",""
"R-FAM-MINOR-GUARDIAN-DISPUTE","الأحوال الشخصية والتركات","Q001: وش صار معك؟ ← أحوال شخصية → Q060: وش المشكلة الأسرية اللي عندك؟ ← ما أعرف التصنيف، أبي أحدد المشكلة خطوة بخطوة → Q400: وش المشكلة الأسرية بالتحديد؟ ← قاصر / ولاية / وصاية → Q414: وش موضوع القاصر أو الولاية أو الوصاية؟ ← أحتاج عزل أو تغيير ولي/وصي أو عندي نزاع على إدارته","هناك نزاع أو طلب عزل/تغيير ولي أو وصي.","استخدم صحيفة الدعوى في ناجز بالتصنيف المتعلق بالولاية/الوصاية، وأرفق الوقائع والمستندات التي تبرر الطلب.","وزارة العدل — محكمة الأحوال الشخصية/ناجز بحسب نوع الإجراء.","محكمة الأحوال الشخصية","نزاع على صلاحية ولي/وصي أو طلب عزله/استبداله | ناجز | طلب/دعوى عزل ولي أو وصي وإقامة بدل عند الاقتضاء","ما يثبت الصفة، قرار/صك الولاية أو الوصاية إن وجد، وأدلة سبب الاعتراض أو طلب العزل/التغيير.","صك الولاية/الوصاية وأدلة سبب العزل وبيانات القاصر.","لا مدة رقمية عامة.","قضايا الأحوال الشخصية مستثناة من التكاليف القضائية عند رفع الدعوى.","تفصل المحكمة في استمرار الولاية/الوصاية أو تغييرها وما يلزم لحماية القاصر وماله.","تفصل المحكمة في استمرار الولاية/الوصاية أو تغييرها وما يلزم لحماية القاصر وماله.","نظام الأحوال الشخصية","","لائحة المرافعات 33/12 تجيز لمحكمة الأحوال الشخصية عزل الولي/الوصي عند ظهور موجب، ووزارة العدل تثبت اختصاصها بالعزل.","وزارة العدل — شرح نظام الأحوال الشخصية","https://laws-gateway.moj.gov.sa/apis/legislations/v1/ExportDocument/pdf?Serial=4DC3ARZ00YqnoqpraZMxCQ","2026-09-22","قابلة للتغير","VERIFIED","تدقيق تفصيلي ومصدر نظامي أولي فُتح وتحقق من بقائه متاحًا في هذه المرحلة.","HIGH","النتيجة تمس الاختصاص أو طريق الاعتراض/التنفيذ أو مدة/رسومًا مؤثرة.","نعم","هل استثناء الأحوال الشخصية من التكاليف يشمل هذا الطلب التنفيذي تحديدًا، وما الاستثناءات؟","NEEDS REVIEW",""
"R-FAM-MINOR-MAJORITY","الأحوال الشخصية والتركات","Q001: وش صار معك؟ ← أحوال شخصية → Q060: وش المشكلة الأسرية اللي عندك؟ ← ما أعرف التصنيف، أبي أحدد المشكلة خطوة بخطوة → Q400: وش المشكلة الأسرية بالتحديد؟ ← قاصر / ولاية / وصاية → Q414: وش موضوع القاصر أو الولاية أو الوصاية؟ ← بلغ القاصر سن الرشد وأحتاج إنهاء/مراجعة الولاية على المال","القاصر بلغ سن الرشد وتريد معرفة أثر ذلك على الولاية على ماله.","تحقق من نوع الولاية/الحجر والوثيقة القائمة، ثم استخدم المسار القضائي المناسب إذا كانت الحالة تتطلب إثبات رشد أو إنهاء قيد قضائي.","وزارة العدل — محكمة الأحوال الشخصية/ناجز بحسب نوع الإجراء.","محكمة الأحوال الشخصية","قاصر بلغ سنًا/حالة تستدعي إثبات الرشد وإنهاء الولاية المالية | طلب إثبات الرشد وآثار انتهاء الولاية","الهوية والوثيقة القائمة وأي مستندات تتعلق بالرشد أو إدارة المال بحسب نوع الطلب.","صك الولاية/الوصاية وما تطلبه الدائرة لإثبات الرشد.","لا أضع مدة تسليم رقمية هنا دون إعادة تحقق نص المادة الدقيقة.","قضايا الأحوال الشخصية مستثناة من التكاليف القضائية عند رفع الدعوى.","غير منطبق ظاهرًا","يحدد الأثر بحسب نوع الولاية أو القيد القائم والحالة النظامية للشخص.","نظام الأحوال الشخصية","","اللائحة 33/11 تجيز للولي والوصي التقدم بطلب إثبات الرشد في أي محكمة أحوال شخصية، ومتى ثبت يتم التهميش على الصك.","وزارة العدل — شرح نظام الأحوال الشخصية","https://laws-gateway.moj.gov.sa/apis/legislations/v1/ExportDocument/pdf?Serial=4DC3ARZ00YqnoqpraZMxCQ","2026-09-22","ثابتة نظاميًا نسبيًا","VERIFIED","تدقيق تفصيلي ومصدر نظامي أولي فُتح وتحقق من بقائه متاحًا في هذه المرحلة.","HIGH","النتيجة تمس الاختصاص أو طريق الاعتراض/التنفيذ أو مدة/رسومًا مؤثرة.","نعم","هل استثناء الأحوال الشخصية من التكاليف يشمل هذا الطلب التنفيذي تحديدًا، وما الاستثناءات؟","NEEDS REVIEW",""
"R-FAM-MISSING-DEATH","الأحوال الشخصية والتركات","Q001: وش صار معك؟ ← أحوال شخصية → Q060: وش المشكلة الأسرية اللي عندك؟ ← ما أعرف التصنيف، أبي أحدد المشكلة خطوة بخطوة → Q400: وش المشكلة الأسرية بالتحديد؟ ← غائب أو مفقود → Q412: وش وضع الغائب أو المفقود؟ ← أبي طلب الحكم بوفاة المفقود","تريد طلب الحكم بوفاة شخص مفقود.","يقدّم ذو المصلحة الطلب للمحكمة؛ ولا يُعامل مجرد انقطاع الأخبار كوفاة تلقائية.","وزارة العدل — محكمة الأحوال الشخصية/ناجز بحسب نوع الإجراء.","محكمة الأحوال الشخصية","طلب الحكم بوفاة مفقود | دعوى/طلب الحكم باعتبار المفقود متوفى","إثبات صفة ومصلحة مقدم الطلب، تاريخ وظروف الفقد، البلاغات وما يدعم البحث عن المفقود.","ما يثبت الفقد، آخر ظهور، البلاغات والبحث، وظروف الفقد.","إذا كانت ظروف الفقد يغلب معها الهلاك فالحد الأدنى سنة، وفي غير ذلك لا يحكم بالموت إلا بعد مضي 4 سنوات من تاريخ إبلاغ الجهة المختصة بالفقد.","قضايا الأحوال الشخصية مستثناة من التكاليف القضائية.","غير منطبق ظاهرًا","إذا كان الإجراء قضائياً فتُراجع المحكمة الوقائع والمستندات، وإذا كان توثيقاً إلكترونياً فتسير المعاملة وفق خطوات ناجز.","نظام الأحوال الشخصية - الولاية والغائب والمفقود","","المواد 163 وما بعدها تنظم مدد وإجراءات الحكم بوفاة المفقود؛ والمادة 167 تجعل تاريخ صدور الحكم تاريخ الوفاة ما لم يثبت التاريخ الحقيقي لاحقًا.","هيئة الخبراء بمجلس الوزراء — نظام الأحوال الشخصية - الولاية والغائب والمفقود","https://laws.boe.gov.sa/BoeLaws/Laws/LawDetails/4d72d829-947b-45d5-b9b5-ae5800d6bac2/1","2026-09-22","ثابتة نظاميًا نسبيًا","VERIFIED","تدقيق تفصيلي ومصدر نظامي أولي فُتح وتحقق من بقائه متاحًا في هذه المرحلة.","HIGH","النتيجة تمس الاختصاص أو طريق الاعتراض/التنفيذ أو مدة/رسومًا مؤثرة.","نعم","هل استثناء الأحوال الشخصية من التكاليف يشمل هذا الطلب التنفيذي تحديدًا، وما الاستثناءات؟","NEEDS REVIEW",""
"R-FAM-MISSING-PERSON","الأحوال الشخصية والتركات","Q001: وش صار معك؟ ← أحوال شخصية → Q060: وش المشكلة الأسرية اللي عندك؟ ← ما أعرف التصنيف، أبي أحدد المشكلة خطوة بخطوة → Q400: وش المشكلة الأسرية بالتحديد؟ ← غائب أو مفقود → Q412: وش وضع الغائب أو المفقود؟ ← شخص مفقود ولا نعرف حي أو متوفى","الشخص غائب ولا تعرف حياته ولا وفاته.","ابدأ بالمسار القضائي لإثبات الفقد وما يلزم لحماية وإدارة أمواله؛ وإذا لم يكن له وكيل فللمحكمة تعيين ولي.","وزارة العدل — محكمة الأحوال الشخصية/ناجز بحسب نوع الإجراء.","محكمة الأحوال الشخصية","شخص غائب لا تعرف حياته ولا وفاته | طلب قضائي متعلق بالمفقود وإدارة أمواله","بيانات المفقود، تاريخ وظروف الفقد، البلاغات أو الأدلة المتاحة، وبيانات الأموال إن وجدت.","بلاغات/مكاتبات البحث، بيانات آخر ظهور، الأموال والالتزامات، وأي وكالة قائمة.","لا مدة رقمية لمجرد وصف الشخص بالمفقود؛ مدد الحكم بالوفاة تختلف بحسب ظروف الفقد.","قضايا الأحوال الشخصية مستثناة من التكاليف القضائية.","غير منطبق ظاهرًا","إذا كان الإجراء قضائياً فتُراجع المحكمة الوقائع والمستندات، وإذا كان توثيقاً إلكترونياً فتسير المعاملة وفق خطوات ناجز.","نظام الأحوال الشخصية - الولاية والغائب والمفقود","","المادتان 161-162 تعرفان المفقود وتجيزان تعيين ولي على أمواله عند عدم وجود وكيل؛ والمواد التالية تنظم الحكم بالوفاة.","هيئة الخبراء بمجلس الوزراء — نظام الأحوال الشخصية - الولاية والغائب والمفقود","https://laws.boe.gov.sa/BoeLaws/Laws/LawDetails/4d72d829-947b-45d5-b9b5-ae5800d6bac2/1","2026-09-22","ثابتة نظاميًا نسبيًا","VERIFIED","تدقيق تفصيلي ومصدر نظامي أولي فُتح وتحقق من بقائه متاحًا في هذه المرحلة.","HIGH","النتيجة تمس الاختصاص أو طريق الاعتراض/التنفيذ أو مدة/رسومًا مؤثرة.","نعم","هل استثناء الأحوال الشخصية من التكاليف يشمل هذا الطلب التنفيذي تحديدًا، وما الاستثناءات؟","NEEDS REVIEW",""
"R-FAM-MISSING-RETURN","الأحوال الشخصية والتركات","Q001: وش صار معك؟ ← أحوال شخصية → Q060: وش المشكلة الأسرية اللي عندك؟ ← ما أعرف التصنيف، أبي أحدد المشكلة خطوة بخطوة → Q400: وش المشكلة الأسرية بالتحديد؟ ← غائب أو مفقود → Q412: وش وضع الغائب أو المفقود؟ ← حُكم بوفاته ثم ظهر حيًا","صدر حكم باعتبار المفقود متوفى ثم ظهر حيًا.","تحتاج معالجة قضائية لآثار الحكم السابق على أمواله وحالته الأسرية وفق المادة 168.","وزارة العدل — محكمة الأحوال الشخصية/ناجز بحسب نوع الإجراء.","محكمة الأحوال الشخصية","مفقود حكم بوفاته ثم ظهر حيًا | طلب ترتيب آثار ظهور المفقود حيًا بعد حكم الوفاة","الحكم السابق، إثبات حياة وعودة الشخص، بيانات التركة والورثة، وبيانات الزواج إن كانت متأثرة.","حكم الوفاة، إثبات الهوية والظهور حيًا، بيان الأموال الموجودة عينًا، ووثائق الحالة الزوجية.","لا مدة رقمية خاصة في المادة 168.","قضايا الأحوال الشخصية مستثناة من التكاليف القضائية.","غير منطبق ظاهرًا","إذا كان الإجراء قضائياً فتُراجع المحكمة الوقائع والمستندات، وإذا كان توثيقاً إلكترونياً فتسير المعاملة وفق خطوات ناجز.","نظام الأحوال الشخصية - الولاية والغائب والمفقود","","المادة 168: يرجع المفقود بالموجود عينًا من ماله على الورثة؛ وتعود زوجته إلى عصمته ما لم تتزوج زوجًا آخر ويدخل بها.","هيئة الخبراء بمجلس الوزراء — نظام الأحوال الشخصية - الولاية والغائب والمفقود","https://laws.boe.gov.sa/BoeLaws/Laws/LawDetails/4d72d829-947b-45d5-b9b5-ae5800d6bac2/1","2026-09-22","ثابتة نظاميًا نسبيًا","VERIFIED","تدقيق تفصيلي ومصدر نظامي أولي فُتح وتحقق من بقائه متاحًا في هذه المرحلة.","HIGH","النتيجة تمس الاختصاص أو طريق الاعتراض/التنفيذ أو مدة/رسومًا مؤثرة.","نعم","هل استثناء الأحوال الشخصية من التكاليف يشمل هذا الطلب التنفيذي تحديدًا، وما الاستثناءات؟","NEEDS REVIEW",""
"R-FAM-MULTIPLE-TRUSTEES","الأحوال الشخصية والتركات","Q001: وش صار معك؟ ← أحوال شخصية → Q060: وش المشكلة الأسرية اللي عندك؟ ← ما أعرف التصنيف، أبي أحدد المشكلة خطوة بخطوة → Q400: وش المشكلة الأسرية بالتحديد؟ ← قاصر / ولاية / وصاية → Q414: وش موضوع القاصر أو الولاية أو الوصاية؟ ← عندنا أكثر من وصي أو خلاف على صلاحياتهم","الأب عيّن أكثر من وصي أو توجد مشكلة في صلاحية كل وصي.","اعرض وثيقة الوصاية وتعيينات الأوصياء على محكمة الأحوال الشخصية لتحديد من يباشر وما إذا كانت الصلاحيات مشتركة أو منفردة، ولا ينفرد أحدهم بتصرف غير ثابت له.","وزارة العدل — محكمة الأحوال الشخصية/ناجز بحسب نوع الإجراء.","محكمة الأحوال الشخصية","يوجد أكثر من وصي على مال قاصر ويجب تحديد طريقة مباشرتهم للصلاحيات | طلب قضائي لتنظيم/تحديد صلاحيات الأوصياء عند النزاع أو الغموض","ثبوت صفة كل وصي ومضمون وثيقة التعيين ومصلحة القاصر.","وثائق الوصاية/التعيين، بيانات القاصر، وأي قرارات قضائية سابقة.","لا مدة عامة ثابتة أضيفها لهذه النتيجة دون نص مباشر.","الدعاوى والطلبات التي تختص بها محاكم الأحوال الشخصية مستثناة من نظام التكاليف القضائية، عدا طلب النقض والتماس إعادة النظر.","تابع حالة الطلب ورقم الطلب في المنصة نفسها. إذا أعيد للاستكمال، استكمل النقص على الطلب القائم ولا تنشئ طلبًا جديدًا إلا إذا نصت الخدمة على ذلك.","تابع حالة الطلب ورقم الطلب في المنصة نفسها. إذا أعيد للاستكمال، استكمل النقص على الطلب القائم ولا تنشئ طلبًا جديدًا إلا إذا نصت الخدمة على ذلك.","نظام الأحوال الشخصية","","أحكام الولاية والوصاية في نظام الأحوال الشخصية هي المرجع؛ ويجب الرجوع إلى نص التعيين وحكم المحكمة عند تعدد الأوصياء بدل افتراض صلاحية منفردة.","هيئة الخبراء — نظام الأحوال الشخصية","https://laws.boe.gov.sa/BoeLaws/Laws/LawDetails/4d72d829-947b-45d5-b9b5-ae5800d6bac2/1","2026-09-22","ثابتة نظاميًا نسبيًا","VERIFIED","تدقيق تفصيلي ومصدر نظامي أولي فُتح وتحقق من بقائه متاحًا في هذه المرحلة.","HIGH","النتيجة تمس الاختصاص أو طريق الاعتراض/التنفيذ أو مدة/رسومًا مؤثرة.","نعم","هل استثناء الأحوال الشخصية من التكاليف يشمل هذا الطلب التنفيذي تحديدًا، وما الاستثناءات؟","NEEDS REVIEW",""
"R-FAM-NAFAQA-CHANGE","الأحوال الشخصية والتركات","Q001: وش صار معك؟ ← أحوال شخصية → Q060: وش المشكلة الأسرية اللي عندك؟ ← ما أعرف التصنيف، أبي أحدد المشكلة خطوة بخطوة → Q400: وش المشكلة الأسرية بالتحديد؟ ← أبي زيادة أو إنقاص نفقة محكوم بها","لديك حكم نفقة وتغيرت الأحوال وتريد زيادة النفقة أو إنقاصها.","ارفع دعوى زيادة/إنقاص النفقة مع بيان التغير الذي طرأ وإرفاق ما يدعمه.","وزارة العدل — محكمة الأحوال الشخصية/ناجز بحسب نوع الإجراء.","محكمة الأحوال الشخصية","زيادة أو إنقاص نفقة محكوم بها بعد تغير الظروف | ناجز | دعوى تعديل نفقة","حكم النفقة السابق، وتاريخ صدوره، وأدلة تغير الأحوال.","حكم النفقة السابق، وما يثبت تغير الدخل أو الحاجة أو الالتزامات والظروف المؤثرة.","المادة 48: لا تُسمع دعوى زيادة أو إنقاص النفقة قبل مضي سنة من تاريخ صدور حكم النفقة إلا لظروف استثنائية تقدرها المحكمة؛ وتسري الزيادة أو النقص من تاريخ صدور الحكم الجديد.","قضايا الأحوال الشخصية مستثناة من التكاليف القضائية؛ لا نضيف مبلغًا غير ثابت.","غير منطبق ظاهرًا","إذا كانت المطالبة محل نزاع، تُرفع عبر صحيفة الدعوى بتصنيف الدعوى المناسب، ثم يُدقق الطلب وتحال القضية للدائرة المختصة عند قبوله.","نظام الأحوال الشخصية - المواد 44 إلى 50","","المادة 48 من نظام الأحوال الشخصية.","هيئة الخبراء بمجلس الوزراء — نظام الأحوال الشخصية - المواد 44 إلى 50","https://laws.boe.gov.sa/Files/Download/?attId=e1b4e2e3-46b5-4659-a8f1-b11600da934a","2026-09-22","قابلة للتغير","VERIFIED","تدقيق تفصيلي ومصدر نظامي أولي فُتح وتحقق من بقائه متاحًا في هذه المرحلة.","HIGH","النتيجة تمس الاختصاص أو طريق الاعتراض/التنفيذ أو مدة/رسومًا مؤثرة.","نعم","هل استثناء الأحوال الشخصية من التكاليف يشمل هذا الطلب التنفيذي تحديدًا، وما الاستثناءات؟","NEEDS REVIEW",""
"R-FAM-NAFAQA-CHILD","الأحوال الشخصية والتركات","Q001: وش صار معك؟ ← أحوال شخصية → Q060: وش المشكلة الأسرية اللي عندك؟ ← خلاف أسري وما عندي حكم → Q077: عندك خلاف أسري بدون حكم؟ ← نعم، أبي أحدد نوع المشكلة الأسرية → Q401: وش نوع المشكلة في الأحوال الشخصية؟ ← نفقة أو مصروف أو سكن → Q402: وش مشكلتك في النفقة؟ ← أبي نفقة للأولاد","تريد المطالبة بنفقة الأولاد أو نفقة مستمرة لهم.","ارفع دعوى النفقة بتحديد المستفيدين والطلبات، وإذا كان لديك حكم قائم فانتقل لمسار التنفيذ.","وزارة العدل — محكمة الأحوال الشخصية/ناجز بحسب نوع الإجراء.","محكمة الأحوال الشخصية","مطالبة بنفقة طفل | دعوى نفقة طفل أو تنفيذ حكم قائم","ما يثبت صلة الأولاد، بيانات الأطراف، والحكم السابق إن وجد، وما يدعم الاحتياجات والقدرة المالية.","ما يثبت الصلة والحكم السابق إن وجد، وما يؤيد الحاجة والقدرة المالية بحسب متطلبات الدعوى.","المادة 49 تقرر النفقة المستمرة للأولاد من تاريخ إقامة الدعوى؛ وتقدير النفقة يراعي حال المنفَق عليه وسعة المنفِق وفق المادة 46.","قضايا الأحوال الشخصية مستثناة من التكاليف القضائية؛ لا نضيف مبلغًا غير ثابت.","غير منطبق ظاهرًا","إذا كانت المطالبة محل نزاع، تُرفع عبر صحيفة الدعوى بتصنيف الدعوى المناسب، ثم يُدقق الطلب وتحال القضية للدائرة المختصة عند قبوله.","نظام الأحوال الشخصية - المواد 44 إلى 50","","المادتان 46 و49 من نظام الأحوال الشخصية.","هيئة الخبراء بمجلس الوزراء — نظام الأحوال الشخصية - المواد 44 إلى 50","https://laws.boe.gov.sa/Files/Download/?attId=e1b4e2e3-46b5-4659-a8f1-b11600da934a","2026-09-22","قابلة للتغير","STALE RISK","نظام تنفيذ جديد نُشر في 2026 وسيحل محل النظام السابق بعد 180 يومًا؛ يلزم تثبيت تاريخ النفاذ وخطة تحديث النتيجة.","HIGH","النتيجة تمس الاختصاص أو طريق الاعتراض/التنفيذ أو مدة/رسومًا مؤثرة.","نعم","هل استثناء الأحوال الشخصية من التكاليف يشمل هذا الطلب التنفيذي تحديدًا، وما الاستثناءات؟","NEEDS REVIEW",""
"R-FAM-NAFAQA-CHILD-FATHER-ABSENT","الأحوال الشخصية والتركات","Q001: وش صار معك؟ ← أحوال شخصية → Q060: وش المشكلة الأسرية اللي عندك؟ ← ما أعرف التصنيف، أبي أحدد المشكلة خطوة بخطوة → Q400: وش المشكلة الأسرية بالتحديد؟ ← نفقة الأولاد عند غياب/وفاة/إعسار الأب أو نفقة الوالدين/الأقارب → Q416: وش حالة النفقة الخاصة بالأولاد أو الوالدين أو الأقارب؟ ← الأب لا ينفق أو غائب وأحد غيره أنفق على الأولاد","الأب الموسر لم ينفق أو كان غائبًا ولا يوجد مال متاح للإنفاق منه على الولد.","إذا أنفقت الأم الموسرة، أو أنفق من تجب عليه النفقة عند عدم الأب، فوثّق ما أُنفق ونية الرجوع عند الإنفاق ثم استخدم المسار القضائي عند المطالبة.","وزارة العدل — محكمة الأحوال الشخصية/ناجز بحسب نوع الإجراء.","محكمة الأحوال الشخصية","الأب موسر لكنه لا ينفق أو غائب ولا مال متاح للإنفاق منه | دعوى نفقة ولد/رجوع بالنفقة بحسب صفة المطالب","ما يثبت النفقة المدفوعة، صلة الأطراف، حالة الأب المالية/غيابه، وما يثبت نية الرجوع عند الحاجة.","هوية الأطراف، ما يثبت البنوة، أدلة المصروفات وعدم الإنفاق/الغياب، وما يثبت الدخل أو القدرة إن توفر.","دعوى الرجوع لا تسمع عن نفقة تزيد على سنة سابقة لتاريخ إقامة الدعوى.","قضايا الأحوال الشخصية مستثناة من التكاليف القضائية.","غير منطبق ظاهرًا","إذا لم يحصل الوفاء أو الاتفاق، يرفع الطلب القضائي المناسب عبر صحيفة الدعوى في ناجز، ثم يقدّر القضاء الاستحقاق والمقدار وفق الوقائع والنظام.","نظام الأحوال الشخصية - النفقة","","المادتان 58-59: نفقة الولد على الأب إذا لا مال له وكان الأب موسرًا أو قادرًا على التكسب؛ وعند عدم إنفاق الأب الموسر أو غيابه تطبق آلية المادة 59 والرجوع بنية الرجوع وبحد سنة سابقة للدعوى.","هيئة الخبراء بمجلس الوزراء — نظام الأحوال الشخصية - النفقة","https://laws.boe.gov.sa/BoeLaws/Laws/LawDetails/4d72d829-947b-45d5-b9b5-ae5800d6bac2/1","2026-09-22","ثابتة نظاميًا نسبيًا","VERIFIED","تدقيق تفصيلي ومصدر نظامي أولي فُتح وتحقق من بقائه متاحًا في هذه المرحلة.","HIGH","النتيجة تمس الاختصاص أو طريق الاعتراض/التنفيذ أو مدة/رسومًا مؤثرة.","نعم","هل استثناء الأحوال الشخصية من التكاليف يشمل هذا الطلب التنفيذي تحديدًا، وما الاستثناءات؟","NEEDS REVIEW",""
"R-FAM-NAFAQA-CHILD-FATHER-UNABLE","الأحوال الشخصية والتركات","Q001: وش صار معك؟ ← أحوال شخصية → Q060: وش المشكلة الأسرية اللي عندك؟ ← ما أعرف التصنيف، أبي أحدد المشكلة خطوة بخطوة → Q400: وش المشكلة الأسرية بالتحديد؟ ← نفقة الأولاد عند غياب/وفاة/إعسار الأب أو نفقة الوالدين/الأقارب → Q416: وش حالة النفقة الخاصة بالأولاد أو الوالدين أو الأقارب؟ ← الأب متوفى أو مفقود أو معسر: من ينفق على الأولاد؟","الأب متوفى أو مفقود أو معسر وتحتاج تحديد من يتحمل نفقة الولد.","حدّد أقارب الولد الوارثين الموسرين؛ فالنظام ينقل النفقة إليهم بحسب أنصبتهم في الإرث وفق الحالة.","وزارة العدل — محكمة الأحوال الشخصية/ناجز بحسب نوع الإجراء.","محكمة الأحوال الشخصية","الأب متوفى أو مفقود أو معسر | دعوى نفقة ولد على الأقارب الموسرين الوارثين بحسب الأنصبة","ما يثبت الوفاة/الفقد/الإعسار، صلة القرابة، والبيانات المالية ذات الصلة.","ما يثبت البنوة وحالة الأب، حصر الأقارب المؤثرين، وأدلة اليسار عند توفرها.","النفقة المستمرة تستحق من تاريخ إقامة الدعوى؛ لا تضف مدة رجوع غير منطبقة.","قضايا الأحوال الشخصية مستثناة من التكاليف القضائية.","غير منطبق ظاهرًا","إذا لم يحصل الوفاء أو الاتفاق، يرفع الطلب القضائي المناسب عبر صحيفة الدعوى في ناجز، ثم يقدّر القضاء الاستحقاق والمقدار وفق الوقائع والنظام.","نظام الأحوال الشخصية - النفقة","","المادتان 49 و60: النفقة المستمرة للأولاد من تاريخ إقامة الدعوى، وعند وفاة الأب أو فقده أو إعساره تجب نفقة الولد على من يرثه من أقاربه الموسرين بحسب أنصبتهم.","هيئة الخبراء بمجلس الوزراء — نظام الأحوال الشخصية - النفقة","https://laws.boe.gov.sa/BoeLaws/Laws/LawDetails/4d72d829-947b-45d5-b9b5-ae5800d6bac2/1","2026-09-22","ثابتة نظاميًا نسبيًا","VERIFIED","تدقيق تفصيلي ومصدر نظامي أولي فُتح وتحقق من بقائه متاحًا في هذه المرحلة.","HIGH","النتيجة تمس الاختصاص أو طريق الاعتراض/التنفيذ أو مدة/رسومًا مؤثرة.","نعم","هل استثناء الأحوال الشخصية من التكاليف يشمل هذا الطلب التنفيذي تحديدًا، وما الاستثناءات؟","NEEDS REVIEW",""
"R-FAM-NAFAQA-DEEP","الأحوال الشخصية والتركات","Q001: وش صار معك؟ ← أحوال شخصية → Q060: وش المشكلة الأسرية اللي عندك؟ ← ما أعرف التصنيف، أبي أحدد المشكلة خطوة بخطوة → Q400: وش المشكلة الأسرية بالتحديد؟ ← أبي نفقة أو عندي خلاف على مقدارها","تريد نفقة زوجية أو نفقة أولاد/والدين أو تحديد مقدار النفقة.","إذا لا يوجد حكم/سند: ارفع دعوى النفقة المناسبة عبر صحيفة الدعوى. إذا لديك حكم أو سند تنفيذي: استخدم مسار تنفيذ الأحوال الشخصية.","وزارة العدل — محكمة الأحوال الشخصية/ناجز بحسب نوع الإجراء.","محكمة الأحوال الشخصية","نزاع نفقة يحتاج تحديد المستفيد ونوع الطلب | بوابة تصنيف نفقة","ما يثبت العلاقة، وبيانات الأطراف، وما يدعم الاحتياج والدخل والمصروفات بحسب نوع المطالبة.","تتحدد المستندات بعد اختيار المسار؛ لا توجد قائمة واحدة لكل صور النفقة.","المواد 44-49 تبين أصول النفقة وتقديرها وبعض آثارها؛ أما المدة والإجراء فيتحددان بحسب نوع النتيجة المتخصصة.","قضايا الأحوال الشخصية مستثناة من التكاليف القضائية؛ لا نضيف مبلغًا غير ثابت.","غير منطبق ظاهرًا","بعد تقديم الطلب تُدقق المحكمة/الجهة المختصة الطلب والمستندات، ثم تسير القضية أو معاملة التوثيق بحسب نوعها.","نظام الأحوال الشخصية - المواد 44 إلى 50","","المواد 44 إلى 49 من نظام الأحوال الشخصية بحسب الحالة.","هيئة الخبراء بمجلس الوزراء — نظام الأحوال الشخصية - المواد 44 إلى 50","https://laws.boe.gov.sa/Files/Download/?attId=e1b4e2e3-46b5-4659-a8f1-b11600da934a","2026-09-22","ثابتة نظاميًا نسبيًا","VERIFIED","تدقيق تفصيلي ومصدر نظامي أولي فُتح وتحقق من بقائه متاحًا في هذه المرحلة.","HIGH","النتيجة تمس الاختصاص أو طريق الاعتراض/التنفيذ أو مدة/رسومًا مؤثرة.","نعم","هل استثناء الأحوال الشخصية من التكاليف يشمل هذا الطلب التنفيذي تحديدًا، وما الاستثناءات؟","NEEDS REVIEW",""
"R-FAM-NAFAQA-PARENTS","الأحوال الشخصية والتركات","Q001: وش صار معك؟ ← أحوال شخصية → Q060: وش المشكلة الأسرية اللي عندك؟ ← ما أعرف التصنيف، أبي أحدد المشكلة خطوة بخطوة → Q400: وش المشكلة الأسرية بالتحديد؟ ← نفقة الأولاد عند غياب/وفاة/إعسار الأب أو نفقة الوالدين/الأقارب → Q416: وش حالة النفقة الخاصة بالأولاد أو الوالدين أو الأقارب؟ ← الوالدان محتاجان وأبي أعرف نفقة الأولاد عليهما","أب أو أم غير موسر ويحتاج إلى النفقة من أولاده.","حدّد الأولاد الموسرين وأنصبتهم الإرثية؛ ويمكن المطالبة بالنفقة أو تكميلها وفق المادة 62.","وزارة العدل — محكمة الأحوال الشخصية/ناجز بحسب نوع الإجراء.","محكمة الأحوال الشخصية","والد أو والدة غير موسر ويطلب النفقة من الأولاد الموسرين | دعوى نفقة والدين","ما يثبت القرابة والحاجة والحالة المالية للوالد/الوالدة والأولاد.","ما يثبت القرابة والحاجة/عدم اليسار وبيانات الأولاد وأدلة اليسار عند توفرها.","النفقة المستمرة للوالدين تستحق من تاريخ إقامة الدعوى؛ رجوع ولد على إخوته لا يسمع عن مدة سابقة تزيد على 180 يومًا من تاريخ إقامة الدعوى إذا نوى الرجوع.","قضايا الأحوال الشخصية مستثناة من التكاليف القضائية.","غير منطبق ظاهرًا","إذا لم يحصل الوفاء أو الاتفاق، يرفع الطلب القضائي المناسب عبر صحيفة الدعوى في ناجز، ثم يقدّر القضاء الاستحقاق والمقدار وفق الوقائع والنظام.","نظام الأحوال الشخصية - النفقة","","المواد 49 و62-63: نفقة الوالدين غير الموسرين على الأولاد الموسرين بقدر إرثهم؛ ولرجوع من أنفق على إخوته يلزم نية الرجوع ولا تسمع المطالبة عما زاد على 180 يومًا سابقًا للدعوى.","هيئة الخبراء بمجلس الوزراء — نظام الأحوال الشخصية - النفقة","https://laws.boe.gov.sa/BoeLaws/Laws/LawDetails/4d72d829-947b-45d5-b9b5-ae5800d6bac2/1","2026-09-22","ثابتة نظاميًا نسبيًا","VERIFIED","تدقيق تفصيلي ومصدر نظامي أولي فُتح وتحقق من بقائه متاحًا في هذه المرحلة.","HIGH","النتيجة تمس الاختصاص أو طريق الاعتراض/التنفيذ أو مدة/رسومًا مؤثرة.","نعم","هل استثناء الأحوال الشخصية من التكاليف يشمل هذا الطلب التنفيذي تحديدًا، وما الاستثناءات؟","NEEDS REVIEW",""
"R-FAM-NAFAQA-PAST-WIFE","الأحوال الشخصية والتركات","Q001: وش صار معك؟ ← أحوال شخصية → Q060: وش المشكلة الأسرية اللي عندك؟ ← خلاف أسري وما عندي حكم → Q077: عندك خلاف أسري بدون حكم؟ ← نعم، أبي أحدد نوع المشكلة الأسرية → Q401: وش نوع المشكلة في الأحوال الشخصية؟ ← نفقة أو مصروف أو سكن → Q402: وش مشكلتك في النفقة؟ ← أطالب بنفقة زوجية عن مدة سابقة","تريد الزوجة المطالبة بنفقة عن مدة سابقة.","ارفع دعوى النفقة وحدد الفترة الماضية المطلوبة بدقة.","وزارة العدل — محكمة الأحوال الشخصية/ناجز بحسب نوع الإجراء.","محكمة الأحوال الشخصية","صحيفة دعوى بنفقة زوجة عن فترة ماضية بعد التحقق من عدم شمولها بحكم سابق | دعوى أحوال شخصية عن نفقة ماضية","عقد الزواج، الفترة المطالب بها، وما يدعم عدم الأداء.","ما يثبت العلاقة خلال الفترة والمطالبة والوقائع المالية وأي سداد أو امتناع، وفق متطلبات التصنيف.","لا نثبت مدة سماع رقمية هنا دون مطابقة النص الموضوعي الحالي؛ لا تُحوّل مدة تشغيل الخدمة إلى مدة حق.","قضايا الأحوال الشخصية مستثناة من التكاليف القضائية وفق رحلة القضية؛ رسوم خدمة صحيفة الدعوى: لا يوجد.","غير منطبق ظاهرًا","إذا كانت المطالبة محل نزاع، تُرفع عبر صحيفة الدعوى بتصنيف الدعوى المناسب، ثم يُدقق الطلب وتحال القضية للدائرة المختصة عند قبوله.","","","","وزارة العدل — صحيفة دعوى","https://moj.gov.sa/ar/eServices/Pages/928b8f02-19a7-482b-ba0e-29a151d9a900.aspx","2026-09-22","ثابتة نظاميًا نسبيًا","PARTIALLY VERIFIED","المصدر رسمي لكنه لا يثبت آليًا جميع عناصر الاختصاص/المدة/الرسوم المركبة في النتيجة.","HIGH","النتيجة تمس الاختصاص أو طريق الاعتراض/التنفيذ أو مدة/رسومًا مؤثرة.","نعم","هل استثناء الأحوال الشخصية من التكاليف يشمل هذا الطلب التنفيذي تحديدًا، وما الاستثناءات؟","NEEDS REVIEW",""
"R-FAM-NAFAQA-PRIORITY","الأحوال الشخصية والتركات","Q001: وش صار معك؟ ← أحوال شخصية → Q060: وش المشكلة الأسرية اللي عندك؟ ← ما أعرف التصنيف، أبي أحدد المشكلة خطوة بخطوة → Q400: وش المشكلة الأسرية بالتحديد؟ ← نفقة الأولاد عند غياب/وفاة/إعسار الأب أو نفقة الوالدين/الأقارب → Q416: وش حالة النفقة الخاصة بالأولاد أو الوالدين أو الأقارب؟ ← المُلزم لا يستطيع الإنفاق على جميع المستحقين","تعدد مستحقو النفقة والمُلزم لا يستطيع الإنفاق عليهم جميعًا.","طبّق ترتيب الأولوية النظامي عند تقدير المطالبات: الزوجة، ثم الأولاد، ثم الوالدان، ثم الأقارب الأقرب فالأقرب.","وزارة العدل — محكمة الأحوال الشخصية/ناجز بحسب نوع الإجراء.","محكمة الأحوال الشخصية","تعدد مستحقي النفقة مع عجز الملزم عن الإنفاق على الجميع | تحديد أولوية مستحقي النفقة","بيانات جميع المستحقين، صلاتهم، وحالة المنفق المالية.","بيانات المستحقين وصلة القرابة وأدلة الدخل/القدرة والالتزامات.","لا مدة رقمية خاصة لترتيب الأولوية.","قضايا الأحوال الشخصية مستثناة من التكاليف القضائية.","غير منطبق ظاهرًا","إذا لم يحصل الوفاء أو الاتفاق، يرفع الطلب القضائي المناسب عبر صحيفة الدعوى في ناجز، ثم يقدّر القضاء الاستحقاق والمقدار وفق الوقائع والنظام.","نظام الأحوال الشخصية - النفقة","","المادة 65: عند تعدد المستحقين وعدم استطاعة الملزم الإنفاق عليهم جميعًا تقدم الزوجة ثم الأولاد ثم الوالدان ثم الأقارب الأقرب فالأقرب.","هيئة الخبراء بمجلس الوزراء — نظام الأحوال الشخصية - النفقة","https://laws.boe.gov.sa/BoeLaws/Laws/LawDetails/4d72d829-947b-45d5-b9b5-ae5800d6bac2/1","2026-09-22","ثابتة نظاميًا نسبيًا","VERIFIED","تدقيق تفصيلي ومصدر نظامي أولي فُتح وتحقق من بقائه متاحًا في هذه المرحلة.","HIGH","النتيجة تمس الاختصاص أو طريق الاعتراض/التنفيذ أو مدة/رسومًا مؤثرة.","نعم","هل استثناء الأحوال الشخصية من التكاليف يشمل هذا الطلب التنفيذي تحديدًا، وما الاستثناءات؟","NEEDS REVIEW",""
"R-FAM-NAFAQA-RELATIVE","الأحوال الشخصية والتركات","Q001: وش صار معك؟ ← أحوال شخصية → Q060: وش المشكلة الأسرية اللي عندك؟ ← ما أعرف التصنيف، أبي أحدد المشكلة خطوة بخطوة → Q400: وش المشكلة الأسرية بالتحديد؟ ← نفقة الأولاد عند غياب/وفاة/إعسار الأب أو نفقة الوالدين/الأقارب → Q416: وش حالة النفقة الخاصة بالأولاد أو الوالدين أو الأقارب؟ ← نفقة قريب غير قادر على التكسب","قريب مستحق للنفقة وغير قادر على التكسب، خارج نفقة الزوجة والأولاد والوالدين.","تحقق من الورثة الموسرين للمستحق وأنصبتهم؛ ثم ارفع المطالبة عند عدم الاتفاق.","وزارة العدل — محكمة الأحوال الشخصية/ناجز بحسب نوع الإجراء.","محكمة الأحوال الشخصية","قريب غير قادر على التكسب يطلب النفقة | دعوى نفقة قريب على وارثيه الموسرين","صلة القرابة، عدم القدرة على التكسب، وحالة الورثة المالية.","إثبات القرابة وعدم القدرة على التكسب، وبيانات الوارثين وأدلة اليسار عند توفرها.","نفقة القريب تسقط بمضي المدة ما لم ينفق غير الملزم بنية الرجوع؛ ودعوى الرجوع لا تسمع عما يزيد على 180 يومًا سابقًا للدعوى.","قضايا الأحوال الشخصية مستثناة من التكاليف القضائية.","غير منطبق ظاهرًا","إذا لم يحصل الوفاء أو الاتفاق، يرفع الطلب القضائي المناسب عبر صحيفة الدعوى في ناجز، ثم يقدّر القضاء الاستحقاق والمقدار وفق الوقائع والنظام.","نظام الأحوال الشخصية - النفقة","","المادتان 64 و66: نفقة القريب غير القادر على التكسب على وارثيه الموسرين بحسب أنصبتهم، مع حكم سقوط نفقة القريب وحد 180 يومًا لدعوى الرجوع.","هيئة الخبراء بمجلس الوزراء — نظام الأحوال الشخصية - النفقة","https://laws.boe.gov.sa/BoeLaws/Laws/LawDetails/4d72d829-947b-45d5-b9b5-ae5800d6bac2/1","2026-09-22","ثابتة نظاميًا نسبيًا","VERIFIED","تدقيق تفصيلي ومصدر نظامي أولي فُتح وتحقق من بقائه متاحًا في هذه المرحلة.","HIGH","النتيجة تمس الاختصاص أو طريق الاعتراض/التنفيذ أو مدة/رسومًا مؤثرة.","نعم","هل استثناء الأحوال الشخصية من التكاليف يشمل هذا الطلب التنفيذي تحديدًا، وما الاستثناءات؟","NEEDS REVIEW",""
"R-FAM-NAFAQA-TEMP","الأحوال الشخصية والتركات","Q001: وش صار معك؟ ← أحوال شخصية → Q060: وش المشكلة الأسرية اللي عندك؟ ← خلاف أسري وما عندي حكم → Q077: عندك خلاف أسري بدون حكم؟ ← نعم، أبي أحدد نوع المشكلة الأسرية → Q401: وش نوع المشكلة في الأحوال الشخصية؟ ← نفقة أو مصروف أو سكن → Q402: وش مشكلتك في النفقة؟ ← أبي نفقة مؤقتة أثناء القضية","لديك طلب يتعلق بنفقة مستمرة وتحتاج نفقة مؤقتة أثناء نظره.","اطلب النفقة المؤقتة ضمن الدعوى المتعلقة بالنفقة المستمرة؛ تقدير الحاجة والمبلغ للمحكمة.","وزارة العدل — محكمة الأحوال الشخصية/ناجز بحسب نوع الإجراء.","محكمة الأحوال الشخصية","الحاجة إلى نفقة أثناء نظر نزاع أسري | طلب/دعوى نفقة بحسب المرحلة والحالة","بيانات الدعوى وما يدعم الحاجة للنفقة المستمرة.","ما يثبت العلاقة والحاجة والدخل/الالتزامات بحسب ما تطلبه المحكمة وتصنيف الدعوى؛ لا نضيف قائمة موحدة غير منشورة.","لا نثبت مهلة سقوط موحدة لهذه النتيجة؛ الإجراء المستعجل أو الوقتي يتأثر بمرحلة القضية والنص المنطبق.","قضايا الأحوال الشخصية مستثناة من التكاليف القضائية وفق رحلة القضية؛ لا نضيف مبلغًا غير ثابت.","غير منطبق ظاهرًا","إذا كانت المطالبة محل نزاع، تُرفع عبر صحيفة الدعوى بتصنيف الدعوى المناسب، ثم يُدقق الطلب وتحال القضية للدائرة المختصة عند قبوله.","","","","وزارة العدل — صحيفة دعوى","https://moj.gov.sa/ar/eServices/Pages/928b8f02-19a7-482b-ba0e-29a151d9a900.aspx","2026-09-22","ثابتة نظاميًا نسبيًا","PARTIALLY VERIFIED","المصدر رسمي لكنه لا يثبت آليًا جميع عناصر الاختصاص/المدة/الرسوم المركبة في النتيجة.","HIGH","النتيجة تمس الاختصاص أو طريق الاعتراض/التنفيذ أو مدة/رسومًا مؤثرة.","نعم","هل استثناء الأحوال الشخصية من التكاليف يشمل هذا الطلب التنفيذي تحديدًا، وما الاستثناءات؟","NEEDS REVIEW",""
"R-FAM-NAFAQA-WIFE","الأحوال الشخصية والتركات","Q001: وش صار معك؟ ← أحوال شخصية → Q060: وش المشكلة الأسرية اللي عندك؟ ← خلاف أسري وما عندي حكم → Q077: عندك خلاف أسري بدون حكم؟ ← نعم، أبي أحدد نوع المشكلة الأسرية → Q401: وش نوع المشكلة في الأحوال الشخصية؟ ← نفقة أو مصروف أو سكن → Q402: وش مشكلتك في النفقة؟ ← أبي نفقة زوجية","تطالب الزوجة بالنفقة أثناء قيام عقد زواج صحيح.","ارفع دعوى النفقة المناسبة عبر صحيفة الدعوى إذا لم يوجد حكم قائم.","وزارة العدل — محكمة الأحوال الشخصية/ناجز بحسب نوع الإجراء.","محكمة الأحوال الشخصية","مطالبة زوجة بالنفقة | دعوى نفقة زوجة أو تنفيذ حكم قائم","عقد الزواج، بيانات الأطراف، وما يدعم عناصر النفقة والظروف المالية بحسب الحالة.","ما يثبت العلاقة، والحكم السابق إن وجد، وما يؤيد الوقائع المالية والحاجة بحسب متطلبات الدعوى.","المادة 44 تقرر نفقة الزوجة على زوجها ولو كانت موسرة؛ والمادة 49 تقرر النفقة المستمرة للزوجة من تاريخ إقامة الدعوى. لا تُحوّل هذه القاعدة إلى مهلة سقوط عامة للمطالبات الماضية.","قضايا الأحوال الشخصية مستثناة من التكاليف القضائية؛ لا نضيف مبلغًا غير ثابت.","غير منطبق ظاهرًا","إذا كانت المطالبة محل نزاع، تُرفع عبر صحيفة الدعوى بتصنيف الدعوى المناسب، ثم يُدقق الطلب وتحال القضية للدائرة المختصة عند قبوله.","نظام الأحوال الشخصية - المواد 44 إلى 50","","المادتان 44 و49 من نظام الأحوال الشخصية.","هيئة الخبراء بمجلس الوزراء — نظام الأحوال الشخصية - المواد 44 إلى 50","https://laws.boe.gov.sa/Files/Download/?attId=e1b4e2e3-46b5-4659-a8f1-b11600da934a","2026-09-22","قابلة للتغير","STALE RISK","نظام تنفيذ جديد نُشر في 2026 وسيحل محل النظام السابق بعد 180 يومًا؛ يلزم تثبيت تاريخ النفاذ وخطة تحديث النتيجة.","HIGH","النتيجة تمس الاختصاص أو طريق الاعتراض/التنفيذ أو مدة/رسومًا مؤثرة.","نعم","هل استثناء الأحوال الشخصية من التكاليف يشمل هذا الطلب التنفيذي تحديدًا، وما الاستثناءات؟","NEEDS REVIEW",""
"R-FAM-PRECOURT","الأحوال الشخصية والتركات","Q001: وش صار معك؟ ← أحوال شخصية → Q060: وش المشكلة الأسرية اللي عندك؟ ← خلاف أسري وما عندي حكم → Q077: عندك خلاف أسري بدون حكم؟ ← نعم، أبي أحدد نوع المشكلة الأسرية → Q401: وش نوع المشكلة في الأحوال الشخصية؟ ← مشكلة أسرية أخرى","يوجد خلاف أسري ولم يصدر حكم بعد.","حدد نوع النزاع أولًا. تقدر تقدم طلب صلح عبر تراضي، وإذا احتجت دعوى قضائية فارفع صحيفة الدعوى في ناجز بتصنيف الأحوال الشخصية المناسب.","وزارة العدل — محكمة الأحوال الشخصية/ناجز بحسب نوع الإجراء.","محكمة الأحوال الشخصية","تحديد هل الحالة توثيق أم دعوى | ناجز | بوابة قرار","لتحديد المسار تحتاج نوع النزاع وصفة الأطراف وأي صلح أو قضية سابقة إن وجدت، مع المستندات المؤيدة للنزاع بحسب الحالة. بيانات الأطراف ونوع النزاع تُستكمل في الطلب ولا تُعامل كمستندات مستقلة.","مستندات كل خدمة تختلف؛ لا توجد قائمة واحدة لهذه البوابة.","لا توجد مهلة خدمة موحدة؛ المدد الموضوعية تتبع كل حالة.","لا رسوم لهذه البوابة؛ الخدمات/الدعاوى اللاحقة لها أحكامها.","غير منطبق ظاهرًا","قد ينتهي النزاع بالصلح، أو يستمر عبر صحيفة الدعوى والمحكمة بحسب نوع الطلب وحالته.","","","","وزارة العدل — الخدمات الإنهائية والحالات الاجتماعية","https://inhaatportal.moj.gov.sa/tabsnew.aspx","2026-09-20","قابلة للتغير","PARTIALLY VERIFIED","المصدر رسمي لكنه لا يثبت آليًا جميع عناصر الاختصاص/المدة/الرسوم المركبة في النتيجة.","HIGH","النتيجة تمس الاختصاص أو طريق الاعتراض/التنفيذ أو مدة/رسومًا مؤثرة.","نعم","هل استثناء الأحوال الشخصية من التكاليف يشمل هذا الطلب التنفيذي تحديدًا، وما الاستثناءات؟","NEEDS REVIEW",""
"R-FAM-RETURN-DOC","الأحوال الشخصية والتركات","Q001: وش صار معك؟ ← أحتاج توثيق أو خدمة بدون نزاع → Q100: وش الخدمة اللي تبيها؟ ← طلاق / رجعة / حضانة / زواج → Q155: وش الإجراء الاجتماعي المطلوب؟ ← توثيق رجعة","تريد توثيق رجعة بعد الطلاق.","ادخل على «توثيق رجعة» في ناجز.","وزارة العدل — محكمة الأحوال الشخصية/ناجز بحسب نوع الإجراء.","محكمة الأحوال الشخصية","توثيق رجعة | ناجز | توثيق حالة اجتماعية إلكتروني.","لا توجد مستندات مطلوبة بحسب خانة المستندات في صفحة الخدمة. داخل الطلب تُدخل صفة مقدم الطلب وبيانات الزوج والزوجة وبيانات الطلاق ومكان الواقعة، وتُرفق المستندات التي تطلبها خطوات الخدمة عند انطباقها.","ما يطلبه نموذج الخدمة بحسب الحالة؛ لا نضيف مستندًا غير موثق.","يومان كمدة تنفيذ خدمة منشورة، وليست مهلة سقوط.","الدعاوى والطلبات التي تختص بها محاكم الأحوال الشخصية مستثناة من نظام التكاليف القضائية، عدا طلب النقض والتماس إعادة النظر.","يُشعر المستفيد برقم الطلب وتستكمل إجراءات إصدار وثيقة الرجعة.","يُشعر المستفيد برقم الطلب وتستكمل إجراءات إصدار وثيقة الرجعة.","","","","وزارة العدل — الدليل الإرشادي لخدمة توثيق رجعة","https://www.moj.gov.sa/sites/knowledgebase/Documents02/CRM_CCTS_bf9d7039-0ff7-452f-abdb-3dd87a05dd82.pdf","2026-09-20","قابلة للتغير","PARTIALLY VERIFIED","المصدر رسمي لكنه لا يثبت آليًا جميع عناصر الاختصاص/المدة/الرسوم المركبة في النتيجة.","HIGH","النتيجة تمس الاختصاص أو طريق الاعتراض/التنفيذ أو مدة/رسومًا مؤثرة.","نعم","هل استثناء الأحوال الشخصية من التكاليف يشمل هذا الطلب التنفيذي تحديدًا، وما الاستثناءات؟","NEEDS REVIEW",""
"R-FAM-RETURN-DOCUMENT","الأحوال الشخصية والتركات","Q001: وش صار معك؟ ← أحوال شخصية → Q060: وش المشكلة الأسرية اللي عندك؟ ← ما أعرف التصنيف، أبي أحدد المشكلة خطوة بخطوة → Q400: وش المشكلة الأسرية بالتحديد؟ ← طلاق أو إثبات طلاق أو رجعة → Q406: وش وضع الطلاق أو الرجعة عندك؟ ← طلاق رجعي وأبي أوثق الرجعة","حصلت مراجعة أثناء عدة طلاق رجعي وتريد توثيقها.","استخدم خدمة توثيق رجعة في ناجز إذا كانت المراجعة صحيحة وفي محلها.","وزارة العدل — محكمة الأحوال الشخصية/ناجز بحسب نوع الإجراء.","محكمة الأحوال الشخصية","توثيق رجعة | ناجز | توثيق حالة اجتماعية","بيانات الزوجين والطلاق ومكان الواقعة، وفق نموذج الخدمة.","لا توجد مستندات مطلوبة وفق الصفحة الحالية.","يومان وفق SLA الحالي؛ مدة خدمة وليست مهلة سقوط.","رسوم الخدمة: لا يوجد","غير منطبق ظاهرًا","تُقدَّم خدمة توثيق رجعة في ناجز بإدخال بيانات الزوجين والطلاق والرجعة ومكان الواقعة. إذا كان وقوع الرجعة أو توقيتها محل نزاع، فلا تحسمه معاملة التوثيق وحدها ويحتاج للمسار القضائي.","","","","وزارة العدل — توثيق رجعة","https://www.moj.gov.sa/ar/eservices/pages/8f097103-691f-438f-9a20-d492b564965e.aspx","2026-09-22","قابلة للتغير","PARTIALLY VERIFIED","المصدر رسمي لكنه لا يثبت آليًا جميع عناصر الاختصاص/المدة/الرسوم المركبة في النتيجة.","HIGH","النتيجة تمس الاختصاص أو طريق الاعتراض/التنفيذ أو مدة/رسومًا مؤثرة.","نعم","هل استثناء الأحوال الشخصية من التكاليف يشمل هذا الطلب التنفيذي تحديدًا، وما الاستثناءات؟","NEEDS REVIEW",""
"R-FAM-RETURN-NOT-KNOWN","الأحوال الشخصية والتركات","Q001: وش صار معك؟ ← أحوال شخصية → Q060: وش المشكلة الأسرية اللي عندك؟ ← ما أعرف التصنيف، أبي أحدد المشكلة خطوة بخطوة → Q400: وش المشكلة الأسرية بالتحديد؟ ← طلاق أو إثبات طلاق أو رجعة → Q406: وش وضع الطلاق أو الرجعة عندك؟ ← يدعي أنه راجعني وأنا لم أعلم","الزوج يدعي حصول الرجعة والزوجة لم تعلم بها.","إذا كان هناك نزاع على حصول الرجعة أو توقيتها فارفع المسألة للقضاء مع البينة؛ ولا تعتمد على الادعاء المجرد.","وزارة العدل — محكمة الأحوال الشخصية/ناجز بحسب نوع الإجراء.","محكمة الأحوال الشخصية","توثيق رجعة / نزاع في الرجعة بحسب الحالة | بوابة قرار في الرجعة","وثيقة الطلاق، تاريخ العدة، ما يثبت الرجعة أو نفيها، وأي زواج لاحق إن وجد.","لا توجد مستندات مطلوبة لخدمة توثيق الرجعة وفق الصفحة الحالية.","يومان لخدمة التوثيق وفق SLA؛ النزاع القضائي له مواعيده الخاصة إن وجدت.","رسوم الخدمة: تتحدد بحسب المسار النهائي.","غير منطبق ظاهرًا","اتبع المسار الموضح، وإذا وجد نزاع قضائي فتقدم عبر صحيفة الدعوى بالتصنيف المناسب.","","","","وزارة العدل — توثيق رجعة","https://www.moj.gov.sa/ar/eservices/pages/8f097103-691f-438f-9a20-d492b564965e.aspx","2026-09-22","ثابتة نظاميًا نسبيًا","PARTIALLY VERIFIED","المصدر رسمي لكنه لا يثبت آليًا جميع عناصر الاختصاص/المدة/الرسوم المركبة في النتيجة.","HIGH","النتيجة تمس الاختصاص أو طريق الاعتراض/التنفيذ أو مدة/رسومًا مؤثرة.","نعم","هل استثناء الأحوال الشخصية من التكاليف يشمل هذا الطلب التنفيذي تحديدًا، وما الاستثناءات؟","NEEDS REVIEW",""
"R-FAM-SHAML","الأحوال الشخصية والتركات","Q001: وش صار معك؟ ← عندي طلب تنفيذ أو إجراء تنفيذ → Q040: وش وضع التنفيذ؟ ← الطلب انتهى أو توقف وما أعرف السبب → Q202: الطلب منتهي أو متوقف مؤقت؟ ← الطلب منتهٍ أو ما أعرف سبب التوقف → QD04: وش اللي مو واضح لك في التنفيذ؟ ← ما أعرف إجراء تنفيذ الحضانة أو الزيارة → Q327: وش تحتاج في تنفيذ الحضانة أو الزيارة؟ ← عندي حكم والتنفيذ قائم لكن أبي أفهم مسار الحضانة/الزيارة → Q331: حكم الحضانة أو الزيارة موجود، وش مشكلتك الآن؟ ← التنفيذ قائم وأبي أعرف مسار مراكز شمل","لديك حكم حضانة أو رؤية/زيارة في مسار التنفيذ وتريد فهم دور مراكز «شمل».","تابع طلب التنفيذ وخدمة الحضانة أو الزيارة في ناجز؛ ومبادرة «شمل» هي إطار وزارة العدل لتنفيذ أحكام الحضانة والرؤية والزيارة في مراكز مهيأة.","وزارة العدل — محكمة الأحوال الشخصية/ناجز بحسب نوع الإجراء.","محكمة الأحوال الشخصية","مبادرة شمل | ناجز | تنفيذ أحكام حضانة/رؤية/زيارة","وجود سند تنفيذي وطلب تنفيذ مناسب هو الأساس؛ الخدمة المحددة للحضانة أو الزيارة هي التي تحدد الإجراء داخل ناجز.","لا توجد مستندات موحدة لمبادرة شمل نفسها؛ متطلبات التنفيذ تتبع الخدمة المحددة.","لا مهلة سقوط مرتبطة باسم المبادرة؛ المدد تتبع إجراء التنفيذ المحدد.","لا نثبت مبلغًا قضائيًا موحدًا لهذه النتيجة.","غير منطبق ظاهرًا","مبادرة شمل توفر مراكز مهيأة لتنفيذ أحكام الحضانة والرؤية والزيارة وحفظ خصوصية الأسرة، ويستمر الإجراء من خلال مسار التنفيذ والجهة التي يوجه إليها الطلب.","","","","وزارة العدل — حقوق الطفل والأسرة — مبادرة شمل","https://moj.gov.sa/ar/Ministry/WeCare/Pages/ChildAndFamilyRights.aspx","2026-09-22","قابلة للتغير","STALE RISK","نظام تنفيذ جديد نُشر في 2026 وسيحل محل النظام السابق بعد 180 يومًا؛ يلزم تثبيت تاريخ النفاذ وخطة تحديث النتيجة.","HIGH","النتيجة تمس الاختصاص أو طريق الاعتراض/التنفيذ أو مدة/رسومًا مؤثرة.","نعم","هل استثناء الأحوال الشخصية من التكاليف يشمل هذا الطلب التنفيذي تحديدًا، وما الاستثناءات؟","NEEDS REVIEW",""
"R-FAM-VISIT-DEEP","الأحوال الشخصية والتركات","Q001: وش صار معك؟ ← أحوال شخصية → Q060: وش المشكلة الأسرية اللي عندك؟ ← ما أعرف التصنيف، أبي أحدد المشكلة خطوة بخطوة → Q400: وش المشكلة الأسرية بالتحديد؟ ← نزاع على الزيارة أو الرؤية أو الاستزارة","الخلاف على رؤية المحضون أو زيارته أو استزارته أو آلية أخذه وإعادته.","إذا لا يوجد سند منظم للزيارة فارفع الطلب القضائي المناسب؛ وإذا لديك حكم زيارة قائم فانتقل لمسار تنفيذ أحوال شخصية/خدمة الزيارة.","وزارة العدل — محكمة الأحوال الشخصية/ناجز بحسب نوع الإجراء.","محكمة الأحوال الشخصية","خلاف بين الأبوين أو الأقارب على زيارة/استزارة/استصحاب المحضون | دعوى زيارة عند عدم الاتفاق، ثم تنفيذ الحكم بعد صدوره","بيانات الحكم إن وجد، وبيانات المحضون والطرفين، وما يثبت التعثر في التنفيذ عند وجود حكم.","هوية الأطراف، بيانات المحضون، وما يدعم الطلب؛ وإذا كان المطلوب تنفيذًا فيلزم السند التنفيذي.","لا مدة موضوعية موحدة لرفع دعوى الزيارة.","قضايا الأحوال الشخصية مستثناة من التكاليف القضائية عند الدعوى.","غير منطبق ظاهرًا","بعد تقديم الطلب تُدقق المحكمة/الجهة المختصة الطلب والمستندات، ثم تسير القضية أو معاملة التوثيق بحسب نوعها.","نظام الأحوال الشخصية - المادة 134","","المادة 134: للوالد الآخر الزيارة والاستزارة والاستصحاب باتفاقهما، وعند الاختلاف تقدر المحكمة ما تراه؛ وللمحكمة تعيين مستحق زيارة من الأقارب عند وفاة/غياب أحد الوالدين أو وجود المحضون لدى غير والديه.","وزارة العدل — شرح نظام الأحوال الشخصية - المادة 134","https://laws-gateway.moj.gov.sa/apis/legislations/v1/ExportDocument/pdf?Serial=4DC3ARZ00YqnoqpraZMxCQ","2026-09-22","قابلة للتغير","STALE RISK","نظام تنفيذ جديد نُشر في 2026 وسيحل محل النظام السابق بعد 180 يومًا؛ يلزم تثبيت تاريخ النفاذ وخطة تحديث النتيجة.","HIGH","النتيجة تمس الاختصاص أو طريق الاعتراض/التنفيذ أو مدة/رسومًا مؤثرة.","نعم","هل استثناء الأحوال الشخصية من التكاليف يشمل هذا الطلب التنفيذي تحديدًا، وما الاستثناءات؟","NEEDS REVIEW",""
"R-FAM-VISIT-LETTER","الأحوال الشخصية والتركات","Q001: وش صار معك؟ ← أحوال شخصية → Q060: وش المشكلة الأسرية اللي عندك؟ ← عندي حكم أسري → Q079: وش تبي تسوي بالحكم الأسري؟ ← أبي أنفذ الحكم → Q241: وش نوع الحكم الأسري اللي تبي تنفذه؟ ← حكم زيارة → Q329: وش تحتاج في تنفيذ الزيارة تحديدًا؟ ← أحتاج خطاب زيارة للجهة المختصة","لديك طلب تنفيذ متعلق بزيارة وتحتاج خطاب الزيارة للجهة المختصة.","من ناجز افتح خدمة «طلب إصدار خطاب زيارة»، اختر طلب التنفيذ المناسب، ثم قدم الطلب عند انطباق شروط الخدمة.","وزارة العدل — محكمة الأحوال الشخصية/ناجز بحسب نوع الإجراء.","محكمة الأحوال الشخصية","طلب إصدار خطاب زيارة | ناجز | طلب داخل تنفيذ قائم","طلب تنفيذ زيارة قائم، وصفة صحيحة في الطلب، وانطباق متطلبات الخدمة الظاهرة في ناجز.","لا نضيف مستندات غير مثبتة؛ الخطاب مرتبط بطلب التنفيذ القائم.","لا مهلة سقوط عامة مثبتة؛ القيود التشغيلية للخدمة لا تنشئ أصل حق الزيارة.","لا نثبت مبلغًا قضائيًا موحدًا لهذه النتيجة.","غير منطبق ظاهرًا","بعد إصدار الخطاب يُستكمل التنفيذ مع الجهة المختصة وفق مضمون الحكم والخطاب.","","","","وزارة العدل — اتفاقية مستوى الخدمات الإلكترونية","https://www.moj.gov.sa/ar/Ministry/Pages/SLA.aspx","2026-09-21","قابلة للتغير","STALE RISK","نظام تنفيذ جديد نُشر في 2026 وسيحل محل النظام السابق بعد 180 يومًا؛ يلزم تثبيت تاريخ النفاذ وخطة تحديث النتيجة.","HIGH","النتيجة تمس الاختصاص أو طريق الاعتراض/التنفيذ أو مدة/رسومًا مؤثرة.","نعم","هل استثناء الأحوال الشخصية من التكاليف يشمل هذا الطلب التنفيذي تحديدًا، وما الاستثناءات؟","NEEDS REVIEW",""
"R-FAM-VISIT-OBSTRUCTION","الأحوال الشخصية والتركات","Q001: وش صار معك؟ ← عندي طلب تنفيذ أو إجراء تنفيذ → Q040: وش وضع التنفيذ؟ ← الطلب انتهى أو توقف وما أعرف السبب → Q202: الطلب منتهي أو متوقف مؤقت؟ ← الطلب منتهٍ أو ما أعرف سبب التوقف → QD04: وش اللي مو واضح لك في التنفيذ؟ ← ما أعرف إجراء تنفيذ الحضانة أو الزيارة → Q327: وش تحتاج في تنفيذ الحضانة أو الزيارة؟ ← عندي حكم والتنفيذ قائم لكن أبي أفهم مسار الحضانة/الزيارة → Q331: حكم الحضانة أو الزيارة موجود، وش مشكلتك الآن؟ ← التنفيذ متعثر أو أبي أغيّر أصل حكم الحضانة/الزيارة → Q404: المشكلة في تنفيذ حكم الحضانة/الزيارة أو تبي تغيير أصل الحكم؟ ← عندي حكم قائم لكن الطرف الآخر لا ينفذه → Q333: التنفيذ قائم، وش نوع التعثر في الحضانة أو الزيارة؟ ← الطرف الآخر لا يلتزم بالزيارة أو التنفيذ متعثر","لديك حكم زيارة قيد التنفيذ لكن التنفيذ متعثر.","تابع طلب التنفيذ واستخدم «طلب خدمة زيارة» عند انطباق شروطها.","وزارة العدل — محكمة الأحوال الشخصية/ناجز بحسب نوع الإجراء.","محكمة الأحوال الشخصية","طلب خدمة زيارة | ناجز | تنفيذ زيارة عبر الجمعيات","نوع السند شخصي-زيارة، والطلب قيد التنفيذ أو منفذ جزئيًا، مع انطباق شروط الخدمة الرسمية.","لا توجد مستندات مطلوبة وفق صفحة الخدمة.","مدة تنفيذ الخدمة المعروضة تشغيلية؛ ورسوم الخدمة لا يوجد. شرط 7 أيام خاص بإعادة الإجراء وليس سقوطًا للحق.","لا نثبت مبلغًا قضائيًا موحدًا لهذه النتيجة.","غير منطبق ظاهرًا","يستمر التنفيذ ضمن الطلب القائم وقد يحال لمسار التنفيذ عبر الجهة المخصصة.","","","","وزارة العدل — طلب خدمة زيارة","https://www.moj.gov.sa/ar/eServices/pages/d5e26711-4105-4ad9-8cd8-bc6d66242591.aspx","2026-09-22","قابلة للتغير","STALE RISK","نظام تنفيذ جديد نُشر في 2026 وسيحل محل النظام السابق بعد 180 يومًا؛ يلزم تثبيت تاريخ النفاذ وخطة تحديث النتيجة.","HIGH","النتيجة تمس الاختصاص أو طريق الاعتراض/التنفيذ أو مدة/رسومًا مؤثرة.","نعم","هل استثناء الأحوال الشخصية من التكاليف يشمل هذا الطلب التنفيذي تحديدًا، وما الاستثناءات؟","NEEDS REVIEW",""
"R-FAM-WAQF-DOC","الأحوال الشخصية والتركات","Q001: وش صار معك؟ ← أحوال شخصية → Q060: وش المشكلة الأسرية اللي عندك؟ ← وفاة / ورثة / وصية → Q078: وش المطلوب بخصوص الورثة أو الوصية؟ ← وصية أو وقف → Q224: وش تحتاج في الوصية أو الوقف؟ ← توثيق وقف","تريد توثيق وقف رسمي دون وجود نزاع قائم على الوقف أو طلب مستقل لإثبات ناظر.","استخدم خدمة «توثيق وقف» ضمن الحالات الاجتماعية في ناجز.","وزارة العدل — محكمة الأحوال الشخصية/ناجز بحسب نوع الإجراء.","محكمة الأحوال الشخصية","توثيق وقف | ناجز | توثيق حالة اجتماعية إلكتروني.","لا تعرض صفحة الخدمة مستندات مطلوبة مستقلة. شرط الوصول: وكالة سارية إذا كان مقدم الطلب وكيلاً، ووثيقة أو معلومات صك العقار. وتُدخل بيانات مقدم الطلب داخل الخدمة؛ فلا تُعامل بيانات النموذج كمستندات.","بيانات الوقف وما يطلبه نموذج الخدمة.","3 أيام كمدة تنفيذ خدمة منشورة، وليست مهلة سقوط.","الدعاوى والطلبات التي تختص بها محاكم الأحوال الشخصية مستثناة من نظام التكاليف القضائية، عدا طلب النقض والتماس إعادة النظر.","يُقدّم الطلب لاستكمال إصدار وثيقة وقف رسمية.","يُقدّم الطلب لاستكمال إصدار وثيقة وقف رسمية.","","","","وزارة العدل — دليل خدمات الحالات الاجتماعية","https://www.moj.gov.sa/sites/knowledgebase/Documents02/CRM_CCTS_919838cc-7a15-45a8-967c-c144f1225f42.pdf","2026-09-20","قابلة للتغير","PARTIALLY VERIFIED","المصدر رسمي لكنه لا يثبت آليًا جميع عناصر الاختصاص/المدة/الرسوم المركبة في النتيجة.","HIGH","النتيجة تمس الاختصاص أو طريق الاعتراض/التنفيذ أو مدة/رسومًا مؤثرة.","نعم","هل استثناء الأحوال الشخصية من التكاليف يشمل هذا الطلب التنفيذي تحديدًا، وما الاستثناءات؟","NEEDS REVIEW",""
"R-FAM-WILL-ACCEPT-REJECT","الأحوال الشخصية والتركات","Q001: وش صار معك؟ ← أحوال شخصية → Q060: وش المشكلة الأسرية اللي عندك؟ ← ما أعرف التصنيف، أبي أحدد المشكلة خطوة بخطوة → Q400: وش المشكلة الأسرية بالتحديد؟ ← وصية وتفاصيل أحكامها → Q413: وش مشكلتك في الوصية؟ ← أبي أعرف قبول الوصية أو ردها والمهلة","الموصي توفي وتريد معرفة من يقبل الوصية أو يردها وماذا يحدث عند عدم الرد.","للموصى له كامل الأهلية قبول الوصية أو ردها بعد وفاة الموصي؛ إذا سكت، يمكن لذي مصلحة طلب إعذاره من المحكمة.","وزارة العدل — محكمة الأحوال الشخصية/ناجز بحسب نوع الإجراء.","محكمة الأحوال الشخصية","قبول الوصية أو ردها | إجراء وصية","وفاة الموصي ووجود موصى له ذي صفة؛ للقاصر أحكام خاصة في الرد.","الوصية وما يثبت الصفة بحسب الطلب.","إذا أعذرته المحكمة تحدد أجلاً لا يزيد على 30 يومًا من تاريخ الإعذار؛ إن لم يجب بلا عذر تقبله المحكمة عُدّ رادًا.","لا مبلغ موحد مثبت لهذه النتيجة.","غير منطبق ظاهرًا","تابع مسار التوثيق أو القضية بحسب وجود نزاع.","نظام الأحوال الشخصية","","المواد 82-84 من نظام الأحوال الشخصية","هيئة الخبراء بمجلس الوزراء — نظام الأحوال الشخصية","https://laws.boe.gov.sa/BoeLaws/Laws/LawDetails/4d72d829-947b-45d5-b9b5-ae5800d6bac2/1","2026-09-22","ثابتة نظاميًا نسبيًا","VERIFIED","تدقيق تفصيلي ومصدر نظامي أولي فُتح وتحقق من بقائه متاحًا في هذه المرحلة.","HIGH","النتيجة تمس الاختصاص أو طريق الاعتراض/التنفيذ أو مدة/رسومًا مؤثرة.","نعم","هل استثناء الأحوال الشخصية من التكاليف يشمل هذا الطلب التنفيذي تحديدًا، وما الاستثناءات؟","NEEDS REVIEW",""
"R-FAM-WILL-AFTER-DEBTS","الأحوال الشخصية والتركات","Q001: وش صار معك؟ ← أحوال شخصية → Q060: وش المشكلة الأسرية اللي عندك؟ ← ما أعرف التصنيف، أبي أحدد المشكلة خطوة بخطوة → Q400: وش المشكلة الأسرية بالتحديد؟ ← وصية وتفاصيل أحكامها → Q413: وش مشكلتك في الوصية؟ ← أبي أعرف ترتيب الوصية مع ديون التركة","توجد وصية مع نفقات تجهيز أو ديون على المتوفى.","احصر التركة والديون أولًا؛ تنفيذ الوصية يكون من التركة بعد تجهيز الميت وأداء ديونه، ثم تطبق حدود الوصية النظامية.","وزارة العدل — محكمة الأحوال الشخصية/ناجز بحسب نوع الإجراء.","محكمة الأحوال الشخصية","تنفيذ الوصية بعد تجهيز الميت وسداد الديون | ترتيب حقوق التركة","نص الوصية، حصر التركة، الديون والالتزامات، وحصر الورثة.","وثائق التركة والديون والوصية بحسب الإجراء.","لا مهلة موحدة لهذا الترتيب.","لا مبلغ موحد مثبت لهذه النتيجة.","غير منطبق ظاهرًا","إذا كان الإجراء قضائياً فتُراجع المحكمة الوقائع والمستندات، وإذا كان توثيقاً إلكترونياً فتسير المعاملة وفق خطوات ناجز.","نظام الأحوال الشخصية","","المادتان 171 و198 من نظام الأحوال الشخصية","هيئة الخبراء بمجلس الوزراء — نظام الأحوال الشخصية","https://laws.boe.gov.sa/BoeLaws/Laws/LawDetails/4d72d829-947b-45d5-b9b5-ae5800d6bac2/1","2026-09-22","قابلة للتغير","STALE RISK","نظام تنفيذ جديد نُشر في 2026 وسيحل محل النظام السابق بعد 180 يومًا؛ يلزم تثبيت تاريخ النفاذ وخطة تحديث النتيجة.","HIGH","النتيجة تمس الاختصاص أو طريق الاعتراض/التنفيذ أو مدة/رسومًا مؤثرة.","نعم","هل استثناء الأحوال الشخصية من التكاليف يشمل هذا الطلب التنفيذي تحديدًا، وما الاستثناءات؟","NEEDS REVIEW",""
"R-FAM-WILL-DOC","الأحوال الشخصية والتركات","Q001: وش صار معك؟ ← أحوال شخصية → Q060: وش المشكلة الأسرية اللي عندك؟ ← ما أعرف التصنيف، أبي أحدد المشكلة خطوة بخطوة → Q400: وش المشكلة الأسرية بالتحديد؟ ← وصية وتفاصيل أحكامها → Q413: وش مشكلتك في الوصية؟ ← أبي أوثق وصية بدون نزاع","تريد توثيق وصية دون نزاع قائم.","استخدم خدمة «توثيق وصية» ضمن الحالات الاجتماعية في ناجز.","وزارة العدل — محكمة الأحوال الشخصية/ناجز بحسب نوع الإجراء.","محكمة الأحوال الشخصية","توثيق وصية | ناجز | توثيق حالة اجتماعية إلكتروني.","لا توجد مستندات مطلوبة بحسب خانة المستندات في صفحة الخدمة. تُدخل بيانات مقدم الطلب والأطراف والموصي والوصية وأعيانها وحقوقها والتزاماتها ومكان الواقعة. وإذا كان الموصي متوفى فهناك شروط إضافية تتعلق بالورثة وعدم وجود نزاع.","بيانات الوصية والأطراف وما يطلبه النموذج الإلكتروني.","يومان كمدة تنفيذ خدمة منشورة، وليست مهلة سقوط.","الدعاوى والطلبات التي تختص بها محاكم الأحوال الشخصية مستثناة من نظام التكاليف القضائية، عدا طلب النقض والتماس إعادة النظر.","يُستكمل التوثيق لإصدار وثيقة وصية رسمية عند استيفاء المتطلبات.","يُستكمل التوثيق لإصدار وثيقة وصية رسمية عند استيفاء المتطلبات.","","","","وزارة العدل — دليل خدمات الحالات الاجتماعية","https://www.moj.gov.sa/sites/knowledgebase/Documents02/CRM_CCTS_919838cc-7a15-45a8-967c-c144f1225f42.pdf","2026-09-20","قابلة للتغير","PARTIALLY VERIFIED","المصدر رسمي لكنه لا يثبت آليًا جميع عناصر الاختصاص/المدة/الرسوم المركبة في النتيجة.","HIGH","النتيجة تمس الاختصاص أو طريق الاعتراض/التنفيذ أو مدة/رسومًا مؤثرة.","نعم","هل استثناء الأحوال الشخصية من التكاليف يشمل هذا الطلب التنفيذي تحديدًا، وما الاستثناءات؟","NEEDS REVIEW",""
"R-FAM-WILL-LIMITS","الأحوال الشخصية والتركات","Q001: وش صار معك؟ ← أحوال شخصية → Q060: وش المشكلة الأسرية اللي عندك؟ ← ما أعرف التصنيف، أبي أحدد المشكلة خطوة بخطوة → Q400: وش المشكلة الأسرية بالتحديد؟ ← ورثة أو تركة أو وصية أو قاصر → Q409: وش مشكلتك في الورثة أو التركة؟ ← الوصية لوارث أو أكثر من الثلث","الوصية لوارث أو تتجاوز ثلث التركة.","تحقق من إجازة الورثة بعد الوفاة حيث يشترطها النظام، ولا تنفذ الزيادة على الثلث تلقائياً.","وزارة العدل — محكمة الأحوال الشخصية/ناجز بحسب نوع الإجراء.","محكمة الأحوال الشخصية","حد الوصية من التركة | حساب نفاذ الوصية","نص الوصية، حصر الورثة، قيمة التركة والديون، ومواقف الورثة بعد الوفاة.","وثيقة الوصية وبيانات التركة والورثة.","لا مهلة عامة؛ الإجازة بعد الوفاة هي المؤثرة فيما زاد على الثلث.","لا مبلغ موحد مثبت لهذه النتيجة.","غير منطبق ظاهرًا","اتبع المسار الموضح، وإذا وجد نزاع قضائي فتقدم عبر صحيفة الدعوى بالتصنيف المناسب.","نظام الأحوال الشخصية","","المواد 79 و90 و91 من نظام الأحوال الشخصية","هيئة الخبراء بمجلس الوزراء — نظام الأحوال الشخصية","https://laws.boe.gov.sa/BoeLaws/Laws/LawDetails/4d72d829-947b-45d5-b9b5-ae5800d6bac2/1","2026-09-22","ثابتة نظاميًا نسبيًا","VERIFIED","تدقيق تفصيلي ومصدر نظامي أولي فُتح وتحقق من بقائه متاحًا في هذه المرحلة.","HIGH","النتيجة تمس الاختصاص أو طريق الاعتراض/التنفيذ أو مدة/رسومًا مؤثرة.","نعم","هل استثناء الأحوال الشخصية من التكاليف يشمل هذا الطلب التنفيذي تحديدًا، وما الاستثناءات؟","NEEDS REVIEW",""
"R-FAM-WILL-MULTIPLE","الأحوال الشخصية والتركات","Q001: وش صار معك؟ ← أحوال شخصية → Q060: وش المشكلة الأسرية اللي عندك؟ ← ما أعرف التصنيف، أبي أحدد المشكلة خطوة بخطوة → Q400: وش المشكلة الأسرية بالتحديد؟ ← وصية وتفاصيل أحكامها → Q413: وش مشكلتك في الوصية؟ ← عندنا أكثر من وصية أو أكثر من موصى له","توجد أكثر من وصية أو أكثر من موصى له وتريد معرفة أثر التعدد.","اجمع الوصايا واحسب صافي التركة ثم طبق حد الثلث وأحكام الإجازة على مجموعها.","وزارة العدل — محكمة الأحوال الشخصية/ناجز بحسب نوع الإجراء.","محكمة الأحوال الشخصية","وصايا متعددة تتنافس على المقدار النافذ | تنفيذ وصايا متعددة","ثبوت الوصايا وصافي التركة والورثة.","كل الوصايا وحصر الورثة والأصول والديون.","لا مدة رقمية عامة.","الدعاوى والطلبات التي تختص بها محاكم الأحوال الشخصية مستثناة من نظام التكاليف القضائية، عدا طلب النقض والتماس إعادة النظر.","تابع حالة الطلب ورقم الطلب في المنصة نفسها. إذا أعيد للاستكمال، استكمل النقص على الطلب القائم ولا تنشئ طلبًا جديدًا إلا إذا نصت الخدمة على ذلك.","تابع حالة الطلب ورقم الطلب في المنصة نفسها. إذا أعيد للاستكمال، استكمل النقص على الطلب القائم ولا تنشئ طلبًا جديدًا إلا إذا نصت الخدمة على ذلك.","نظام الأحوال الشخصية","","المواد 190-195 تضبط مقدار الوصية وكيفية احتسابها؛ وترتيب التركة بالمادة 198.","هيئة الخبراء بمجلس الوزراء — نظام الأحوال الشخصية","https://laws.boe.gov.sa/BoeLaws/Laws/LawDetails/4d72d829-947b-45d5-b9b5-ae5800d6bac2/1","2026-09-22","قابلة للتغير","STALE RISK","نظام تنفيذ جديد نُشر في 2026 وسيحل محل النظام السابق بعد 180 يومًا؛ يلزم تثبيت تاريخ النفاذ وخطة تحديث النتيجة.","HIGH","النتيجة تمس الاختصاص أو طريق الاعتراض/التنفيذ أو مدة/رسومًا مؤثرة.","نعم","هل استثناء الأحوال الشخصية من التكاليف يشمل هذا الطلب التنفيذي تحديدًا، وما الاستثناءات؟","NEEDS REVIEW",""
"R-FAM-WILL-REVOKE","الأحوال الشخصية والتركات","Q001: وش صار معك؟ ← أحوال شخصية → Q060: وش المشكلة الأسرية اللي عندك؟ ← ما أعرف التصنيف، أبي أحدد المشكلة خطوة بخطوة → Q400: وش المشكلة الأسرية بالتحديد؟ ← وصية وتفاصيل أحكامها → Q413: وش مشكلتك في الوصية؟ ← أبي أرجع عن الوصية أو أعدلها","الموصي يريد تعديل وصيته أو الرجوع عنها كليًا أو جزئيًا.","استخدم مسار توثيق الوصية/تعديلها لدى وزارة العدل بحسب حالتك، واحرص على توثيق التغيير رسميًا.","وزارة العدل — محكمة الأحوال الشخصية/ناجز بحسب نوع الإجراء.","محكمة الأحوال الشخصية","وصية سابقة ورجوع عنها | إثبات أثر الرجوع عن الوصية","بيانات الوصية القائمة والموصي والتعديل أو الرجوع المطلوب.","الوصية ودليل الرجوع.","لا مدة رقمية عامة.","الدعاوى والطلبات التي تختص بها محاكم الأحوال الشخصية مستثناة من نظام التكاليف القضائية، عدا طلب النقض والتماس إعادة النظر.","إذا كان الإجراء قضائياً فتُراجع المحكمة الوقائع والمستندات، وإذا كان توثيقاً إلكترونياً فتسير المعاملة وفق خطوات ناجز.","إذا كان الإجراء قضائياً فتُراجع المحكمة الوقائع والمستندات، وإذا كان توثيقاً إلكترونياً فتسير المعاملة وفق خطوات ناجز.","نظام الأحوال الشخصية","","المادة 196/1: رجوع الموصي عن وصيته قولًا أو فعلًا يبطلها.","هيئة الخبراء بمجلس الوزراء — نظام الأحوال الشخصية","https://laws.boe.gov.sa/BoeLaws/Laws/LawDetails/4d72d829-947b-45d5-b9b5-ae5800d6bac2/1","2026-09-22","ثابتة نظاميًا نسبيًا","VERIFIED","تدقيق تفصيلي ومصدر نظامي أولي فُتح وتحقق من بقائه متاحًا في هذه المرحلة.","HIGH","النتيجة تمس الاختصاص أو طريق الاعتراض/التنفيذ أو مدة/رسومًا مؤثرة.","نعم","هل استثناء الأحوال الشخصية من التكاليف يشمل هذا الطلب التنفيذي تحديدًا، وما الاستثناءات؟","NEEDS REVIEW",""
"R-FAM-WILL-VALIDITY","الأحوال الشخصية والتركات","Q001: وش صار معك؟ ← أحوال شخصية → Q060: وش المشكلة الأسرية اللي عندك؟ ← ما أعرف التصنيف، أبي أحدد المشكلة خطوة بخطوة → Q400: وش المشكلة الأسرية بالتحديد؟ ← وصية وتفاصيل أحكامها → Q413: وش مشكلتك في الوصية؟ ← عندي نزاع في الشيء الموصى به أو صحة محله","لديك نزاع في الشيء الموصى به أو مشروعيته أو ملكيته أو إمكانية وجوده.","احسب صافي التركة ثم افحص صفة الموصى له وحد الثلث وإجازة الورثة.","وزارة العدل — محكمة الأحوال الشخصية/ناجز بحسب نوع الإجراء.","محكمة الأحوال الشخصية","وصية يراد تحديد نفاذها | تنفيذ/منازعة وصية","ثبوت الوصية وتحديد الورثة وصافي التركة.","الوصية وحصر الورثة والأصول والديون.","لا مدة عامة؛ إعذار الموصى له للقبول لا يزيد على 30 يومًا من تاريخ الإعذار وفق المادة 183.","الدعاوى والطلبات التي تختص بها محاكم الأحوال الشخصية مستثناة من نظام التكاليف القضائية، عدا طلب النقض والتماس إعادة النظر.","تابع حالة الطلب ورقم الطلب في المنصة نفسها. إذا أعيد للاستكمال، استكمل النقص على الطلب القائم ولا تنشئ طلبًا جديدًا إلا إذا نصت الخدمة على ذلك.","تابع حالة الطلب ورقم الطلب في المنصة نفسها. إذا أعيد للاستكمال، استكمل النقص على الطلب القائم ولا تنشئ طلبًا جديدًا إلا إذا نصت الخدمة على ذلك.","نظام الأحوال الشخصية","","المواد 179 و183 و190-191: وصية الوارث، القبول/الإعذار، حد الثلث والاستثناءات.","هيئة الخبراء بمجلس الوزراء — نظام الأحوال الشخصية","https://laws.boe.gov.sa/BoeLaws/Laws/LawDetails/4d72d829-947b-45d5-b9b5-ae5800d6bac2/1","2026-09-22","قابلة للتغير","STALE RISK","نظام تنفيذ جديد نُشر في 2026 وسيحل محل النظام السابق بعد 180 يومًا؛ يلزم تثبيت تاريخ النفاذ وخطة تحديث النتيجة.","HIGH","النتيجة تمس الاختصاص أو طريق الاعتراض/التنفيذ أو مدة/رسومًا مؤثرة.","نعم","هل استثناء الأحوال الشخصية من التكاليف يشمل هذا الطلب التنفيذي تحديدًا، وما الاستثناءات؟","NEEDS REVIEW",""
"R-FAM-WILL-WAQF","الأحوال الشخصية والتركات","Q001: وش صار معك؟ ← أحوال شخصية → Q060: وش المشكلة الأسرية اللي عندك؟ ← وفاة / ورثة / وصية → Q078: وش المطلوب بخصوص الورثة أو الوصية؟ ← وصية أو وقف → Q224: وش تحتاج في الوصية أو الوقف؟ ← نزاع على وصية أو وقف أو إثبات ناظر","يوجد نزاع متعلق بوصية أو وقف، أو المطلوب إجراء متعلق بإثبات ناظر على وقف/وصية.","إذا كان هناك نزاع على الوصية أو الوقف فابدأ من صحيفة الدعوى في ناجز وحدد تصنيف الدعوى ومتطلباتها. أما إذا كان المطلوب إجراء إثبات بلا نزاع، فتحقق من الخدمة الإنهائية المناسبة في ناجز قبل التقديم.","وزارة العدل — محكمة الأحوال الشخصية/ناجز بحسب نوع الإجراء.","محكمة الأحوال الشخصية","توثيق وصية أو وقف | ناجز | توثيق حالة اجتماعية","في صحيفة الدعوى تُدخل بيانات الدعوى وأطرافها وتُرفق المستندات المطلوبة بحسب تصنيف الدعوى. لا تفترض قائمة مستندات ثابتة قبل اختيار التصنيف.","المستندات التي يطلبها نموذج الخدمة بحسب نوع الوصية/الوقف.","لا نضع مهلة سقوط؛ توثيق الوصية والوقف خدمات إلكترونية مستقلة.","لا نثبت رسمًا دون مصدر صريح لكل خدمة.","غير منطبق ظاهرًا","في النزاع يُدقق طلب صحيفة الدعوى ثم يُحال للمحكمة المختصة عند قبوله؛ أما طلبات الإثبات فتسير عبر خدمتها المناسبة.","","","","وزارة العدل — الخدمات الإنهائية والحالات الاجتماعية","https://inhaatportal.moj.gov.sa/tabsnew.aspx","2026-09-20","قابلة للتغير","PARTIALLY VERIFIED","المصدر رسمي لكنه لا يثبت آليًا جميع عناصر الاختصاص/المدة/الرسوم المركبة في النتيجة.","HIGH","النتيجة تمس الاختصاص أو طريق الاعتراض/التنفيذ أو مدة/رسومًا مؤثرة.","نعم","هل استثناء الأحوال الشخصية من التكاليف يشمل هذا الطلب التنفيذي تحديدًا، وما الاستثناءات؟","NEEDS REVIEW",""
"R-FAMILY-DOCUMENT-CHECK","الأحوال الشخصية والتركات","Q001: وش صار معك؟ ← أحوال شخصية → Q060: وش المشكلة الأسرية اللي عندك؟ ← حضانة أو زيارة → Q403: وش موضوع الحضانة أو الزيارة؟ ← عندي حكم وأبي تنفيذه → Q074: عندك حكم حضانة أو زيارة؟ ← ما أعرف هل هو حكم أو مجرد اتفاق","المستند الذي معك يحتاج تصنيفًا قبل فتح طلب تنفيذ.","افتح المستند واقرأ عنوانه وحالته. لا تبدأ تنفيذ حضانة أو زيارة قبل التأكد أنه سند تنفيذي.","وزارة العدل — محكمة الأحوال الشخصية/ناجز بحسب نوع الإجراء.","محكمة الأحوال الشخصية","التحقق من نوع المستند الأسري | ناجز | فحص سند قبل التنفيذ","لا توجد مستندات مطلوبة بحسب صفحة الخدمة الرسمية، لكن يجب أن تنطبق شروط الخدمة على طلب التنفيذ، ومنها نوع السند وحالة الطلب وبقية الشروط الإجرائية.","صفحة الخدمة الحالية لا تفرض مستندات إضافية.","لا مهلة سقوط موحدة للخدمة منشورة؛ مدة تنفيذ الخدمة التشغيلية ليست مهلة حق.","لا مبلغ موحد مثبت لهذه النتيجة.","غير منطبق ظاهرًا","يُقدَّم طلب تنفيذ حكم الحضانة من خلال ناجز ضمن طلب التنفيذ القائم، وفق مسار الخدمة وشروطها.","","","","وزارة العدل — طلب خدمة حضانة","https://www.moj.gov.sa/ar/eservices/pages/739b4d6e-c736-4d27-ba3e-a6d17dd561aa.aspx","2026-09-23","قابلة للتغير","STALE RISK","نظام تنفيذ جديد نُشر في 2026 وسيحل محل النظام السابق بعد 180 يومًا؛ يلزم تثبيت تاريخ النفاذ وخطة تحديث النتيجة.","HIGH","النتيجة تمس الاختصاص أو طريق الاعتراض/التنفيذ أو مدة/رسومًا مؤثرة.","نعم","هل استثناء الأحوال الشخصية من التكاليف يشمل هذا الطلب التنفيذي تحديدًا، وما الاستثناءات؟","NEEDS REVIEW",""
"R-REAL-FINANCE-SPECIAL","البنوك والتمويل والتأمين والسوق المالية","Q001: وش صار معك؟ ← عقار أو إيجار → Q070: وش موضوع العقار أو الإيجار؟ ← رهن عقاري أو تمويل عقاري → Q095: رهن عقاري أو نزاع تمويل؟ ← خلاف مع بنك/شركة تمويل على التمويل العقاري","الخلاف ناشئ عن عقد تمويل عقاري، وليس مجرد توثيق عقار أو فك رهن.","افصل نزاع عقد التمويل العقاري عن خدمات تسجيل العقار. لا توجهه تلقائيًا للجنة التمويلية؛ نظام التمويل العقاري ينص على أن المحكمة المختصة تفصل في المنازعات الناشئة عن عقود التمويل العقاري.","المحكمة أو الجهة القضائية المختصة بحسب نوع الدعوى والمرحلة المبينة في النتيجة.","","تحديد أثر التمويل/الرهن على الإجراء العقاري | بوابة قرار عقارية","للتقييم الأولي راجع عقد التمويل وكشوف الحساب والمطالبات والرهن إن وجد. هذه أدلة ومستندات مرتبطة بالنزاع وليست قائمة متطلبات ثابتة لخدمة واحدة.","بيانات العقار والرهن والجهة الممولة بحسب الخدمة ذات الصلة.","لا مهلة موحدة مثبتة؛ مدة الخدمة تختلف بحسب الإجراء.","لا مبلغ قضائي موحد مثبت.","غير منطبق ظاهرًا","يُحدد المسار القضائي المختص بحسب طبيعة العقد والطلبات، ثم يرتبط الحكم لاحقًا بالتنفيذ عند الحاجة.","","","","وزارة العدل — اتفاقية مستوى الخدمات الإلكترونية","https://www.moj.gov.sa/ar/Ministry/Pages/SLA.aspx","2026-09-20","ثابتة نظاميًا نسبيًا","PARTIALLY VERIFIED","المصدر رسمي لكنه لا يثبت آليًا جميع عناصر الاختصاص/المدة/الرسوم المركبة في النتيجة.","HIGH","النتيجة تمس الاختصاص أو طريق الاعتراض/التنفيذ أو مدة/رسومًا مؤثرة.","نعم","ما مقدار المدة وبدايتها ونهايتها والاستثناءات وأثر فواتها وفق النص المطبق على هذه الحالة؟","NEEDS REVIEW",""
"R-SP-FINANCE-COMMITTEE","البنوك والتمويل والتأمين والسوق المالية","Q001: وش صار معك؟ ← بنك/تمويل/تأمين/زكاة/ضريبة/اتصالات/جهة حكومية → Q110: مشكلتك مع أي جهة أو خدمة؟ ← بنك أو تمويل أو تأمين أو سوق مالية → Q267: وش نوع المشكلة المالية أو التأمينية؟ ← بنك / مصرف / شركة تمويل → Q285: وش المشكلة البنكية اللي صارت؟ ← مشكلة أخرى مع البنك أو التمويل → Q162: اشتكيّت على البنك أو جهة التمويل؟ ← أريد رفع دعوى لدى اللجان → Q163: وش نوع النزاع المالي؟ ← تمويل شخصي أو عقاري أو نزاع تمويلي","لديك نزاع ناشئ عن عقد تمويل، ونوع التمويل يؤثر في جهة الفصل.","حدّد أولًا هل العقد تمويل عقاري أم غير عقاري. للتمويل غير العقاري استخدم مسار اللجنة التمويلية عند انطباق اختصاصها. أما التمويل العقاري فتحقق من المحكمة المختصة وفق نظام التمويل العقاري قبل إيداع الدعوى.","الجهة القضائية أو الرسمية المحددة في المصدر المرتبط بالنتيجة.","","دعوى جديدة أو طلب قضائي بحسب الحالة المحددة في النتيجة؛ لا يُستخدم كطلب داخل قضية/تنفيذ إلا إذا نصت النتيجة على ذلك.","للتقييم الأولي راجع عقد التمويل ونوع المنتج وجدول السداد والشكاوى والمراسلات، ومستندات الرهن إن كان التمويل عقاريًا. هذه مواد لتحديد الاختصاص وإثبات النزاع وليست قائمة متطلبات موحدة لكل جهة.","","","","غير منطبق ظاهرًا","بعد تحديد نوع العقد وصفة الجهة الممولة، تتحدد جهة الفصل المختصة قبل إيداع الدعوى.","نظام التمويل العقاري","","","البنك المركزي السعودي — نظام التمويل العقاري — المادة الثالثة عشرة","https://rulebook.sama.gov.sa/ar/المادة-الثالثة-عشرة-13","2026-09-20","قابلة للتغير","STALE RISK","نظام تنفيذ جديد نُشر في 2026 وسيحل محل النظام السابق بعد 180 يومًا؛ يلزم تثبيت تاريخ النفاذ وخطة تحديث النتيجة.","HIGH","النتيجة تمس الاختصاص أو طريق الاعتراض/التنفيذ أو مدة/رسومًا مؤثرة.","نعم","هل الجهة والمحكمة ونوع الإجراء المحددة صحيحة لكل صور الحالة والاستثناءات المحتملة؟","NEEDS REVIEW",""
"R-CRIM-APPEAL","الجزائي والحماية","Q001: وش صار معك؟ ← بلاغ أو قضية جنائية → Q090: وش وضعك في البلاغ أو القضية؟ ← صدر حكم جزائي → Q139: وش وضع الحكم الجزائي أو الإجراء اللي تحتاجه؟ ← صدر حكم وأبي الاستئناف/النقض/إعادة النظر → Q614: صدر حكم جزائي: وش نوع الإجراء اللي تحتاجه؟ ← أبي أستأنف حكم أول درجة","صدر حكم جزائي من محكمة الدرجة الأولى وتريد الاعتراض.","تحقق فورًا من تاريخ تسلم الحكم والمدة النظامية المثبتة لك، ثم قدم اعتراضك بالطريق المقرر مبينًا الحكم وأسباب الاعتراض وطلباتك.","الشرطة/النيابة العامة قبل الإحالة، والمحكمة الجزائية بعد الإحالة بحسب المرحلة.","","صدر حكم جزائي من محكمة الدرجة الأولى وتريد الاعتراض | اعتراض بالاستئناف على حكم جزائي","صك الحكم، تاريخ التسلم/التبليغ، أسباب الاعتراض، الطلبات، المستندات المؤيدة.","الحكم، مذكرة الاعتراض، والمستندات المؤيدة.","تطبق المدة الاعتراضية الجزائية وفق نظام الإجراءات الجزائية؛ يبدأ احتسابها من تسلم الحكم/التبليغ بحسب الحالة، وفواتها يسقط حق الاعتراض ما لم ينطبق استثناء نظامي.","إذا كان طلب الاستئناف خاضعًا لنظام التكاليف القضائية: 5,000 ريال وفق المادة السادسة من اللائحة التنفيذية، مع مراعاة الاستثناءات والإعفاءات النظامية.","ينتقل الطلب إلى المحكمة أو دائرة التنفيذ المختصة لفحص شروطه واتخاذ الإجراء النظامي.","ينتقل الطلب إلى المحكمة أو دائرة التنفيذ المختصة لفحص شروطه واتخاذ الإجراء النظامي.","نظام الإجراءات الجزائية","","الباب السابع من نظام الإجراءات الجزائية ينظم الاستئناف؛ وزارة العدل تقرر أن محاكم الاستئناف تنظر الأحكام القابلة للاستئناف الصادرة من الدرجة الأولى. | نظام الإجراءات الجزائية — المادة 192 وما بعدها","وزارة العدل — نظام الإجراءات الجزائية ولائحته التنفيذية","https://www.moj.gov.sa/Documents/Regulations/pdf/LawOfCriminalProcedureAndItsExecutiveRegulations.pdf","2026-09-22","ثابتة نظاميًا نسبيًا","PARTIALLY VERIFIED","يوجد تدقيق تفصيلي ورابط لنص نظامي رسمي، لكن هذا النص بعينه لم يُعد فتحه ومطابقة جميع ادعاءات النتيجة في هذه المرحلة.","HIGH","النتيجة تمس الاختصاص أو طريق الاعتراض/التنفيذ أو مدة/رسومًا مؤثرة.","نعم","ما مقدار المدة وبدايتها ونهايتها والاستثناءات وأثر فواتها وفق النص المطبق على هذه الحالة؟","NEEDS REVIEW",""
"R-CRIM-ARCHIVED","الجزائي والحماية","Q001: وش صار معك؟ ← بلاغ أو قضية جنائية → Q090: وش وضعك في البلاغ أو القضية؟ ← أُفرج عني أو قيل حُفظت القضية → Q137: صدر إفراج أو حفظ رسمي؟ ← عندي قرار/إشعار بحفظ القضية","لديك إشعار/قرار يفيد بحفظ القضية أو التصرف فيها بالحفظ.","اجلب القرار كاملًا وحدد الجهة والتاريخ وما ورد عن الاعتراض أو الحق الخاص، ثم اختر المسار بناءً على نص القرار لا على كلمة «محفوظة».","الشرطة/النيابة العامة قبل الإحالة، والمحكمة الجزائية بعد الإحالة بحسب المرحلة.","","أُبلغت بحفظ/أرشفة البلاغ أو التحقيق | فهم قرار الحفظ والتمييز بين حفظ الاستدلال وحفظ التحقيق والتصرف النهائي","القرار كاملًا + التاريخ + الجهة + رقم القضية/البلاغ.","رقم البلاغ/القضية وصورة القرار أو الإشعار إن توفر.","لا مدة واحدة لكل صور الحفظ والاعتراض عليها؛ تحدد بحسب نوع القرار.","","يتحدد الأثر والإجراء اللاحق من نوع القرار ومرحلته وما نص عليه.","يتحدد الأثر والإجراء اللاحق من نوع القرار ومرحلته وما نص عليه.","نظام الإجراءات الجزائية ولائحته التنفيذية","","الفصل العاشر من إجراءات التحقيق ينظم إنهاء التحقيق والتصرف في الدعوى، وهو مختلف عن مجرد جمع الاستدلال.","وزارة العدل — نظام الإجراءات الجزائية ولائحته التنفيذية","https://www.moj.gov.sa/Documents/Regulations/pdf/LawOfCriminalProcedureAndItsExecutiveRegulations.pdf","2026-09-20","ثابتة نظاميًا نسبيًا","PARTIALLY VERIFIED","يوجد تدقيق تفصيلي ورابط لنص نظامي رسمي، لكن هذا النص بعينه لم يُعد فتحه ومطابقة جميع ادعاءات النتيجة في هذه المرحلة.","HIGH","النتيجة تمس الاختصاص أو طريق الاعتراض/التنفيذ أو مدة/رسومًا مؤثرة.","نعم","ما مقدار المدة وبدايتها ونهايتها والاستثناءات وأثر فواتها وفق النص المطبق على هذه الحالة؟","NEEDS REVIEW",""
"R-CRIM-ARRESTED","الجزائي والحماية","Q001: وش صار معك؟ ← بلاغ أو قضية جنائية → Q090: وش وضعك في البلاغ أو القضية؟ ← أنا مقبوض علي أو موقوف → Q136: أنت موقوف الآن؟ ← مقبوض علي الآن ولم يتضح قرار التوقيف","أنت مقبوض عليك ولم يتضح بعد هل صدر أمر توقيف.","اطلب معرفة سبب القبض، وحقك في محام والاتصال بمن ترى إبلاغه، وتابع ما إذا أحلت للمحقق وقرار التوقيف أو الإفراج.","الشرطة/النيابة العامة قبل الإحالة، والمحكمة الجزائية بعد الإحالة بحسب المرحلة.","","تم القبض على الشخص في قضية جزائية | إجراءات القبض ثم العرض على جهة التحقيق","للمتابعة دوّن الجهة ووقت القبض وما أُبلغت به عن سببه إن أمكن. هذه معلومات لفهم الحالة وليست مستندات مطلوبة للتقديم.","أمر القبض إن وجد، رقم المحضر/القضية، وهوية المقبوض عليه.","لا يجوز إبقاء المقبوض عليه خارج الحدود والمدد النظامية المقررة للقبض والعرض.","","غير منطبق ظاهرًا","النظام يضع مددًا وإجراءات للعرض على المحقق والاستجواب ثم قرار التوقيف أو الإفراج.","نظام الإجراءات الجزائية ولائحته التنفيذية","","المادة 2؛ المادة 4؛ واللائحة التنفيذية المادة 22: تعريف المقبوض عليه بسبب القبض وحق المحامي والاتصال بمن يرى إبلاغه.","وزارة العدل — نظام الإجراءات الجزائية ولائحته التنفيذية","https://www.moj.gov.sa/Documents/Regulations/pdf/LawOfCriminalProcedureAndItsExecutiveRegulations.pdf","2026-09-20","ثابتة نظاميًا نسبيًا","PARTIALLY VERIFIED","يوجد تدقيق تفصيلي ورابط لنص نظامي رسمي، لكن هذا النص بعينه لم يُعد فتحه ومطابقة جميع ادعاءات النتيجة في هذه المرحلة.","HIGH","النتيجة تمس الاختصاص أو طريق الاعتراض/التنفيذ أو مدة/رسومًا مؤثرة.","نعم","هل الجهة والمحكمة ونوع الإجراء المحددة صحيحة لكل صور الحالة والاستثناءات المحتملة؟","NEEDS REVIEW",""
"R-CRIM-CASSATION","الجزائي والحماية","Q001: وش صار معك؟ ← بلاغ أو قضية جنائية → Q090: وش وضعك في البلاغ أو القضية؟ ← صدر حكم جزائي → Q139: وش وضع الحكم الجزائي أو الإجراء اللي تحتاجه؟ ← صدر حكم وأبي الاستئناف/النقض/إعادة النظر → Q614: صدر حكم جزائي: وش نوع الإجراء اللي تحتاجه؟ ← الحكم من الاستئناف وأبي أعرف النقض","صدر أو تأيد حكم جزائي من محكمة الاستئناف وتريد طلب النقض.","النقض ليس إعادة محاكمة للوقائع؛ راجع أسباب النقض النظامية مثل مخالفة النظام، عدم الاختصاص، الخلل في تشكيل المحكمة أو الخطأ في تكييف الواقعة. مدة طلب النقض 30 يومًا وفق المادة 199.","الشرطة/النيابة العامة قبل الإحالة، والمحكمة الجزائية بعد الإحالة بحسب المرحلة.","محكمة الاستئناف","صدر حكم من محكمة الاستئناف في قضية جزائية وتريد الطعن أمام المحكمة العليا | ناجز | طلب نقض","حكم الاستئناف، تاريخ التبليغ، سبب النقض النظامي، مذكرة الاعتراض وطلباتك.","صفحة الخدمة لا تشترط مستندات بعينها، لكن يجب كتابة اللائحة وإرفاق المستندات الداعمة عند وجودها.","يقدم خلال المدة الاعتراضية للحكم؛ تختلف المدة بحسب تصنيف القضية وتبدأ وفق حالة الحكم الحضوري/الغيابي كما توضح الخدمة.","إذا كان الطلب خاضعًا لنظام التكاليف القضائية: طلب النقض 7,000 ريال وفق المادة السادسة من اللائحة التنفيذية. ويُراعى ما يقرره النظام من استثناءات وإعفاءات.","ينتقل الطلب إلى المحكمة أو دائرة التنفيذ المختصة لفحص شروطه واتخاذ الإجراء النظامي.","ينتقل الطلب إلى المحكمة أو دائرة التنفيذ المختصة لفحص شروطه واتخاذ الإجراء النظامي.","نظام الإجراءات الجزائية","","أسباب النقض محصورة: مخالفة الشريعة/الأنظمة، تشكيل المحكمة غير السليم، عدم الاختصاص، والخطأ في تكييف الواقعة أو وصفها. | نظام الإجراءات الجزائية — المواد 198–203","وزارة العدل — نظام الإجراءات الجزائية ولائحته التنفيذية","https://www.moj.gov.sa/Documents/Regulations/pdf/LawOfCriminalProcedureAndItsExecutiveRegulations.pdf","2026-09-22","قابلة للتغير","PARTIALLY VERIFIED","يوجد تدقيق تفصيلي ورابط لنص نظامي رسمي، لكن هذا النص بعينه لم يُعد فتحه ومطابقة جميع ادعاءات النتيجة في هذه المرحلة.","HIGH","النتيجة تمس الاختصاص أو طريق الاعتراض/التنفيذ أو مدة/رسومًا مؤثرة.","نعم","ما مقدار المدة وبدايتها ونهايتها والاستثناءات وأثر فواتها وفق النص المطبق على هذه الحالة؟","NEEDS REVIEW",""
"R-CRIM-CIVIL-GATE","الجزائي والحماية","Q001: وش صار معك؟ ← بلاغ أو قضية جنائية → Q090: وش وضعك في البلاغ أو القضية؟ ← أنا مجني عليه أو أبي أبلغ → Q132: بلغت الجهة المختصة؟ ← لا، ما بلّغت → Q133: وش نوع الواقعة؟ ← مجرد عدم سداد دين أو إخلال عقد بلا وقائع خداع مستقلة","المعطيات الحالية مجرد عدم سداد/إخلال تعاقدي بلا وقائع خداع مستقلة.","ارجع لمسار الدين/العقد المناسب وحدد السند والعلاقة قبل التفكير في البلاغ الجنائي.","الشرطة/النيابة العامة قبل الإحالة، والمحكمة الجزائية بعد الإحالة بحسب المرحلة.","","تحديد الحق الخاص في المسار الجزائي | بوابة قرار للحق الخاص","راجع العقد أو السند والمطالبة والوقائع لتحديد المسار. هذه مواد لتقييم العلاقة وليست قائمة مستندات مطلوبة لبلاغ جنائي.","ما يثبت الضرر والسببية والمبلغ بحسب الطلب؛ لا توجد قائمة موحدة لكل الحالات.","لا نضع مدة عامة؛ الميعاد والاختصاص يتحددان بحسب نوع الحق ومرحلة الدعوى.","تتحدد بحسب المسار النهائي؛ لا مبلغ موحد.","غير منطبق ظاهرًا","قد يكون المسار مطالبة مالية أو تجارية أو عقارية؛ وإذا ظهرت وقائع خداع مستقلة يعاد تقييم البوابة.","","","","وزارة العدل — محاكم الدرجة الأولى - اختصاص المحاكم الجزائية","https://moj.gov.sa/ar/Ministry/Courts/Pages/FirstCourts.aspx","2026-09-20","ثابتة نظاميًا نسبيًا","PROCEDURAL GUIDANCE","النتيجة إرشاد تشغيلي مدقق مقابل صفحة جهة رسمية، وليست حكمًا قانونيًا موضوعيًا.","HIGH","النتيجة تمس الاختصاص أو طريق الاعتراض/التنفيذ أو مدة/رسومًا مؤثرة.","نعم","ما مقدار المدة وبدايتها ونهايتها والاستثناءات وأثر فواتها وفق النص المطبق على هذه الحالة؟","NEEDS REVIEW",""
"R-CRIM-COMPLAINT-REQUIRED","الجزائي والحماية","Q001: وش صار معك؟ ← بلاغ أو قضية جنائية → Q090: وش وضعك في البلاغ أو القضية؟ ← أبي أعرف الاختصاص والحق العام/الخاص والمسار الصحيح → Q603: وش تحتاج في المسار الجزائي؟ ← هل لازم شكوى مني حتى تبدأ القضية؟","في الجرائم التي يلزم فيها حق خاص للأفراد، تقرر المادة 17 أصل اشتراط شكوى المجني عليه أو من يمثله أو وارثه، مع الاستثناء النظامي للمصلحة العامة.","قدّم الشكوى للجهة المختصة واحفظ رقمها وأدلتها.","الشرطة/النيابة العامة قبل الإحالة، والمحكمة الجزائية بعد الإحالة بحسب المرحلة.","","الواقعة من الحالات التي لا تتحرك فيها الدعوى الجزائية إلا بناءً على شكوى من المجني عليه أو من ينوب عنه | تقديم الشكوى اللازمة لتحريك الدعوى في الحالات المقيدة بها","هوية وصفة مقدم الشكوى، الواقعة، الأدلة، بيانات المشكو ضده إن عرفت.","الهوية والوكالة عند النيابة وأدلة الواقعة المتاحة.","المدة إن وجدت تتبع النص الخاص بالجريمة؛ لا أضع مدة عامة لكل الشكاوى.","","غير منطبق ظاهرًا","تقيّم الجهة المختصة الشكوى وتتخذ الإجراء النظامي بحسب الواقعة.","نظام الإجراءات الجزائية ولائحته التنفيذية","","نظام الإجراءات الجزائية يقرر وجود حالات تتوقف فيها إقامة الدعوى أو التحقيق على شكوى المجني عليه أو من ينوب عنه، مع استثناء حالة المصلحة العامة وفق النظام. | المادة 17","وزارة العدل — نظام الإجراءات الجزائية ولائحته التنفيذية","https://www.moj.gov.sa/Documents/Regulations/pdf/LawOfCriminalProcedureAndItsExecutiveRegulations.pdf","2026-09-22","ثابتة نظاميًا نسبيًا","PARTIALLY VERIFIED","يوجد تدقيق تفصيلي ورابط لنص نظامي رسمي، لكن هذا النص بعينه لم يُعد فتحه ومطابقة جميع ادعاءات النتيجة في هذه المرحلة.","HIGH","النتيجة تمس الاختصاص أو طريق الاعتراض/التنفيذ أو مدة/رسومًا مؤثرة.","نعم","هل الجهة والمحكمة ونوع الإجراء المحددة صحيحة لكل صور الحالة والاستثناءات المحتملة؟","NEEDS REVIEW",""
"R-CRIM-CYBER-REPORT","الجزائي والحماية","Q001: وش صار معك؟ ← بلاغ أو قضية جنائية → Q090: وش وضعك في البلاغ أو القضية؟ ← أنا مجني عليه أو أبي أبلغ → Q132: بلغت الجهة المختصة؟ ← لا، ما بلّغت → Q133: وش نوع الواقعة؟ ← جريمة معلوماتية / ابتزاز / اختراق / انتحال / تشهير إلكتروني → Q142: وش نوع الجريمة الإلكترونية؟ ← ابتزاز أو اختراق أو انتحال أو احتيال إلكتروني","الواقعة جريمة معلوماتية محتملة مثل ابتزاز/اختراق/انتحال/تشهير/احتيال إلكتروني.","قدّم البلاغ عبر قناة الجرائم المعلوماتية الرسمية، واحفظ الأدلة والروابط والحسابات والرسائل دون العبث بها.","الشرطة/النيابة العامة قبل الإحالة، والمحكمة الجزائية بعد الإحالة بحسب المرحلة.","","بلاغات الجرائم المعلوماتية | بلاغ جريمة معلوماتية","وصف الواقعة وتصنيف الجريمة وبيانات الحساب أو الرقم تُدخل داخل البلاغ بحسب الحالة. أرفق الأدلة الرقمية المتاحة مثل الصور أو الرسائل أو الروابط وفق ما تسمح به الخدمة؛ ولا تُعامل بيانات النموذج كمستندات مستقلة.","الوصف والمرفقات المتاحة التي تدعم البلاغ.","المنصة الوطنية تعرض مدة خدمة 10 أيام عمل؛ وهي مدة خدمة وليست مهلة سقوط للحق.","مجانية.","غير منطبق ظاهرًا","الخدمة الرسمية تتيح اختيار تصنيف الجريمة وإضافة الوصف والمرفقات وإرسال البلاغ. مدة الخدمة المنشورة في المنصة الوطنية 10 أيام عمل؛ وهي مدة خدمة وليست مهلة نظامية لتقديم البلاغ.","","","","المنصة الوطنية الموحدة / وزارة الداخلية — بلاغات الجرائم المعلوماتية","https://my.gov.sa/.well-known/services/398352","2026-09-20","ثابتة نظاميًا نسبيًا","PARTIALLY VERIFIED","المصدر رسمي لكنه لا يثبت آليًا جميع عناصر الاختصاص/المدة/الرسوم المركبة في النتيجة.","HIGH","النتيجة تمس الاختصاص أو طريق الاعتراض/التنفيذ أو مدة/رسومًا مؤثرة.","نعم","ما مقدار المدة وبدايتها ونهايتها والاستثناءات وأثر فواتها وفق النص المطبق على هذه الحالة؟","NEEDS REVIEW",""
"R-CRIM-DETAINED","الجزائي والحماية","Q001: وش صار معك؟ ← بلاغ أو قضية جنائية → Q090: وش وضعك في البلاغ أو القضية؟ ← أنا مقبوض علي أو موقوف → Q136: أنت موقوف الآن؟ ← نعم، موقوف الآن","أنت موقوف احتياطيًا الآن.","اطلب معرفة سبب التوقيف، والاستعانة بمحام، والاتصال بمن ترى إبلاغه، واستفسر عن أمر التوقيف ومدته وحق التظلم وفق حالتك.","الشرطة/النيابة العامة قبل الإحالة، والمحكمة الجزائية بعد الإحالة بحسب المرحلة.","","الشخص موقوف على ذمة قضية جزائية | متابعة مشروعية التوقيف وحقوق الموقوف وطلب الإفراج بحسب المرحلة","للمتابعة اطلب أو راجع بيانات أمر التوقيف والجهة ورقم القضية إن أمكن. هذه معلومات متابعة وحقوق وليست متطلبات تقديم لخدمة.","أمر التوقيف/رقم القضية وأي مستندات تدعم الإفراج.","التوقيف مقيد بالمدد والتمديدات النظامية ولا يجوز تجاوزه دون سند نظامي.","","النظام واللائحة يقرران حقوقًا للموقوف وإجراءات لأوامر التوقيف والتظلم منها.","النظام واللائحة يقرران حقوقًا للموقوف وإجراءات لأوامر التوقيف والتظلم منها.","نظام الإجراءات الجزائية ولائحته التنفيذية","","المادة 2 تمنع التوقيف إلا نظامًا؛ المادة 4 تقر حق المحامي؛ اللائحة توجب تعريف الموقوف بسبب التوقيف وحق المحامي والاتصال بمن يرى إبلاغه.","وزارة العدل — نظام الإجراءات الجزائية ولائحته التنفيذية","https://www.moj.gov.sa/Documents/Regulations/pdf/LawOfCriminalProcedureAndItsExecutiveRegulations.pdf","2026-09-20","ثابتة نظاميًا نسبيًا","PARTIALLY VERIFIED","يوجد تدقيق تفصيلي ورابط لنص نظامي رسمي، لكن هذا النص بعينه لم يُعد فتحه ومطابقة جميع ادعاءات النتيجة في هذه المرحلة.","HIGH","النتيجة تمس الاختصاص أو طريق الاعتراض/التنفيذ أو مدة/رسومًا مؤثرة.","نعم","ما مقدار المدة وبدايتها ونهايتها والاستثناءات وأثر فواتها وفق النص المطبق على هذه الحالة؟","NEEDS REVIEW",""
"R-CRIM-JURISDICTION","الجزائي والحماية","Q001: وش صار معك؟ ← بلاغ أو قضية جنائية → Q090: وش وضعك في البلاغ أو القضية؟ ← أبي أعرف الاختصاص والحق العام/الخاص والمسار الصحيح → Q603: وش تحتاج في المسار الجزائي؟ ← أبي أعرف أي محكمة/مكان مختص","الأصل أن المحكمة الجزائية تختص بالقضايا الجزائية، ويحدد الاختصاص المكاني وفق مكان وقوع الجريمة أو إقامة المتهم، ثم مكان القبض عند عدم معرفة إقامته.","تحقق من نوع القضية ومكان وقوعها وإقامة المتهم قبل اختيار المسار.","الشرطة/النيابة العامة قبل الإحالة، والمحكمة الجزائية بعد الإحالة بحسب المرحلة.","","تريد معرفة المحكمة الجزائية المختصة بالقضية | تحديد الاختصاص الجزائي قبل رفع/إحالة الدعوى","وصف الجريمة، مكانها، بيانات المتهم إن وجدت، رقم البلاغ/القضية.","محاضر الضبط/التحقيق وبيانات الواقعة والمتهم عند الحاجة.","لا مدة مستقلة لتحديد الاختصاص.","","غير منطبق ظاهرًا","توجه القضية للمحكمة المختصة نوعيًا ومكانيًا وفق النظام.","نظام الإجراءات الجزائية ولائحته التنفيذية","","الباب الخامس من نظام الإجراءات الجزائية ينظم المحاكم والاختصاصات الجزائية وتنازع الاختصاص. | المواد 128–132","وزارة العدل — نظام الإجراءات الجزائية ولائحته التنفيذية","https://www.moj.gov.sa/Documents/Regulations/pdf/LawOfCriminalProcedureAndItsExecutiveRegulations.pdf","2026-09-22","ثابتة نظاميًا نسبيًا","PARTIALLY VERIFIED","يوجد تدقيق تفصيلي ورابط لنص نظامي رسمي، لكن هذا النص بعينه لم يُعد فتحه ومطابقة جميع ادعاءات النتيجة في هذه المرحلة.","HIGH","النتيجة تمس الاختصاص أو طريق الاعتراض/التنفيذ أو مدة/رسومًا مؤثرة.","نعم","هل الجهة والمحكمة ونوع الإجراء المحددة صحيحة لكل صور الحالة والاستثناءات المحتملة؟","NEEDS REVIEW",""
"R-CRIM-LAWYER-DEFENSE","الجزائي والحماية","Q001: وش صار معك؟ ← بلاغ أو قضية جنائية → Q090: وش وضعك في البلاغ أو القضية؟ ← تم استدعائي أو أنا متهم/مطلوب → Q134: أنت بأي مرحلة كمتهم؟ ← تحقيق لدى النيابة → Q141: تبي تعرف الإجراء أو وش تقول؟ ← أبي أعرف ماذا أقول أو أنكر/أعترف أو الدفوع","تسأل ماذا تقول للمحقق أو هل تعترف/تنكر أو ما الدفوع والأدلة التي تستخدمها.","استعن بمحامٍ مرخص قبل تقديم استراتيجية أو إفادة موضوعية اعتمادًا على هذا المنتج.","الشرطة/النيابة العامة قبل الإحالة، والمحكمة الجزائية بعد الإحالة بحسب المرحلة.","","المتهم يريد الاستعانة بمحام في التحقيق أو المحاكمة | استعانة بمحام/وكيل للدفاع","للمحامي جهّز أمر الاستدعاء أو بيانات القضية والوقائع والمستندات ذات الصلة. هذه مواد للتقييم القانوني وليست متطلبات تقديم لخدمة حكومية.","الهوية، بيانات القضية، والوكالة أو التمثيل النظامي عند الحاجة.","الحق قائم في مرحلتي التحقيق والمحاكمة ولا يرتبط بمدة طلب عامة.","","غير منطبق ظاهرًا","المحرك يمكنه فقط شرح المرحلة والحقوق الإجرائية.","نظام الإجراءات الجزائية ولائحته التنفيذية","","المادة 4/1: لكل متهم حق الاستعانة بوكيل أو محام للدفاع عنه في مرحلتي التحقيق والمحاكمة؛ واللائحة توجب تعريفه بهذا الحق عند القبض أو التوقيف.","وزارة العدل — نظام الإجراءات الجزائية ولائحته التنفيذية","https://www.moj.gov.sa/Documents/Regulations/pdf/LawOfCriminalProcedureAndItsExecutiveRegulations.pdf","2026-09-20","ثابتة نظاميًا نسبيًا","PARTIALLY VERIFIED","يوجد تدقيق تفصيلي ورابط لنص نظامي رسمي، لكن هذا النص بعينه لم يُعد فتحه ومطابقة جميع ادعاءات النتيجة في هذه المرحلة.","HIGH","النتيجة تمس الاختصاص أو طريق الاعتراض/التنفيذ أو مدة/رسومًا مؤثرة.","نعم","هل الجهة والمحكمة ونوع الإجراء المحددة صحيحة لكل صور الحالة والاستثناءات المحتملة؟","NEEDS REVIEW",""
"R-CRIM-LAWYER-MERITS","الجزائي والحماية","Q001: وش صار معك؟ ← بلاغ أو قضية جنائية → Q090: وش وضعك في البلاغ أو القضية؟ ← صدر حكم جزائي → Q139: وش وضع الحكم الجزائي أو الإجراء اللي تحتاجه؟ ← أبي أعرف هل الحكم صحيح أو كيف أعترض وأكسب → Q212: تبي الإجراء أو تقييم الحكم؟ ← أبي أعرف هل الحكم صحيح وكيف أكسب","سؤالك عن صحة الحكم أو فرص الاعتراض أو كيفية إسقاط التهمة.","اعرض الحكم وملف القضية على محامٍ مرخص فورًا، خصوصًا إذا توجد مهلة اعتراض.","الشرطة/النيابة العامة قبل الإحالة، والمحكمة الجزائية بعد الإحالة بحسب المرحلة.","","تريد محاميًا في قضية جزائية أو لا تستطيع تحمل أتعابه | الاستعانة بمحام، ومع الجرائم الكبيرة يمكن طلب تكليف محام عند العجز المالي وفق النظام","للتقييم القانوني جهّز الحكم ولائحة الدعوى والأدلة والتواريخ ذات الصلة لمحاميك. هذه مواد للمختص وليست متطلبات تقديم حكومية.","رقم القضية والهوية وما تطلبه المحكمة لإثبات الاستحقاق عند التكليف.","يطلب في الوقت المناسب أثناء نظر الدعوى؛ لا مدة رقمية عامة.","","المحامي يقيّم الأسباب والدفوع؛ والمحرك يقتصر على الطريق الإجرائي.","المحامي يقيّم الأسباب والدفوع؛ والمحرك يقتصر على الطريق الإجرائي.","نظام الإجراءات الجزائية ولائحته التنفيذية","","المادة 4 تقر حق المحامي، ووزارة العدل توضح أن طلب تكليف محام لمتهم في الجرائم الكبيرة يرفع من المحكمة ناظرة الدعوى وفق المادة 139.","وزارة العدل — نظام الإجراءات الجزائية ولائحته التنفيذية","https://www.moj.gov.sa/Documents/Regulations/pdf/LawOfCriminalProcedureAndItsExecutiveRegulations.pdf","2026-09-20","ثابتة نظاميًا نسبيًا","PARTIALLY VERIFIED","يوجد تدقيق تفصيلي ورابط لنص نظامي رسمي، لكن هذا النص بعينه لم يُعد فتحه ومطابقة جميع ادعاءات النتيجة في هذه المرحلة.","HIGH","النتيجة تمس الاختصاص أو طريق الاعتراض/التنفيذ أو مدة/رسومًا مؤثرة.","نعم","ما مقدار المدة وبدايتها ونهايتها والاستثناءات وأثر فواتها وفق النص المطبق على هذه الحالة؟","NEEDS REVIEW",""
"R-CRIM-PUBLIC-ACTION","الجزائي والحماية","Q001: وش صار معك؟ ← بلاغ أو قضية جنائية → Q090: وش وضعك في البلاغ أو القضية؟ ← أبي أعرف الاختصاص والحق العام/الخاص والمسار الصحيح → Q603: وش تحتاج في المسار الجزائي؟ ← أبي أفهم من يرفع الحق العام","الدعوى الجزائية العامة تقيمها وتباشرها جهة الادعاء العام أمام المحكمة المختصة.","تابع البلاغ/التحقيق والصفة الإجرائية ولا ترفع دعوى عامة موازية باسمك.","الشرطة/النيابة العامة قبل الإحالة، والمحكمة الجزائية بعد الإحالة بحسب المرحلة.","","الواقعة تتعلق بدعوى جزائية عامة تتولاها النيابة العامة | دعوى جزائية عامة","رقم البلاغ أو القضية، الهوية، وما لديك من أدلة.","محاضر الاستدلال والتحقيق والأدلة التي تجمعها الجهة المختصة؛ لا يحمل المبلغ عبء إنشاء ملف اتهام كامل.","تختلف المدد بحسب الإجراء؛ لا توجد مدة موحدة لكل الدعوى العامة.","","تتولى جهة التحقيق والادعاء مسار الحق العام ثم الإحالة للمحكمة عند قيام موجبها.","تتولى جهة التحقيق والادعاء مسار الحق العام ثم الإحالة للمحكمة عند قيام موجبها.","نظام الإجراءات الجزائية ولائحته التنفيذية","","الباب الأول والثاني من نظام الإجراءات الجزائية ينظمان رفع الدعوى الجزائية العامة وانقضاءها، والنيابة العامة تتولى التحقيق والادعاء وفق النظام. | المادة 15","وزارة العدل — نظام الإجراءات الجزائية ولائحته التنفيذية","https://www.moj.gov.sa/Documents/Regulations/pdf/LawOfCriminalProcedureAndItsExecutiveRegulations.pdf","2026-09-22","ثابتة نظاميًا نسبيًا","PARTIALLY VERIFIED","يوجد تدقيق تفصيلي ورابط لنص نظامي رسمي، لكن هذا النص بعينه لم يُعد فتحه ومطابقة جميع ادعاءات النتيجة في هذه المرحلة.","HIGH","النتيجة تمس الاختصاص أو طريق الاعتراض/التنفيذ أو مدة/رسومًا مؤثرة.","نعم","ما مقدار المدة وبدايتها ونهايتها والاستثناءات وأثر فواتها وفق النص المطبق على هذه الحالة؟","NEEDS REVIEW",""
"R-CRIM-REPORT-FOLLOW","الجزائي والحماية","Q001: وش صار معك؟ ← بلاغ أو قضية جنائية → Q090: وش وضعك في البلاغ أو القضية؟ ← أنا مجني عليه أو أبي أبلغ → Q132: بلغت الجهة المختصة؟ ← نعم، عندي بلاغ قائم","قدمت بلاغًا والموضوع لم يصل بحسب معلوماتك إلى المحكمة بعد.","تابع رقم البلاغ وحالته، واستجب لأي طلب رسمي، واحتفظ بالأدلة والمستندات.","الشرطة/النيابة العامة قبل الإحالة، والمحكمة الجزائية بعد الإحالة بحسب المرحلة.","","قدمت بلاغًا جنائيًا وتريد معرفة ما جرى عليه | ناجز | متابعة البلاغ لدى جهة الضبط/النيابة بحسب المرحلة","للمتابعة احتفظ برقم البلاغ وحالته وأي طلب أو إشعار رسمي، مع الأدلة الأصلية. رقم البلاغ وبيانات التواصل معلومات متابعة وليست مستندات تقديم جديدة.","رقم البلاغ والهوية وأي رقم قضية لاحق.","لا مدة موحدة لكل البلاغات.","","غير منطبق ظاهرًا","قد ينتقل البلاغ للاستدلال/التحقيق أو يُتخذ فيه قرار آخر بحسب الوقائع.","نظام الإجراءات الجزائية ولائحته التنفيذية","","نظام الإجراءات الجزائية يفصل بين جمع الاستدلال والتحقيق ثم الإحالة للمحكمة؛ لذلك جهة المتابعة تتغير بحسب المرحلة.","وزارة العدل — نظام الإجراءات الجزائية ولائحته التنفيذية","https://www.moj.gov.sa/Documents/Regulations/pdf/LawOfCriminalProcedureAndItsExecutiveRegulations.pdf","2026-09-20","قابلة للتغير","PARTIALLY VERIFIED","يوجد تدقيق تفصيلي ورابط لنص نظامي رسمي، لكن هذا النص بعينه لم يُعد فتحه ومطابقة جميع ادعاءات النتيجة في هذه المرحلة.","HIGH","النتيجة تمس الاختصاص أو طريق الاعتراض/التنفيذ أو مدة/رسومًا مؤثرة.","نعم","هل الجهة والمحكمة ونوع الإجراء المحددة صحيحة لكل صور الحالة والاستثناءات المحتملة؟","NEEDS REVIEW",""
"R-CRIM-REPORT-GENERAL","الجزائي والحماية","Q001: وش صار معك؟ ← بلاغ أو قضية جنائية → Q090: وش وضعك في البلاغ أو القضية؟ ← أنا مجني عليه أو أبي أبلغ → Q132: بلغت الجهة المختصة؟ ← لا، ما بلّغت → Q133: وش نوع الواقعة؟ ← اعتداء / سرقة / تحرش / تهديد أو واقعة جنائية أخرى","لديك واقعة تعتقد أنها جنائية ولم تقدم بلاغًا بعد.","صنّف الواقعة أولًا: اعتداء أو جريمة أخرى، خداع، أو واقعة إلكترونية غير واضحة. بعد ذلك قدّم البلاغ عبر القناة الرسمية الملائمة واحفظ الأدلة الأصلية ووقت الواقعة وبيانات الأطراف.","الشرطة/النيابة العامة قبل الإحالة، والمحكمة الجزائية بعد الإحالة بحسب المرحلة.","","تقديم بلاغ للجهة المختصة | بلاغ جزائي قبل المحكمة","جهّز وصفًا زمنيًا واضحًا للواقعة وبيانات الأطراف إن عُرفت، واحتفظ بالأدلة أو المرفقات المتاحة. متطلبات البلاغ الفعلية تختلف بحسب القناة الرسمية ونوع الواقعة.","الأدلة والمرفقات المتاحة بحسب نوع البلاغ؛ لا نضع قائمة إلزامية عامة.","لا توجد مدة خدمة موحدة لكل البلاغات الجزائية؛ المدد النظامية إن وجدت تتبع نوع الواقعة.","لا مبلغ موحد.","غير منطبق ظاهرًا","تستقبل الجهة المختصة البلاغ وتقيّم الوقائع، ثم تبدأ إجراءات الاستدلال أو التحقيق بحسب ما يثبت لديها.","","","","وزارة العدل — محاكم الدرجة الأولى - اختصاص المحاكم الجزائية","https://moj.gov.sa/ar/Ministry/Courts/Pages/FirstCourts.aspx","2026-09-20","ثابتة نظاميًا نسبيًا","PROCEDURAL GUIDANCE","المصدر الرسمي يصف خدمة أو قناة تقديم؛ التفاصيل التشغيلية قابلة للتغيير.","HIGH","النتيجة تمس الاختصاص أو طريق الاعتراض/التنفيذ أو مدة/رسومًا مؤثرة.","نعم","هل الجهة والمحكمة ونوع الإجراء المحددة صحيحة لكل صور الحالة والاستثناءات المحتملة؟","NEEDS REVIEW",""
"R-CRIM-REVIEW","الجزائي والحماية","Q001: وش صار معك؟ ← بلاغ أو قضية جنائية → Q090: وش وضعك في البلاغ أو القضية؟ ← صدر حكم جزائي → Q139: وش وضع الحكم الجزائي أو الإجراء اللي تحتاجه؟ ← صدر حكم وأبي الاستئناف/النقض/إعادة النظر → Q614: صدر حكم جزائي: وش نوع الإجراء اللي تحتاجه؟ ← ظهر سبب جديد بعد الحكم النهائي وأبي إعادة النظر","الحكم الجزائي نهائي وظهر سبب قد يجيز إعادة النظر.","إعادة النظر طريق استثنائي؛ طابق سببك مع الحالات النظامية ثم قدم الطلب وفق الإجراء المقرر، ولا تعتمد على مجرد عدم الرضا بالحكم.","الشرطة/النيابة العامة قبل الإحالة، والمحكمة الجزائية بعد الإحالة بحسب المرحلة.","","صدر حكم جزائي نهائي وتوجد حالة استثنائية تبرر إعادة النظر | طلب التماس/إعادة النظر في الحكم النهائي وفق الحالات النظامية","الحكم النهائي، الواقعة أو الدليل الجديد، ما يثبت سبب إعادة النظر وتاريخه.","الحكم النهائي والدليل على سبب إعادة النظر مثل المستند الحاسم/التزوير أو السبب النظامي المنطبق.","لا أضع مدة رقمية موحدة هنا دون ربطها بسبب إعادة النظر المحدد.","","ينتقل الطلب إلى المحكمة أو دائرة التنفيذ المختصة لفحص شروطه واتخاذ الإجراء النظامي.","ينتقل الطلب إلى المحكمة أو دائرة التنفيذ المختصة لفحص شروطه واتخاذ الإجراء النظامي.","نظام الإجراءات الجزائية","","الباب السابع من نظام الإجراءات الجزائية يتضمن إعادة النظر كطريق اعتراض استثنائي على الأحكام النهائية. | نظام الإجراءات الجزائية — المواد 204–209","وزارة العدل — نظام الإجراءات الجزائية ولائحته التنفيذية","https://www.moj.gov.sa/Documents/Regulations/pdf/LawOfCriminalProcedureAndItsExecutiveRegulations.pdf","2026-09-22","ثابتة نظاميًا نسبيًا","PARTIALLY VERIFIED","يوجد تدقيق تفصيلي ورابط لنص نظامي رسمي، لكن هذا النص بعينه لم يُعد فتحه ومطابقة جميع ادعاءات النتيجة في هذه المرحلة.","HIGH","النتيجة تمس الاختصاص أو طريق الاعتراض/التنفيذ أو مدة/رسومًا مؤثرة.","نعم","ما مقدار المدة وبدايتها ونهايتها والاستثناءات وأثر فواتها وفق النص المطبق على هذه الحالة؟","NEEDS REVIEW",""
"R-CRIM-SUMMONS","الجزائي والحماية","Q001: وش صار معك؟ ← بلاغ أو قضية جنائية → Q090: وش وضعك في البلاغ أو القضية؟ ← تم استدعائي أو أنا متهم/مطلوب → Q134: أنت بأي مرحلة كمتهم؟ ← مجرد استدعاء/طلب حضور → Q135: وصلك استدعاء رسمي؟ ← أمر حضور/استدعاء رسمي","وصلك استدعاء/أمر حضور رسمي للتحقيق.","التزم بموعد الحضور أو الإجراء الرسمي، وتحقق من الجهة والصفة، ولك حق الاستعانة بمحام في التحقيق.","الشرطة/النيابة العامة قبل الإحالة، والمحكمة الجزائية بعد الإحالة بحسب المرحلة.","","وصل استدعاء للحضور في قضية جزائية | امتثال لاستدعاء جهة التحقيق/المحكمة بحسب مصدره","للمتابعة راجع أمر الحضور أو الاستدعاء واسم الجهة وبيانات القضية إن وجدت. هذه معلومات لفهم الإجراء وليست قائمة مستندات تقديم موحدة.","إشعار الاستدعاء والهوية وأي مستندات طلبتها الجهة.","الميعاد هو المحدد في الاستدعاء؛ لا أضع مدة موحدة لكل الاستدعاءات.","","غير منطبق ظاهرًا","يبدأ/يستكمل التحقيق؛ اللائحة تنظم بيانات أمر الحضور وإبلاغه.","نظام الإجراءات الجزائية ولائحته التنفيذية","","نظام الإجراءات الجزائية ينظم حضور الخصوم وإجراءات التحقيق، مع ضمان حق المتهم في المحامي.","وزارة العدل — نظام الإجراءات الجزائية ولائحته التنفيذية","https://www.moj.gov.sa/Documents/Regulations/pdf/LawOfCriminalProcedureAndItsExecutiveRegulations.pdf","2026-09-20","ثابتة نظاميًا نسبيًا","PARTIALLY VERIFIED","يوجد تدقيق تفصيلي ورابط لنص نظامي رسمي، لكن هذا النص بعينه لم يُعد فتحه ومطابقة جميع ادعاءات النتيجة في هذه المرحلة.","HIGH","النتيجة تمس الاختصاص أو طريق الاعتراض/التنفيذ أو مدة/رسومًا مؤثرة.","نعم","هل الجهة والمحكمة ونوع الإجراء المحددة صحيحة لكل صور الحالة والاستثناءات المحتملة؟","NEEDS REVIEW",""
"R-CRIM-SUMMONS-CHECK","الجزائي والحماية","Q001: وش صار معك؟ ← بلاغ أو قضية جنائية → Q090: وش وضعك في البلاغ أو القضية؟ ← تم استدعائي أو أنا متهم/مطلوب → Q134: أنت بأي مرحلة كمتهم؟ ← مجرد استدعاء/طلب حضور → Q135: وصلك استدعاء رسمي؟ ← مجرد اتصال/رسالة ولا أعرف الجهة أو الصفة → Q209: الاتصال أو الرسالة من جهة رسمية ويمكن التحقق منها؟ ← لا، المصدر غير واضح أو ما أقدر أتحقق منه","وصل اتصال أو رسالة غير واضحة ولا تعرف هل هي استدعاء رسمي.","راجع اسم الجهة ورقم المرجع عبر قناتها الرسمية ولا تستخدم رابطًا مجهولًا. عند ثبوت الإشعار احتفظ به وانتقل لمسار الحضور المناسب.","الشرطة/النيابة العامة قبل الإحالة، والمحكمة الجزائية بعد الإحالة بحسب المرحلة.","","وصلتك رسالة/إشعار استدعاء وتريد التحقق منه | ناجز | التحقق من الاستدعاء قبل الحضور","الإشعار + الجهة + رقم المرجع + الموعد/المكان إن وجد.","الإشعار، الهوية، رقم القضية/المحضر.","الموعد هو المبين في الاستدعاء.","","غير منطبق ظاهرًا","بعد التحقق إما يصبح استدعاءً رسميًا تتعامل معه، أو يبقى إشعارًا غير مثبت لا نبني عليه اتهامًا أو أمر قبض.","نظام الإجراءات الجزائية ولائحته التنفيذية","","النظام ينظم حضور الخصوم، وناجز يتيح الخدمات القضائية للأطراف.","وزارة العدل — نظام الإجراءات الجزائية ولائحته التنفيذية","https://www.moj.gov.sa/Documents/Regulations/pdf/LawOfCriminalProcedureAndItsExecutiveRegulations.pdf","2026-09-20","قابلة للتغير","PARTIALLY VERIFIED","يوجد تدقيق تفصيلي ورابط لنص نظامي رسمي، لكن هذا النص بعينه لم يُعد فتحه ومطابقة جميع ادعاءات النتيجة في هذه المرحلة.","HIGH","النتيجة تمس الاختصاص أو طريق الاعتراض/التنفيذ أو مدة/رسومًا مؤثرة.","نعم","هل الجهة والمحكمة ونوع الإجراء المحددة صحيحة لكل صور الحالة والاستثناءات المحتملة؟","NEEDS REVIEW",""
"R-CRIM-VICTIM-INVESTIGATION","الجزائي والحماية","Q001: وش صار معك؟ ← بلاغ أو قضية جنائية → Q090: وش وضعك في البلاغ أو القضية؟ ← أنا مجني عليه أو أبي أبلغ → Q132: بلغت الجهة المختصة؟ ← تحولت لنيابة/تحقيق → Q143: عندك حق خاص أو تعويض؟ ← لا","أنت مجني عليه والموضوع وصل للتحقيق.","تابع مع جهة التحقيق، وقدّم ما يطلب رسميًا، وحدد إن كنت تريد إثبات حق خاص ناشئ من الضرر.","الشرطة/النيابة العامة قبل الإحالة، والمحكمة الجزائية بعد الإحالة بحسب المرحلة.","","أنت مجني عليه/متضرر والقضية في التحقيق | تقديم أقوال وأدلة وطلب الحق الخاص عند انطباقه","للمتابعة احتفظ برقم القضية أو البلاغ وأي طلب رسمي. قدّم الأدلة أو ما يثبت الضرر عندما تطلبه جهة التحقيق أو إذا كنت تتمسك بحق خاص؛ ليست كلها مرفقات إلزامية في كل حالة.","البلاغ، الأدلة، التقارير والفواتير/تقدير الضرر عند المطالبة.","لا مدة موحدة لكل مرحلة؛ بعض الحقوق قد تخضع لمدد خاصة.","","غير منطبق ظاهرًا","النظام يجيز للمجني عليه والمدعي بالحق الخاص ومحاميه حضور إجراءات التحقيق وفق الضوابط.","نظام الإجراءات الجزائية ولائحته التنفيذية","","النظام ينظم الاستدلال والتحقيق والادعاء بالحق الخاص بصورة مستقلة.","وزارة العدل — نظام الإجراءات الجزائية ولائحته التنفيذية","https://www.moj.gov.sa/Documents/Regulations/pdf/LawOfCriminalProcedureAndItsExecutiveRegulations.pdf","2026-09-20","ثابتة نظاميًا نسبيًا","PARTIALLY VERIFIED","يوجد تدقيق تفصيلي ورابط لنص نظامي رسمي، لكن هذا النص بعينه لم يُعد فتحه ومطابقة جميع ادعاءات النتيجة في هذه المرحلة.","HIGH","النتيجة تمس الاختصاص أو طريق الاعتراض/التنفيذ أو مدة/رسومًا مؤثرة.","نعم","ما مقدار المدة وبدايتها ونهايتها والاستثناءات وأثر فواتها وفق النص المطبق على هذه الحالة؟","NEEDS REVIEW",""
"R-CRIMINAL-STATUS-CHECK","الجزائي والحماية","Q001: وش صار معك؟ ← بلاغ أو قضية جنائية → Q090: وش وضعك في البلاغ أو القضية؟ ← لا أعرف صفتي في البلاغ أو القضية","لا تعرف هل أنت مبلّغًا أو مدعيًا بالحق الخاص أو متهمًا، ولا المرحلة الحالية.","راجع نص الإشعار وحدد الجهة ورقم البلاغ وصفتك المكتوبة. عند الاستدعاء أو التوقيف استعِن بمحامٍ فورًا.","الشرطة/النيابة العامة قبل الإحالة، والمحكمة الجزائية بعد الإحالة بحسب المرحلة.","","التحقق من حالة البلاغ أو القضية الجزائية | ناجز | تحقق قبل اتخاذ إجراء جزائي","الإشعار + الجهة + رقم المرجع + الموعد/المكان إن وجد.","الإشعار، الهوية، رقم القضية/المحضر.","الموعد هو المبين في الاستدعاء.","","غير منطبق ظاهرًا","بعد التحقق إما يصبح استدعاءً رسميًا تتعامل معه، أو يبقى إشعارًا غير مثبت لا نبني عليه اتهامًا أو أمر قبض.","نظام الإجراءات الجزائية ولائحته التنفيذية","","النظام ينظم حضور الخصوم، وناجز يتيح الخدمات القضائية للأطراف.","وزارة العدل — نظام الإجراءات الجزائية ولائحته التنفيذية","https://www.moj.gov.sa/Documents/Regulations/pdf/LawOfCriminalProcedureAndItsExecutiveRegulations.pdf","2026-09-23","قابلة للتغير","PARTIALLY VERIFIED","يوجد تدقيق تفصيلي ورابط لنص نظامي رسمي، لكن هذا النص بعينه لم يُعد فتحه ومطابقة جميع ادعاءات النتيجة في هذه المرحلة.","HIGH","النتيجة تمس الاختصاص أو طريق الاعتراض/التنفيذ أو مدة/رسومًا مؤثرة.","نعم","هل الجهة والمحكمة ونوع الإجراء المحددة صحيحة لكل صور الحالة والاستثناءات المحتملة؟","NEEDS REVIEW",""
"R-DOC-DEBT-ACK","الخدمات الحكومية والتوثيق","Q001: وش صار معك؟ ← أحتاج توثيق أو خدمة بدون نزاع → Q100: وش الخدمة اللي تبيها؟ ← إقرار مالي → Q153: وش نوع الإقرار المالي؟ ← إقرار بدين","تريد توثيق إقرار بدين دون نزاع على أصل الدين.","في ناجز افتح «الإقرار بدين»، أدخل بيانات الأطراف وتفاصيل الدين وراجع المبلغ والالتزام بدقة قبل الاعتماد.","المحكمة أو الجهة القضائية المختصة بحسب نوع الدعوى والمرحلة المبينة في النتيجة.","","الإقرار بدين | ناجز | إقرار إلكتروني","بيانات الأطراف + قيمة الدين + تفاصيله + متطلبات الخدمة.","لا نضيف مستندًا غير مثبت.","يومان وفق SLA؛ مدة خدمة لا سقوط حق.","لا تكاليف قضائية مثبتة للخدمة نفسها.","غير منطبق ظاهرًا","يصدر إقرار إلكتروني؛ أما النزاع على أصل الدين أو مقداره فيحتاج مسار مطالبة مستقلًا.","","","","وزارة العدل — اتفاقية مستوى الخدمات الإلكترونية","https://www.moj.gov.sa/ar/Ministry/Pages/SLA.aspx","2026-09-20","قابلة للتغير","PARTIALLY VERIFIED","المصدر رسمي لكنه لا يثبت آليًا جميع عناصر الاختصاص/المدة/الرسوم المركبة في النتيجة.","HIGH","النتيجة تمس الاختصاص أو طريق الاعتراض/التنفيذ أو مدة/رسومًا مؤثرة.","نعم","ما مقدار المدة وبدايتها ونهايتها والاستثناءات وأثر فواتها وفق النص المطبق على هذه الحالة؟","NEEDS REVIEW",""
"R-DOC-DEBT-WAIVER","الخدمات الحكومية والتوثيق","Q001: وش صار معك؟ ← أحتاج توثيق أو خدمة بدون نزاع → Q100: وش الخدمة اللي تبيها؟ ← إقرار مالي → Q153: وش نوع الإقرار المالي؟ ← إقرار بالتنازل عن دين","تريد توثيق تنازل رضائي عن دين.","من ناجز افتح «الإقرار بالتنازل عن دين»، أدخل الدين ونطاق التنازل وبيانات الأطراف ثم راجع النص قبل الاعتماد.","المحكمة أو الجهة القضائية المختصة بحسب نوع الدعوى والمرحلة المبينة في النتيجة.","","الإقرار بالتنازل عن دين | ناجز | إقرار إلكتروني","بيانات الأطراف + الدين + نطاق التنازل + متطلبات الخدمة.","لا توجد مستندات مطلوبة.","مدة تنفيذ الخدمة المعروضة 0–1؛ SLA وليست مهلة سقوط.","رسوم الخدمة: لا يوجد","غير منطبق ظاهرًا","يصدر إقرار إلكتروني بالتنازل وفق البيانات المعتمدة.","","","","وزارة العدل — الإقرار بالتنازل عن دين","https://www.moj.gov.sa/ar/eServices/Pages/77e3313f-b87b-42c9-b146-b16b51ce768c.aspx","2026-09-20","قابلة للتغير","PARTIALLY VERIFIED","يوجد تدقيق تفصيلي ورابط لنص نظامي رسمي، لكن هذا النص بعينه لم يُعد فتحه ومطابقة جميع ادعاءات النتيجة في هذه المرحلة.","HIGH","النتيجة تمس الاختصاص أو طريق الاعتراض/التنفيذ أو مدة/رسومًا مؤثرة.","نعم","ما مقدار المدة وبدايتها ونهايتها والاستثناءات وأثر فواتها وفق النص المطبق على هذه الحالة؟","NEEDS REVIEW",""
"R-DOC-MONEY-RECEIPT-ACK","الخدمات الحكومية والتوثيق","Q001: وش صار معك؟ ← أحتاج توثيق أو خدمة بدون نزاع → Q100: وش الخدمة اللي تبيها؟ ← إقرار مالي → Q153: وش نوع الإقرار المالي؟ ← إقرار باستلام مبلغ مالي","تريد توثيق استلام مبلغ مالي دون نزاع.","من ناجز افتح «الإقرار باستلام مبلغ مالي»، أدخل الأطراف والمبلغ والتفاصيل وراجعها قبل الاعتماد.","المحكمة أو الجهة القضائية المختصة بحسب نوع الدعوى والمرحلة المبينة في النتيجة.","","الإقرار باستلام مبلغ مالي | ناجز | إقرار إلكتروني","بيانات الأطراف + المبلغ + تفاصيل الاستلام + متطلبات الخدمة.","لا توجد مستندات مطلوبة.","2–4 بحسب مدة تنفيذ الخدمة المعروضة؛ SLA وليست مهلة سقوط.","رسوم الخدمة: لا يوجد","غير منطبق ظاهرًا","يصدر إقرار إلكتروني؛ أما الخلاف على الاستلام أو أثره فيحتاج مسار نزاع/تنفيذ مستقلًا.","","","","وزارة العدل — الإقرار باستلام مبلغ مالي","https://www.moj.gov.sa/ar/eservices/pages/1d20b5c0-3f84-4374-92d1-0976a99322d5.aspx","2026-09-20","قابلة للتغير","PARTIALLY VERIFIED","يوجد تدقيق تفصيلي ورابط لنص نظامي رسمي، لكن هذا النص بعينه لم يُعد فتحه ومطابقة جميع ادعاءات النتيجة في هذه المرحلة.","HIGH","النتيجة تمس الاختصاص أو طريق الاعتراض/التنفيذ أو مدة/رسومًا مؤثرة.","نعم","ما مقدار المدة وبدايتها ونهايتها والاستثناءات وأثر فواتها وفق النص المطبق على هذه الحالة؟","NEEDS REVIEW",""
"R-DOC-MONEY-WAIVER","الخدمات الحكومية والتوثيق","Q001: وش صار معك؟ ← أحتاج توثيق أو خدمة بدون نزاع → Q100: وش الخدمة اللي تبيها؟ ← إقرار مالي → Q153: وش نوع الإقرار المالي؟ ← إقرار بالتنازل عن مبلغ مالي","تريد توثيق تنازل رضائي عن مبلغ مالي.","في ناجز افتح «الإقرار بالتنازل عن مبلغ مالي»، أدخل المبلغ والأطراف ونطاق التنازل وراجعها قبل الاعتماد.","المحكمة أو الجهة القضائية المختصة بحسب نوع الدعوى والمرحلة المبينة في النتيجة.","","الإقرار بالتنازل عن مبلغ مالي | ناجز | إقرار إلكتروني","بيانات الأطراف + المبلغ + نطاق التنازل + متطلبات الخدمة.","لا توجد مستندات مطلوبة.","مدة تنفيذ الخدمة المعروضة 0–1؛ SLA وليست مهلة سقوط.","رسوم الخدمة: لا يوجد","غير منطبق ظاهرًا","يصدر إقرار إلكتروني بالتنازل؛ الاستلام والسداد والتنفيذ لها خدمات ومسارات مختلفة.","","","","وزارة العدل — الإقرار بالتنازل عن مبلغ مالي","https://www.moj.gov.sa/ar/eServices/pages/e60fa60a-a113-4126-a1f4-be40896df5a2.aspx","2026-09-20","قابلة للتغير","PARTIALLY VERIFIED","يوجد تدقيق تفصيلي ورابط لنص نظامي رسمي، لكن هذا النص بعينه لم يُعد فتحه ومطابقة جميع ادعاءات النتيجة في هذه المرحلة.","HIGH","النتيجة تمس الاختصاص أو طريق الاعتراض/التنفيذ أو مدة/رسومًا مؤثرة.","نعم","ما مقدار المدة وبدايتها ونهايتها والاستثناءات وأثر فواتها وفق النص المطبق على هذه الحالة؟","NEEDS REVIEW",""
"R-DOC-MOVABLE-RECEIPT","الخدمات الحكومية والتوثيق","Q001: وش صار معك؟ ← أحتاج توثيق أو خدمة بدون نزاع → Q100: وش الخدمة اللي تبيها؟ ← إقرار استلام / تنازل عن منقول → Q234: وش تبي توثّق عن المنقول؟ ← الإقرار باستلام منقول","تريد توثيق استلام منقول دون نزاع.","استخدم «الإقرار باستلام منقول» في ناجز إذا انطبقت شروط الخدمة.","المحكمة أو الجهة القضائية المختصة بحسب نوع الدعوى والمرحلة المبينة في النتيجة.","","الإقرار باستلام منقول | ناجز | إقرار إلكتروني","لا توجد مستندات مطلوبة بحسب صفحة الخدمة. تُدخل بيانات المستلم والمسلّم وتفاصيل الإقرار داخل النموذج، مع انطباق شروط الأهلية والوكالة.","لا توجد مستندات مطلوبة وفق صفحة الخدمة.","مدة تنفيذ الخدمة تشغيلية لا سقوط حق. رسوم الخدمة: لا يوجد.","لا تكاليف قضائية مثبتة للخدمة نفسها.","غير منطبق ظاهرًا","يصدر إقرار إلكتروني باستلام المنقول وفق متطلبات الخدمة.","","","","وزارة العدل — الإقرار باستلام منقول","https://www.moj.gov.sa/ar/eServices/pages/937727d6-914d-4cda-a04a-aaecfb0eb05e.aspx","2026-09-20","قابلة للتغير","PARTIALLY VERIFIED","يوجد تدقيق تفصيلي ورابط لنص نظامي رسمي، لكن هذا النص بعينه لم يُعد فتحه ومطابقة جميع ادعاءات النتيجة في هذه المرحلة.","HIGH","النتيجة تمس الاختصاص أو طريق الاعتراض/التنفيذ أو مدة/رسومًا مؤثرة.","نعم","ما مقدار المدة وبدايتها ونهايتها والاستثناءات وأثر فواتها وفق النص المطبق على هذه الحالة؟","NEEDS REVIEW",""
"R-DOC-MOVABLE-WAIVER","الخدمات الحكومية والتوثيق","Q001: وش صار معك؟ ← أحتاج توثيق أو خدمة بدون نزاع → Q100: وش الخدمة اللي تبيها؟ ← إقرار استلام / تنازل عن منقول → Q234: وش تبي توثّق عن المنقول؟ ← الإقرار بالتنازل عن منقول","تريد توثيق تنازل رضائي عن منقول.","من ناجز افتح «الإقرار بالتنازل عن منقول»، أدخل الأطراف ووصف المنقول والتنازل ثم راجع البيانات قبل الاعتماد.","المحكمة أو الجهة القضائية المختصة بحسب نوع الدعوى والمرحلة المبينة في النتيجة.","","الإقرار بالتنازل عن منقول | ناجز | إقرار إلكتروني","بيانات الأطراف + وصف المنقول + تفاصيل التنازل + متطلبات الخدمة.","لا توجد مستندات مطلوبة.","مدة تنفيذ الخدمة تشغيلية وليست مهلة سقوط.","رسوم الخدمة: لا يوجد","غير منطبق ظاهرًا","يصدر إقرار إلكتروني بالتنازل؛ النزاع على الملكية أو صحة التصرف يحتاج مسارًا مختلفًا.","","","","وزارة العدل — الإقرار بالتنازل عن منقول","https://www.moj.gov.sa/ar/eservices/pages/4a40a308-f23d-42a7-ac33-cac0debbd13f.aspx","2026-09-20","قابلة للتغير","PARTIALLY VERIFIED","يوجد تدقيق تفصيلي ورابط لنص نظامي رسمي، لكن هذا النص بعينه لم يُعد فتحه ومطابقة جميع ادعاءات النتيجة في هذه المرحلة.","HIGH","النتيجة تمس الاختصاص أو طريق الاعتراض/التنفيذ أو مدة/رسومًا مؤثرة.","نعم","ما مقدار المدة وبدايتها ونهايتها والاستثناءات وأثر فواتها وفق النص المطبق على هذه الحالة؟","NEEDS REVIEW",""
"R-DOC-OTHER-ACK","الخدمات الحكومية والتوثيق","Q001: وش صار معك؟ ← أحتاج توثيق أو خدمة بدون نزاع → Q100: وش الخدمة اللي تبيها؟ ← إقرار مالي → Q153: وش نوع الإقرار المالي؟ ← إقرار آخر","تريد توثيق إقرار آخر غير الدين أو السداد.","حدد موضوع الإقرار كما يظهر ضمن خدمات ناجز قبل بدء الطلب.","المحكمة أو الجهة القضائية المختصة بحسب نوع الدعوى والمرحلة المبينة في النتيجة.","","التحقق من إقرار / اختيار نوع الإقرار | ناجز | بوابة قرار للإقرارات","حدد نوع الإقرار أولًا. بيانات الأطراف وتفاصيل الإقرار تُدخل في نموذج الخدمة المختارة، بينما المستندات والشروط تختلف بحسب نوع الإقرار.","لا توجد مستندات مطلوبة لخدمة التحقق.","مدة تنفيذ التحقق 0–1؛ تشغيلية وليست مهلة سقوط.","تتحدد بحسب الإجراء النهائي؛ لا مبلغ موحد.","غير منطبق ظاهرًا","يتم توجيهك للخدمة المطابقة إن كانت متاحة.","","","","وزارة العدل — التحقق من إقرار","https://www.moj.gov.sa/ar/eServices/Pages/ea04c420-0602-4045-80a0-070063feb122.aspx","2026-09-20","قابلة للتغير","PARTIALLY VERIFIED","يوجد تدقيق تفصيلي ورابط لنص نظامي رسمي، لكن هذا النص بعينه لم يُعد فتحه ومطابقة جميع ادعاءات النتيجة في هذه المرحلة.","HIGH","النتيجة تمس الاختصاص أو طريق الاعتراض/التنفيذ أو مدة/رسومًا مؤثرة.","نعم","ما مقدار المدة وبدايتها ونهايتها والاستثناءات وأثر فواتها وفق النص المطبق على هذه الحالة؟","NEEDS REVIEW",""
"R-DOC-PAYMENT-ACK","الخدمات الحكومية والتوثيق","Q001: وش صار معك؟ ← أحتاج توثيق أو خدمة بدون نزاع → Q100: وش الخدمة اللي تبيها؟ ← إقرار مالي → Q153: وش نوع الإقرار المالي؟ ← إقرار بسداد دين → Q154: السداد داخل تنفيذ قائم؟ ← لا، مجرد توثيق سداد بين الأطراف","تريد توثيق سداد دين ولا يوجد طلب تنفيذ قائم.","ناجز > جميع الخدمات الإلكترونية > الوكالات والإقرارات > الإقرار بسداد دين > تقديم طلب جديد، ثم أدخل بيانات الإقرار وقدّم الطلب.","المحكمة أو الجهة القضائية المختصة بحسب نوع الدعوى والمرحلة المبينة في النتيجة.","","الإقرار بسداد دين | ناجز | إقرار إلكتروني","لا توجد مستندات مطلوبة بحسب صفحة الخدمة؛ يشترط أن يكون جميع الأطراف فوق 18 سنة، وألا يكون أحدهم قاصرًا عقلاً، وأن تكون الوكالة سارية إذا كان مقدم الطلب وكيلاً.","لا توجد مستندات مطلوبة.","2–4 بحسب مدة تنفيذ الخدمة المعروضة؛ SLA وليست مهلة سقوط.","رسوم الخدمة: لا يوجد","غير منطبق ظاهرًا","بعد تقديم الطلب يُشعَر المستفيد برسالة نصية. والخدمة لا تتطلب زيارة كتابة العدل إذا كنت أصيلاً عن نفسك أو وكيلاً بموجب وكالة إلكترونية.","","","","وزارة العدل — الإقرار بسداد دين","https://www.moj.gov.sa/ar/eServices/pages/20f22820-099f-49c2-b43d-42db8db0ac86.aspx","2026-09-20","قابلة للتغير","PARTIALLY VERIFIED","يوجد تدقيق تفصيلي ورابط لنص نظامي رسمي، لكن هذا النص بعينه لم يُعد فتحه ومطابقة جميع ادعاءات النتيجة في هذه المرحلة.","HIGH","النتيجة تمس الاختصاص أو طريق الاعتراض/التنفيذ أو مدة/رسومًا مؤثرة.","نعم","ما مقدار المدة وبدايتها ونهايتها والاستثناءات وأثر فواتها وفق النص المطبق على هذه الحالة؟","NEEDS REVIEW",""
"R-DOC-POWER-FIRST65","الخدمات الحكومية والتوثيق","Q001: وش صار معك؟ ← أحتاج توثيق أو خدمة بدون نزاع → Q100: وش الخدمة اللي تبيها؟ ← وكالة → Q152: إصدار وكالة أو فسخها؟ ← إصدار وكالة جديدة → Q232: وش حالتك في إصدار الوكالة؟ ← عمري فوق 65 وهذه أول وكالة لي","فوق 65 سنة وهذه أول وكالة لك.","استخدم كتابة العدل الافتراضية أو الموثقين لإصدار الوكالة الأولى، ثم استخدم الإصدار الإلكتروني في المرات اللاحقة إذا انطبقت شروط الخدمة.","المحكمة أو الجهة القضائية المختصة بحسب نوع الدعوى والمرحلة المبينة في النتيجة.","","إصدار الوكالة الأولى لمن تجاوز 65 عامًا | ناجز | استثناء في إصدار الوكالة","بيانات الأطراف + البنود + المدة + متطلبات المسار المختار.","بحسب قناة كتابة العدل الافتراضية/الموثق؛ لا نضيف مستندات غير مثبتة.","لا مهلة سقوط؛ مدة الوكالة الإلكترونية بعد الإصدار لا تتجاوز سنة.","تتحدد بحسب الإجراء النهائي؛ لا مبلغ موحد.","غير منطبق ظاهرًا","بعد أول إصدار يمكنك الاستفادة من الإصدار الإلكتروني لاحقًا عند انطباق الشروط.","","","","وزارة العدل — إصدار وكالة","https://www.moj.gov.sa/ar/eServices/Pages/3472d517-7cb4-4cd5-a6bc-2abc9751eea3.aspx","2026-09-20","قابلة للتغير","PARTIALLY VERIFIED","المصدر رسمي لكنه لا يثبت آليًا جميع عناصر الاختصاص/المدة/الرسوم المركبة في النتيجة.","HIGH","النتيجة تمس الاختصاص أو طريق الاعتراض/التنفيذ أو مدة/رسومًا مؤثرة.","نعم","ما مقدار المدة وبدايتها ونهايتها والاستثناءات وأثر فواتها وفق النص المطبق على هذه الحالة؟","NEEDS REVIEW",""
"R-DOC-POWER-ISSUE","الخدمات الحكومية والتوثيق","Q001: وش صار معك؟ ← أحتاج توثيق أو خدمة بدون نزاع → Q100: وش الخدمة اللي تبيها؟ ← وكالة → Q152: إصدار وكالة أو فسخها؟ ← إصدار وكالة جديدة → Q232: وش حالتك في إصدار الوكالة؟ ← إصدار وكالة إلكترونية عادية","تريد إصدار وكالة جديدة بدون نزاع.","من ناجز افتح خدمة إصدار وكالة، أدخل بيانات الوكيل وحدد البنود والمدة ثم راجعها قبل الاعتماد واحتفظ برقم الوكالة بعد الإصدار.","المحكمة أو الجهة القضائية المختصة بحسب نوع الدعوى والمرحلة المبينة في النتيجة.","","إصدار وكالة | ناجز | إصدار وكالة إلكترونية","بيانات الموكل والوكيل + البنود + المدة + متطلبات الخدمة.","لا توجد مستندات مطلوبة.","مدة الوكالة الإلكترونية لا تتجاوز سنة؛ هذه صلاحية للوكالة وليست مهلة اعتراض.","تتحدد بحسب الإجراء النهائي؛ لا مبلغ موحد.","تصدر الوكالة إلكترونيًا عند استيفاء المتطلبات ويمكن التحقق منها لاحقًا.","تصدر الوكالة إلكترونيًا عند استيفاء المتطلبات ويمكن التحقق منها لاحقًا.","","","","وزارة العدل — إصدار وكالة","https://www.moj.gov.sa/ar/eServices/Pages/3472d517-7cb4-4cd5-a6bc-2abc9751eea3.aspx","2026-09-20","قابلة للتغير","PARTIALLY VERIFIED","المصدر رسمي لكنه لا يثبت آليًا جميع عناصر الاختصاص/المدة/الرسوم المركبة في النتيجة.","HIGH","النتيجة تمس الاختصاص أو طريق الاعتراض/التنفيذ أو مدة/رسومًا مؤثرة.","نعم","ما مقدار المدة وبدايتها ونهايتها والاستثناءات وأثر فواتها وفق النص المطبق على هذه الحالة؟","NEEDS REVIEW",""
"R-DOC-POWER-REGISTER","الخدمات الحكومية والتوثيق","Q001: وش صار معك؟ ← أحتاج توثيق أو خدمة بدون نزاع → Q100: وش الخدمة اللي تبيها؟ ← وكالة → Q152: إصدار وكالة أو فسخها؟ ← إصدار وكالة جديدة → Q232: وش حالتك في إصدار الوكالة؟ ← الصفة أو الهوية غير متاحة في الإصدار المباشر","الصفة أو الهوية غير متاحة في الإصدار المباشر.","ناجز > الوكالات والإقرارات > طلب تسجيل وكالة: اختر النوع، أدخل الأطراف والبنود والمدة، قدّم الطلب ثم استكمل الإصدار عبر كتابة العدل الافتراضية.","المحكمة أو الجهة القضائية المختصة بحسب نوع الدعوى والمرحلة المبينة في النتيجة.","","طلب تسجيل وكالة | ناجز | تسجيل وكالة لاستكمال الإصدار","هويات الأطراف وتواريخ الميلاد + بيانات الموكل والوكيل + البنود + المدة.","لا توجد مستندات مطلوبة.","مدة تنفيذ الخدمة 0–1؛ تشغيلية وليست مهلة سقوط.","تتحدد بحسب الإجراء النهائي؛ لا مبلغ موحد.","غير منطبق ظاهرًا","يُسجل الطلب ثم يُستكمل إصدار الوكالة عبر كتابة العدل الافتراضية.","","","","وزارة العدل — طلب تسجيل وكالة","https://www.moj.gov.sa/ar/eServices/Pages/40e619cb-a221-44c2-ba99-af7b70c37bd8.aspx","2026-09-20","قابلة للتغير","PARTIALLY VERIFIED","المصدر رسمي لكنه لا يثبت آليًا جميع عناصر الاختصاص/المدة/الرسوم المركبة في النتيجة.","HIGH","النتيجة تمس الاختصاص أو طريق الاعتراض/التنفيذ أو مدة/رسومًا مؤثرة.","نعم","ما مقدار المدة وبدايتها ونهايتها والاستثناءات وأثر فواتها وفق النص المطبق على هذه الحالة؟","NEEDS REVIEW",""
"R-DOC-POWER-REVOKE","الخدمات الحكومية والتوثيق","Q001: وش صار معك؟ ← أحتاج توثيق أو خدمة بدون نزاع → Q100: وش الخدمة اللي تبيها؟ ← وكالة → Q152: إصدار وكالة أو فسخها؟ ← فسخ وكالة","تريد فسخ وكالة قائمة.","ادخل على خدمة فسخ الوكالة في ناجز واختر الوكالة المطلوب فسخها.","المحكمة أو الجهة القضائية المختصة بحسب نوع الدعوى والمرحلة المبينة في النتيجة.","","فسخ وكالة | ناجز | فسخ وكالة","لا توجد مستندات مطلوبة بحسب صفحة الخدمة؛ يلزم وجود وكالة سابقة حالتها سارية أو مفسوخة جزئيًا، وحساب أبشر مفعّل.","لا نضيف مستندًا غير مثبت.","فوري للوكالة الداخلية، ويومان للخارجية أو بالصفات الاعتبارية؛ SLA لا مهلة سقوط.","لا تكاليف قضائية مثبتة للخدمة نفسها.","غير منطبق ظاهرًا","يتم فسخ الوكالة إلكترونيًا وإصدار صك الفسخ، مع إشعار جميع الأطراف برسالة نصية؛ ويمكن الاطلاع على الصك من صفحة الوكالات.","","","","وزارة العدل — اتفاقية مستوى الخدمات الإلكترونية","https://www.moj.gov.sa/ar/Ministry/Pages/SLA.aspx","2026-09-20","قابلة للتغير","PARTIALLY VERIFIED","المصدر رسمي لكنه لا يثبت آليًا جميع عناصر الاختصاص/المدة/الرسوم المركبة في النتيجة.","HIGH","النتيجة تمس الاختصاص أو طريق الاعتراض/التنفيذ أو مدة/رسومًا مؤثرة.","نعم","ما مقدار المدة وبدايتها ونهايتها والاستثناءات وأثر فواتها وفق النص المطبق على هذه الحالة؟","NEEDS REVIEW",""
"R-DOC-POWER-VERIFY","الخدمات الحكومية والتوثيق","Q001: وش صار معك؟ ← أحتاج توثيق أو خدمة بدون نزاع → Q100: وش الخدمة اللي تبيها؟ ← وكالة → Q152: إصدار وكالة أو فسخها؟ ← التحقق من وكالة","تريد التأكد من وكالة أو حالتها.","افتح خدمة «التحقق من وكالة» في وزارة العدل، وأدخل رقم الوكالة ورقم هوية أحد أطرافها ثم نفّذ التحقق.","المحكمة أو الجهة القضائية المختصة بحسب نوع الدعوى والمرحلة المبينة في النتيجة.","","التحقق من وكالة | خدمة تحقق","رقم الوكالة + رقم هوية أحد أطراف الوكالة.","لا نضيف مستندًا غير مثبت.","فوري وفق SLA؛ ليست مهلة نظامية.","لا تكاليف قضائية مثبتة للخدمة نفسها.","غير منطبق ظاهرًا","تعرض الخدمة بيانات الوكالة وحالتها مباشرة، ويمكنك الاطلاع على نص الوكالة من نتيجة التحقق.","","","","وزارة العدل — اتفاقية مستوى الخدمات الإلكترونية","https://www.moj.gov.sa/ar/Ministry/Pages/SLA.aspx","2026-09-20","ثابتة نظاميًا نسبيًا","PARTIALLY VERIFIED","المصدر رسمي لكنه لا يثبت آليًا جميع عناصر الاختصاص/المدة/الرسوم المركبة في النتيجة.","HIGH","النتيجة تمس الاختصاص أو طريق الاعتراض/التنفيذ أو مدة/رسومًا مؤثرة.","نعم","ما مقدار المدة وبدايتها ونهايتها والاستثناءات وأثر فواتها وفق النص المطبق على هذه الحالة؟","NEEDS REVIEW",""
"R-CRIM-PRIVATE-RIGHT","الزكاة والضريبة والجمارك","Q001: وش صار معك؟ ← بلاغ أو قضية جنائية → Q090: وش وضعك في البلاغ أو القضية؟ ← أبي أعرف الاختصاص والحق العام/الخاص والمسار الصحيح → Q603: وش تحتاج في المسار الجزائي؟ ← أنا مجني عليه وعندي حق خاص","للمجني عليه أو من ينوب عنه، ولوارثه من بعده، حق رفع الدعوى الجزائية في القضايا التي يتعلق بها حق خاص وفق المادة 16.","حدد طلب الحق الخاص وصلته بالفعل محل القضية وأرفق ما يثبته.","الشرطة/النيابة العامة قبل الإحالة، والمحكمة الجزائية بعد الإحالة بحسب المرحلة.","","للمجني عليه مطالبة بحق خاص ناشئ عن الجريمة | ادعاء بالحق الخاص تبعًا للدعوى الجزائية أو المسار القضائي الذي يقرره النظام","وقائع الضرر، الأدلة، بيانات القضية والطلبات المحددة.","أدلة الضرر والمبلغ/التعويض والواقعة والصفة.","تراجع المدة بحسب نوع الحق والمرحلة؛ لا أضيف رقمًا عامًا.","","غير منطبق ظاهرًا","تنظر المحكمة المختصة الحق الخاص وفق المسار النظامي مع إبلاغ جهة الادعاء بالحضور في الحالة المنصوص عليها نظامًا.","نظام الإجراءات الجزائية ولائحته التنفيذية","","نظام الإجراءات الجزائية يفصل بين الدعوى الجزائية العامة والادعاء بالحق الخاص وينظم الدعاء بالحق الخاص أثناء المحاكمة. | المادة 16","وزارة العدل — نظام الإجراءات الجزائية ولائحته التنفيذية","https://www.moj.gov.sa/Documents/Regulations/pdf/LawOfCriminalProcedureAndItsExecutiveRegulations.pdf","2026-09-22","ثابتة نظاميًا نسبيًا","PARTIALLY VERIFIED","يوجد تدقيق تفصيلي ورابط لنص نظامي رسمي، لكن هذا النص بعينه لم يُعد فتحه ومطابقة جميع ادعاءات النتيجة في هذه المرحلة.","HIGH","النتيجة تمس الاختصاص أو طريق الاعتراض/التنفيذ أو مدة/رسومًا مؤثرة.","نعم","هل الجهة والمحكمة ونوع الإجراء المحددة صحيحة لكل صور الحالة والاستثناءات المحتملة؟","NEEDS REVIEW",""
"R-SP-ZATCA-OBJECT","الزكاة والضريبة والجمارك","Q001: وش صار معك؟ ← بنك/تمويل/تأمين/زكاة/ضريبة/اتصالات/جهة حكومية → Q110: مشكلتك مع أي جهة أو خدمة؟ ← جهة حكومية أو تنظيمية → Q266: وش نوع الجهة الحكومية أو التنظيمية؟ ← زكاة / ضريبة / جمارك → Q168: قدمت اعتراض لزاتكا؟ ← لا","لديك قرار/تقييم/غرامة زكوية أو ضريبية أو جمركية ولم تبدأ الاعتراض لدى الهيئة.","اختر خدمة الاعتراض المطابقة لنوع القرار. في ضريبة القيمة المضافة، الاعتراض على إعادة التقييم منفصل عن الاعتراض على الغرامات.","الجهة القضائية أو الرسمية المحددة في المصدر المرتبط بالنتيجة.","","اعتراض على حكم/قرار قضائي بطريق الاستئناف بحسب المرحلة.","جهّز القرار أو التقييم محل الاعتراض والمستندات المؤيدة بحسب نوع الاعتراض. أسباب الاعتراض وبيانات الإقرار أو التقييم تُستكمل داخل مسار الخدمة، فلا تُعامل حقول النموذج تلقائيًا كمستندات مستقلة.","","","","تدرس الهيئة الاعتراض، ثم قد تتاح بوابة التصعيد للجان.","تدرس الهيئة الاعتراض، ثم قد تتاح بوابة التصعيد للجان.","","","","هيئة الزكاة والضريبة والجمارك — خدمات الاعتراض","https://zatca.gov.sa/ar/eServices/Pages/eServices-021.aspx","2026-09-20","ثابتة نظاميًا نسبيًا","PARTIALLY VERIFIED","المصدر رسمي والتغطية جزئية، لكن سجل التحقق ليس تفصيليًا بما يكفي لاعتماد النتيجة كاملة.","HIGH","النتيجة تمس الاختصاص أو طريق الاعتراض/التنفيذ أو مدة/رسومًا مؤثرة.","نعم","ما مقدار المدة وبدايتها ونهايتها والاستثناءات وأثر فواتها وفق النص المطبق على هذه الحالة؟","NEEDS REVIEW",""
"R-SP-ZATCA-WAIT","الزكاة والضريبة والجمارك","Q001: وش صار معك؟ ← بنك/تمويل/تأمين/زكاة/ضريبة/اتصالات/جهة حكومية → Q110: مشكلتك مع أي جهة أو خدمة؟ ← جهة حكومية أو تنظيمية → Q266: وش نوع الجهة الحكومية أو التنظيمية؟ ← زكاة / ضريبة / جمارك → Q168: قدمت اعتراض لزاتكا؟ ← نعم → Q169: تقدر تصعّد للجان الآن؟ ← الاعتراض ما زال تحت الدراسة","اعتراضك لدى زاتكا ما زال تحت الدراسة.","تابع حالة الاعتراض واحتفظ بتاريخ التقديم والردود؛ لا تفتح دعوى لجنة قبل تحقق بوابة التصعيد.","الجهة القضائية أو الرسمية المحددة في المصدر المرتبط بالنتيجة.","","دعوى جديدة أو طلب قضائي بحسب الحالة المحددة في النتيجة؛ لا يُستخدم كطلب داخل قضية/تنفيذ إلا إذا نصت النتيجة على ذلك.","للمتابعة احتفظ برقم الاعتراض وتاريخ تقديمه وأي رد أو إشعار من الهيئة؛ هذه معلومات متابعة وليست متطلبات تقديم اعتراض جديد.","","","","بعد القرار أو تحقق الحالة النظامية قد ينتقل للأمانة العامة للجان.","بعد القرار أو تحقق الحالة النظامية قد ينتقل للأمانة العامة للجان.","","","","هيئة الزكاة والضريبة والجمارك — خدمات الاعتراض","https://zatca.gov.sa/ar/eServices/Pages/eServices-021.aspx","2026-09-20","قابلة للتغير","STALE RISK","نظام تنفيذ جديد نُشر في 2026 وسيحل محل النظام السابق بعد 180 يومًا؛ يلزم تثبيت تاريخ النفاذ وخطة تحديث النتيجة.","HIGH","النتيجة تمس الاختصاص أو طريق الاعتراض/التنفيذ أو مدة/رسومًا مؤثرة.","نعم","ما مقدار المدة وبدايتها ونهايتها والاستثناءات وأثر فواتها وفق النص المطبق على هذه الحالة؟","NEEDS REVIEW",""
"R-BROKERAGE-REAL","العقار والإيجار","Q001: وش صار معك؟ ← عقار أو إيجار → Q070: وش موضوع العقار أو الإيجار؟ ← وساطة عقارية أو عمولة وسيط → Q260: الوساطة أو السمسرة من أي نوع؟ ← وساطة عقارية في بيع أو إيجار عقار","نزاعك على عمولة أو أجرة وسيط في بيع أو إيجار عقار؛ وهذه وساطة عقارية ينظمها نظام خاص.","جهّز عقد الوساطة والترخيص وإثبات إتمام الصفقة والعمولة المتفق عليها. قبل رفع صحيفة الدعوى، حدّد صفة الأطراف وطبيعة التعامل لاختيار المحكمة المختصة؛ فمجرد كون النزاع وساطة عقارية لا يجعله تجاريًا تلقائيًا.","المحكمة أو الجهة القضائية المختصة بحسب نوع الدعوى والمرحلة المبينة في النتيجة.","","نزاع عمولة وساطة عقارية / بلاغ تنظيمي بحسب المطلوب | مطالبة ناشئة عن عقد وساطة عقارية أو بلاغ مخالفة تنظيمية","راجع عقد الوساطة وبيانات ترخيص الوسيط وعقد الصفقة وما يثبت إتمامها والعمولة المتفق عليها والمراسلات. هذه أدلة لتقييم الاستحقاق والاختصاص، وليست قائمة مرفقات موحدة لكل دعوى.","عقد الوساطة، بيانات الترخيص، إثبات الصفقة، ما يثبت العمولة والمراسلات ذات الصلة.","إذا لم يتفق على مدة عقد الوساطة فتكون 90 يومًا من تاريخ إبرامه وفق المادة 7؛ وتوجب اللائحة إنهاء عقد الوساطة في المنصة خلال 5 أيام عمل من تمام الصفقة. هذه ليست مهلة سقوط موحدة للمطالبة القضائية.","لا مبلغ قضائي موحد؛ يتحدد بحسب المسار القضائي النهائي.","غير منطبق ظاهرًا","تُفحص صحة عقد الوساطة واستحقاق العمولة ومقدارها، ثم تنظر المطالبة الجهة القضائية المختصة بحسب أطرافها وطبيعتها.","نظام الوساطة العقارية","","","الهيئة العامة للعقار — نظام الوساطة العقارية","https://rega.gov.sa/الأنظمة-والقرارات/الأنظمة-واللوائح-والأدلة/الأنظمة/نظام-الوساطة-العقارية/","2026-09-20","ثابتة نظاميًا نسبيًا","PARTIALLY VERIFIED","يوجد تدقيق تفصيلي ورابط لنص نظامي رسمي، لكن هذا النص بعينه لم يُعد فتحه ومطابقة جميع ادعاءات النتيجة في هذه المرحلة.","HIGH","النتيجة تمس الاختصاص أو طريق الاعتراض/التنفيذ أو مدة/رسومًا مؤثرة.","نعم","ما مقدار المدة وبدايتها ونهايتها والاستثناءات وأثر فواتها وفق النص المطبق على هذه الحالة؟","NEEDS REVIEW",""
"R-CIVIL-LEASE-DAMAGE","العقار والإيجار","Q001: وش صار معك؟ ← لي مبلغ أو حق مالي عند شخص أو جهة → Q010: المبلغ سببه وش؟ ← تعويض أو إخلال بعقد أو استرداد مبلغ غير مستحق → Q500: وش نوع مطالبتك المدنية؟ ← مشكلتي في عقد إيجار → Q508: وش المشكلة في عقد الإيجار؟ ← المأجور هلك أو صار الانتفاع به ناقصًا","هلك المأجور كليًا أو جزئيًا أو نقص الانتفاع به أثناء مدة الإيجار.","وثّق الضرر وسببه وتاريخه، ثم حدّد الطلب المناسب. إذا كان النزاع يحتاج إثبات سبب أو مسؤولية أو تعويض فالمسار دعوى قضائية، لا تنفيذ مباشر لمجرد وجود عقد إيجار.","المحكمة المختصة بحسب صفة الأطراف وطبيعة النزاع؛ مع أولوية محكمة التنفيذ إذا كان الحق المطلوب ثابتًا في عقد إيجار موحد صالح كسند تنفيذي.","محكمة التنفيذ","إيجار | تنفيذ مباشر إذا كان الحق ثابتًا بسند تنفيذي؛ وإلا دعوى جديدة. وإذا كانت قضية قائمة فيستخدم الطلب المناسب داخلها بدل إنشاء دعوى مكررة.","العقد، صور وتقارير الضرر، ما يثبت تاريخ الواقعة وسببها، وأي تقارير فنية متاحة. هذه قائمة تجهيز عملية؛ المستندات الإلزامية النهائية يحددها تصنيف الدعوى/الخدمة الظاهر في ناجز.","","","","في «صحيفة دعوى»: يُدقق الطلب؛ عند النقص يطلب الاستكمال، وعند القبول يرسل رقم القضية واسم الدائرة. في التنفيذ: يصل رقم الطلب وتتابع حالته في ناجز. الاعتراض على الحكم يكون عبر مساره النظامي بعد صدوره، لا عبر إنشاء دعوى جديدة.","في «صحيفة دعوى»: يُدقق الطلب؛ عند النقص يطلب الاستكمال، وعند القبول يرسل رقم القضية واسم الدائرة. في التنفيذ: يصل رقم الطلب وتتابع حالته في ناجز. الاعتراض على الحكم يكون عبر مساره النظامي بعد صدوره، لا عبر إنشاء دعوى جديدة.","نظام المعاملات المدنية: الهلاك الكلي يفسخ العقد من تلقاء نفسه؛ والهلاك الجزئي أو نقص الانتفاع غير الناشئ عن المستأجر يجيز طلب الفسخ أو إنقاص الأجرة. نظام المعاملات المدنية","","المادتان 420 و421 من نظام المعاملات المدنية: الهلاك الكلي يفسخ العقد من تلقاء نفسه؛ والهلاك الجزئي أو نقص الانتفاع غير الناشئ عن المستأجر يجيز طلب الفسخ أو إنقاص الأجرة.","هيئة الخبراء بمجلس الوزراء — نظام المعاملات المدنية","https://laws.boe.gov.sa/BoeLaws/Laws/LawDetails/655fdb42-8c96-422b-b8c4-b04f0095c94c/1","2026-09-22","قابلة للتغير","STALE RISK","نظام تنفيذ جديد نُشر في 2026 وسيحل محل النظام السابق بعد 180 يومًا؛ يلزم تثبيت تاريخ النفاذ وخطة تحديث النتيجة.","HIGH","النتيجة تمس الاختصاص أو طريق الاعتراض/التنفيذ أو مدة/رسومًا مؤثرة.","نعم","ما مقدار المدة وبدايتها ونهايتها والاستثناءات وأثر فواتها وفق النص المطبق على هذه الحالة؟","NEEDS REVIEW",""
"R-CIVIL-LEASE-DELIVERY","العقار والإيجار","Q001: وش صار معك؟ ← لي مبلغ أو حق مالي عند شخص أو جهة → Q010: المبلغ سببه وش؟ ← تعويض أو إخلال بعقد أو استرداد مبلغ غير مستحق → Q500: وش نوع مطالبتك المدنية؟ ← مشكلتي في عقد إيجار → Q508: وش المشكلة في عقد الإيجار؟ ← المؤجر ما سلمني المأجور أو تأخر في التسليم","المؤجر لم يسلّم المأجور أو لم يمكّن المستأجر من الانتفاع به في الموعد المتفق عليه.","حدّد أولًا هل المطلوب مجرد إلزام/فسخ/إنقاص أجرة/تعويض، وهل العقد الموحد الموثق يتيح تنفيذ الحق المطلوب مباشرة. إن لم يكن الحق محل سند تنفيذي، استخدم «صحيفة دعوى» بالتصنيف الذي يظهر في ناجز.","المحكمة المختصة بحسب صفة الأطراف وطبيعة النزاع؛ مع أولوية محكمة التنفيذ إذا كان الحق المطلوب ثابتًا في عقد إيجار موحد صالح كسند تنفيذي.","محكمة التنفيذ","ناجز | تنفيذ مباشر إذا كان الحق ثابتًا بسند تنفيذي؛ وإلا دعوى جديدة. وإذا كانت قضية قائمة فيستخدم الطلب المناسب داخلها بدل إنشاء دعوى مكررة.","عقد الإيجار، تاريخ بدء المدة، ما يثبت عدم التسليم أو طلبه، وإثباتات السداد إن كانت مرتبطة بالطلب. هذه قائمة تجهيز عملية؛ المستندات الإلزامية النهائية يحددها تصنيف الدعوى/الخدمة الظاهر في ناجز.","","","","في «صحيفة دعوى»: يُدقق الطلب؛ عند النقص يطلب الاستكمال، وعند القبول يرسل رقم القضية واسم الدائرة. في التنفيذ: يصل رقم الطلب وتتابع حالته في ناجز. الاعتراض على الحكم يكون عبر مساره النظامي بعد صدوره، لا عبر إنشاء دعوى جديدة.","في «صحيفة دعوى»: يُدقق الطلب؛ عند النقص يطلب الاستكمال، وعند القبول يرسل رقم القضية واسم الدائرة. في التنفيذ: يصل رقم الطلب وتتابع حالته في ناجز. الاعتراض على الحكم يكون عبر مساره النظامي بعد صدوره، لا عبر إنشاء دعوى جديدة.","نظام المعاملات المدنية: التسليم يكون بالتمكين من الانتفاع، ولا تستحق الأجرة عن مدة سبقت التسليم إذا لم يكن التأخير بسبب المستأجر. نظام المعاملات المدنية","","المادتان 416 و429 من نظام المعاملات المدنية: التسليم يكون بالتمكين من الانتفاع، ولا تستحق الأجرة عن مدة سبقت التسليم إذا لم يكن التأخير بسبب المستأجر.","هيئة الخبراء بمجلس الوزراء — نظام المعاملات المدنية","https://laws.boe.gov.sa/BoeLaws/Laws/LawDetails/655fdb42-8c96-422b-b8c4-b04f0095c94c/1","2026-09-22","قابلة للتغير","STALE RISK","نظام تنفيذ جديد نُشر في 2026 وسيحل محل النظام السابق بعد 180 يومًا؛ يلزم تثبيت تاريخ النفاذ وخطة تحديث النتيجة.","HIGH","النتيجة تمس الاختصاص أو طريق الاعتراض/التنفيذ أو مدة/رسومًا مؤثرة.","نعم","ما مقدار المدة وبدايتها ونهايتها والاستثناءات وأثر فواتها وفق النص المطبق على هذه الحالة؟","NEEDS REVIEW",""
"R-CIVIL-LEASE-END","العقار والإيجار","Q001: وش صار معك؟ ← لي مبلغ أو حق مالي عند شخص أو جهة → Q010: المبلغ سببه وش؟ ← تعويض أو إخلال بعقد أو استرداد مبلغ غير مستحق → Q500: وش نوع مطالبتك المدنية؟ ← مشكلتي في عقد إيجار → Q508: وش المشكلة في عقد الإيجار؟ ← انتهت المدة واستمر الانتفاع أو أبي فسخ لعذر طارئ","النزاع متعلق بانتهاء مدة الإيجار أو تجددها أو طلب فسخها لعذر طارئ.","تحقق من شرط التجديد ومن سلوك الطرفين بعد انتهاء المدة ومن أي أحكام خاصة واجبة التطبيق على العقار. إن كان المطلوب إخلاءً ثابتًا بعقد إيجار موحد قابل للتنفيذ فابدأ بـ«تقديم طلب تنفيذ»؛ وإلا فارفع النزاع الموضوعي عبر «صحيفة دعوى».","المحكمة المختصة بحسب صفة الأطراف وطبيعة النزاع؛ مع أولوية محكمة التنفيذ إذا كان الحق المطلوب ثابتًا في عقد إيجار موحد صالح كسند تنفيذي.","محكمة التنفيذ","إيجار | تنفيذ مباشر إذا كان الحق ثابتًا بسند تنفيذي؛ وإلا دعوى جديدة. وإذا كانت قضية قائمة فيستخدم الطلب المناسب داخلها بدل إنشاء دعوى مكررة.","العقد، تاريخ الانتهاء، إشعارات التجديد/عدم التجديد، ما يثبت استمرار الانتفاع أو رفضه، ومستندات العذر والضرر إن كان الطلب فسخًا لعذر. هذه قائمة تجهيز عملية؛ المستندات الإلزامية النهائية يحددها تصنيف الدعوى/الخدمة الظاهر في ناجز.","","","","في «صحيفة دعوى»: يُدقق الطلب؛ عند النقص يطلب الاستكمال، وعند القبول يرسل رقم القضية واسم الدائرة. في التنفيذ: يصل رقم الطلب وتتابع حالته في ناجز. الاعتراض على الحكم يكون عبر مساره النظامي بعد صدوره، لا عبر إنشاء دعوى جديدة.","في «صحيفة دعوى»: يُدقق الطلب؛ عند النقص يطلب الاستكمال، وعند القبول يرسل رقم القضية واسم الدائرة. في التنفيذ: يصل رقم الطلب وتتابع حالته في ناجز. الاعتراض على الحكم يكون عبر مساره النظامي بعد صدوره، لا عبر إنشاء دعوى جديدة.","نظام المعاملات المدنية: الأصل انتهاء الإيجار بانقضاء مدته ما لم يتجدد، ويجوز طلب الفسخ لعذر طارئ متعلق بأحد المتعاقدين مع التعويض عن الضرر وفق المادة 442. نظام المعاملات المدنية","","المادتان 440 و442 من نظام المعاملات المدنية: الأصل انتهاء الإيجار بانقضاء مدته ما لم يتجدد، ويجوز طلب الفسخ لعذر طارئ متعلق بأحد المتعاقدين مع التعويض عن الضرر وفق المادة 442.","هيئة الخبراء بمجلس الوزراء — نظام المعاملات المدنية","https://laws.boe.gov.sa/BoeLaws/Laws/LawDetails/655fdb42-8c96-422b-b8c4-b04f0095c94c/1","2026-09-22","قابلة للتغير","STALE RISK","نظام تنفيذ جديد نُشر في 2026 وسيحل محل النظام السابق بعد 180 يومًا؛ يلزم تثبيت تاريخ النفاذ وخطة تحديث النتيجة.","HIGH","النتيجة تمس الاختصاص أو طريق الاعتراض/التنفيذ أو مدة/رسومًا مؤثرة.","نعم","ما مقدار المدة وبدايتها ونهايتها والاستثناءات وأثر فواتها وفق النص المطبق على هذه الحالة؟","NEEDS REVIEW",""
"R-CIVIL-LEASE-HOLDOVER","العقار والإيجار","Q001: وش صار معك؟ ← لي مبلغ أو حق مالي عند شخص أو جهة → Q010: المبلغ سببه وش؟ ← تعويض أو إخلال بعقد أو استرداد مبلغ غير مستحق → Q500: وش نوع مطالبتك المدنية؟ ← مشكلتي في عقد إيجار → Q508: وش المشكلة في عقد الإيجار؟ ← انتهى العقد والمستأجر ما رد المأجور","انتهى عقد الإيجار وبقي المستأجر حائزًا للمأجور دون حق بحسب ادعاء المؤجر.","تحقق أولًا من انتهاء العقد وعدم التجدد الصريح أو الضمني. إذا كان عقد إيجار الموحد يتيح طلب الإخلاء كسند تنفيذي فالمسار «تقديم طلب تنفيذ»؛ وإلا فالنزاع على أصل الحق أو التجدد يحتاج دعوى.","المحكمة المختصة بحسب صفة الأطراف وطبيعة النزاع؛ مع أولوية محكمة التنفيذ إذا كان الحق المطلوب ثابتًا في عقد إيجار موحد صالح كسند تنفيذي.","محكمة التنفيذ","إيجار | تنفيذ مباشر إذا كان الحق ثابتًا بسند تنفيذي؛ وإلا دعوى جديدة. وإذا كانت قضية قائمة فيستخدم الطلب المناسب داخلها بدل إنشاء دعوى مكررة.","العقد، تاريخ الانتهاء، إشعارات الإخلاء أو عدم التجديد، وأدلة استمرار الحيازة وأي مراسلات قد تدل على الرضا بالتجديد. هذه قائمة تجهيز عملية؛ المستندات الإلزامية النهائية يحددها تصنيف الدعوى/الخدمة الظاهر في ناجز.","","","","في «صحيفة دعوى»: يُدقق الطلب؛ عند النقص يطلب الاستكمال، وعند القبول يرسل رقم القضية واسم الدائرة. في التنفيذ: يصل رقم الطلب وتتابع حالته في ناجز. الاعتراض على الحكم يكون عبر مساره النظامي بعد صدوره، لا عبر إنشاء دعوى جديدة.","في «صحيفة دعوى»: يُدقق الطلب؛ عند النقص يطلب الاستكمال، وعند القبول يرسل رقم القضية واسم الدائرة. في التنفيذ: يصل رقم الطلب وتتابع حالته في ناجز. الاعتراض على الحكم يكون عبر مساره النظامي بعد صدوره، لا عبر إنشاء دعوى جديدة.","نظام المعاملات المدنية: الرد واجب عند انتهاء العقد، والبقاء دون حق يرتب أجرة المثل؛ لكن استمرار الانتفاع برضا المؤجر قد يؤدي إلى تجدد العقد وفق المادة 440. نظام المعاملات المدنية","","المادتان 435 و440 من نظام المعاملات المدنية: الرد واجب عند انتهاء العقد، والبقاء دون حق يرتب أجرة المثل؛ لكن استمرار الانتفاع برضا المؤجر قد يؤدي إلى تجدد العقد وفق المادة 440.","هيئة الخبراء بمجلس الوزراء — نظام المعاملات المدنية","https://laws.boe.gov.sa/BoeLaws/Laws/LawDetails/655fdb42-8c96-422b-b8c4-b04f0095c94c/1","2026-09-22","قابلة للتغير","STALE RISK","نظام تنفيذ جديد نُشر في 2026 وسيحل محل النظام السابق بعد 180 يومًا؛ يلزم تثبيت تاريخ النفاذ وخطة تحديث النتيجة.","HIGH","النتيجة تمس الاختصاص أو طريق الاعتراض/التنفيذ أو مدة/رسومًا مؤثرة.","نعم","ما مقدار المدة وبدايتها ونهايتها والاستثناءات وأثر فواتها وفق النص المطبق على هذه الحالة؟","NEEDS REVIEW",""
"R-CIVIL-LEASE-RENT","العقار والإيجار","Q001: وش صار معك؟ ← لي مبلغ أو حق مالي عند شخص أو جهة → Q010: المبلغ سببه وش؟ ← تعويض أو إخلال بعقد أو استرداد مبلغ غير مستحق → Q500: وش نوع مطالبتك المدنية؟ ← مشكلتي في عقد إيجار → Q508: وش المشكلة في عقد الإيجار؟ ← خلاف على الأجرة أو وقت استحقاقها","يوجد خلاف على استحقاق الأجرة أو موعدها أو مقدار الدفعة.","راجع جدول الدفعات والعقد أولًا. إذا كان عقد إيجار موحدًا موثقًا والحق المالي ثابتًا في السند، فالمسار «تقديم طلب تنفيذ»؛ أما النزاع الذي يتطلب إثبات حق خارج نطاق السند فيرفع عبر «صحيفة دعوى».","المحكمة المختصة بحسب صفة الأطراف وطبيعة النزاع؛ مع أولوية محكمة التنفيذ إذا كان الحق المطلوب ثابتًا في عقد إيجار موحد صالح كسند تنفيذي.","محكمة التنفيذ","إيجار | تنفيذ مباشر إذا كان الحق ثابتًا بسند تنفيذي؛ وإلا دعوى جديدة. وإذا كانت قضية قائمة فيستخدم الطلب المناسب داخلها بدل إنشاء دعوى مكررة.","العقد، جدول الدفعات، كشف السداد/التحويلات، وتحديد الدفعة محل المطالبة. هذه قائمة تجهيز عملية؛ المستندات الإلزامية النهائية يحددها تصنيف الدعوى/الخدمة الظاهر في ناجز.","","","","في «صحيفة دعوى»: يُدقق الطلب؛ عند النقص يطلب الاستكمال، وعند القبول يرسل رقم القضية واسم الدائرة. في التنفيذ: يصل رقم الطلب وتتابع حالته في ناجز. الاعتراض على الحكم يكون عبر مساره النظامي بعد صدوره، لا عبر إنشاء دعوى جديدة.","في «صحيفة دعوى»: يُدقق الطلب؛ عند النقص يطلب الاستكمال، وعند القبول يرسل رقم القضية واسم الدائرة. في التنفيذ: يصل رقم الطلب وتتابع حالته في ناجز. الاعتراض على الحكم يكون عبر مساره النظامي بعد صدوره، لا عبر إنشاء دعوى جديدة.","نظام المعاملات المدنية: يجوز تعجيل الأجرة أو تأجيلها أو تقسيطها، وعند غياب اتفاق على المواعيد تطبق قاعدة المادة 429. نظام المعاملات المدنية","","المادتان 410 و429 من نظام المعاملات المدنية: يجوز تعجيل الأجرة أو تأجيلها أو تقسيطها، وعند غياب اتفاق على المواعيد تطبق قاعدة المادة 429.","هيئة الخبراء بمجلس الوزراء — نظام المعاملات المدنية","https://laws.boe.gov.sa/BoeLaws/Laws/LawDetails/655fdb42-8c96-422b-b8c4-b04f0095c94c/1","2026-09-22","قابلة للتغير","STALE RISK","نظام تنفيذ جديد نُشر في 2026 وسيحل محل النظام السابق بعد 180 يومًا؛ يلزم تثبيت تاريخ النفاذ وخطة تحديث النتيجة.","HIGH","النتيجة تمس الاختصاص أو طريق الاعتراض/التنفيذ أو مدة/رسومًا مؤثرة.","نعم","ما مقدار المدة وبدايتها ونهايتها والاستثناءات وأثر فواتها وفق النص المطبق على هذه الحالة؟","NEEDS REVIEW",""
"R-CIVIL-LEASE-SUBLEASE","العقار والإيجار","Q001: وش صار معك؟ ← لي مبلغ أو حق مالي عند شخص أو جهة → Q010: المبلغ سببه وش؟ ← تعويض أو إخلال بعقد أو استرداد مبلغ غير مستحق → Q500: وش نوع مطالبتك المدنية؟ ← مشكلتي في عقد إيجار → Q508: وش المشكلة في عقد الإيجار؟ ← أبي أؤجر من الباطن أو أتنازل عن العقد","يوجد تأجير من الباطن أو تنازل عن عقد الإيجار.","راجع نص العقد والموافقة الصريحة أو اللاحقة قبل أي مطالبة. إذا نشأ نزاع على وجود الإذن أو أثر المخالفة فالمسار دعوى عبر «صحيفة دعوى» ما لم يوجد سند تنفيذي يغطي الطلب المحدد.","المحكمة المختصة بحسب صفة الأطراف وطبيعة النزاع؛ مع أولوية محكمة التنفيذ إذا كان الحق المطلوب ثابتًا في عقد إيجار موحد صالح كسند تنفيذي.","محكمة التنفيذ","إيجار | تنفيذ مباشر إذا كان الحق ثابتًا بسند تنفيذي؛ وإلا دعوى جديدة. وإذا كانت قضية قائمة فيستخدم الطلب المناسب داخلها بدل إنشاء دعوى مكررة.","العقد، بند التأجير من الباطن/التنازل، موافقة المؤجر إن وجدت، وعقد التأجير من الباطن أو ما يثبت التصرف. هذه قائمة تجهيز عملية؛ المستندات الإلزامية النهائية يحددها تصنيف الدعوى/الخدمة الظاهر في ناجز.","","","","في «صحيفة دعوى»: يُدقق الطلب؛ عند النقص يطلب الاستكمال، وعند القبول يرسل رقم القضية واسم الدائرة. في التنفيذ: يصل رقم الطلب وتتابع حالته في ناجز. الاعتراض على الحكم يكون عبر مساره النظامي بعد صدوره، لا عبر إنشاء دعوى جديدة.","في «صحيفة دعوى»: يُدقق الطلب؛ عند النقص يطلب الاستكمال، وعند القبول يرسل رقم القضية واسم الدائرة. في التنفيذ: يصل رقم الطلب وتتابع حالته في ناجز. الاعتراض على الحكم يكون عبر مساره النظامي بعد صدوره، لا عبر إنشاء دعوى جديدة.","نظام المعاملات المدنية: لا يجوز التأجير من الباطن أو التنازل إلا بإذن المؤجر أو إجازته، والمأذون له يتقيد بقيود المنفعة نوعًا وزمنًا. نظام المعاملات المدنية","","المادتان 437 و438 من نظام المعاملات المدنية: لا يجوز التأجير من الباطن أو التنازل إلا بإذن المؤجر أو إجازته، والمأذون له يتقيد بقيود المنفعة نوعًا وزمنًا.","هيئة الخبراء بمجلس الوزراء — نظام المعاملات المدنية","https://laws.boe.gov.sa/BoeLaws/Laws/LawDetails/655fdb42-8c96-422b-b8c4-b04f0095c94c/1","2026-09-22","قابلة للتغير","STALE RISK","نظام تنفيذ جديد نُشر في 2026 وسيحل محل النظام السابق بعد 180 يومًا؛ يلزم تثبيت تاريخ النفاذ وخطة تحديث النتيجة.","HIGH","النتيجة تمس الاختصاص أو طريق الاعتراض/التنفيذ أو مدة/رسومًا مؤثرة.","نعم","ما مقدار المدة وبدايتها ونهايتها والاستثناءات وأثر فواتها وفق النص المطبق على هذه الحالة؟","NEEDS REVIEW",""
"R-CIVIL-LEASE-TENANT-DAMAGE","العقار والإيجار","Q001: وش صار معك؟ ← لي مبلغ أو حق مالي عند شخص أو جهة → Q010: المبلغ سببه وش؟ ← تعويض أو إخلال بعقد أو استرداد مبلغ غير مستحق → Q500: وش نوع مطالبتك المدنية؟ ← مشكلتي في عقد إيجار → Q508: وش المشكلة في عقد الإيجار؟ ← المستأجر أتلف المأجور أو قصر في المحافظة عليه","المؤجر يطالب المستأجر بتعويض عن أضرار بالمأجور.","افصل التلف الناتج عن تعدٍ أو تقصير عن الاستعمال المعتاد، وحدد مبلغ الضرر وأساسه. المطالبة التي تحتاج إثبات الضرر والسبب والمقدار تُرفع كدعوى ما لم يكن الحق نفسه ثابتًا بسند تنفيذي قابل للتنفيذ.","المحكمة المختصة بحسب صفة الأطراف وطبيعة النزاع؛ مع أولوية محكمة التنفيذ إذا كان الحق المطلوب ثابتًا في عقد إيجار موحد صالح كسند تنفيذي.","محكمة التنفيذ","إيجار | تنفيذ مباشر إذا كان الحق ثابتًا بسند تنفيذي؛ وإلا دعوى جديدة. وإذا كانت قضية قائمة فيستخدم الطلب المناسب داخلها بدل إنشاء دعوى مكررة.","العقد، محضر/وصف حالة الاستلام والتسليم، صور قبل وبعد، تقارير أو فواتير الإصلاح وأدلة نسبة الضرر. هذه قائمة تجهيز عملية؛ المستندات الإلزامية النهائية يحددها تصنيف الدعوى/الخدمة الظاهر في ناجز.","","","","في «صحيفة دعوى»: يُدقق الطلب؛ عند النقص يطلب الاستكمال، وعند القبول يرسل رقم القضية واسم الدائرة. في التنفيذ: يصل رقم الطلب وتتابع حالته في ناجز. الاعتراض على الحكم يكون عبر مساره النظامي بعد صدوره، لا عبر إنشاء دعوى جديدة.","في «صحيفة دعوى»: يُدقق الطلب؛ عند النقص يطلب الاستكمال، وعند القبول يرسل رقم القضية واسم الدائرة. في التنفيذ: يصل رقم الطلب وتتابع حالته في ناجز. الاعتراض على الحكم يكون عبر مساره النظامي بعد صدوره، لا عبر إنشاء دعوى جديدة.","نظام المعاملات المدنية: المستأجر يحافظ على المأجور ويعوض عن ضرر تعديه أو تقصيره، ويرده بالحالة التي تسلمه بها مع استثناء ما يقتضيه الاستعمال المعتاد. نظام المعاملات المدنية","","المادتان 430 و435 من نظام المعاملات المدنية: المستأجر يحافظ على المأجور ويعوض عن ضرر تعديه أو تقصيره، ويرده بالحالة التي تسلمه بها مع استثناء ما يقتضيه الاستعمال المعتاد.","هيئة الخبراء بمجلس الوزراء — نظام المعاملات المدنية","https://laws.boe.gov.sa/BoeLaws/Laws/LawDetails/655fdb42-8c96-422b-b8c4-b04f0095c94c/1","2026-09-22","قابلة للتغير","STALE RISK","نظام تنفيذ جديد نُشر في 2026 وسيحل محل النظام السابق بعد 180 يومًا؛ يلزم تثبيت تاريخ النفاذ وخطة تحديث النتيجة.","HIGH","النتيجة تمس الاختصاص أو طريق الاعتراض/التنفيذ أو مدة/رسومًا مؤثرة.","نعم","ما مقدار المدة وبدايتها ونهايتها والاستثناءات وأثر فواتها وفق النص المطبق على هذه الحالة؟","NEEDS REVIEW",""
"R-CRIM-RELEASE-NOT-END","العقار والإيجار","Q001: وش صار معك؟ ← بلاغ أو قضية جنائية → Q090: وش وضعك في البلاغ أو القضية؟ ← أُفرج عني أو قيل حُفظت القضية → Q137: صدر إفراج أو حفظ رسمي؟ ← أُفرج عني فقط ولا أعرف هل انتهت القضية → Q210: بعد الإفراج، عندك قرار حفظ رسمي؟ ← لا، فقط أُفرج عني","أُفرج عنك في مرحلة التحقيق، لكن الإفراج وحده لا يثبت أن الدعوى حُفظت أو انتهت.","احتفظ بقرار الإفراج ورقم القضية أو البلاغ، وتابع ما يصدر من جهة التحقيق من تبليغ أو قرار لاحق. إذا وصلك قرار بحفظ الدعوى أو إحالتها للمحكمة فانتقل للمسار المناسب للقرار الجديد.","الشرطة/النيابة العامة قبل الإحالة، والمحكمة الجزائية بعد الإحالة بحسب المرحلة.","","صدر إفراج مؤقت عن المتهم لكن القضية لم تنته | إفراج مؤقت مع استمرار التحقيق/الدعوى","قرار الإفراج + رقم القضية/البلاغ + أي تبليغ أو قرار لاحق من جهة التحقيق.","قرار الإفراج، رقم القضية، وأي شروط أو تعهدات مرتبطة به.","لا مدة موحدة لانتهاء القضية بسبب الإفراج؛ الدعوى تستمر حتى التصرف النظامي فيها.","","غير منطبق ظاهرًا","قد تستمر إجراءات التحقيق أو يصدر تصرف في الدعوى وفق النظام؛ القرار اللاحق من الجهة المختصة هو الذي يحدد المرحلة التالية.","نظام الإجراءات الجزائية ولائحته التنفيذية","","نظام الإجراءات الجزائية يفرد فصلًا للإفراج المؤقت ضمن إجراءات التحقيق، ثم فصلًا مستقلًا لإنهاء التحقيق والتصرف في الدعوى.","وزارة العدل — نظام الإجراءات الجزائية ولائحته التنفيذية","https://www.moj.gov.sa/Documents/Regulations/pdf/LawOfCriminalProcedureAndItsExecutiveRegulations.pdf","2026-09-20","ثابتة نظاميًا نسبيًا","PARTIALLY VERIFIED","يوجد تدقيق تفصيلي ورابط لنص نظامي رسمي، لكن هذا النص بعينه لم يُعد فتحه ومطابقة جميع ادعاءات النتيجة في هذه المرحلة.","HIGH","النتيجة تمس الاختصاص أو طريق الاعتراض/التنفيذ أو مدة/رسومًا مؤثرة.","نعم","ما مقدار المدة وبدايتها ونهايتها والاستثناءات وأثر فواتها وفق النص المطبق على هذه الحالة؟","NEEDS REVIEW",""
"R-REAL-RELEASE-MORTGAGE","العقار والإيجار","Q001: وش صار معك؟ ← عقار أو إيجار → Q070: وش موضوع العقار أو الإيجار؟ ← رهن عقاري أو تمويل عقاري → Q095: رهن عقاري أو نزاع تمويل؟ ← رهن أو فك رهن عقاري فقط → Q096: فك رهن أو نزاع مع الممول؟ ← فك رهن موثق دون نزاع","تريد فك رهن عقاري موثق دون نزاع على أصل التمويل.","ادخل على «فك رهن العقار» عبر منصة البورصة العقارية/خدمات الرهون حسب الإجراء الحالي.","المحكمة أو الجهة القضائية المختصة بحسب نوع الدعوى والمرحلة المبينة في النتيجة.","","إنشاء طلب فك رهن عقاري | فك رهن عقاري","لا تعرض صفحة الخدمة مستندات مطلوبة. شرط الوصول هو وجود وثيقة تملك عقار، وخلال الطلب تُدخل رقم وثيقة التملك العقارية وتاريخها أو رقم هوية أحد الملاك.","بيانات الرهن والعقار والأطراف وما تطلبه الخدمة.","SLA الحالي يصف الخدمة بأنها فورية؛ مدة خدمة لا مهلة نظامية.","لا مبلغ قضائي موحد مثبت.","غير منطبق ظاهرًا","يُعتمد فك الرهن ويُرسل إشعار للمستفيد بعد اكتمال العملية.","","","","وزارة العدل — اتفاقية مستوى الخدمات الإلكترونية","https://www.moj.gov.sa/ar/Ministry/Pages/SLA.aspx","2026-09-20","ثابتة نظاميًا نسبيًا","PARTIALLY VERIFIED","المصدر رسمي لكنه لا يثبت آليًا جميع عناصر الاختصاص/المدة/الرسوم المركبة في النتيجة.","HIGH","النتيجة تمس الاختصاص أو طريق الاعتراض/التنفيذ أو مدة/رسومًا مؤثرة.","نعم","ما مقدار المدة وبدايتها ونهايتها والاستثناءات وأثر فواتها وفق النص المطبق على هذه الحالة؟","NEEDS REVIEW",""
"R-REAL-SPLIT-MERGE","العقار والإيجار","Q001: وش صار معك؟ ← عقار أو إيجار → Q070: وش موضوع العقار أو الإيجار؟ ← تسجيل عقاري / نقل ملكية / بيانات السجل العقاري → Q093: هل العقار داخل منطقة بدأ فيها التسجيل العيني؟ ← نعم، العقار في منطقة معلنة للتسجيل العيني → Q094: وش التغيير المطلوب على العقار؟ ← فرز أو دمج","الملاك متفقون وتريدون فرز/دمج عقار مسجل عينيًا.","افتح العقار في السجل العقاري واختر خدمة الفرز أو الدمج المطابقة، ثم ارفع المخططات والمستندات المطلوبة واتبع حالة الطلب.","المحكمة أو الجهة القضائية المختصة بحسب نوع الدعوى والمرحلة المبينة في النتيجة.","","فرز/تجزئة/دمج الأراضي | إجراء عقاري","بيانات العقار والملكية تُستكمل بحسب الخدمة، وجهّز المخططات والمستندات الفنية والموافقات التي تطلبها معاملة الفرز أو الدمج بحسب الحالة.","المخططات والبيانات التي تطلبها الخدمة والجهات ذات العلاقة.","SLA الحالي يذكر يومين لفرز المخططات وتجزئة الأراضي ودمج الأراضي؛ مدة خدمة لا مهلة حق.","لا مبلغ قضائي موحد مثبت.","غير منطبق ظاهرًا","تُراجع المعاملة ثم تصدر/تتحدث السجلات العقارية الناتجة عند اكتمالها.","","","","وزارة العدل — اتفاقية مستوى الخدمات الإلكترونية","https://www.moj.gov.sa/ar/Ministry/Pages/SLA.aspx","2026-09-20","ثابتة نظاميًا نسبيًا","PARTIALLY VERIFIED","المصدر رسمي لكنه لا يثبت آليًا جميع عناصر الاختصاص/المدة/الرسوم المركبة في النتيجة.","HIGH","النتيجة تمس الاختصاص أو طريق الاعتراض/التنفيذ أو مدة/رسومًا مؤثرة.","نعم","ما مقدار المدة وبدايتها ونهايتها والاستثناءات وأثر فواتها وفق النص المطبق على هذه الحالة؟","NEEDS REVIEW",""
"R-REAL-TRANSFER","العقار والإيجار","Q001: وش صار معك؟ ← عقار أو إيجار → Q070: وش موضوع العقار أو الإيجار؟ ← تسجيل عقاري / نقل ملكية / بيانات السجل العقاري → Q093: هل العقار داخل منطقة بدأ فيها التسجيل العيني؟ ← نعم، العقار في منطقة معلنة للتسجيل العيني → Q094: وش التغيير المطلوب على العقار؟ ← نقل ملكية","تريد نقل ملكية عقار مسجل عينيًا.","ادخل على خدمة نقل الملكية في السجل العقاري إذا كانت حالة العقار ضمن النظام العيني؛ وإلا تحقق من مسار وزارة العدل المناسب.","المحكمة أو الجهة القضائية المختصة بحسب نوع الدعوى والمرحلة المبينة في النتيجة.","","إدراج صفقة عقارية (نقل الملكية العقارية) | نقل ملكية عقارية","بيانات العقار والأطراف تُستكمل داخل الخدمة، وجهّز ما تطلبه المعاملة من مستندات أو متطلبات بحسب حالة العقار ونوع التصرف.","بيانات العقار والأطراف وما تطلبه المنصة بحسب الصفقة.","SLA يصف تنفيذ الخدمة بأنه فوري؛ هذه مدة خدمة وليست مهلة نظامية.","لا مبلغ قضائي موحد مثبت.","غير منطبق ظاهرًا","تسجل معاملة نقل الملكية وتنعكس على السجل العقاري عند اكتمالها.","","","","وزارة العدل — اتفاقية مستوى الخدمات الإلكترونية","https://www.moj.gov.sa/ar/Ministry/Pages/SLA.aspx","2026-09-20","ثابتة نظاميًا نسبيًا","PARTIALLY VERIFIED","المصدر رسمي لكنه لا يثبت آليًا جميع عناصر الاختصاص/المدة/الرسوم المركبة في النتيجة.","HIGH","النتيجة تمس الاختصاص أو طريق الاعتراض/التنفيذ أو مدة/رسومًا مؤثرة.","نعم","ما مقدار المدة وبدايتها ونهايتها والاستثناءات وأثر فواتها وفق النص المطبق على هذه الحالة؟","NEEDS REVIEW",""
"R-DOMESTIC-AFTER-FAIL","العمل والتأمينات","Q001: وش صار معك؟ ← مشكلة عمل أو راتب أو فصل → Q050: أنت تشتغل عند مين؟ ← عند أسرة كعامل/عاملة منزلية أو سائق ونحو ذلك → Q067: مشكلتك مع العامل المنزلي أو مكتب الاستقدام وش هي؟ ← خلاف في علاقة العمالة المنزلية → Q062: بدأت تسوية العمالة المنزلية؟ ← نعم، بدأت → Q063: انتهت التسوية بصلح أو تعذر؟ ← تعذر الصلح","تعذر الصلح في خلاف العمالة المنزلية.","احفظ إثبات تعذر التسوية واجمع عقد/مستندات العلاقة والمطالبة، ثم استخدم المسار القضائي المقرر للمحكمة العمالية بعد التعذر.","وزارة الموارد البشرية للتسوية ثم المحكمة العمالية عند تعذرها.","المحكمة العمالية","صحيفة دعوى عمالية بعد تعذر تسوية العمالة المنزلية | دعوى عمالية بعد تسوية منزلية","إثبات التعذر + مستندات العلاقة + تفاصيل المطالبة + الأدلة.","محضر عدم الاتفاق والمستندات المؤيدة للمطالبات.","القواعد تنص على الانتقال للمحكمة عند تعذر التسوية؛ المهل الموضوعية لكل مطالبة لا نعممها هنا.","العامل المنزلي المطالب بحقوق ناشئة عن عقد العمل معفى من التكاليف القضائية وفق الاستثناء النظامي؛ وقد تختلف المعالجة للطلبات الأخرى أو إذا كان المدعي صاحب العمل.","غير منطبق ظاهرًا","بعد قيد الدعوى تتابع القضية والجلسات والطلبات عبر المسار القضائي.","","","","وزارة الموارد البشرية والتنمية الاجتماعية — القواعد والإجراءات المنظمة لتسوية خلافات العمالة المنزلية ومن في حكمهم","https://www.hrsd.gov.sa/knowledge-centre/decisions-and-regulations/regulation-and-procedures/%D8%A7%D9%84%D9%82%D9%88%D8%A7%D8%B9%D8%AF-%D9%88%D8%A7%D9%84%D8%A5%D8%AC%D8%B1%D8%A7%D8%A1%D8%A7%D8%AA-%D8%A7%D9%84%D9%85%D9%86%D8%B8%D9%85%D8%A9-%D9%84%D8%AA%D8%B3%D9%88%D9%8A%D8%A9-%D8%AE%D9%84%D8%A7%D9%81%D8%A7%D8%AA-%D8%A7%D9%84%D8%B9%D9%85%D8%A7%D9%84%D8%A9","2026-09-20","ثابتة نظاميًا نسبيًا","PARTIALLY VERIFIED","يوجد تدقيق تفصيلي ورابط لنص نظامي رسمي، لكن هذا النص بعينه لم يُعد فتحه ومطابقة جميع ادعاءات النتيجة في هذه المرحلة.","HIGH","النتيجة تمس الاختصاص أو طريق الاعتراض/التنفيذ أو مدة/رسومًا مؤثرة.","نعم","هل الجهة والمحكمة ونوع الإجراء المحددة صحيحة لكل صور الحالة والاستثناءات المحتملة؟","NEEDS REVIEW",""
"R-DOMESTIC-SETTLED","العمل والتأمينات","Q001: وش صار معك؟ ← مشكلة عمل أو راتب أو فصل → Q050: أنت تشتغل عند مين؟ ← عند أسرة كعامل/عاملة منزلية أو سائق ونحو ذلك → Q067: مشكلتك مع العامل المنزلي أو مكتب الاستقدام وش هي؟ ← خلاف في علاقة العمالة المنزلية → Q062: بدأت تسوية العمالة المنزلية؟ ← نعم، بدأت → Q063: انتهت التسوية بصلح أو تعذر؟ ← تم الصلح","تم الصلح في خلاف العمالة المنزلية.","راجع محضر الصلح وبنوده ومواعيده، ونفّذ ما عليك واحتفظ بما يثبت التنفيذ. عند الإخلال تحقق من المسار التنفيذي للمحضر قبل فتح نزاع جديد.","وزارة الموارد البشرية للتسوية ثم المحكمة العمالية عند تعذرها.","المحكمة العمالية","محضر صلح عمالة منزلية | صلح في تسوية عمالة منزلية","محضر الصلح المصادق عليه + البنود والمواعيد + إثبات التنفيذ/الإخلال.","محضر الصلح/ما ينتج رسميًا عن التسوية.","وفق إجراءات التسوية المنظمة؛ لا نضع مدة سقوط للحق من عندنا.","لا نثبت رسومًا غير منشورة.","غير منطبق ظاهرًا","المحضر المستوفي يُذيل بالصيغة التنفيذية وفق القواعد الحالية، ويصبح الإجراء التالي مرتبطًا بتنفيذ ما اتُّفق عليه.","","","","وزارة الموارد البشرية والتنمية الاجتماعية — القواعد والإجراءات المنظمة لتسوية خلافات العمالة المنزلية ومن في حكمهم","https://www.hrsd.gov.sa/knowledge-centre/decisions-and-regulations/regulation-and-procedures/%D8%A7%D9%84%D9%82%D9%88%D8%A7%D8%B9%D8%AF-%D9%88%D8%A7%D9%84%D8%A5%D8%AC%D8%B1%D8%A7%D8%A1%D8%A7%D8%AA-%D8%A7%D9%84%D9%85%D9%86%D8%B8%D9%85%D8%A9-%D9%84%D8%AA%D8%B3%D9%88%D9%8A%D8%A9-%D8%AE%D9%84%D8%A7%D9%81%D8%A7%D8%AA-%D8%A7%D9%84%D8%B9%D9%85%D8%A7%D9%84%D8%A9","2026-09-20","ثابتة نظاميًا نسبيًا","PARTIALLY VERIFIED","يوجد تدقيق تفصيلي ورابط لنص نظامي رسمي، لكن هذا النص بعينه لم يُعد فتحه ومطابقة جميع ادعاءات النتيجة في هذه المرحلة.","HIGH","النتيجة تمس الاختصاص أو طريق الاعتراض/التنفيذ أو مدة/رسومًا مؤثرة.","نعم","ما مقدار المدة وبدايتها ونهايتها والاستثناءات وأثر فواتها وفق النص المطبق على هذه الحالة؟","NEEDS REVIEW",""
"R-DOMESTIC-WAGE","العمل والتأمينات","Q001: وش صار معك؟ ← مشكلة عمل أو راتب أو فصل → Q050: أنت تشتغل عند مين؟ ← عند أسرة كعامل/عاملة منزلية أو سائق ونحو ذلك → Q067: مشكلتك مع العامل المنزلي أو مكتب الاستقدام وش هي؟ ← راتب أو أجر غير مدفوع","الخلاف يتعلق براتب أو أجر عامل منزلي.","تحقق أولًا من سجل تحويل الأجر عبر القنوات المرتبطة بمنصة مساند، وإذا بقي نزاع على الأجر فابدأ مسار التسوية الودية لخلافات العمالة المنزلية.","وزارة الموارد البشرية للتسوية ثم المحكمة العمالية عند تعذرها.","المحكمة العمالية","مطالبة أجر عامل منزلي | تسوية خلاف عمالة منزلية ثم دعوى عمالية عند التعذر","بيانات العامل وصاحب العمل تُدخل في المسار المخصص. جهّز عقد العلاقة إن توفر وسجل أو إثباتات تحويل الأجر أو عدم استلامه لدعم النزاع عند الحاجة؛ ولا تُعامل بيانات الأطراف كمستندات مستقلة.","العقد/ما يثبت العلاقة والأجر والمطالبة، وما تطلبه خدمة التسوية بحسب الحالة.","حد أقصى 4 أيام عمل من تاريخ أول جلسة تسوية وفق المادة العاشرة من قواعد 2026.","التسوية المهنية مجانية وفق HRSD؛ لا تكلفة قضائية موحدة مثبتة لهذه النتيجة.","غير منطبق ظاهرًا","يمكن استخدام بيانات تحويل الرواتب لإثبات حالة السداد، وإذا استمر النزاع تنظر فيه إدارة التسوية ضمن منازعات الأجور والحقوق.","","","","وزارة الموارد البشرية والتنمية الاجتماعية — القواعد والإجراءات المنظمة لتسوية خلافات العمالة المنزلية ومن في حكمهم","https://www.hrsd.gov.sa/knowledge-centre/decisions-and-regulations/regulation-and-procedures/%D8%A7%D9%84%D9%82%D9%88%D8%A7%D8%B9%D8%AF-%D9%88%D8%A7%D9%84%D8%A5%D8%AC%D8%B1%D8%A7%D8%A1%D8%A7%D8%AA-%D8%A7%D9%84%D9%85%D9%86%D8%B8%D9%85%D8%A9-%D9%84%D8%AA%D8%B3%D9%88%D9%8A%D8%A9-%D8%AE%D9%84%D8%A7%D9%81%D8%A7%D8%AA-%D8%A7%D9%84%D8%B9%D9%85%D8%A7%D9%84%D8%A9","2026-09-20","ثابتة نظاميًا نسبيًا","PARTIALLY VERIFIED","يوجد تدقيق تفصيلي ورابط لنص نظامي رسمي، لكن هذا النص بعينه لم يُعد فتحه ومطابقة جميع ادعاءات النتيجة في هذه المرحلة.","HIGH","النتيجة تمس الاختصاص أو طريق الاعتراض/التنفيذ أو مدة/رسومًا مؤثرة.","نعم","هل الجهة والمحكمة ونوع الإجراء المحددة صحيحة لكل صور الحالة والاستثناءات المحتملة؟","NEEDS REVIEW",""
"R-DOMESTIC-WAIT","العمل والتأمينات","Q001: وش صار معك؟ ← مشكلة عمل أو راتب أو فصل → Q050: أنت تشتغل عند مين؟ ← عند أسرة كعامل/عاملة منزلية أو سائق ونحو ذلك → Q067: مشكلتك مع العامل المنزلي أو مكتب الاستقدام وش هي؟ ← خلاف في علاقة العمالة المنزلية → Q062: بدأت تسوية العمالة المنزلية؟ ← نعم، بدأت → Q063: انتهت التسوية بصلح أو تعذر؟ ← ما زالت التسوية جارية","تسوية خلاف العمالة المنزلية ما زالت جارية.","تابع الإشعارات والجلسات لدى وزارة الموارد البشرية، واحضر في المواعيد واستكمل ما يطلب. إذا تم الصلح احتفظ بمحضر النتيجة، وإذا تعذر انتقل للمسار القضائي المقرر.","وزارة الموارد البشرية للتسوية ثم المحكمة العمالية عند تعذرها.","المحكمة العمالية","متابعة تسوية خلاف العمالة المنزلية | متابعة تسوية قائمة","رقم الطلب ومستندات العلاقة أو النزاع عند الحاجة. تابع إشعارات الجلسات ومواعيدها داخل الخدمة؛ فهي معلومات متابعة وليست مستندات مطلوبة.","مستندات المطالبات وما يطلب أثناء الجلسات.","بحسب القواعد المنظمة الحالية؛ لا نخلطها تلقائيًا بمدة 21 يومًا المنشورة للتسوية المهنية العامة.","لا نثبت رسومًا غير منشورة.","غير منطبق ظاهرًا","إما صلح، أو تعذر تسوية ثم إحالة/انتقال للمحكمة العمالية وفق القواعد الحالية.","","","","وزارة الموارد البشرية والتنمية الاجتماعية — القواعد والإجراءات المنظمة لتسوية خلافات العمالة المنزلية ومن في حكمهم","https://www.hrsd.gov.sa/knowledge-centre/decisions-and-regulations/regulation-and-procedures/%D8%A7%D9%84%D9%82%D9%88%D8%A7%D8%B9%D8%AF-%D9%88%D8%A7%D9%84%D8%A5%D8%AC%D8%B1%D8%A7%D8%A1%D8%A7%D8%AA-%D8%A7%D9%84%D9%85%D9%86%D8%B8%D9%85%D8%A9-%D9%84%D8%AA%D8%B3%D9%88%D9%8A%D8%A9-%D8%AE%D9%84%D8%A7%D9%81%D8%A7%D8%AA-%D8%A7%D9%84%D8%B9%D9%85%D8%A7%D9%84%D8%A9","2026-09-20","ثابتة نظاميًا نسبيًا","PARTIALLY VERIFIED","يوجد تدقيق تفصيلي ورابط لنص نظامي رسمي، لكن هذا النص بعينه لم يُعد فتحه ومطابقة جميع ادعاءات النتيجة في هذه المرحلة.","HIGH","النتيجة تمس الاختصاص أو طريق الاعتراض/التنفيذ أو مدة/رسومًا مؤثرة.","نعم","هل الجهة والمحكمة ونوع الإجراء المحددة صحيحة لكل صور الحالة والاستثناءات المحتملة؟","NEEDS REVIEW",""
"R-LABOR-ABSENCE-PRIVATE","العمل والتأمينات","Q001: وش صار معك؟ ← مشكلة عمل أو راتب أو فصل → Q050: أنت تشتغل عند مين؟ ← شركة أو مؤسسة في القطاع الخاص → Q054: وش صفتك أو وش الخدمة العمالية اللي تحتاجها؟ ← عامل منقطع / متغيب عن العمل → Q321: العامل المنقطع عن العمل من أي نوع؟ ← عامل في منشأة / قطاع خاص","عامل وافد في منشأة قطاع خاص منقطع عن العمل.","إذا لم يكن للعامل عقد موثق في قوى وتحققت ضوابط الدليل الرسمي، استخدم إجراء الانقطاع عن العمل عبر قوى. إذا كان العقد موثقًا، اتبع مسار إنهاء العلاقة الذي تعرضه قوى لحالة العقد ولا تفترض أن هذا الدليل ينطبق عليه.","وزارة الموارد البشرية للتسوية الودية ثم المحكمة العمالية عند تعذر الصلح.","المحكمة العمالية","صاحب العمل أنهى/هدد بإنهاء العقد بسبب الغياب | قوى | نزاع حول مشروعية الفصل بسبب الغياب","راجع حالة المنشأة والعامل والعقد ورخصة العمل والإقامة وحالة الغياب كما تعرضها الخدمة الرسمية قبل الإرسال.","سجل الحضور، الإنذارات، قرار الفصل، الأعذار والمراسلات.","لا تُختزل المدة في رقم دون مطابقة الحالة الدقيقة للمادة 80 والنص المحدث.","التسوية الودية مجانية وفق وزارة الموارد البشرية.","إذا قُبل الطلب وفق الضوابط، تُشعر الأطراف وتُطبق آثار الانقطاع المبينة في الدليل الرسمي، مع خيارات تصحيح وضع العامل وفق حالته.","إذا قُبل الطلب وفق الضوابط، تُشعر الأطراف وتُطبق آثار الانقطاع المبينة في الدليل الرسمي، مع خيارات تصحيح وضع العامل وفق حالته.","نظام العمل المحدث","","المادة 80 تحصر حالات الفسخ دون مكافأة/إشعار/تعويض وتشترط إتاحة الفرصة للعامل لإبداء أسباب معارضته.","وزارة الموارد البشرية والتنمية الاجتماعية — علاقات العمل - نظام العمل المحدث","https://www.hrsd.gov.sa/علاقات-العمل","2026-09-21","ثابتة نظاميًا نسبيًا","VERIFIED","تدقيق تفصيلي ومصدر نظامي أولي فُتح وتحقق من بقائه متاحًا في هذه المرحلة.","HIGH","النتيجة تمس الاختصاص أو طريق الاعتراض/التنفيذ أو مدة/رسومًا مؤثرة.","نعم","ما مقدار المدة وبدايتها ونهايتها والاستثناءات وأثر فواتها وفق النص المطبق على هذه الحالة؟","NEEDS REVIEW",""
"R-LABOR-DEDUCTION","العمل والتأمينات","Q001: وش صار معك؟ ← أبي أرفع قضية جديدة أو أعرف المحكمة المناسبة → Q610: إذا ما تعرف المحكمة: وش طبيعة مشكلتك؟ ← وظيفة في القطاع الخاص → Q602: وش الحق العمالي اللي تطالب فيه؟ ← خصموا من راتبي بدون وجه حق","المواد 91–93 تقيد الحسم من الأجر؛ والأصل عدم الحسم لحقوق خاصة دون موافقة خطية إلا في الحالات النظامية، مع حدود على مقدار الحسم.","اطلب بيان سبب الحسم ومستنده، وقارن السبب والحدود بالمواد 91–93 ثم طالب برد غير المستحق عبر المسار العمالي عند النزاع.","وزارة الموارد البشرية للتسوية الودية ثم المحكمة العمالية عند تعذر الصلح.","المحكمة العمالية","حُسم من أجرك مبلغ وتريد معرفة مشروعيته | مطالبة بأجر/اعتراض على حسم","مسيرات الرواتب، كشف البنك، إشعار الحسم، الموافقات الخطية إن وجدت، وسياسة المنشأة أو الحكم الذي استند إليه الحسم.","مسير الراتب، كشف البنك، قرار/سبب الحسم والعقد.","لا مدة خاصة للحسم نفسه أضيفها هنا.","التسوية الودية مجانية وفق وزارة الموارد البشرية.","يُفحص سبب الحسم ومقداره، وقد يطلب العامل رد ما حسم دون وجه حق.","يُفحص سبب الحسم ومقداره، وقد يطلب العامل رد ما حسم دون وجه حق.","نظام العمل - علاقات العمل","","وزارة الموارد البشرية توضح أنه لا يجوز أن تزيد المبالغ المحسومة على نصف أجر العامل المستحق إلا إذا ثبت للجهة المختصة إمكان الزيادة.","وزارة الموارد البشرية والتنمية الاجتماعية — نظام العمل - علاقات العمل","https://www.hrsd.gov.sa/علاقات-العمل","2026-09-22","ثابتة نظاميًا نسبيًا","VERIFIED","تدقيق تفصيلي ومصدر نظامي أولي فُتح وتحقق من بقائه متاحًا في هذه المرحلة.","HIGH","النتيجة تمس الاختصاص أو طريق الاعتراض/التنفيذ أو مدة/رسومًا مؤثرة.","نعم","ما مقدار المدة وبدايتها ونهايتها والاستثناءات وأثر فواتها وفق النص المطبق على هذه الحالة؟","NEEDS REVIEW",""
"R-LABOR-DURING-LITIGATION","العمل والتأمينات","Q001: وش صار معك؟ ← أبي أرفع قضية جديدة أو أعرف المحكمة المناسبة → Q610: إذا ما تعرف المحكمة: وش طبيعة مشكلتك؟ ← وظيفة في القطاع الخاص → Q602: وش الحق العمالي اللي تطالب فيه؟ ← راتب متأخر / مدة رفع الدعوى / تغيير الشروط أثناء القضية → Q611: وش المشكلة العمالية المتبقية عندك؟ ← صاحب العمل غيّر شروط عملي أثناء نظر الدعوى وأضر بموقفي","تغيير شروط التشغيل أثناء الدعوى","إذا غيّر صاحب العمل شروط التشغيل أثناء نظر الدعوى بما يضر بموقف العامل، فالمادة 235 تمنع هذا التغيير. وثّق الشرط السابق والتغيير وتاريخه وأثره وقدمه في القضية القائمة.","وزارة الموارد البشرية للتسوية الودية ثم المحكمة العمالية عند تعذر الصلح.","المحكمة العمالية","النزاع العمالي قائم بالفعل في التسوية أو المحكمة | إدارة الطلبات والأدلة أثناء سير النزاع","المستندات والتواريخ والأدلة ذات الصلة.","عقد العمل، محاضر التسوية، صحيفة الدعوى، الأدلة والمذكرات.","التسوية تحاول إنهاء النزاع أو إحالته للمحكمة خلال 21 يوم عمل من أول جلسة؛ عدم حضور المدعي يؤدي للحفظ ويجوز إعادة الفتح ما لم تتجاوز 21 يوم عمل وفق صفحة الخدمة.","التسوية الودية مجانية وفق وزارة الموارد البشرية.","غير منطبق ظاهرًا","بعد تحديد الاختصاص واستيفاء المتطلبات ينتقل الطلب للمسار القضائي أو التنفيذي المناسب.","نظام العمل","","صفحة التسوية الودية تحدد خطوات القبول والجلسات والصلح وتعذر الصلح والإحالة للمحكمة العمالية. | نظام العمل — المادة 235","وزارة الموارد البشرية والتنمية الاجتماعية — علاقات العمل - نظام العمل المحدث","https://www.hrsd.gov.sa/علاقات-العمل","2026-09-22","ثابتة نظاميًا نسبيًا","VERIFIED","تدقيق تفصيلي ومصدر نظامي أولي فُتح وتحقق من بقائه متاحًا في هذه المرحلة.","HIGH","النتيجة تمس الاختصاص أو طريق الاعتراض/التنفيذ أو مدة/رسومًا مؤثرة.","نعم","ما مقدار المدة وبدايتها ونهايتها والاستثناءات وأثر فواتها وفق النص المطبق على هذه الحالة؟","NEEDS REVIEW",""
"R-LABOR-EOS","العمل والتأمينات","Q001: وش صار معك؟ ← أبي أرفع قضية جديدة أو أعرف المحكمة المناسبة → Q610: إذا ما تعرف المحكمة: وش طبيعة مشكلتك؟ ← وظيفة في القطاع الخاص → Q602: وش الحق العمالي اللي تطالب فيه؟ ← مكافأة نهاية الخدمة ما انصرفت أو حسابها غلط","المادة 84 تجعل أساس المكافأة نصف أجر شهر عن كل سنة من أول خمس سنوات وأجر شهر عن كل سنة تالية، على أساس الأجر الأخير، مع استحقاق أجزاء السنة بنسبة مدتها.","راجع مدة الخدمة والأجر الأخير وسبب الانتهاء، ثم قارن المبلغ المصروف بالحساب النظامي قبل المطالبة بالفرق.","وزارة الموارد البشرية للتسوية الودية ثم المحكمة العمالية عند تعذر الصلح.","المحكمة العمالية","انتهت علاقة العمل وتريد مكافأة نهاية الخدمة | مطالبة بمكافأة نهاية الخدمة","العقد، بيان مدد الخدمة، الأجر الأخير، كشف التسوية والمبالغ المصروفة.","العقد، إثبات الأجر الأخير، مدة الخدمة وسبب الانتهاء.","على صاحب العمل تصفية الحقوق خلال أسبوع من انتهاء العلاقة؛ وإذا العامل هو الذي أنهاها فخلال أسبوعين.","التسوية الودية مجانية وفق وزارة الموارد البشرية.","غير منطبق ظاهرًا","إذا لم يتفق الطرفان على الحساب، تكون المطالبة ضمن النزاع العمالي بعد استكمال مرحلته السابقة للمحكمة.","نظام العمل - علاقات العمل","","المادة 84 تحدد الحساب؛ المواد 85-87 تعدل الاستحقاق في الاستقالة وبعض الحالات؛ المادة 88 تحدد تصفية الحقوق.","وزارة الموارد البشرية والتنمية الاجتماعية — نظام العمل - علاقات العمل","https://www.hrsd.gov.sa/علاقات-العمل","2026-09-22","قابلة للتغير","VERIFIED","تدقيق تفصيلي ومصدر نظامي أولي فُتح وتحقق من بقائه متاحًا في هذه المرحلة.","HIGH","النتيجة تمس الاختصاص أو طريق الاعتراض/التنفيذ أو مدة/رسومًا مؤثرة.","نعم","ما مقدار المدة وبدايتها ونهايتها والاستثناءات وأثر فواتها وفق النص المطبق على هذه الحالة؟","NEEDS REVIEW",""
"R-LABOR-FINAL-SETTLEMENT","العمل والتأمينات","Q001: وش صار معك؟ ← أبي أرفع قضية جديدة أو أعرف المحكمة المناسبة → Q610: إذا ما تعرف المحكمة: وش طبيعة مشكلتك؟ ← وظيفة في القطاع الخاص → Q602: وش الحق العمالي اللي تطالب فيه؟ ← صاحب العمل ما صفّى حقوقي بعد انتهاء العمل","المادة 88 تلزم صاحب العمل عند انتهاء الخدمة بدفع الأجر وتصفية الحقوق خلال أسبوع على الأكثر إذا انتهت العلاقة من جهة صاحب العمل، وخلال مدة لا تزيد على أسبوعين إذا كان العامل هو الذي أنهى العقد.","اطلب كشف التسوية والمبالغ المستحقة فورًا، وإذا تجاوزت المدة وبقيت حقوق غير مدفوعة فابدأ/استكمل المطالبة العمالية.","وزارة الموارد البشرية للتسوية الودية ثم المحكمة العمالية عند تعذر الصلح.","المحكمة العمالية","انتهى عقد العمل وتريد تصفية الأجر وبقية الحقوق | تصفية الحقوق النهائية ثم مطالبة عمالية عند عدم السداد","قرار انتهاء العلاقة، العقد، آخر أجر، رصيد الإجازات، بيانات المكافأة وأي مستحقات أخرى.","العقد، آخر أجر، إشعار الإنهاء/الاستقالة، كشف الحقوق والحسميات.","أسبوع كحد أقصى إذا صاحب العمل أنهى العلاقة؛ أسبوعان إذا العامل هو الذي أنهاها.","التسوية الودية مجانية وفق وزارة الموارد البشرية.","غير منطبق ظاهرًا","تجمع الحقوق النهائية في مطالبة واحدة قدر الإمكان وتراجع مقابل ما دفع فعليًا.","نظام العمل - علاقات العمل","","المادة 88 تحدد ميعاد تصفية الحقوق وتجيز حسم الدين المستحق لصاحب العمل بسبب العمل من مستحقات العامل.","وزارة الموارد البشرية والتنمية الاجتماعية — نظام العمل - علاقات العمل","https://www.hrsd.gov.sa/علاقات-العمل","2026-09-22","ثابتة نظاميًا نسبيًا","VERIFIED","تدقيق تفصيلي ومصدر نظامي أولي فُتح وتحقق من بقائه متاحًا في هذه المرحلة.","HIGH","النتيجة تمس الاختصاص أو طريق الاعتراض/التنفيذ أو مدة/رسومًا مؤثرة.","نعم","ما مقدار المدة وبدايتها ونهايتها والاستثناءات وأثر فواتها وفق النص المطبق على هذه الحالة؟","NEEDS REVIEW",""
"R-LABOR-LAWYER-MERITS","العمل والتأمينات","Q001: وش صار معك؟ ← مشكلة عمل أو راتب أو فصل → Q050: أنت تشتغل عند مين؟ ← شركة أو مؤسسة في القطاع الخاص → Q054: وش صفتك أو وش الخدمة العمالية اللي تحتاجها؟ ← أنا العامل → Q055: وش موضوع الخلاف؟ ← فصل/إنهاء خدمة أو مستحقات/تعويض مرتبط بالعمل → Q066: وش تبي تعرف عن موضوع العمل؟ ← نعم، أبي أعرف هل فصلي صحيح أو كم أستحق أو كيف أكسب","سؤالك عن صحة الفصل أو مقدار الاستحقاق أو التعويض أو فرص كسب النزاع.","اجمع العقد والمستندات وكشوف الرواتب والقرارات واعرضها على محامٍ/مختص عمالي مرخص.","وزارة الموارد البشرية للتسوية الودية ثم المحكمة العمالية عند تعذر الصلح.","المحكمة العمالية","تجهيز مطالبة التسوية الودية | تجهيز مطالبة عمالية","للتقييم القانوني اجمع العقد وقرارات العمل وكشوف الرواتب والمراسلات. التواريخ تُستخدم لفهم التسلسل والمواعيد ولا تُعامل كمستند مستقل.","عقد العمل إن وجد أو ما يثبت العلاقة التعاقدية، ومستندات نوع الدعوى؛ وللوكيل وكالة تخوله الصلح والإبراء والتنازل وفق صفحة الخدمة.","التسوية تستهدف الحل أو الإحالة خلال 21 يوم عمل من تاريخ أول جلسة.","التسوية المهنية مجانية وفق HRSD؛ لا تكلفة قضائية موحدة مثبتة لهذه النتيجة.","غير منطبق ظاهرًا","المختص يحسب ويقيّم الاستحقاق؛ والمحرك يواصل معك في المسار الإجرائي فقط.","","","","وزارة الموارد البشرية والتنمية الاجتماعية — التسوية الودية للخلافات العمالية","https://www.hrsd.gov.sa/ministry-services/services/269970","2026-09-20","ثابتة نظاميًا نسبيًا","PARTIALLY VERIFIED","المصدر رسمي لكنه لا يثبت آليًا جميع عناصر الاختصاص/المدة/الرسوم المركبة في النتيجة.","HIGH","النتيجة تمس الاختصاص أو طريق الاعتراض/التنفيذ أو مدة/رسومًا مؤثرة.","نعم","ما مقدار المدة وبدايتها ونهايتها والاستثناءات وأثر فواتها وفق النص المطبق على هذه الحالة؟","NEEDS REVIEW",""
"R-LABOR-LEAVE","العمل والتأمينات","Q001: وش صار معك؟ ← أبي أرفع قضية جديدة أو أعرف المحكمة المناسبة → Q610: إذا ما تعرف المحكمة: وش طبيعة مشكلتك؟ ← وظيفة في القطاع الخاص → Q602: وش الحق العمالي اللي تطالب فيه؟ ← إجازتي السنوية أو رصيد الإجازات","الإجازات حق تنظمه أحكام نظام العمل، ويختلف الأثر بحسب نوع الإجازة ووقت المطالبة وهل انتهت العلاقة أم ما زالت قائمة.","حدد نوع الإجازة والرصيد والفترة التي رفضت أو لم تسوَّ، واجمع سجل الإجازات قبل المطالبة.","وزارة الموارد البشرية للتسوية الودية ثم المحكمة العمالية عند تعذر الصلح.","المحكمة العمالية","يوجد نزاع على إجازة العامل أو أجرها | مطالبة بحق إجازة بحسب نوعها","العقد، سجل الإجازات، الطلبات والموافقات/الرفض، وكشف التسوية عند انتهاء الخدمة.","العقد، رصيد الإجازات، الطلبات، الموافقات/الرفض والتقارير الطبية عند اللزوم.","تختلف المدد باختلاف نوع الإجازة؛ لا أضع مدة واحدة لجميع الإجازات.","التسوية الودية مجانية وفق وزارة الموارد البشرية.","غير منطبق ظاهرًا","يحدد الاستحقاق بحسب نوع الإجازة والرصيد والوقائع ثم يطالب به في المسار العمالي عند النزاع.","نظام العمل المحدث","","باب الإجازات في نظام العمل هو المرجع، ويجب تطبيق المادة الخاصة بنوع الإجازة بدل تعميم حكم واحد.","وزارة الموارد البشرية والتنمية الاجتماعية — علاقات العمل - نظام العمل المحدث","https://www.hrsd.gov.sa/علاقات-العمل","2026-09-22","ثابتة نظاميًا نسبيًا","VERIFIED","تدقيق تفصيلي ومصدر نظامي أولي فُتح وتحقق من بقائه متاحًا في هذه المرحلة.","HIGH","النتيجة تمس الاختصاص أو طريق الاعتراض/التنفيذ أو مدة/رسومًا مؤثرة.","نعم","ما مقدار المدة وبدايتها ونهايتها والاستثناءات وأثر فواتها وفق النص المطبق على هذه الحالة؟","NEEDS REVIEW",""
"R-LABOR-NONCOMPETE","العمل والتأمينات","Q001: وش صار معك؟ ← أبي أرفع قضية جديدة أو أعرف المحكمة المناسبة → Q610: إذا ما تعرف المحكمة: وش طبيعة مشكلتك؟ ← وظيفة في القطاع الخاص → Q602: وش الحق العمالي اللي تطالب فيه؟ ← شرط عدم منافسة بعد انتهاء العمل","المادة 83 تجيز شرط عدم المنافسة عند توافر مبرره، ويجب أن يكون مكتوبًا ومحددًا من حيث الزمان والمكان ونوع العمل وبالقدر الضروري لحماية المصلحة المشروعة، وألا تزيد مدته على سنتين من انتهاء العلاقة.","راجع نص الشرط ومدته ونطاقه ومبرره قبل افتراض أنه نافذ بالكامل أو باطل بالكامل.","وزارة الموارد البشرية للتسوية الودية ثم المحكمة العمالية عند تعذر الصلح.","المحكمة العمالية","يوجد شرط عدم منافسة بعد انتهاء علاقة العمل | نزاع حول صحة/نطاق شرط عدم المنافسة","عقد العمل وملحقاته، وصف الوظيفة، نطاق العملاء/الأسرار، ونص شرط عدم المنافسة.","العقد/ملحق عدم المنافسة، وصف العمل، ما يثبت المصلحة أو الأسرار.","مدة عدم المنافسة لا تتجاوز سنتين من تاريخ انتهاء العلاقة.","التسوية الودية مجانية وفق وزارة الموارد البشرية.","غير منطبق ظاهرًا","عند النزاع تفحص المحكمة شروط صحة القيد ونطاقه والوقائع الفعلية.","نظام العمل المحدث","","المادة 83 تنظم شرط عدم المنافسة وتوجب الكتابة والتحديد وتضع حدًا أقصى سنتين، وتربط دعوى صاحب العمل باكتشاف المخالفة وفق النص.","وزارة الموارد البشرية والتنمية الاجتماعية — علاقات العمل - نظام العمل المحدث","https://www.hrsd.gov.sa/علاقات-العمل","2026-09-22","ثابتة نظاميًا نسبيًا","VERIFIED","تدقيق تفصيلي ومصدر نظامي أولي فُتح وتحقق من بقائه متاحًا في هذه المرحلة.","HIGH","النتيجة تمس الاختصاص أو طريق الاعتراض/التنفيذ أو مدة/رسومًا مؤثرة.","نعم","ما مقدار المدة وبدايتها ونهايتها والاستثناءات وأثر فواتها وفق النص المطبق على هذه الحالة؟","NEEDS REVIEW",""
"R-LABOR-OVERTIME","العمل والتأمينات","Q001: وش صار معك؟ ← أبي أرفع قضية جديدة أو أعرف المحكمة المناسبة → Q610: إذا ما تعرف المحكمة: وش طبيعة مشكلتك؟ ← وظيفة في القطاع الخاص → Q602: وش الحق العمالي اللي تطالب فيه؟ ← ساعات إضافية / دوام زائد","ساعات العمل والراحة والعمل الإضافي منظمة في نظام العمل؛ لا يكفي مجرد البقاء في مقر العمل لإثبات مطالبة محددة دون بيان الساعات والتكليف وما تم دفعه.","اجمع سجل الحضور والتكليفات وكشوف الأجر وحدد الساعات المطالب بها ثم استخدم التسوية الودية عند عدم السداد.","وزارة الموارد البشرية للتسوية الودية ثم المحكمة العمالية عند تعذر الصلح.","المحكمة العمالية","عملت ساعات إضافية وتريد أجرها أو التعويض عنها | مطالبة بأجر ساعات عمل إضافية","سجلات الحضور والانصراف، التكليف بالعمل الإضافي، العقد، كشوف الرواتب وأي مراسلات.","التكليف الكتابي/الإلكتروني، الحضور والانصراف، مسيرات الأجر.","لا مدة دفع خاصة أضيفها هنا؛ المطالبة تتبع قواعد الحقوق العمالية.","التسوية الودية مجانية وفق وزارة الموارد البشرية.","غير منطبق ظاهرًا","تُراجع الساعات الفعلية والاستثناءات وما دفع بالفعل قبل تقدير المطالبة.","نظام العمل - علاقات العمل","","المادة 107 بعد تعديلها: أجر الساعة +50% من الأجر الأساسي، ويجوز إجازة تعويضية بموافقة العامل؛ اللائحة تنظمها.","وزارة الموارد البشرية والتنمية الاجتماعية — نظام العمل - علاقات العمل","https://www.hrsd.gov.sa/علاقات-العمل","2026-09-22","قابلة للتغير","VERIFIED","تدقيق تفصيلي ومصدر نظامي أولي فُتح وتحقق من بقائه متاحًا في هذه المرحلة.","HIGH","النتيجة تمس الاختصاص أو طريق الاعتراض/التنفيذ أو مدة/رسومًا مؤثرة.","نعم","ما مقدار المدة وبدايتها ونهايتها والاستثناءات وأثر فواتها وفق النص المطبق على هذه الحالة؟","NEEDS REVIEW",""
"R-LABOR-READ-REASON","العمل والتأمينات","Q001: وش صار معك؟ ← مشكلة عمل أو راتب أو فصل → Q050: أنت تشتغل عند مين؟ ← شركة أو مؤسسة في القطاع الخاص → Q054: وش صفتك أو وش الخدمة العمالية اللي تحتاجها؟ ← أنا صاحب العمل → Q256: هل صار نزاع فعلي؟ ← نعم، توجد مطالبة أو منازعة فعلية → Q056: وين وصلت في المسار العمالي؟ ← نعم، قدمت طلب تسوية ودية → Q214: عندك رقم طلب تسوية ودية؟ ← نعم، عندي طلب تسوية ودية → Q057: وش وضع التسوية؟ ← الطلب رُفض أو أعيد","طلب التسوية رُفض أو أعيد.","من خدمة الدعاوى في بوابة الوزارة افتح الطلب واقرأ سبب القرار كاملًا، ثم صحح البيانات أو المرفقات المطلوبة قبل إعادة الإجراء.","وزارة الموارد البشرية للتسوية الودية ثم المحكمة العمالية عند تعذر الصلح.","المحكمة العمالية","قراءة سبب رفض طلب التسوية | تشخيص طلب تسوية","رقم الطلب وسبب الرفض أو الإعادة كما يظهر في الخدمة، ثم المستند أو البيان الذي يلزم تصحيحه بحسب السبب. لا تفترض قائمة مرفقات جديدة قبل قراءة سبب القرار.","المطلوب يتحدد من سبب الرفض؛ لا نضع قائمة عامة.","لا توجد مهلة موحدة لهذه الخطوة المعلوماتية؛ التزم بما يظهر في الطلب.","لا رسوم.","غير منطبق ظاهرًا","بعد معالجة السبب إما يقبل الطلب للمتابعة أو يتضح أن المسار غير مناسب للحالة.","","","","وزارة الموارد البشرية والتنمية الاجتماعية — التسوية الودية للخلافات العمالية","https://www.hrsd.gov.sa/ministry-services/services/269970","2026-09-20","ثابتة نظاميًا نسبيًا","PARTIALLY VERIFIED","المصدر رسمي لكنه لا يثبت آليًا جميع عناصر الاختصاص/المدة/الرسوم المركبة في النتيجة.","HIGH","النتيجة تمس الاختصاص أو طريق الاعتراض/التنفيذ أو مدة/رسومًا مؤثرة.","نعم","ما مقدار المدة وبدايتها ونهايتها والاستثناءات وأثر فواتها وفق النص المطبق على هذه الحالة؟","NEEDS REVIEW",""
"R-LABOR-RESIGN-EOS","العمل والتأمينات","Q001: وش صار معك؟ ← أبي أرفع قضية جديدة أو أعرف المحكمة المناسبة → Q610: إذا ما تعرف المحكمة: وش طبيعة مشكلتك؟ ← وظيفة في القطاع الخاص → Q602: وش الحق العمالي اللي تطالب فيه؟ ← استقلت وأبي أعرف مكافأة نهاية الخدمة","عند الاستقالة تتأثر مكافأة نهاية الخدمة بمدة الخدمة؛ المادة 85 تقرر ثلث المكافأة بعد خدمة من سنتين إلى خمس، وثلثيها إذا زادت على خمس ولم تبلغ عشرًا، وكاملها عند عشر سنوات فأكثر، مع استثناءات المادة 87.","احسب مدة الخدمة وسبب انتهاء العلاقة ثم طالب بالتسوية النهائية؛ إذا حصل نزاع استخدم المسار العمالي.","وزارة الموارد البشرية للتسوية الودية ثم المحكمة العمالية عند تعذر الصلح.","المحكمة العمالية","انتهت العلاقة بسبب استقالة العامل وتريد حساب مكافأة نهاية الخدمة | مطالبة بمكافأة نهاية خدمة بعد الاستقالة","العقد، تاريخ البداية والنهاية، الأجر الأخير، طلب الاستقالة وما يثبت قبوله/انتهاء العلاقة.","العقد، مدد الخدمة، مسيرات/إثبات الأجر، إشعار الاستقالة.","تصفية الحقوق إذا العامل أنهى العقد خلال مدة لا تزيد على أسبوعين؛ وليست مدة سقوط الدعوى.","التسوية الودية مجانية وفق وزارة الموارد البشرية.","غير منطبق ظاهرًا","تحدد المكافأة وفق مدة الخدمة والاستثناءات ثم تدخل ضمن التسوية النهائية.","نظام العمل - علاقات العمل","","84 أساس الحساب؛ 85: ثلث بعد سنتين إلى خمس، ثلثان بعد أكثر من خمس وأقل من عشر، كاملة من عشر سنوات؛ 87 استثناءات للمكافأة الكاملة.","وزارة الموارد البشرية والتنمية الاجتماعية — نظام العمل - علاقات العمل","https://www.hrsd.gov.sa/علاقات-العمل","2026-09-22","قابلة للتغير","VERIFIED","تدقيق تفصيلي ومصدر نظامي أولي فُتح وتحقق من بقائه متاحًا في هذه المرحلة.","HIGH","النتيجة تمس الاختصاص أو طريق الاعتراض/التنفيذ أو مدة/رسومًا مؤثرة.","نعم","ما مقدار المدة وبدايتها ونهايتها والاستثناءات وأثر فواتها وفق النص المطبق على هذه الحالة؟","NEEDS REVIEW",""
"R-LABOR-SETTLED","العمل والتأمينات","Q001: وش صار معك؟ ← مشكلة عمل أو راتب أو فصل → Q050: أنت تشتغل عند مين؟ ← شركة أو مؤسسة في القطاع الخاص → Q054: وش صفتك أو وش الخدمة العمالية اللي تحتاجها؟ ← أنا صاحب العمل → Q256: هل صار نزاع فعلي؟ ← نعم، توجد مطالبة أو منازعة فعلية → Q056: وين وصلت في المسار العمالي؟ ← نعم، قدمت طلب تسوية ودية → Q214: عندك رقم طلب تسوية ودية؟ ← نعم، عندي طلب تسوية ودية → Q057: وش وضع التسوية؟ ← تم الصلح","تم الوصول إلى صلح في التسوية الودية.","نزّل محضر الصلح واحتفظ بنسخة منه من خدمة الدعاوى، ثم تابع تنفيذ البنود المتفق عليها في المواعيد المحددة.","وزارة الموارد البشرية للتسوية الودية ثم المحكمة العمالية عند تعذر الصلح.","المحكمة العمالية","محضر الصلح في التسوية الودية | إغلاق نزاع بالصلح","نزّل محضر الصلح المعتمد واحتفظ بنسخة منه، وراجع البنود والمواعيد المتفق عليها لمتابعة التنفيذ.","محضر الصلح الناتج عن الخدمة.","ضمن مسار التسوية المنشور 21 يوم عمل من أول جلسة.","الخدمة مجانية.","غير منطبق ظاهرًا","عند التوصل إلى صلح تحرر التسوية الودية محضر الصلح وتتيحه للطباعة. وبعد المصادقة عليه من إدارة التسوية المختصة يُعد من السندات التنفيذية.","","","","وزارة الموارد البشرية والتنمية الاجتماعية — التسوية الودية للخلافات العمالية","https://www.hrsd.gov.sa/ministry-services/services/269970","2026-09-20","ثابتة نظاميًا نسبيًا","PARTIALLY VERIFIED","المصدر رسمي لكنه لا يثبت آليًا جميع عناصر الاختصاص/المدة/الرسوم المركبة في النتيجة.","HIGH","النتيجة تمس الاختصاص أو طريق الاعتراض/التنفيذ أو مدة/رسومًا مؤثرة.","نعم","ما مقدار المدة وبدايتها ونهايتها والاستثناءات وأثر فواتها وفق النص المطبق على هذه الحالة؟","NEEDS REVIEW",""
"R-LABOR-STAGE-CHECK","العمل والتأمينات","Q001: وش صار معك؟ ← مشكلة عمل أو راتب أو فصل → Q050: أنت تشتغل عند مين؟ ← شركة أو مؤسسة في القطاع الخاص → Q054: وش صفتك أو وش الخدمة العمالية اللي تحتاجها؟ ← أنا صاحب العمل → Q256: هل صار نزاع فعلي؟ ← نعم، توجد مطالبة أو منازعة فعلية → Q056: وين وصلت في المسار العمالي؟ ← ما أعرف وين وصلت في المسار","لا تعرف هل أنت قبل التسوية الودية أو بعدها أو داخل قضية قائمة.","افتح التسوية الودية وناجز: إذا عندك محضر تعذر صلح اختر مسار رفع الدعوى، وإذا عندك رقم قضية اختر مسار القضية القائمة.","وزارة الموارد البشرية للتسوية الودية ثم المحكمة العمالية عند تعذر الصلح.","المحكمة العمالية","التحقق من مرحلة النزاع العمالي | ناجز | تحقق إجرائي قبل التقديم","محضر تعذر التسوية يثبت انتهاء مرحلة التسوية، ثم تُستكمل متطلبات صحيفة الدعوى في ناجز بحسب نوع المطالبة. لا تُعامل بيانات نموذج الدعوى كمستندات مستقلة، وأرفق المستندات المؤيدة لمطالبتك بحسب الحالة.","محضر تعذر التسوية والمستندات المؤيدة للمطالبات بحسب نوعها.","بعد تعذر التسوية؛ لا نضع مهلة موضوعية موحدة لكل المطالبات العمالية في هذه النتيجة.","التحقق من الحالة لا يتضمن رسمًا قضائيًا.","غير منطبق ظاهرًا","بعد قيد الدعوى تنتقل الرحلة إلى مسار القضية في ناجز.","","","","وزارة الموارد البشرية والتنمية الاجتماعية — التسوية الودية للخلافات العمالية","https://www.hrsd.gov.sa/ministry-services/services/269970","2026-09-23","قابلة للتغير","PARTIALLY VERIFIED","المصدر رسمي لكنه لا يثبت آليًا جميع عناصر الاختصاص/المدة/الرسوم المركبة في النتيجة.","HIGH","النتيجة تمس الاختصاص أو طريق الاعتراض/التنفيذ أو مدة/رسومًا مؤثرة.","نعم","ما مقدار المدة وبدايتها ونهايتها والاستثناءات وأثر فواتها وفق النص المطبق على هذه الحالة؟","NEEDS REVIEW",""
"R-LABOR-START-SETTLEMENT","العمل والتأمينات","Q001: وش صار معك؟ ← مشكلة عمل أو راتب أو فصل → Q050: أنت تشتغل عند مين؟ ← شركة أو مؤسسة في القطاع الخاص → Q054: وش صفتك أو وش الخدمة العمالية اللي تحتاجها؟ ← أنا صاحب العمل → Q256: هل صار نزاع فعلي؟ ← نعم، توجد مطالبة أو منازعة فعلية → Q056: وين وصلت في المسار العمالي؟ ← لا، ما بدأت التسوية","لديك خلاف في علاقة عمل خاصة ولم تبدأ التسوية الودية بعد.","ابدأ خدمة «التسوية الودية للخلافات العمالية» لدى وزارة الموارد البشرية.","وزارة الموارد البشرية للتسوية الودية ثم المحكمة العمالية عند تعذر الصلح.","المحكمة العمالية","التسوية الودية للخلافات العمالية | تسوية ودية قبل الدعوى القضائية","جهّز ما يثبت العلاقة التعاقدية والمستندات المؤيدة لموضوع الدعوى بحسب حالتك. بيانات الأطراف والمطالبة تُستكمل داخل نموذج الخدمة.","عقد العمل إن وجد أو ما يثبت العلاقة التعاقدية، ومستندات نوع الدعوى، وللوكيل وكالة تخوله الصلح والإبراء والتنازل.","21 يوم عمل من تاريخ أول جلسة للوصول لتسوية أو الإحالة وفق وصف الخدمة.","الخدمة مجانية.","غير منطبق ظاهرًا","تراجع الجهة الطلب وتبلغ الأطراف بمواعيد الجلسات؛ عند الصلح يصدر محضر صلح، وعند تعذر التسوية يمكن الانتقال للمحكمة العمالية وفق الإجراءات المعتمدة.","","","","وزارة الموارد البشرية والتنمية الاجتماعية — التسوية الودية للخلافات العمالية","https://www.hrsd.gov.sa/ministry-services/services/269970","2026-09-20","ثابتة نظاميًا نسبيًا","PARTIALLY VERIFIED","المصدر رسمي لكنه لا يثبت آليًا جميع عناصر الاختصاص/المدة/الرسوم المركبة في النتيجة.","HIGH","النتيجة تمس الاختصاص أو طريق الاعتراض/التنفيذ أو مدة/رسومًا مؤثرة.","نعم","ما مقدار المدة وبدايتها ونهايتها والاستثناءات وأثر فواتها وفق النص المطبق على هذه الحالة؟","NEEDS REVIEW",""
"R-LABOR-TERMINATION","العمل والتأمينات","Q001: وش صار معك؟ ← أبي أرفع قضية جديدة أو أعرف المحكمة المناسبة → Q610: إذا ما تعرف المحكمة: وش طبيعة مشكلتك؟ ← وظيفة في القطاع الخاص → Q602: وش الحق العمالي اللي تطالب فيه؟ ← فصلني صاحب العمل وأبي أعرف حقوقي","إنهاء علاقة العمل يحتاج تحديد سبب الإنهاء ونوع العقد. المواد 74 وما بعدها تنظم انتهاء العقد، والمادة 80 تحصر حالات الفسخ دون مكافأة أو إشعار أو تعويض مع اشتراط تمكين العامل من إبداء معارضته.","اجمع عقد العمل وقرار الإنهاء والإنذارات ثم حدّد هل الإنهاء عادي أم تدعي المنشأة إحدى حالات المادة 80؛ عند النزاع ابدأ/استكمل التسوية الودية ثم المحكمة العمالية.","وزارة الموارد البشرية للتسوية الودية ثم المحكمة العمالية عند تعذر الصلح.","المحكمة العمالية","انتهى أو أُنهي عقد العمل وتريد تحديد الأثر النظامي | مطالبة ناشئة عن إنهاء عقد العمل","العقد، قرار الفصل أو الإنهاء، مسيرات الأجور، الإنذارات والمراسلات وأي دليل على سبب الإنهاء.","العقد، إشعار الإنهاء، مسيرات الأجر، قرار الفصل والمراسلات.","في غير محدد المدة المدفوع شهريًا: إشعار العامل 30 يومًا وصاحب العمل 60 يومًا؛ وعدم مراعاته يرتب بدل الإشعار، مع فحص الاستثناءات.","التسوية الودية مجانية وفق وزارة الموارد البشرية.","غير منطبق ظاهرًا","يُفحص سبب الإنهاء والحقوق التابعة له، ومنها الأجر والمكافأة والتعويض بحسب الحالة.","نظام العمل المحدث","","المواد 74-81 تنظّم انتهاء العقد والإشعار والتعويض والفصل دون مكافأة وترك العامل العمل دون إشعار مع حقوقه في الحالات المحددة.","وزارة الموارد البشرية والتنمية الاجتماعية — علاقات العمل - نظام العمل المحدث","https://www.hrsd.gov.sa/علاقات-العمل","2026-09-22","ثابتة نظاميًا نسبيًا","VERIFIED","تدقيق تفصيلي ومصدر نظامي أولي فُتح وتحقق من بقائه متاحًا في هذه المرحلة.","HIGH","النتيجة تمس الاختصاص أو طريق الاعتراض/التنفيذ أو مدة/رسومًا مؤثرة.","نعم","ما مقدار المدة وبدايتها ونهايتها والاستثناءات وأثر فواتها وفق النص المطبق على هذه الحالة؟","NEEDS REVIEW",""
"R-LABOR-TIME-BAR","العمل والتأمينات","Q001: وش صار معك؟ ← أبي أرفع قضية جديدة أو أعرف المحكمة المناسبة → Q610: إذا ما تعرف المحكمة: وش طبيعة مشكلتك؟ ← وظيفة في القطاع الخاص → Q602: وش الحق العمالي اللي تطالب فيه؟ ← راتب متأخر / مدة رفع الدعوى / تغيير الشروط أثناء القضية → Q611: وش المشكلة العمالية المتبقية عندك؟ ← انتهت العلاقة من مدة وأبي أعرف أثر مرور الوقت على الدعوى","مرور مدة على انتهاء علاقة العمل","انتبه للمدة النظامية: المادة 234 تقرر عدم قبول الدعوى المتعلقة بحق ناشئ عن نظام العمل أو عقد العمل بعد مضي 12 شهرًا من انتهاء علاقة العمل، ما لم يقدم المدعي عذرًا تقبله المحكمة أو يصدر من المدعى عليه إقرار بالحق.","وزارة الموارد البشرية للتسوية الودية ثم المحكمة العمالية عند تعذر الصلح.","المحكمة العمالية","تريد رفع مطالبة عمالية وتحتاج معرفة مدة سماعها | فحص مدة عدم سماع الدعوى العمالية قبل رفعها","المستندات والتواريخ والأدلة ذات الصلة.","العقد، تاريخ انتهاء العلاقة، المطالبات السابقة وأي إقرار بالدين.","الأصل في الدعاوى العمالية عدم قبولها بعد مضي 12 شهرًا من تاريخ انتهاء علاقة العمل، ما لم يقدم المدعي عذرًا تقبله المحكمة أو يصدر من المدعى عليه إقرار بالحق.","التسوية الودية مجانية وفق وزارة الموارد البشرية.","غير منطبق ظاهرًا","بعد تحديد الاختصاص واستيفاء المتطلبات ينتقل الطلب للمسار القضائي أو التنفيذي المناسب.","نظام العمل","","المادة 234 من نظام العمل تقرر مدة الاثني عشر شهرًا والاستثناءين المذكورين. | نظام العمل — المادة 234","وزارة الموارد البشرية والتنمية الاجتماعية — علاقات العمل - نظام العمل المحدث","https://www.hrsd.gov.sa/علاقات-العمل","2026-09-22","ثابتة نظاميًا نسبيًا","VERIFIED","تدقيق تفصيلي ومصدر نظامي أولي فُتح وتحقق من بقائه متاحًا في هذه المرحلة.","HIGH","النتيجة تمس الاختصاص أو طريق الاعتراض/التنفيذ أو مدة/رسومًا مؤثرة.","نعم","ما مقدار المدة وبدايتها ونهايتها والاستثناءات وأثر فواتها وفق النص المطبق على هذه الحالة؟","NEEDS REVIEW",""
"R-LABOR-WAGE-DELAY","العمل والتأمينات","Q001: وش صار معك؟ ← أبي أرفع قضية جديدة أو أعرف المحكمة المناسبة → Q610: إذا ما تعرف المحكمة: وش طبيعة مشكلتك؟ ← وظيفة في القطاع الخاص → Q602: وش الحق العمالي اللي تطالب فيه؟ ← راتب متأخر / مدة رفع الدعوى / تغيير الشروط أثناء القضية → Q611: وش المشكلة العمالية المتبقية عندك؟ ← راتبي متأخر أو ما نزل","الأجر متأخر أو لم يُدفع","إذا كان النزاع على تأخر الأجر أو عدم دفعه، اجمع مسيرات الرواتب وكشوف الحساب والعقد وما يثبت الاستحقاق، ثم استخدم مسار المطالبة العمالية المناسب. نظام العمل ينظم مواعيد دفع الأجر والحسميات والآثار المرتبطة بها.","وزارة الموارد البشرية للتسوية الودية ثم المحكمة العمالية عند تعذر الصلح.","المحكمة العمالية","صاحب العمل تأخر في دفع الأجر المستحق | مطالبة بأجر متأخر","المستندات والتواريخ والأدلة ذات الصلة.","العقد، مسير الراتب، كشف الحساب، أي مطالبة سابقة.","الأجر يجب دفعه في مواعيد استحقاقه المحددة؛ لا أضيف مهلة سماح عامة غير منصوص عليها.","التسوية الودية مجانية وفق وزارة الموارد البشرية.","غير منطبق ظاهرًا","بعد تحديد الاختصاص واستيفاء المتطلبات ينتقل الطلب للمسار القضائي أو التنفيذي المناسب.","نظام العمل","","وزارة الموارد البشرية تؤكد الالتزام بمواعيد استحقاق الأجر ودفعه عبر البنوك المعتمدة؛ والتسوية الودية هي المرحلة الأولى للنزاع. | نظام العمل — المواد 90–94","وزارة الموارد البشرية والتنمية الاجتماعية — نظام العمل - علاقات العمل","https://www.hrsd.gov.sa/علاقات-العمل","2026-09-22","ثابتة نظاميًا نسبيًا","VERIFIED","تدقيق تفصيلي ومصدر نظامي أولي فُتح وتحقق من بقائه متاحًا في هذه المرحلة.","HIGH","النتيجة تمس الاختصاص أو طريق الاعتراض/التنفيذ أو مدة/رسومًا مؤثرة.","نعم","ما مقدار المدة وبدايتها ونهايتها والاستثناءات وأثر فواتها وفق النص المطبق على هذه الحالة؟","NEEDS REVIEW",""
"R-LABOR-WAIT-SETTLEMENT","العمل والتأمينات","Q001: وش صار معك؟ ← مشكلة عمل أو راتب أو فصل → Q050: أنت تشتغل عند مين؟ ← شركة أو مؤسسة في القطاع الخاص → Q054: وش صفتك أو وش الخدمة العمالية اللي تحتاجها؟ ← أنا صاحب العمل → Q256: هل صار نزاع فعلي؟ ← نعم، توجد مطالبة أو منازعة فعلية → Q056: وين وصلت في المسار العمالي؟ ← نعم، قدمت طلب تسوية ودية → Q214: عندك رقم طلب تسوية ودية؟ ← نعم، عندي طلب تسوية ودية → Q057: وش وضع التسوية؟ ← ما زالت التسوية قائمة","التسوية الودية ما زالت جارية.","افتح طلب التسوية في بوابة وزارة الموارد البشرية، تابع الإشعارات واحضر الجلسات. عند الصلح احتفظ بالمحضر، وعند التعذر انتقل بالإجراء المقرر للمحكمة العمالية.","وزارة الموارد البشرية للتسوية الودية ثم المحكمة العمالية عند تعذر الصلح.","المحكمة العمالية","متابعة التسوية الودية | متابعة تسوية قائمة","رقم طلب التسوية، وما يثبت العلاقة العمالية ومستندات المطالبة عند الحاجة. تابع إشعارات الجلسات داخل الخدمة؛ فهي معلومات متابعة وليست مستندًا مطلوبًا للتقديم.","لا مستند جديد لمجرد المتابعة؛ جهّز ما يدعم موضوع الدعوى.","21 يوم عمل من تاريخ أول جلسة هي المدة المنشورة لمسار التسوية.","مجانية.","غير منطبق ظاهرًا","إما صلح بمحضر، أو تعذر تسوية ثم انتقال للمحكمة العمالية؛ الخدمة الرسمية تذكر 21 يوم عمل من أول جلسة لهذه المرحلة.","","","","وزارة الموارد البشرية والتنمية الاجتماعية — التسوية الودية للخلافات العمالية","https://www.hrsd.gov.sa/ministry-services/services/269970","2026-09-20","ثابتة نظاميًا نسبيًا","PARTIALLY VERIFIED","المصدر رسمي لكنه لا يثبت آليًا جميع عناصر الاختصاص/المدة/الرسوم المركبة في النتيجة.","HIGH","النتيجة تمس الاختصاص أو طريق الاعتراض/التنفيذ أو مدة/رسومًا مؤثرة.","نعم","ما مقدار المدة وبدايتها ونهايتها والاستثناءات وأثر فواتها وفق النص المطبق على هذه الحالة؟","NEEDS REVIEW",""
"R-CASE-DEPOSIT-MEMO","القضاء والتنفيذ وناجز","Q001: وش صار معك؟ ← وصلني شيء في ناجز → Q020: وش وصلك في ناجز؟ ← وصلني طلب مذكرة أو رد → Q025: مطلوب منك مذكرة أو رد؟ ← نعم، مطلوب مذكرة/رد مكتوب → Q026: أنت المدعى عليه قبل أول جلسة؟ ← لا، القضية بدأت أو الدائرة طلبت مذكرة أثناء السير","القضية قائمة والدائرة قررت إيداع مذكرة أو الرد عليها.","في القضية القيد النظر استخدم «طلب إيداع مذكرة» عندما يكون الإيداع مقررًا من الدائرة، وأدخل بيانات الطلب ثم قدّمه.","المحكمة أو الجهة القضائية المختصة بحسب نوع الدعوى والمرحلة المبينة في النتيجة.","","طلب إيداع مذكرة | ناجز | الإجراء الصحيح هنا هو «طلب إيداع مذكرة» داخل القضية القائمة، لا رفع دعوى جديدة إلا إذا نصت النتيجة على صحيفة دعوى.","القضية قيد النظر + وكالة تتضمن المرافعة للوكيل أو صك ولاية للولي عند الحاجة. صفحة الخدمة لا تفرض مستندًا للخدمة نفسها.","لا توجد مستندات مطلوبة.","SLA فوري؛ لا توجد مهلة سقوط عامة منشورة للخدمة.","رسوم الخدمة: لا يوجد.","غير منطبق ظاهرًا","يصلك رقم الطلب برسالة نصية وتتابع ما تقرره الدائرة بعد إيداع المذكرة.","","","وزارة العدل — طلب إيداع مذكرة","وزارة العدل — طلب إيداع مذكرة","https://www.moj.gov.sa/ar/eservices/pages/d37abd59-ae3b-4881-9a13-4322bac124e1.aspx","2026-09-22","قابلة للتغير","PARTIALLY VERIFIED","المصدر رسمي لكنه لا يثبت آليًا جميع عناصر الاختصاص/المدة/الرسوم المركبة في النتيجة.","HIGH","النتيجة تمس الاختصاص أو طريق الاعتراض/التنفيذ أو مدة/رسومًا مؤثرة.","نعم","ما مقدار المدة وبدايتها ونهايتها والاستثناءات وأثر فواتها وفق النص المطبق على هذه الحالة؟","NEEDS REVIEW",""
"R-CASE-EXPERT","القضاء والتنفيذ وناجز","Q001: وش صار معك؟ ← وصلني شيء في ناجز → Q020: وش وصلك في ناجز؟ ← وصلني رقم قضية → Q023: وش مرحلة القضية؟ ← أحتاج طلبًا إجرائيًا داخل القضية → Q322: وش الإجراء اللي تحتاجه داخل القضية القائمة؟ ← طلب خبرة","القضية وصلت فعليًا إلى مرحلة ندب خبير بقرار من الدائرة القضائية وتريد متابعة عروض الخبرة أو التقرير.","لا تبدأ بطلب خبير من هذه الخدمة بنفسك: وفق صفحة وزارة العدل، الدائرة القضائية هي التي تقدم طلب الندب عبر منصة تقاضي، ثم يرشح النظام جهات الخبرة وتقدم العروض عبر منصة خبرة، ويختار الأطراف أحد العروض، ويسدد الطرف المتحمل للأتعاب الفاتورة.","المحكمة أو الجهة القضائية المختصة بحسب نوع الدعوى والمرحلة المبينة في النتيجة.","","طلب الخبرة | ناجز | الإجراء الصحيح هنا هو «طلب الخبرة» داخل القضية القائمة، لا رفع دعوى جديدة إلا إذا نصت النتيجة على صحيفة دعوى.","وجود حساب بالنفاذ الوطني، التسجيل في منصة خبرة، ووجود قرار من الدائرة القضائية بطلب ندب خبير. صفحة الخدمة تقول: لا توجد مستندات مطلوبة ورسوم الخدمة نفسها لا توجد.","لا نضيف مستندات إلزامية غير منشورة؛ التعامل يتم عبر منصة خبرة بحسب الطلب.","SLA فوري للخدمة؛ زمن إعداد الخبرة يعتمد على الطلب ولا يُحوّل إلى مهلة سقوط.","رسوم الخدمة: لا يوجد؛ أتعاب الخبير شيء مستقل ويسددها الطرف المتحمل للأتعاب وفق المسار.","غير منطبق ظاهرًا","بعد اختيار العرض والسداد يُعد الخبير التقرير، يراجعه الأطراف عبر منصة خبرة، ثم يعتمد التقرير النهائي من الدائرة القضائية.","","","","وزارة العدل — طلب الخبرة","https://www.moj.gov.sa/ar/eservices/pages/fbe131b9-406f-4fae-9438-64e2f259e3e8.aspx","2026-09-22","قابلة للتغير","PARTIALLY VERIFIED","المصدر رسمي لكنه لا يثبت آليًا جميع عناصر الاختصاص/المدة/الرسوم المركبة في النتيجة.","HIGH","النتيجة تمس الاختصاص أو طريق الاعتراض/التنفيذ أو مدة/رسومًا مؤثرة.","نعم","ما مقدار المدة وبدايتها ونهايتها والاستثناءات وأثر فواتها وفق النص المطبق على هذه الحالة؟","NEEDS REVIEW",""
"R-CASE-FIRST-DEFENSE-MEMO","القضاء والتنفيذ وناجز","Q001: وش صار معك؟ ← وصلني شيء في ناجز → Q020: وش وصلك في ناجز؟ ← وصلني طلب مذكرة أو رد → Q025: مطلوب منك مذكرة أو رد؟ ← نعم، مطلوب مذكرة/رد مكتوب → Q026: أنت المدعى عليه قبل أول جلسة؟ ← نعم، أنا المدعى عليه وقبل الجلسة الأولى","أنت مدعى عليه وتريد الرد قبل الجلسة الأولى.","إذا كنت المدعى عليه والقضية قيد النظر وقبل الجلسة الأولى، استخدم «طلب مذكرة الدفاع الأولى»، اختر القضية، أدخل المذكرة وقدّم الطلب.","المحكمة أو الجهة القضائية المختصة بحسب نوع الدعوى والمرحلة المبينة في النتيجة.","","طلب مذكرة الدفاع الأولى | ناجز | الإجراء الصحيح هنا هو «طلب مذكرة الدفاع الأولى» داخل القضية القائمة، لا رفع دعوى جديدة إلا إذا نصت النتيجة على صحيفة دعوى.","القضية قيد النظر + التقديم قبل الجلسة الأولى + وكالة تتضمن المرافعة للوكيل أو صك ولاية للولي عند الحاجة. قد يلزم إرفاق مستندات داعمة.","قد يلزم تقديم مستندات داعمة.","صفحة الخدمة تشترط قبل الجلسة الأولى؛ SLA يذكر خلال 5 أيام من قيد الدعوى كمدة خدمة/إطار منشور ويجب عدم خلطهما.","رسوم الخدمة: لا يوجد.","غير منطبق ظاهرًا","يصلك رقم الطلب برسالة نصية وتصبح المذكرة ضمن مسار القضية قبل الجلسة الأولى.","نظام المرافعات الشرعية","","وزارة العدل — طلب مذكرة الدفاع الأولى؛ نظام المرافعات الشرعية — المادة 45 بحسب المحكمة ونوع الدعوى","وزارة العدل — طلب مذكرة الدفاع الأولى","https://www.moj.gov.sa/ar/eServices/pages/bcdcda2b-1b77-428b-ae80-0dfc04bf07fa.aspx","2026-09-22","قابلة للتغير","PARTIALLY VERIFIED","المصدر رسمي لكنه لا يثبت آليًا جميع عناصر الاختصاص/المدة/الرسوم المركبة في النتيجة.","HIGH","النتيجة تمس الاختصاص أو طريق الاعتراض/التنفيذ أو مدة/رسومًا مؤثرة.","نعم","ما مقدار المدة وبدايتها ونهايتها والاستثناءات وأثر فواتها وفق النص المطبق على هذه الحالة؟","NEEDS REVIEW",""
"R-CASE-INTERRUPTION","القضاء والتنفيذ وناجز","Q001: وش صار معك؟ ← وصلني شيء في ناجز → Q020: وش وصلك في ناجز؟ ← وصلني رقم قضية → Q023: وش مرحلة القضية؟ ← أحتاج طلبًا إجرائيًا داخل القضية → Q322: وش الإجراء اللي تحتاجه داخل القضية القائمة؟ ← توفي طرف أو فقد أهليته/تغير ممثله وأبي أكمل القضية","توفي طرف في القضية، أو فقد أهليته، أو زالت صفة من كان يمثله، وتريد معرفة هل انقطعت الخصومة وكيف تستأنف.","تحقق من سبب الانقطاع وحالة القضية، ثم اتبع استئناف السير وفق المواد 88–91؛ يكون بطلب أحد الخصوم وتبليغ الخلف/الخصم حسب الأصول، أو بحضور الخلف للجلسة المحددة.","المحكمة أو الجهة القضائية المختصة بحسب نوع الدعوى والمرحلة المبينة في النتيجة.","","طلب استمرار السير بعد انقطاع الخصومة | طلب/إجراء داخل قضية قائمة","رقم القضية + سبب الانقطاع وتاريخه + بيانات من حل محل الطرف وما يثبت صفته بحسب الحالة.","ما يثبت الصفة الجديدة/الخلافة أو زوال سبب الانقطاع بحسب الحالة.","لا مدة موحدة لاستئناف السير؛ المادة 90 توقف مواعيد المرافعات الجارية أثناء الانقطاع.","لا مبلغ موحد مثبت لهذه النتيجة.","إذا تحقق الانقطاع تتوقف مواعيد المرافعات الجارية وتبطل الإجراءات الواقعة أثناءه، ثم تستأنف القضية بعد تحقق طريق الاستئناف النظامي.","إذا تحقق الانقطاع تتوقف مواعيد المرافعات الجارية وتبطل الإجراءات الواقعة أثناءه، ثم تستأنف القضية بعد تحقق طريق الاستئناف النظامي.","نظام المرافعات الشرعية","","نظام المرافعات الشرعية — المواد 88–91","هيئة الخبراء بمجلس الوزراء — نظام المرافعات الشرعية","https://laws.boe.gov.sa/BoeLaws/Laws/LawDetails/f0eaae46-9f84-40ee-815e-a9a700f268b3/1","2026-09-22","ثابتة نظاميًا نسبيًا","PARTIALLY VERIFIED","يوجد تدقيق تفصيلي ورابط لنص نظامي رسمي، لكن هذا النص بعينه لم يُعد فتحه ومطابقة جميع ادعاءات النتيجة في هذه المرحلة.","HIGH","النتيجة تمس الاختصاص أو طريق الاعتراض/التنفيذ أو مدة/رسومًا مؤثرة.","نعم","ما مقدار المدة وبدايتها ونهايتها والاستثناءات وأثر فواتها وفق النص المطبق على هذه الحالة؟","NEEDS REVIEW",""
"R-CASE-INTERVENTION","القضاء والتنفيذ وناجز","Q001: وش صار معك؟ ← وصلني شيء في ناجز → Q020: وش وصلك في ناجز؟ ← وصلني رقم قضية → Q023: وش مرحلة القضية؟ ← أحتاج طلبًا إجرائيًا داخل القضية → Q322: وش الإجراء اللي تحتاجه داخل القضية القائمة؟ ← التدخل في القضية","أنت لست مجرد طرف يريد إضافة شخص؛ ترى أنك معني بقضية قائمة وتريد الدخول فيها منضمًا لأحد الخصوم أو طالبًا الحكم لنفسك بطلب مرتبط بالدعوى.","في ناجز: القضاء > «طلب التدخل» > تقديم طلب جديد > اختر القضية > الطلبات > إضافة طلب جديد > طلب التدخل > أدخل مضمون الطلب وقدّمه.","المحكمة أو الجهة القضائية المختصة بحسب نوع الدعوى والمرحلة المبينة في النتيجة.","","طلب التدخل | ناجز | الإجراء الصحيح هنا هو «طلب التدخل» داخل القضية القائمة، لا رفع دعوى جديدة إلا إذا نصت النتيجة على صحيفة دعوى.","معرفة بيانات القضية، تعبئة مضمون الطلب، وأن تكون القضية قيد النظر. صفحة الخدمة الرسمية تقول: لا توجد مستندات مطلوبة.","لا توجد مستندات مطلوبة وفق الصفحة.","SLA فوري؛ لا توجد مهلة سقوط مثبتة في صفحة الخدمة.","لا يوجد رسم خدمة ثابت ظاهر في المصدر المستخدم هنا.","غير منطبق ظاهرًا","يصلك رقم الطلب برسالة نصية، ثم تنظر الدائرة الطلب ضمن القضية. صفحة الخدمة تعرض عدم وجود رسوم للخدمة.","","","","وزارة العدل — طلب التدخل","https://www.moj.gov.sa/ar/eServices/Pages/f0778b45-0b49-4612-aef8-42e432d3b773.aspx","2026-09-22","قابلة للتغير","PARTIALLY VERIFIED","المصدر رسمي لكنه لا يثبت آليًا جميع عناصر الاختصاص/المدة/الرسوم المركبة في النتيجة.","HIGH","النتيجة تمس الاختصاص أو طريق الاعتراض/التنفيذ أو مدة/رسومًا مؤثرة.","نعم","ما مقدار المدة وبدايتها ونهايتها والاستثناءات وأثر فواتها وفق النص المطبق على هذه الحالة؟","NEEDS REVIEW",""
"R-CASE-JOIN","القضاء والتنفيذ وناجز","Q001: وش صار معك؟ ← وصلني شيء في ناجز → Q020: وش وصلك في ناجز؟ ← وصلني رقم قضية → Q023: وش مرحلة القضية؟ ← أحتاج طلبًا إجرائيًا داخل القضية → Q322: وش الإجراء اللي تحتاجه داخل القضية القائمة؟ ← إدخال طرف","أنت أحد الخصوم في قضية قائمة وتريد أن تطلب إدخال شخص يصح اختصامه في القضية.","في ناجز: القضاء > «طلب الإدخال» > تقديم طلب جديد > اختر القضية > الطلبات > إضافة طلب جديد > طلب الإدخال > أدخل البيانات وقدّم الطلب. صفحة وزارة العدل تعرض رسوم الخدمة 2,000 ريال.","المحكمة أو الجهة القضائية المختصة بحسب نوع الدعوى والمرحلة المبينة في النتيجة.","","طلب الإدخال | ناجز | الإجراء الصحيح هنا هو «طلب الإدخال» داخل القضية القائمة، لا رفع دعوى جديدة إلا إذا نصت النتيجة على صحيفة دعوى.","القضية يجب أن تكون قيد النظر. للوكيل وكالة سارية تتضمن بند المرافعة، وللولي صك ولاية ساري. صفحة الخدمة تقول: لا توجد مستندات مطلوبة.","لا نضيف مستندًا إلزاميًا غير ثابت من صفحة الخدمة.","SLA فوري؛ لا يُعامل كمهلة قانونية.","لا يوجد رسم خدمة ثابت ظاهر في المصدر المستخدم هنا.","غير منطبق ظاهرًا","يصلك رقم الطلب برسالة نصية، ثم تتعامل الدائرة معه ضمن القضية.","","","","وزارة العدل — طلب الإدخال","https://www.moj.gov.sa/ar/eServices/pages/6d7b2dff-62e9-4d1e-b125-d6cc7d1cc1eb.aspx","2026-09-22","قابلة للتغير","PARTIALLY VERIFIED","المصدر رسمي لكنه لا يثبت آليًا جميع عناصر الاختصاص/المدة/الرسوم المركبة في النتيجة.","HIGH","النتيجة تمس الاختصاص أو طريق الاعتراض/التنفيذ أو مدة/رسومًا مؤثرة.","نعم","ما مقدار المدة وبدايتها ونهايتها والاستثناءات وأثر فواتها وفق النص المطبق على هذه الحالة؟","NEEDS REVIEW",""
"R-CASE-MONITOR","القضاء والتنفيذ وناجز","Q001: وش صار معك؟ ← وصلني شيء في ناجز → Q020: وش وصلك في ناجز؟ ← وصلني رقم قضية → Q023: وش مرحلة القضية؟ ← القضية مقيدة وما عندي طلب حالي","لديك قضية قائمة ولا يظهر من معلوماتك طلب محدد عليك الآن.","افتح القضية في ناجز وراجع آخر إجراء وموعد الجلسة وأي طلب من الدائرة. احتفظ بالإشعارات وتحرك عند ظهور إجراء جديد.","المحكمة أو الجهة القضائية المختصة بحسب نوع الدعوى والمرحلة المبينة في النتيجة.","","متابعة القضية في ناجز | ناجز | استعلام/متابعة داخل قضية قائمة","رقم القضية + آخر إجراء + موعد الجلسة إن وجد + أي طلب ظاهر.","لا توجد مستندات لمجرد متابعة القضية؛ تظهر مستندات كل طلب عند الحاجة.","لا توجد مدة سقوط لمجرد الاستعراض؛ يجب الالتزام بالمواعيد والمهل التي تظهر أو يقررها النظام/الدائرة.","لا رسوم مستقلة لمجرد متابعة القضية.","غير منطبق ظاهرًا","عند ظهور جلسة أو طلب أو حكم ينتقل الدليل للمرحلة الجديدة بدل بقاءك في مسار المتابعة العامة.","","","","وزارة العدل — رحلة القضية في وزارة العدل","https://www.moj.gov.sa/ar/Ministry/Pages/CaseTripInMOJ.aspx","2026-09-20","قابلة للتغير","PARTIALLY VERIFIED","المصدر رسمي لكنه لا يثبت آليًا جميع عناصر الاختصاص/المدة/الرسوم المركبة في النتيجة.","HIGH","النتيجة تمس الاختصاص أو طريق الاعتراض/التنفيذ أو مدة/رسومًا مؤثرة.","نعم","ما مقدار المدة وبدايتها ونهايتها والاستثناءات وأثر فواتها وفق النص المطبق على هذه الحالة؟","NEEDS REVIEW",""
"R-CASE-RESUME","القضاء والتنفيذ وناجز","Q001: وش صار معك؟ ← وصلني شيء في ناجز → Q020: وش وصلك في ناجز؟ ← وصلني رقم قضية → Q023: وش مرحلة القضية؟ ← أحتاج طلبًا إجرائيًا داخل القضية → Q322: وش الإجراء اللي تحتاجه داخل القضية القائمة؟ ← استمرار السير في الدعوى","قضيتك موقوفة وتريد طلب استمرار السير فيها.","إذا كانت القضية موقوفة استخدم «طلب استمرار السير في الدعوى»، وبيّن سبب استئناف السير. مبلغ 100 ريال مرتبط نظاميًا بطلب السير قبل انتهاء الوقف الاتفاقي، وليس بكل صور استمرار السير.","المحكمة أو الجهة القضائية المختصة بحسب نوع الدعوى والمرحلة المبينة في النتيجة.","","طلب استمرار السير في الدعوى | ناجز | الإجراء الصحيح هنا هو «طلب استمرار السير في الدعوى» داخل القضية القائمة، لا رفع دعوى جديدة إلا إذا نصت النتيجة على صحيفة دعوى.","القضية موقوفة + سبب طلب السير + ما يدعمه عند الحاجة. للوكيل وكالة سارية وللولي صك ولاية.","قد يلزم تقديم مستندات داعمة.","SLA فوري؛ ليس مهلة قانونية للسير.","رسوم الخدمة الظاهرة: 100 ريال سعودي.","تقرر الدائرة استئناف السير بحسب سبب الوقف. وإذا كانت المشكلة وفاة طرف أو فقد أهليته أو زوال صفة النيابة، فافحص مسار انقطاع الخصومة واستئنافها.","تقرر الدائرة استئناف السير بحسب سبب الوقف. وإذا كانت المشكلة وفاة طرف أو فقد أهليته أو زوال صفة النيابة، فافحص مسار انقطاع الخصومة واستئنافها.","نظام المرافعات الشرعية","اللائحة التنفيذية للتكاليف القضائية","نظام المرافعات الشرعية — المواد 86–91؛ اللائحة التنفيذية للتكاليف القضائية — تكلفة طلب السير قبل انتهاء الوقف الاتفاقي؛ وزارة العدل — طلب استمرار السير في الدعوى","وزارة العدل — طلب استمرار السير في الدعوى","https://www.moj.gov.sa/ar/eServices/pages/7f9f1f8e-a582-4268-8c55-af8a9d9761ee.aspx","2026-09-22","قابلة للتغير","PARTIALLY VERIFIED","المصدر رسمي لكنه لا يثبت آليًا جميع عناصر الاختصاص/المدة/الرسوم المركبة في النتيجة.","HIGH","النتيجة تمس الاختصاص أو طريق الاعتراض/التنفيذ أو مدة/رسومًا مؤثرة.","نعم","ما مقدار المدة وبدايتها ونهايتها والاستثناءات وأثر فواتها وفق النص المطبق على هذه الحالة؟","NEEDS REVIEW",""
"R-CASE-STAY","القضاء والتنفيذ وناجز","Q001: وش صار معك؟ ← وصلني شيء في ناجز → Q020: وش وصلك في ناجز؟ ← وصلني رقم قضية → Q023: وش مرحلة القضية؟ ← أحتاج طلبًا إجرائيًا داخل القضية → Q322: وش الإجراء اللي تحتاجه داخل القضية القائمة؟ ← وقف السير في الدعوى","أنت طرف في قضية منظورة وتريد طلب وقف السير فيها مؤقتًا.","في ناجز: القضاء > «طلب وقف السير في الدعوى» > تقديم طلب جديد > اختر القضية > الطلبات > إضافة طلب جديد > طلب وقف السير > أدخل السبب والمدة المطلوبة وقدّم الطلب. صفحة الخدمة تسمح بإدخال مدة من شهر إلى 6 أشهر.","المحكمة أو الجهة القضائية المختصة بحسب نوع الدعوى والمرحلة المبينة في النتيجة.","","طلب وقف السير في الدعوى | ناجز | الإجراء الصحيح هنا هو «طلب وقف السير في الدعوى» داخل القضية القائمة، لا رفع دعوى جديدة إلا إذا نصت النتيجة على صحيفة دعوى.","متاح لقضايا الدرجة الأولى والاستئناف وفق حالات القضية المحددة في صفحة الخدمة. للوكيل وكالة سارية تتضمن المرافعة، وللولي صك ولاية. يمكن إدخال الأسباب والمرفقات، ولا يمكن تقديم طلب جديد مع وجود طلب سابق لم يُبت فيه.","لا توجد مستندات مطلوبة؛ يمكن إرفاق مرفقات داعمة.","مدة الوقف المطلوبة من شهر إلى 6 أشهر؛ SLA فوري منفصل عنها.","رسوم الخدمة: لا يوجد.","يصلك رقم الطلب برسالة نصية وتتابع قرار الدائرة. صفحة الخدمة تعرض عدم وجود رسوم للخدمة.","يصلك رقم الطلب برسالة نصية وتتابع قرار الدائرة. صفحة الخدمة تعرض عدم وجود رسوم للخدمة.","نظام المرافعات الشرعية","","نظام المرافعات الشرعية — المادتان 86–87؛ وزارة العدل — طلب وقف السير في الدعوى","وزارة العدل — طلب وقف السير في الدعوى","https://www.moj.gov.sa/ar/eservices/pages/d1ef87c9-918d-4106-81a3-1b937f114c27.aspx","2026-09-22","قابلة للتغير","PARTIALLY VERIFIED","المصدر رسمي لكنه لا يثبت آليًا جميع عناصر الاختصاص/المدة/الرسوم المركبة في النتيجة.","HIGH","النتيجة تمس الاختصاص أو طريق الاعتراض/التنفيذ أو مدة/رسومًا مؤثرة.","نعم","ما مقدار المدة وبدايتها ونهايتها والاستثناءات وأثر فواتها وفق النص المطبق على هذه الحالة؟","NEEDS REVIEW",""
"R-CASE-STRUCK-REVIEW","القضاء والتنفيذ وناجز","Q001: وش صار معك؟ ← وصلني شيء في ناجز → Q020: وش وصلك في ناجز؟ ← وصلني رقم قضية → Q023: وش مرحلة القضية؟ ← أحتاج طلبًا إجرائيًا داخل القضية → Q322: وش الإجراء اللي تحتاجه داخل القضية القائمة؟ ← القضية مشطوبة وأريد إعادة النظر فيها","أنت المدعي أو من يمثله وقضيتك أصبحت مشطوبة وتريد طلب إعادة النظر في القضية المشطوبة.","في ناجز: القضاء > «طلب إعادة النظر في قضية مشطوبة» > تقديم طلب جديد > اختر القضية > الطلبات > إضافة طلب جديد > إعادة النظر في قضية مشطوبة > أدخل البيانات وأرسل.","المحكمة أو الجهة القضائية المختصة بحسب نوع الدعوى والمرحلة المبينة في النتيجة.","","طلب إعادة النظر في قضية مشطوبة | ناجز | طلب/إجراء داخل قضية قائمة","يجب أن تكون القضية مشطوبة وأن يقدم الطلب ضمن المدة المحددة نظامًا. للوكيل وكالة سارية تتضمن المرافعة، وللولي صك ولاية. صفحة الخدمة تقول: لا توجد مستندات مطلوبة ولا رسوم للخدمة.","بيانات القضية، والوكالة/الولاية عند الانطباق.","يجب أن يكون الطلب ضمن المدة المحددة نظامًا؛ لا نحول زمن الخدمة الفوري إلى مهلة حق.","لا مبلغ موحد مثبت لهذه النتيجة.","غير منطبق ظاهرًا","يصلك رقم الطلب برسالة نصية ثم تتابع قرار الدائرة إلكترونيًا.","نظام المرافعات الشرعية","","وزارة العدل — طلب إعادة النظر في قضية مشطوبة؛ نظام المرافعات الشرعية — أحكام شطب الدعوى بحسب النظام المنطبق","هيئة الخبراء بمجلس الوزراء — نظام المرافعات الشرعية","https://laws.boe.gov.sa/BoeLaws/Laws/LawDetails/f0eaae46-9f84-40ee-815e-a9a700f268b3/1","2026-09-22","قابلة للتغير","PARTIALLY VERIFIED","يوجد تدقيق تفصيلي ورابط لنص نظامي رسمي، لكن هذا النص بعينه لم يُعد فتحه ومطابقة جميع ادعاءات النتيجة في هذه المرحلة.","HIGH","النتيجة تمس الاختصاص أو طريق الاعتراض/التنفيذ أو مدة/رسومًا مؤثرة.","نعم","ما مقدار المدة وبدايتها ونهايتها والاستثناءات وأثر فواتها وفق النص المطبق على هذه الحالة؟","NEEDS REVIEW",""
"R-CASE-WITHDRAW","القضاء والتنفيذ وناجز","Q001: وش صار معك؟ ← وصلني شيء في ناجز → Q020: وش وصلك في ناجز؟ ← وصلني رقم قضية → Q023: وش مرحلة القضية؟ ← أحتاج طلبًا إجرائيًا داخل القضية → Q322: وش الإجراء اللي تحتاجه داخل القضية القائمة؟ ← ترك الخصومة","أنت المدعي في قضية قائمة وتريد ترك الخصومة والتنازل عن استمرار الدعوى الحالية.","في ناجز: القضاء > «طلب ترك الخصومة» > تقديم طلب جديد > اختر القضية > الطلبات > إضافة طلب جديد > طلب ترك الخصومة > أكمل الطلب. الخدمة تشترط تقديمه قبل يوم عقد الجلسة ولا تسمح بأكثر من طلب لكل قضية.","المحكمة أو الجهة القضائية المختصة بحسب نوع الدعوى والمرحلة المبينة في النتيجة.","","طلب ترك الخصومة | ناجز | الإجراء الصحيح هنا هو «طلب ترك الخصومة» داخل القضية القائمة، لا رفع دعوى جديدة إلا إذا نصت النتيجة على صحيفة دعوى.","الطلب يقدمه المدعي أو وكيله، ويكون التنازل لصالح مدعى عليه واحد أو أكثر. صفحة الخدمة تقول: لا توجد مستندات مطلوبة.","لا توجد مستندات مطلوبة.","يُقدّم قبل يوم عقد الجلسة؛ وSLA فوري وليس مهلة سقوط.","رسوم الخدمة: لا يوجد.","غير منطبق ظاهرًا","إذا لم توجد مذكرة دفاع أولى تذكر الخدمة قبول الطلب تلقائيًا؛ وإذا وجدت فقد يتوقف على موقف المدعى عليه وفق الحالات المبينة رسميًا. عند القبول تُغلق القضية وتظهر «منتهية بالتنازل».","","","","وزارة العدل — طلب ترك الخصومة","https://www.moj.gov.sa/ar/eServices/Pages/5ccadb53-2b3c-4f58-b898-5b0d481c903a.aspx","2026-09-22","قابلة للتغير","PARTIALLY VERIFIED","المصدر رسمي لكنه لا يثبت آليًا جميع عناصر الاختصاص/المدة/الرسوم المركبة في النتيجة.","HIGH","النتيجة تمس الاختصاص أو طريق الاعتراض/التنفيذ أو مدة/رسومًا مؤثرة.","نعم","ما مقدار المدة وبدايتها ونهايتها والاستثناءات وأثر فواتها وفق النص المطبق على هذه الحالة؟","NEEDS REVIEW",""
"R-CRIM-COURT","القضاء والتنفيذ وناجز","Q001: وش صار معك؟ ← بلاغ أو قضية جنائية → Q090: وش وضعك في البلاغ أو القضية؟ ← القضية في المحكمة → Q138: القضية وصلت للمحكمة؟ ← نعم، عندي قضية/جلسة بالمحكمة الجزائية","القضية وصلت للمحكمة الجزائية ولديك جلسة/قضية قائمة.","تابع التبليغات والجلسات والطلبات الرسمية، واستعن بمحام خصوصًا في الجرائم الكبيرة أو إذا كان الدفاع معقدًا.","الشرطة/النيابة العامة قبل الإحالة، والمحكمة الجزائية بعد الإحالة بحسب المرحلة.","المحكمة الجزائية","المحكمة الجزائية | محاكمة جزائية","للمتابعة راجع رقم القضية ولائحة الدعوى أو التهمة ومواعيد الجلسات وأي طلب رسمي. هذه معلومات القضية وليست قائمة مرفقات مطلوبة لكل جلسة.","بيانات القضية وما تطلبه الدائرة؛ لا نضيف قائمة موحدة غير مثبتة.","مواعيد الجلسات والاعتراضات تتحدد بحسب القضية والإجراء؛ لا توجد مدة موحدة لهذه النتيجة.","قضايا الحق العام مستثناة من التكاليف القضائية وفق رحلة القضية.","المحكمة تنظر التهمة وفق نظام الإجراءات الجزائية ثم تصدر حكمًا.","المحكمة تنظر التهمة وفق نظام الإجراءات الجزائية ثم تصدر حكمًا.","","","","وزارة العدل — محاكم الدرجة الأولى - اختصاص المحاكم الجزائية","https://moj.gov.sa/ar/Ministry/Courts/Pages/FirstCourts.aspx","2026-09-20","ثابتة نظاميًا نسبيًا","PROCEDURAL GUIDANCE","النتيجة إرشاد تشغيلي مدقق مقابل صفحة جهة رسمية، وليست حكمًا قانونيًا موضوعيًا.","HIGH","النتيجة تمس الاختصاص أو طريق الاعتراض/التنفيذ أو مدة/رسومًا مؤثرة.","نعم","ما مقدار المدة وبدايتها ونهايتها والاستثناءات وأثر فواتها وفق النص المطبق على هذه الحالة؟","NEEDS REVIEW",""
"R-EVID-ADMISSION","القضاء والتنفيذ وناجز","Q001: وش صار معك؟ ← عندي مشكلة في الإثبات أو الأدلة → Q600: وش مشكلة الإثبات عندك؟ ← عندي إقرار من الطرف الآخر","لديك إقرار صادر من الخصم.","نظام الإثبات ينظم الإقرار القضائي وغير القضائي وحجيته؛ احتفظ بنص الإقرار وسياقه وحدد الواقعة التي يثبتها.","المحكمة أو الجهة القضائية المختصة بحسب نوع الدعوى والمرحلة المبينة في النتيجة.","","التمسك بالإقرار وتحديد نطاقه | إقرار كدليل","الإقرار كاملًا، مصدره، وتاريخه وسياقه.","محضر/محرر/دليل رقمي يتضمن الإقرار بحسب صورته.","لا مهلة موحدة للإقرار بذاته؛ يخضع لإجراءات ومواعيد القضية.","لا تكلفة قضائية مستقلة موحدة لمجرد هذا الدليل؛ قد توجد مصروفات إجراء/خبرة بحسب الحالة.","غير منطبق ظاهرًا","تعرض المحكمة الأدلة والدفوع وفق النظام وتقدر أثرها في النزاع.","نظام الإثبات نظام الإثبات","","باب الإقرار — نظام الإثبات","هيئة الخبراء بمجلس الوزراء / وزارة العدل — نظام الإثبات","https://laws.boe.gov.sa/BoeLaws/Laws/LawDetails/2716057c-c097-4bad-8e1e-ae1400c678d5/1","2026-09-22","ثابتة نظاميًا نسبيًا","PARTIALLY VERIFIED","يوجد تدقيق تفصيلي ورابط لنص نظامي رسمي، لكن هذا النص بعينه لم يُعد فتحه ومطابقة جميع ادعاءات النتيجة في هذه المرحلة.","HIGH","النتيجة تمس الاختصاص أو طريق الاعتراض/التنفيذ أو مدة/رسومًا مؤثرة.","نعم","ما مقدار المدة وبدايتها ونهايتها والاستثناءات وأثر فواتها وفق النص المطبق على هذه الحالة؟","NEEDS REVIEW",""
"R-EVID-BURDEN","القضاء والتنفيذ وناجز","Q001: وش صار معك؟ ← عندي مشكلة في الإثبات أو الأدلة → Q600: وش مشكلة الإثبات عندك؟ ← مين عليه إثبات الحق؟","تريد معرفة من يتحمل عبء إثبات الواقعة.","المادتان 2 و3: على المدعي إثبات ما يدعيه، وللمدعى عليه نفيه؛ والبينة على من ادعى واليمين على من أنكر.","المحكمة أو الجهة القضائية المختصة بحسب نوع الدعوى والمرحلة المبينة في النتيجة.","","تقديم الدليل على الواقعة محل الادعاء | عبء الإثبات","حدد الواقعة المدعاة ومن يتمسك بخلاف الظاهر.","المستند/الدليل المناسب لكل واقعة.","لا توجد مهلة مستقلة موحدة باسم عبء الإثبات؛ تراعى مواعيد تقديم الأدلة في القضية.","لا تكلفة قضائية مستقلة موحدة لمجرد هذا الدليل؛ قد توجد مصروفات إجراء/خبرة بحسب الحالة.","غير منطبق ظاهرًا","تعرض المحكمة الأدلة والدفوع وفق النظام وتقدر أثرها في النزاع.","نظام الإثبات","","المواد 2–3","هيئة الخبراء بمجلس الوزراء / وزارة العدل — نظام الإثبات","https://laws.boe.gov.sa/BoeLaws/Laws/LawDetails/2716057c-c097-4bad-8e1e-ae1400c678d5/1","2026-09-22","ثابتة نظاميًا نسبيًا","PARTIALLY VERIFIED","يوجد تدقيق تفصيلي ورابط لنص نظامي رسمي، لكن هذا النص بعينه لم يُعد فتحه ومطابقة جميع ادعاءات النتيجة في هذه المرحلة.","HIGH","النتيجة تمس الاختصاص أو طريق الاعتراض/التنفيذ أو مدة/رسومًا مؤثرة.","نعم","ما مقدار المدة وبدايتها ونهايتها والاستثناءات وأثر فواتها وفق النص المطبق على هذه الحالة؟","NEEDS REVIEW",""
"R-EVID-DIGITAL","القضاء والتنفيذ وناجز","Q001: وش صار معك؟ ← عندي مشكلة في الإثبات أو الأدلة → Q600: وش مشكلة الإثبات عندك؟ ← عندي واتساب أو بريد أو دليل رقمي","لديك رسائل أو بريد أو سجل إلكتروني أو دليل رقمي.","الدليل الرقمي من وسائل الإثبات المنظمة؛ حافظ على المصدر والسياق والبيانات الأصلية قدر الإمكان ولا تكتف بصورة مبتورة إذا أمكن تقديم الأصل الرقمي.","المحكمة أو الجهة القضائية المختصة بحسب نوع الدعوى والمرحلة المبينة في النتيجة.","","تقديم الدليل الرقمي | دليل رقمي","الجهاز/الحساب أو التصدير الأصلي، كامل المحادثة، التواريخ والهوية الرقمية.","الملف/السجل/المراسلة أو المخرج الرقمي المتاح وأصل البيانات عند الحاجة.","لا مهلة مستقلة للدليل الرقمي؛ تراعى مواعيد تقديم الأدلة.","لا تكلفة قضائية مستقلة موحدة لمجرد هذا الدليل؛ قد توجد مصروفات إجراء/خبرة بحسب الحالة.","غير منطبق ظاهرًا","تعرض المحكمة الأدلة والدفوع وفق النظام وتقدر أثرها في النزاع.","نظام الإثبات نظام الإثبات","","باب الدليل الرقمي — نظام الإثبات","هيئة الخبراء بمجلس الوزراء / وزارة العدل — نظام الإثبات","https://laws.boe.gov.sa/BoeLaws/Laws/LawDetails/2716057c-c097-4bad-8e1e-ae1400c678d5/1","2026-09-22","ثابتة نظاميًا نسبيًا","PARTIALLY VERIFIED","يوجد تدقيق تفصيلي ورابط لنص نظامي رسمي، لكن هذا النص بعينه لم يُعد فتحه ومطابقة جميع ادعاءات النتيجة في هذه المرحلة.","HIGH","النتيجة تمس الاختصاص أو طريق الاعتراض/التنفيذ أو مدة/رسومًا مؤثرة.","نعم","ما مقدار المدة وبدايتها ونهايتها والاستثناءات وأثر فواتها وفق النص المطبق على هذه الحالة؟","NEEDS REVIEW",""
"R-EVID-DOCUMENT-PRODUCTION","القضاء والتنفيذ وناجز","Q001: وش صار معك؟ ← عندي مشكلة في الإثبات أو الأدلة → Q600: وش مشكلة الإثبات عندك؟ ← أبي الخصم يقدم مستند عنده","مستند مؤثر في الدعوى موجود لدى الخصم.","نظام الإثبات ينظم طلب إلزام الخصم بتقديم محرر تحت يده بشروطه؛ حدد المحرر ومضمونه وسبب الاعتقاد بأنه لدى الخصم وأثره في الدعوى.","المحكمة أو الجهة القضائية المختصة بحسب نوع الدعوى والمرحلة المبينة في النتيجة.","","طلب إلزام بتقديم محرر | طلب إثبات داخل القضية","وصف محدد للمحرر، دلالته، وسبب وجوده لدى الخصم.","بيانات المحرر والقرائن على وجوده لدى المطلوب منه.","يقدم ضمن مواعيد وإجراءات القضية؛ لا مهلة سقوط موحدة.","لا تكلفة قضائية مستقلة موحدة لمجرد هذا الدليل؛ قد توجد مصروفات إجراء/خبرة بحسب الحالة.","غير منطبق ظاهرًا","تعرض المحكمة الأدلة والدفوع وفق النظام وتقدر أثرها في النزاع.","نظام الإثبات نظام الإثبات","","باب إلزام الخصم بتقديم المحررات — نظام الإثبات","هيئة الخبراء بمجلس الوزراء / وزارة العدل — نظام الإثبات","https://laws.boe.gov.sa/BoeLaws/Laws/LawDetails/2716057c-c097-4bad-8e1e-ae1400c678d5/1","2026-09-22","ثابتة نظاميًا نسبيًا","PARTIALLY VERIFIED","يوجد تدقيق تفصيلي ورابط لنص نظامي رسمي، لكن هذا النص بعينه لم يُعد فتحه ومطابقة جميع ادعاءات النتيجة في هذه المرحلة.","HIGH","النتيجة تمس الاختصاص أو طريق الاعتراض/التنفيذ أو مدة/رسومًا مؤثرة.","نعم","ما مقدار المدة وبدايتها ونهايتها والاستثناءات وأثر فواتها وفق النص المطبق على هذه الحالة؟","NEEDS REVIEW",""
"R-EVID-INSPECTION","القضاء والتنفيذ وناجز","Q001: وش صار معك؟ ← عندي مشكلة في الإثبات أو الأدلة → Q600: وش مشكلة الإثبات عندك؟ ← أحتاج معاينة محل النزاع","إثبات الواقعة يحتاج معاينة مكان أو شيء.","المعاينة وسيلة إثبات منظمة ويمكن طلبها عندما تكون منتجة في النزاع؛ وضح محل المعاينة والواقعة المراد إثباتها.","المحكمة أو الجهة القضائية المختصة بحسب نوع الدعوى والمرحلة المبينة في النتيجة.","","طلب معاينة | معاينة كإجراء إثبات","وصف محل المعاينة وموقعه وعلاقته بالدعوى.","بيانات الموقع/الشيء والمستندات المساعدة على تحديد محل المعاينة.","تخضع لمواعيد المحكمة؛ لا مهلة سقوط موحدة.","لا تكلفة قضائية مستقلة موحدة لمجرد هذا الدليل؛ قد توجد مصروفات إجراء/خبرة بحسب الحالة.","غير منطبق ظاهرًا","تعرض المحكمة الأدلة والدفوع وفق النظام وتقدر أثرها في النزاع.","نظام الإثبات نظام الإثبات","","باب المعاينة — نظام الإثبات","هيئة الخبراء بمجلس الوزراء / وزارة العدل — نظام الإثبات","https://laws.boe.gov.sa/BoeLaws/Laws/LawDetails/2716057c-c097-4bad-8e1e-ae1400c678d5/1","2026-09-22","ثابتة نظاميًا نسبيًا","PARTIALLY VERIFIED","يوجد تدقيق تفصيلي ورابط لنص نظامي رسمي، لكن هذا النص بعينه لم يُعد فتحه ومطابقة جميع ادعاءات النتيجة في هذه المرحلة.","HIGH","النتيجة تمس الاختصاص أو طريق الاعتراض/التنفيذ أو مدة/رسومًا مؤثرة.","نعم","ما مقدار المدة وبدايتها ونهايتها والاستثناءات وأثر فواتها وفق النص المطبق على هذه الحالة؟","NEEDS REVIEW",""
"R-EVID-OATH","القضاء والتنفيذ وناجز","Q001: وش صار معك؟ ← عندي مشكلة في الإثبات أو الأدلة → Q600: وش مشكلة الإثبات عندك؟ ← أحتاج يمين حاسمة أو عندي خلاف على اليمين","تفكر في توجيه يمين حاسمة أو يوجد نزاع على اليمين.","اليمين الحاسمة لها آثار إجرائية جوهرية؛ لا توجهها قبل فهم الواقعة التي ستنصب عليها وأثر حلفها أو النكول عنها.","المحكمة أو الجهة القضائية المختصة بحسب نوع الدعوى والمرحلة المبينة في النتيجة.","","طلب/توجيه اليمين وفق نوعها | يمين كدليل","صياغة الواقعة المراد الحلف عليها وما لديك من أدلة أخرى.","صياغة الواقعة والطلب وما يلزم بحسب توجيه المحكمة.","لا مهلة مستقلة موحدة؛ تخضع لمواعيد وإدارة الدعوى.","لا تكلفة قضائية مستقلة موحدة لمجرد هذا الدليل؛ قد توجد مصروفات إجراء/خبرة بحسب الحالة.","غير منطبق ظاهرًا","تعرض المحكمة الأدلة والدفوع وفق النظام وتقدر أثرها في النزاع.","نظام الإثبات نظام الإثبات","","باب اليمين — نظام الإثبات","هيئة الخبراء بمجلس الوزراء / وزارة العدل — نظام الإثبات","https://laws.boe.gov.sa/BoeLaws/Laws/LawDetails/2716057c-c097-4bad-8e1e-ae1400c678d5/1","2026-09-22","ثابتة نظاميًا نسبيًا","PARTIALLY VERIFIED","يوجد تدقيق تفصيلي ورابط لنص نظامي رسمي، لكن هذا النص بعينه لم يُعد فتحه ومطابقة جميع ادعاءات النتيجة في هذه المرحلة.","HIGH","النتيجة تمس الاختصاص أو طريق الاعتراض/التنفيذ أو مدة/رسومًا مؤثرة.","نعم","ما مقدار المدة وبدايتها ونهايتها والاستثناءات وأثر فواتها وفق النص المطبق على هذه الحالة؟","NEEDS REVIEW",""
"R-EVID-RES-JUDICATA","القضاء والتنفيذ وناجز","Q001: وش صار معك؟ ← عندي مشكلة في الإثبات أو الأدلة → Q600: وش مشكلة الإثبات عندك؟ ← صدر حكم سابق في نفس المسألة","هناك حكم سابق قد يكون حسم المسألة نفسها.","نظام الإثبات ينظم حجية الأمر المقضي؛ يلزم فحص اتحاد الأطراف والصفة والمحل والسبب قبل التمسك بالحجية.","المحكمة أو الجهة القضائية المختصة بحسب نوع الدعوى والمرحلة المبينة في النتيجة.","","التمسك بحجية الأمر المقضي | دفع بحجية حكم سابق","الحكم السابق وصورة نهائيته وبيانات الدعويين.","صورة الحكم وبيانات نهائيته/حجيته وما يبين صلته بالنزاع الحالي.","يُثار في القضية القائمة وفق إجراءاتها؛ لا مهلة مستقلة موحدة للحجية.","لا تكلفة قضائية مستقلة موحدة لمجرد هذا الدليل؛ قد توجد مصروفات إجراء/خبرة بحسب الحالة.","غير منطبق ظاهرًا","تعرض المحكمة الأدلة والدفوع وفق النظام وتقدر أثرها في النزاع.","نظام الإثبات نظام الإثبات","","باب القرائن وحجية الأمر المقضي — نظام الإثبات","هيئة الخبراء بمجلس الوزراء / وزارة العدل — نظام الإثبات","https://laws.boe.gov.sa/BoeLaws/Laws/LawDetails/2716057c-c097-4bad-8e1e-ae1400c678d5/1","2026-09-22","ثابتة نظاميًا نسبيًا","PARTIALLY VERIFIED","يوجد تدقيق تفصيلي ورابط لنص نظامي رسمي، لكن هذا النص بعينه لم يُعد فتحه ومطابقة جميع ادعاءات النتيجة في هذه المرحلة.","HIGH","النتيجة تمس الاختصاص أو طريق الاعتراض/التنفيذ أو مدة/رسومًا مؤثرة.","نعم","ما مقدار المدة وبدايتها ونهايتها والاستثناءات وأثر فواتها وفق النص المطبق على هذه الحالة؟","NEEDS REVIEW",""
"R-EVID-WITNESS","القضاء والتنفيذ وناجز","Q001: وش صار معك؟ ← عندي مشكلة في الإثبات أو الأدلة → Q600: وش مشكلة الإثبات عندك؟ ← عندي شهود","تعتمد على شهادة أشخاص على الواقعة.","الشهادة وسيلة إثبات منظمة، لكن قبولها ومدى جواز الإثبات بها يتأثر بنوع التصرف والواقعة. جهز بيانات الشاهد والواقعة التي شاهدها مباشرة.","المحكمة أو الجهة القضائية المختصة بحسب نوع الدعوى والمرحلة المبينة في النتيجة.","","طلب سماع شهادة | شهادة","بيانات الشهود وما شاهدوه مباشرة وصلتهم بالأطراف.","بيانات الشاهد وما يدعم طلب سماعه بحسب إجراءات المحكمة.","تراعى مواعيد المحكمة لتقديم طلبات الإثبات؛ لا مهلة موضوعية موحدة للشهادة.","لا تكلفة قضائية مستقلة موحدة لمجرد هذا الدليل؛ قد توجد مصروفات إجراء/خبرة بحسب الحالة.","غير منطبق ظاهرًا","تعرض المحكمة الأدلة والدفوع وفق النظام وتقدر أثرها في النزاع.","نظام الإثبات نظام الإثبات","","باب الشهادة — نظام الإثبات","هيئة الخبراء بمجلس الوزراء / وزارة العدل — نظام الإثبات","https://laws.boe.gov.sa/BoeLaws/Laws/LawDetails/2716057c-c097-4bad-8e1e-ae1400c678d5/1","2026-09-22","ثابتة نظاميًا نسبيًا","PARTIALLY VERIFIED","يوجد تدقيق تفصيلي ورابط لنص نظامي رسمي، لكن هذا النص بعينه لم يُعد فتحه ومطابقة جميع ادعاءات النتيجة في هذه المرحلة.","HIGH","النتيجة تمس الاختصاص أو طريق الاعتراض/التنفيذ أو مدة/رسومًا مؤثرة.","نعم","ما مقدار المدة وبدايتها ونهايتها والاستثناءات وأثر فواتها وفق النص المطبق على هذه الحالة؟","NEEDS REVIEW",""
"R-EVID-WRITING","القضاء والتنفيذ وناجز","Q001: وش صار معك؟ ← عندي مشكلة في الإثبات أو الأدلة → Q600: وش مشكلة الإثبات عندك؟ ← عندي عقد أو محرر مكتوب","تعتمد على عقد أو محرر مكتوب.","نظام الإثبات يفرق بين المحررات الرسمية والعادية وينظم حجيتها والطعن فيها. قدم الأصل أو النسخة المعتبرة وحدد ما تستدل به.","المحكمة أو الجهة القضائية المختصة بحسب نوع الدعوى والمرحلة المبينة في النتيجة.","","تقديم المحرر الكتابي | دليل كتابي","المحرر، الأصل إن وجد، وما يثبت نسبته لصاحبه.","العقد/المحرر وما يلزم للتحقق من نسبته.","لا مهلة موحدة للكتابة كدليل؛ تراعى مواعيد القضية.","لا تكلفة قضائية مستقلة موحدة لمجرد هذا الدليل؛ قد توجد مصروفات إجراء/خبرة بحسب الحالة.","غير منطبق ظاهرًا","تعرض المحكمة الأدلة والدفوع وفق النظام وتقدر أثرها في النزاع.","نظام الإثبات نظام الإثبات","","أبواب المحررات والكتابة — نظام الإثبات","هيئة الخبراء بمجلس الوزراء / وزارة العدل — نظام الإثبات","https://laws.boe.gov.sa/BoeLaws/Laws/LawDetails/2716057c-c097-4bad-8e1e-ae1400c678d5/1","2026-09-22","ثابتة نظاميًا نسبيًا","PARTIALLY VERIFIED","يوجد تدقيق تفصيلي ورابط لنص نظامي رسمي، لكن هذا النص بعينه لم يُعد فتحه ومطابقة جميع ادعاءات النتيجة في هذه المرحلة.","HIGH","النتيجة تمس الاختصاص أو طريق الاعتراض/التنفيذ أو مدة/رسومًا مؤثرة.","نعم","ما مقدار المدة وبدايتها ونهايتها والاستثناءات وأثر فواتها وفق النص المطبق على هذه الحالة؟","NEEDS REVIEW",""
"R-LABOR-FILE-COURT","القضاء والتنفيذ وناجز","Q001: وش صار معك؟ ← مشكلة عمل أو راتب أو فصل → Q050: أنت تشتغل عند مين؟ ← شركة أو مؤسسة في القطاع الخاص → Q054: وش صفتك أو وش الخدمة العمالية اللي تحتاجها؟ ← أنا صاحب العمل → Q256: هل صار نزاع فعلي؟ ← نعم، توجد مطالبة أو منازعة فعلية → Q056: وين وصلت في المسار العمالي؟ ← عندي محضر تعذر صلح صادر من التسوية الودية → Q215: صار عندك رقم قضية عمالية؟ ← لا، ما رفعت القضية بعد","تعذرت التسوية الودية وصدر محضر تعذر الصلح.","استخدم محضر التعذر للتقدم بصحيفة دعوى إلى المحكمة العمالية المختصة وفق إجراءات وزارة العدل.","وزارة الموارد البشرية للتسوية الودية ثم المحكمة العمالية عند تعذر الصلح.","المحكمة العمالية","صحيفة دعوى أمام المحكمة العمالية بعد تعذر التسوية | ناجز | دعوى عمالية قضائية","محضر تعذر التسوية يثبت انتهاء مرحلة التسوية، ثم تُستكمل متطلبات صحيفة الدعوى في ناجز بحسب نوع المطالبة. لا تُعامل بيانات نموذج الدعوى كمستندات مستقلة، وأرفق المستندات المؤيدة لمطالبتك بحسب الحالة.","محضر تعذر التسوية والمستندات المؤيدة للمطالبات بحسب نوعها.","بعد تعذر التسوية؛ لا نضع مهلة موضوعية موحدة لكل المطالبات العمالية في هذه النتيجة.","العامل المطالب بحقوق ناشئة عن عقد العمل معفى من التكاليف القضائية وفق الاستثناء النظامي؛ وقد تختلف المعالجة إذا كان مقدم الدعوى صاحب العمل أو كان الطلب خارج نطاق الإعفاء.","غير منطبق ظاهرًا","بعد قيد الدعوى تنتقل الرحلة إلى مسار القضية في ناجز.","","","","وزارة الموارد البشرية والتنمية الاجتماعية — التسوية الودية للخلافات العمالية","https://www.hrsd.gov.sa/ministry-services/services/269970","2026-09-20","قابلة للتغير","PARTIALLY VERIFIED","المصدر رسمي لكنه لا يثبت آليًا جميع عناصر الاختصاص/المدة/الرسوم المركبة في النتيجة.","HIGH","النتيجة تمس الاختصاص أو طريق الاعتراض/التنفيذ أو مدة/رسومًا مؤثرة.","نعم","ما مقدار المدة وبدايتها ونهايتها والاستثناءات وأثر فواتها وفق النص المطبق على هذه الحالة؟","NEEDS REVIEW",""
"R-NAJIZ-JUDICIAL-COSTS-OBJECTION","القضاء والتنفيذ وناجز","Q001: وش صار معك؟ ← وصلني شيء في ناجز → Q020: وش وصلك في ناجز؟ ← وصلتني فاتورة أو سند تكاليف قضائية → Q274: وش تحتاج بخصوص فاتورة التكاليف القضائية؟ ← أريد الاطلاع على فاتورة التكاليف القضائية أو الاعتراض عليها","وصلتك فاتورة/سند تكاليف قضائية وتبي تشوفها أو تعترض عليها.","ناجز > جميع الخدمات الإلكترونية > القضاء > التكاليف القضائية > تقديم طلب جديد. اختر الفاتورة، وللاعتراض اضغط «اعتراض على فاتورة» ثم قدّم البيانات.","المحكمة أو الجهة القضائية المختصة بحسب نوع الدعوى والمرحلة المبينة في النتيجة.","","التكاليف القضائية | ناجز | اعتراض على فاتورة/تقدير التكاليف القضائية","صفحة الخدمة تذكر أنه لا توجد مستندات مطلوبة. للاعتراض تختار الفاتورة وتدخل البيانات المطلوبة، مع مراعاة مهلة الاعتراض المنشورة وهي 15 يومًا من تاريخ إنشاء الفاتورة.","لا توجد مستندات مطلوبة.","15 يومًا. صفحة الخدمة الحالية تذكر من تاريخ إنشاء الفاتورة، ونظام التكاليف القضائية م11 يقرر الاعتراض على تحديد مبلغ التكاليف خلال 15 يومًا من تاريخ التبليغ؛ عند التطبيق يعتمد الحدث النظامي المرتبط بالتقدير/التبليغ الظاهر في ناجز.","رسوم الخدمة نفسها: لا يوجد.","بعد التقديم تابع حالة الاعتراض داخل الخدمة. لا نفترض هنا مدة معالجة محددة ما لم تنص عليها القناة الرسمية بوضوح.","بعد التقديم تابع حالة الاعتراض داخل الخدمة. لا نفترض هنا مدة معالجة محددة ما لم تنص عليها القناة الرسمية بوضوح.","","","","وزارة العدل — التكاليف القضائية","https://www.moj.gov.sa/ar/eservices/pages/143507f9-e5db-4423-a0c1-9f489c6c3893.aspx","2026-09-20","قابلة للتغير","PARTIALLY VERIFIED","المصدر رسمي لكنه لا يثبت آليًا جميع عناصر الاختصاص/المدة/الرسوم المركبة في النتيجة.","HIGH","النتيجة تمس الاختصاص أو طريق الاعتراض/التنفيذ أو مدة/رسومًا مؤثرة.","نعم","ما مقدار المدة وبدايتها ونهايتها والاستثناءات وأثر فواتها وفق النص المطبق على هذه الحالة؟","NEEDS REVIEW",""
"R-NAJIZ-READ-REASON","القضاء والتنفيذ وناجز","Q001: وش صار معك؟ ← وصلني شيء في ناجز → Q020: وش وصلك في ناجز؟ ← عندي طلب صحيفة دعوى أو رقم طلب فقط → Q021: طلب الدعوى ما زال تحت التدقيق؟ ← نعم، ما عندي رقم قضية حتى الآن → Q022: وش حالة طلب الدعوى؟ ← مرفوض أو معاد","الطلب مرفوض أو معاد، ولا نعرف سبب ذلك بعد.","من تفاصيل الطلب في ناجز انسخ سبب القرار كاملًا وحدد هل هو نقص بيانات، مستند، أو مشكلة في المسار. أصلح السبب أولًا ثم استخدم الإجراء الذي تتيحه الخدمة.","المحكمة أو الجهة القضائية المختصة بحسب نوع الدعوى والمرحلة المبينة في النتيجة.","","قراءة سبب إعادة الطلب | ناجز | تشخيص طلب قائم","رقم الطلب + سبب القرار كاملًا + نسخة المستندات المقدمة.","يتحدد المطلوب من سبب الإعادة نفسه.","أي مهلة تظهر في الطلب يجب الالتزام بها؛ لا مدة موحدة هنا.","لا رسوم لمجرد قراءة الحالة.","غير منطبق ظاهرًا","إما تصحيح النقص في المسار نفسه أو الانتقال لمسار آخر إذا كان سبب القرار متعلقًا بالاختصاص أو نوع الطلب.","","","","وزارة العدل — رحلة القضية في وزارة العدل","https://www.moj.gov.sa/ar/Ministry/Pages/CaseTripInMOJ.aspx","2026-09-20","قابلة للتغير","PARTIALLY VERIFIED","المصدر رسمي لكنه لا يثبت آليًا جميع عناصر الاختصاص/المدة/الرسوم المركبة في النتيجة.","HIGH","النتيجة تمس الاختصاص أو طريق الاعتراض/التنفيذ أو مدة/رسومًا مؤثرة.","نعم","ما مقدار المدة وبدايتها ونهايتها والاستثناءات وأثر فواتها وفق النص المطبق على هذه الحالة؟","NEEDS REVIEW",""
"R-NAJIZ-WAIT-AUDIT","القضاء والتنفيذ وناجز","Q001: وش صار معك؟ ← وصلني شيء في ناجز → Q020: وش وصلك في ناجز؟ ← عندي طلب صحيفة دعوى أو رقم طلب فقط → Q021: طلب الدعوى ما زال تحت التدقيق؟ ← نعم، ما عندي رقم قضية حتى الآن → Q022: وش حالة طلب الدعوى؟ ← تحت التدقيق / قيد المراجعة","طلب صحيفة الدعوى ما زال في مرحلة التدقيق ولم يصدر رقم قضية بعد.","في ناجز افتح طلب صحيفة الدعوى وراقب حالة التدقيق والإشعارات. لا تقدم صحيفة ثانية ما دام الطلب الحالي قيد المراجعة.","المحكمة أو الجهة القضائية المختصة بحسب نوع الدعوى والمرحلة المبينة في النتيجة.","","تدقيق طلب القضية | ناجز | متابعة طلب قائم","رقم الطلب + حالة التدقيق + أي ملاحظة أو إشعار.","لا مستند جديد لمجرد المتابعة؛ النواقص تحدد عند التدقيق.","لا نضع مدة سقوط لمجرد مرحلة التدقيق.","لا رسوم مستقلة لمتابعة التدقيق.","غير منطبق ظاهرًا","إما يُقبل الطلب وينتقل لمرحلة القضية، أو تظهر ملاحظة/استكمال تتعامل معها على الطلب.","","","","وزارة العدل — رحلة القضية في وزارة العدل","https://www.moj.gov.sa/ar/Ministry/Pages/CaseTripInMOJ.aspx","2026-09-20","قابلة للتغير","PARTIALLY VERIFIED","المصدر رسمي لكنه لا يثبت آليًا جميع عناصر الاختصاص/المدة/الرسوم المركبة في النتيجة.","HIGH","النتيجة تمس الاختصاص أو طريق الاعتراض/التنفيذ أو مدة/رسومًا مؤثرة.","نعم","ما مقدار المدة وبدايتها ونهايتها والاستثناءات وأثر فواتها وفق النص المطبق على هذه الحالة؟","NEEDS REVIEW",""
"R-CIVIL-CONTRACTOR-TERMINATION","المعاملات المدنية","Q001: وش صار معك؟ ← لي مبلغ أو حق مالي عند شخص أو جهة → Q010: المبلغ سببه وش؟ ← تعويض أو إخلال بعقد أو استرداد مبلغ غير مستحق → Q500: وش نوع مطالبتك المدنية؟ ← مشكلتي في عقد مقاولة أو تنفيذ أعمال → Q505: وش المشكلة في عقد المقاولة؟ ← أبي أنهي المقاولة بسبب عذر طارئ","تريد فسخ المقاولة بسبب عذر طارئ يتعلق بتنفيذ العقد.","المادة 476 تجيز لكل من المتعاقدين طلب فسخ عقد المقاولة إذا حدث له عذر طارئ يتعلق بالتنفيذ، مع التزامه بتعويض الطرف الآخر عما ينشأ عن الفسخ من ضرر.","المحكمة أو الجهة القضائية المختصة بحسب نوع الدعوى والمرحلة المبينة في النتيجة.","","فسخ عقد مقاولة | دعوى فسخ/حقوق مقاولة","العقد، وصف العذر، تاريخ حدوثه، أثره على التنفيذ، الضرر المتوقع.","العقد، الإنذارات، محاضر الموقع، المستخلصات، تقارير الإنجاز والمراسلات.","لا مدة دعوى موحدة هنا؛ أما مهلة التصحيح في المادة 466 فتكون مدة معقولة يعينها صاحب العمل.","رسوم خدمة صحيفة الدعوى: لا يوجد؛ وقد تنطبق التكاليف القضائية وفق النظام.","غير منطبق ظاهرًا","إذا لم يوجد سند تنفيذي أو مسار خاص، تُرفع المطالبة أمام المحكمة المختصة وتُفحص الوقائع والأدلة والدفوع.","نظام المعاملات المدنية","","المادتان 466 و476: لصاحب العمل عند الإخلال إعذار المقاول للتصحيح خلال مدة معقولة ثم الاستعانة بغيره/طلب الفسخ، ويجوز الفسخ حالًا في الحالات المحددة؛ ولكل متعاقد طلب الفسخ لعذر طارئ متعلق بالتنفيذ مع التعويض عن ضرر الفسخ. | المادة 476","هيئة الخبراء بمجلس الوزراء — نظام المعاملات المدنية","https://laws.boe.gov.sa/BoeLaws/Laws/LawDetails/655fdb42-8c96-422b-b8c4-b04f0095c94c/1","2026-09-22","ثابتة نظاميًا نسبيًا","VERIFIED","تدقيق تفصيلي ومصدر نظامي أولي فُتح وتحقق من بقائه متاحًا في هذه المرحلة.","HIGH","النتيجة تمس الاختصاص أو طريق الاعتراض/التنفيذ أو مدة/رسومًا مؤثرة.","نعم","ما مقدار المدة وبدايتها ونهايتها والاستثناءات وأثر فواتها وفق النص المطبق على هذه الحالة؟","NEEDS REVIEW",""
"R-CIVIL-EXPLOITATION","المعاملات المدنية","Q001: وش صار معك؟ ← لي مبلغ أو حق مالي عند شخص أو جهة → Q010: المبلغ سببه وش؟ ← تعويض أو إخلال بعقد أو استرداد مبلغ غير مستحق → Q500: وش نوع مطالبتك المدنية؟ ← أبي أفسخ العقد أو أبطل العقد → Q501: وش سبب رغبتك في إنهاء العقد أو إبطاله؟ ← استغل ضعفي أو حاجتي وأوقعني في غبن","تقول إن الطرف الآخر استغل ضعفًا ظاهرًا أو حاجة ملحة لديك وأدى ذلك إلى غبن.","المادة 68 تجيز للمحكمة بحسب الظروف إنقاص التزامات المغبون أو زيادة التزامات الطرف الآخر أو إبطال العقد، ويجب رفع الدعوى خلال 180 يومًا من تاريخ التعاقد.","المحكمة أو الجهة القضائية المختصة بحسب نوع الدعوى والمرحلة المبينة في النتيجة.","","استغلال ضعف ظاهر أو حاجة ملحة مع غبن | دعوى إنقاص/زيادة الالتزامات أو إبطال العقد بسبب الاستغلال","العقد، ظروف الضعف أو الحاجة وقت التعاقد، ودليل الغبن وقيم المقارنة.","العقد، ما يثبت تاريخ التعاقد، أدلة الحاجة/الضعف، تقييم المقابل أو السوق، والمراسلات.","180 يومًا من تاريخ التعاقد؛ بعد ذلك يمتنع سماع الدعوى بهذا الأساس.","رسوم خدمة صحيفة الدعوى: لا يوجد؛ وقد تنطبق التكاليف القضائية بحسب نوع القضية.","غير منطبق ظاهرًا","إذا لم يوجد سند تنفيذي أو مسار خاص، تُعرض المطالبة على المحكمة المختصة عبر صحيفة الدعوى وتفصل وفق العقد والوقائع والأدلة.","نظام المعاملات المدنية","","المادة 68: للمحكمة إنقاص التزامات المغبون أو زيادة التزامات الطرف الآخر أو إبطال العقد، ويجب رفع الدعوى خلال 180 يومًا من تاريخ التعاقد وإلا امتنع سماعها. | المادتان 68–69","هيئة الخبراء بمجلس الوزراء — نظام المعاملات المدنية","https://laws.boe.gov.sa/BoeLaws/Laws/LawDetails/655fdb42-8c96-422b-b8c4-b04f0095c94c/1","2026-09-22","ثابتة نظاميًا نسبيًا","VERIFIED","تدقيق تفصيلي ومصدر نظامي أولي فُتح وتحقق من بقائه متاحًا في هذه المرحلة.","HIGH","النتيجة تمس الاختصاص أو طريق الاعتراض/التنفيذ أو مدة/رسومًا مؤثرة.","نعم","ما مقدار المدة وبدايتها ونهايتها والاستثناءات وأثر فواتها وفق النص المطبق على هذه الحالة؟","NEEDS REVIEW",""
"R-CIVIL-GIFT-CONDITION","المعاملات المدنية","Q001: وش صار معك؟ ← لي مبلغ أو حق مالي عند شخص أو جهة → Q010: المبلغ سببه وش؟ ← تعويض أو إخلال بعقد أو استرداد مبلغ غير مستحق → Q500: وش نوع مطالبتك المدنية؟ ← مشكلتي في هبة أو رجوع في هبة → Q509: وش المشكلة في الهبة؟ ← الهبة عليها شرط أو التزام ولم ينفذ","الهبة تضمنت التزامًا على الموهوب له ووقع خلاف على تنفيذه.","يجوز اشتراط التزام معين على الموهوب له؛ وإذا كان الشرط عوضًا صارت المعاملة معاوضة بحسب طبيعة العوض، وقد يكون الإخلال بالالتزام سببًا لطلب الرجوع وفق شروط المادة 376.","المحكمة أو الجهة القضائية المختصة بحسب نوع الدعوى والمرحلة المبينة في النتيجة.","المحكمة العامة","دعوى جديدة عبر «صحيفة دعوى» إذا كان الحق محل نزاع ولم يوجد سند تنفيذي؛ وإذا كانت القضية قائمة فيقدم الطلب/الدفع داخلها بحسب مرحلتها.","عقد الهبة، نص الشرط، إثبات التنفيذ أو الإخلال.","","","","بعد تقديم صحيفة الدعوى يُدقق الطلب؛ عند وجود نواقص يطلب استكمالها، وعند القبول يرسل رقم القضية واسم الدائرة. ثم تنظر الدائرة الأدلة والدفوع وتصدر حكمًا قابلًا لطرق الاعتراض النظامية بحسب نوعه ومرحلته.","بعد تقديم صحيفة الدعوى يُدقق الطلب؛ عند وجود نواقص يطلب استكمالها، وعند القبول يرسل رقم القضية واسم الدائرة. ثم تنظر الدائرة الأدلة والدفوع وتصدر حكمًا قابلًا لطرق الاعتراض النظامية بحسب نوعه ومرحلته.","نظام المعاملات المدنية","","المادتان 367 و376","هيئة الخبراء بمجلس الوزراء — نظام المعاملات المدنية","https://laws.boe.gov.sa/BoeLaws/Laws/LawDetails/655fdb42-8c96-422b-b8c4-b04f0095c94c/1","2026-09-22","قابلة للتغير","STALE RISK","نظام تنفيذ جديد نُشر في 2026 وسيحل محل النظام السابق بعد 180 يومًا؛ يلزم تثبيت تاريخ النفاذ وخطة تحديث النتيجة.","HIGH","النتيجة تمس الاختصاص أو طريق الاعتراض/التنفيذ أو مدة/رسومًا مؤثرة.","نعم","ما مقدار المدة وبدايتها ونهايتها والاستثناءات وأثر فواتها وفق النص المطبق على هذه الحالة؟","NEEDS REVIEW",""
"R-CIVIL-GIFT-FORMALITY","المعاملات المدنية","Q001: وش صار معك؟ ← لي مبلغ أو حق مالي عند شخص أو جهة → Q010: المبلغ سببه وش؟ ← تعويض أو إخلال بعقد أو استرداد مبلغ غير مستحق → Q500: وش نوع مطالبتك المدنية؟ ← مشكلتي في هبة أو رجوع في هبة → Q509: وش المشكلة في الهبة؟ ← هبة عقار أو منقول وأبي أعرف متى تنعقد","يوجد نزاع حول انعقاد هبة عقار أو منقول.","هبة العقار لا تنعقد إلا بتوثيقها وفق النصوص النظامية، وهبة المنقول تنعقد بالتوثيق أو بالقبض وفق المادة 368.","المحكمة أو الجهة القضائية المختصة بحسب نوع الدعوى والمرحلة المبينة في النتيجة.","المحكمة العامة","دعوى جديدة عبر «صحيفة دعوى» إذا كان الحق محل نزاع ولم يوجد سند تنفيذي؛ وإذا كانت القضية قائمة فيقدم الطلب/الدفع داخلها بحسب مرحلتها.","مستند الهبة، الصك/بيانات العقار أو المنقول، ما يثبت القبض أو التوثيق.","","","","بعد تقديم صحيفة الدعوى يُدقق الطلب؛ عند وجود نواقص يطلب استكمالها، وعند القبول يرسل رقم القضية واسم الدائرة. ثم تنظر الدائرة الأدلة والدفوع وتصدر حكمًا قابلًا لطرق الاعتراض النظامية بحسب نوعه ومرحلته.","بعد تقديم صحيفة الدعوى يُدقق الطلب؛ عند وجود نواقص يطلب استكمالها، وعند القبول يرسل رقم القضية واسم الدائرة. ثم تنظر الدائرة الأدلة والدفوع وتصدر حكمًا قابلًا لطرق الاعتراض النظامية بحسب نوعه ومرحلته.","نظام المعاملات المدنية","","المواد 366–368","هيئة الخبراء بمجلس الوزراء — نظام المعاملات المدنية","https://laws.boe.gov.sa/BoeLaws/Laws/LawDetails/655fdb42-8c96-422b-b8c4-b04f0095c94c/1","2026-09-22","قابلة للتغير","STALE RISK","نظام تنفيذ جديد نُشر في 2026 وسيحل محل النظام السابق بعد 180 يومًا؛ يلزم تثبيت تاريخ النفاذ وخطة تحديث النتيجة.","HIGH","النتيجة تمس الاختصاص أو طريق الاعتراض/التنفيذ أو مدة/رسومًا مؤثرة.","نعم","ما مقدار المدة وبدايتها ونهايتها والاستثناءات وأثر فواتها وفق النص المطبق على هذه الحالة؟","NEEDS REVIEW",""
"R-CIVIL-GIFT-NONOWNER","المعاملات المدنية","Q001: وش صار معك؟ ← لي مبلغ أو حق مالي عند شخص أو جهة → Q010: المبلغ سببه وش؟ ← تعويض أو إخلال بعقد أو استرداد مبلغ غير مستحق → Q500: وش نوع مطالبتك المدنية؟ ← مشكلتي في هبة أو رجوع في هبة → Q509: وش المشكلة في الهبة؟ ← وهبني شخص مالًا ليس مملوكًا له","الواهب وهب مالًا لا يملكه.","لا ينفذ عقد الهبة إذا كان الموهوب غير مملوك للواهب إلا إذا أجازه المالك.","المحكمة أو الجهة القضائية المختصة بحسب نوع الدعوى والمرحلة المبينة في النتيجة.","المحكمة العامة","دعوى جديدة عبر «صحيفة دعوى» إذا كان الحق محل نزاع ولم يوجد سند تنفيذي؛ وإذا كانت القضية قائمة فيقدم الطلب/الدفع داخلها بحسب مرحلتها.","عقد الهبة، إثبات الملكية، أي إجازة من المالك.","","","","بعد تقديم صحيفة الدعوى يُدقق الطلب؛ عند وجود نواقص يطلب استكمالها، وعند القبول يرسل رقم القضية واسم الدائرة. ثم تنظر الدائرة الأدلة والدفوع وتصدر حكمًا قابلًا لطرق الاعتراض النظامية بحسب نوعه ومرحلته.","بعد تقديم صحيفة الدعوى يُدقق الطلب؛ عند وجود نواقص يطلب استكمالها، وعند القبول يرسل رقم القضية واسم الدائرة. ثم تنظر الدائرة الأدلة والدفوع وتصدر حكمًا قابلًا لطرق الاعتراض النظامية بحسب نوعه ومرحلته.","نظام المعاملات المدنية","","المادة 369","هيئة الخبراء بمجلس الوزراء — نظام المعاملات المدنية","https://laws.boe.gov.sa/BoeLaws/Laws/LawDetails/655fdb42-8c96-422b-b8c4-b04f0095c94c/1","2026-09-22","قابلة للتغير","STALE RISK","نظام تنفيذ جديد نُشر في 2026 وسيحل محل النظام السابق بعد 180 يومًا؛ يلزم تثبيت تاريخ النفاذ وخطة تحديث النتيجة.","HIGH","النتيجة تمس الاختصاص أو طريق الاعتراض/التنفيذ أو مدة/رسومًا مؤثرة.","نعم","ما مقدار المدة وبدايتها ونهايتها والاستثناءات وأثر فواتها وفق النص المطبق على هذه الحالة؟","NEEDS REVIEW",""
"R-CIVIL-GIFT-REVOCATION","المعاملات المدنية","Q001: وش صار معك؟ ← لي مبلغ أو حق مالي عند شخص أو جهة → Q010: المبلغ سببه وش؟ ← تعويض أو إخلال بعقد أو استرداد مبلغ غير مستحق → Q500: وش نوع مطالبتك المدنية؟ ← مشكلتي في هبة أو رجوع في هبة → Q509: وش المشكلة في الهبة؟ ← الواهب يريد الرجوع في الهبة","الواهب يريد استرداد المال الموهوب بعد تمام الهبة.","الرجوع يكون برضا الموهوب له، وعند عدم رضاه لا يطلب من المحكمة إلا في الحالات المحددة نظامًا، ومنها هبة الوالد لولده بمسوغ، أو حق رجوع مشروع مشروط، أو إخلال الموهوب له بالتزام اشترط عليه.","المحكمة أو الجهة القضائية المختصة بحسب نوع الدعوى والمرحلة المبينة في النتيجة.","المحكمة العامة","دعوى جديدة عبر «صحيفة دعوى» إذا كان الحق محل نزاع ولم يوجد سند تنفيذي؛ وإذا كانت القضية قائمة فيقدم الطلب/الدفع داخلها بحسب مرحلتها.","عقد الهبة، سبب الرجوع، الشرط إن وجد، ما يثبت الإخلال.","","","","بعد تقديم صحيفة الدعوى يُدقق الطلب؛ عند وجود نواقص يطلب استكمالها، وعند القبول يرسل رقم القضية واسم الدائرة. ثم تنظر الدائرة الأدلة والدفوع وتصدر حكمًا قابلًا لطرق الاعتراض النظامية بحسب نوعه ومرحلته.","بعد تقديم صحيفة الدعوى يُدقق الطلب؛ عند وجود نواقص يطلب استكمالها، وعند القبول يرسل رقم القضية واسم الدائرة. ثم تنظر الدائرة الأدلة والدفوع وتصدر حكمًا قابلًا لطرق الاعتراض النظامية بحسب نوعه ومرحلته.","نظام المعاملات المدنية","","المواد 376–381","هيئة الخبراء بمجلس الوزراء — نظام المعاملات المدنية","https://laws.boe.gov.sa/BoeLaws/Laws/LawDetails/655fdb42-8c96-422b-b8c4-b04f0095c94c/1","2026-09-22","قابلة للتغير","STALE RISK","نظام تنفيذ جديد نُشر في 2026 وسيحل محل النظام السابق بعد 180 يومًا؛ يلزم تثبيت تاريخ النفاذ وخطة تحديث النتيجة.","HIGH","النتيجة تمس الاختصاص أو طريق الاعتراض/التنفيذ أو مدة/رسومًا مؤثرة.","نعم","ما مقدار المدة وبدايتها ونهايتها والاستثناءات وأثر فواتها وفق النص المطبق على هذه الحالة؟","NEEDS REVIEW",""
"R-CIVIL-INVALID-CONTRACT","المعاملات المدنية","Q001: وش صار معك؟ ← لي مبلغ أو حق مالي عند شخص أو جهة → Q010: المبلغ سببه وش؟ ← تعويض أو إخلال بعقد أو استرداد مبلغ غير مستحق → Q500: وش نوع مطالبتك المدنية؟ ← أبي أفسخ العقد أو أبطل العقد → Q501: وش سبب رغبتك في إنهاء العقد أو إبطاله؟ ← العقد نفسه باطل أو محله/سببه غير مشروع","تعتقد أن العقد باطل بسبب خلل في محله أو سببه أو سبب بطلان آخر.","المواد 72 و75 و81–85 تنظم بطلان العقد وآثاره؛ البطلان لا يزول بالإجازة، وفي الأصل يعود الطرفان للحالة السابقة عند البطلان أو الإبطال وفق المادة 82.","المحكمة أو الجهة القضائية المختصة بحسب نوع الدعوى والمرحلة المبينة في النتيجة.","","ادعاء بطلان/عدم صحة عقد | دعوى تتعلق بصحة العقد وآثاره","العقد كاملًا، سبب البطلان المدعى به، وما تم تنفيذه أو تسليمه بموجبه.","العقد، الملاحق، التراخيص/التسجيلات اللازمة إن وجدت، وأدلة سبب البطلان.","لا تُسمع دعوى البطلان بعد 10 سنوات من تاريخ العقد، مع بقاء الدفع بالبطلان ممكنًا في أي وقت وفق النص النظامي.","رسوم خدمة صحيفة الدعوى: لا يوجد؛ وقد تنطبق التكاليف القضائية وفق النظام.","غير منطبق ظاهرًا","إذا لم يوجد سند تنفيذي أو مسار خاص، تُعرض المطالبة على المحكمة المختصة عبر صحيفة الدعوى وتفصل وفق العقد والوقائع والأدلة.","نظام المعاملات المدنية","","نظام المعاملات المدنية ينظم إنشاء العقد وانتهائه وبطلانه، مع عدم الإخلال بالإجراءات الشكلية والاختصاصات المقررة في الأنظمة الخاصة. | المواد 72 و75 و77–85","هيئة الخبراء بمجلس الوزراء — نظام المعاملات المدنية","https://laws.boe.gov.sa/BoeLaws/Laws/LawDetails/655fdb42-8c96-422b-b8c4-b04f0095c94c/1","2026-09-22","ثابتة نظاميًا نسبيًا","VERIFIED","تدقيق تفصيلي ومصدر نظامي أولي فُتح وتحقق من بقائه متاحًا في هذه المرحلة.","HIGH","النتيجة تمس الاختصاص أو طريق الاعتراض/التنفيذ أو مدة/رسومًا مؤثرة.","نعم","ما مقدار المدة وبدايتها ونهايتها والاستثناءات وأثر فواتها وفق النص المطبق على هذه الحالة؟","NEEDS REVIEW",""
"R-CIVIL-LIMITATION","المعاملات المدنية","Q001: وش صار معك؟ ← لي مبلغ أو حق مالي عند شخص أو جهة → Q010: المبلغ سببه وش؟ ← تعويض أو إخلال بعقد أو استرداد مبلغ غير مستحق → Q500: وش نوع مطالبتك المدنية؟ ← عندي مشكلة في الوفاء أو المقاصة أو مرور الزمن → Q503: وش المشكلة في انقضاء الالتزام أو المطالبة؟ ← مر وقت طويل على الحق وأبي أعرف أثر مرور الزمن","مر زمن على الحق وتريد معرفة هل ما زالت الدعوى تسمع.","المادة 295 تقرر الأصل العام: الحق لا ينقضي بمرور الزمن، لكن لا تسمع الدعوى به على المنكر بعد عشر سنوات، مع وجود مدد واستثناءات أخرى في المواد التالية. ولا تقضي المحكمة بذلك من تلقاء نفسها بل بطلب وفق المادة 306.","المحكمة أو الجهة القضائية المختصة بحسب نوع الدعوى والمرحلة المبينة في النتيجة.","","مرور زمن على مطالبة مدنية | دفع بعدم سماع الدعوى/تقييم قابلية سماعها","تاريخ استحقاق الحق، نوعه، أي إقرار أو مطالبة أو إجراء قضائي، وأي سبب لوقف أو انقطاع المدة.","العقد، المطالبة، الإقرارات، الأحكام/الإجراءات السابقة وأي مستند يثبت تاريخ الاستحقاق.","الأصل في المادة 295: عشر سنوات على المنكر، مع نصوص خاصة واستثناءات؛ والمادة 296 تقرر خمس سنوات لبعض الحقوق، ومنها حقوق أصحاب المهن الحرة المذكورة فيها.","رسوم خدمة صحيفة الدعوى: لا يوجد؛ وقد تنطبق التكاليف القضائية وفق النظام.","إذا لم يوجد سند تنفيذي أو مسار خاص، تُعرض المطالبة على المحكمة المختصة عبر صحيفة الدعوى وتفصل وفق العقد والوقائع والأدلة.","إذا لم يوجد سند تنفيذي أو مسار خاص، تُعرض المطالبة على المحكمة المختصة عبر صحيفة الدعوى وتفصل وفق العقد والوقائع والأدلة.","نظام المعاملات المدنية","","المادتان 295 و296 من نظام المعاملات المدنية، مع وجوب فحص بقية مواد الفرع والنصوص الخاصة قبل تقرير المدة النهائية. | المواد 295–306","هيئة الخبراء بمجلس الوزراء — نظام المعاملات المدنية","https://laws.boe.gov.sa/BoeLaws/Laws/LawDetails/655fdb42-8c96-422b-b8c4-b04f0095c94c/1","2026-09-22","ثابتة نظاميًا نسبيًا","VERIFIED","تدقيق تفصيلي ومصدر نظامي أولي فُتح وتحقق من بقائه متاحًا في هذه المرحلة.","HIGH","النتيجة تمس الاختصاص أو طريق الاعتراض/التنفيذ أو مدة/رسومًا مؤثرة.","نعم","ما مقدار المدة وبدايتها ونهايتها والاستثناءات وأثر فواتها وفق النص المطبق على هذه الحالة؟","NEEDS REVIEW",""
"R-CIVIL-LOAN-EQUIVALENT","المعاملات المدنية","Q001: وش صار معك؟ ← لي مبلغ أو حق مالي عند شخص أو جهة → Q010: المبلغ سببه وش؟ ← تعويض أو إخلال بعقد أو استرداد مبلغ غير مستحق → Q500: وش نوع مطالبتك المدنية؟ ← مشكلتي في قرض بين أشخاص → Q506: وش المشكلة في القرض؟ ← تعذر رد نفس الشيء المقترض","تعذر رد مثل الشيء المقترض.","المادة 388 تلزم برد مثل الشيء مقدارًا ونوعًا وصفة، فإذا تعذر رد المثل وجب رد قيمته يوم الاقتراض.","المحكمة أو الجهة القضائية المختصة بحسب نوع الدعوى والمرحلة المبينة في النتيجة.","المحكمة العامة","دعوى جديدة عبر «صحيفة دعوى» إذا كان الحق محل نزاع ولم يوجد سند تنفيذي؛ وإذا كانت القضية قائمة فيقدم الطلب/الدفع داخلها بحسب مرحلتها.","وصف الشيء المقترض، كميته وصفته، إثبات تعذر المثل وقيمته وقت الاقتراض.","","","","بعد تقديم صحيفة الدعوى يُدقق الطلب؛ عند وجود نواقص يطلب استكمالها، وعند القبول يرسل رقم القضية واسم الدائرة. ثم تنظر الدائرة الأدلة والدفوع وتصدر حكمًا قابلًا لطرق الاعتراض النظامية بحسب نوعه ومرحلته.","بعد تقديم صحيفة الدعوى يُدقق الطلب؛ عند وجود نواقص يطلب استكمالها، وعند القبول يرسل رقم القضية واسم الدائرة. ثم تنظر الدائرة الأدلة والدفوع وتصدر حكمًا قابلًا لطرق الاعتراض النظامية بحسب نوعه ومرحلته.","نظام المعاملات المدنية","","المادة 388","هيئة الخبراء بمجلس الوزراء — نظام المعاملات المدنية","https://laws.boe.gov.sa/BoeLaws/Laws/LawDetails/655fdb42-8c96-422b-b8c4-b04f0095c94c/1","2026-09-22","قابلة للتغير","STALE RISK","نظام تنفيذ جديد نُشر في 2026 وسيحل محل النظام السابق بعد 180 يومًا؛ يلزم تثبيت تاريخ النفاذ وخطة تحديث النتيجة.","HIGH","النتيجة تمس الاختصاص أو طريق الاعتراض/التنفيذ أو مدة/رسومًا مؤثرة.","نعم","ما مقدار المدة وبدايتها ونهايتها والاستثناءات وأثر فواتها وفق النص المطبق على هذه الحالة؟","NEEDS REVIEW",""
"R-CIVIL-LOAN-NO-TERM","المعاملات المدنية","Q001: وش صار معك؟ ← لي مبلغ أو حق مالي عند شخص أو جهة → Q010: المبلغ سببه وش؟ ← تعويض أو إخلال بعقد أو استرداد مبلغ غير مستحق → Q500: وش نوع مطالبتك المدنية؟ ← مشكلتي في قرض بين أشخاص → Q506: وش المشكلة في القرض؟ ← ما حددنا موعدًا لرد القرض","القرض لم يحدد له أجل ولا غرض يحدد مدة الانتفاع.","المادة 387 تقرر أنه عند عدم تعيين أجل أو غرض يلزم المقترض الوفاء عند طلب المقرض، مع الاستثناء المتعلق بتضرره من الوفاء حتى تمضي المدة المعتادة للانتفاع بمثل المال المقترض.","المحكمة أو الجهة القضائية المختصة بحسب نوع الدعوى والمرحلة المبينة في النتيجة.","المحكمة العامة","دعوى جديدة عبر «صحيفة دعوى» إذا كان الحق محل نزاع ولم يوجد سند تنفيذي؛ وإذا كانت القضية قائمة فيقدم الطلب/الدفع داخلها بحسب مرحلتها.","إثبات القرض، تاريخ الطلب بالوفاء، طبيعة المال المقترض.","","","","بعد تقديم صحيفة الدعوى يُدقق الطلب؛ عند وجود نواقص يطلب استكمالها، وعند القبول يرسل رقم القضية واسم الدائرة. ثم تنظر الدائرة الأدلة والدفوع وتصدر حكمًا قابلًا لطرق الاعتراض النظامية بحسب نوعه ومرحلته.","بعد تقديم صحيفة الدعوى يُدقق الطلب؛ عند وجود نواقص يطلب استكمالها، وعند القبول يرسل رقم القضية واسم الدائرة. ثم تنظر الدائرة الأدلة والدفوع وتصدر حكمًا قابلًا لطرق الاعتراض النظامية بحسب نوعه ومرحلته.","نظام المعاملات المدنية","","المادة 387","هيئة الخبراء بمجلس الوزراء — نظام المعاملات المدنية","https://laws.boe.gov.sa/BoeLaws/Laws/LawDetails/655fdb42-8c96-422b-b8c4-b04f0095c94c/1","2026-09-22","قابلة للتغير","STALE RISK","نظام تنفيذ جديد نُشر في 2026 وسيحل محل النظام السابق بعد 180 يومًا؛ يلزم تثبيت تاريخ النفاذ وخطة تحديث النتيجة.","HIGH","النتيجة تمس الاختصاص أو طريق الاعتراض/التنفيذ أو مدة/رسومًا مؤثرة.","نعم","ما مقدار المدة وبدايتها ونهايتها والاستثناءات وأثر فواتها وفق النص المطبق على هذه الحالة؟","NEEDS REVIEW",""
"R-CIVIL-RESCISSION-BREACH","المعاملات المدنية","Q001: وش صار معك؟ ← لي مبلغ أو حق مالي عند شخص أو جهة → Q010: المبلغ سببه وش؟ ← تعويض أو إخلال بعقد أو استرداد مبلغ غير مستحق → Q500: وش نوع مطالبتك المدنية؟ ← أبي أفسخ العقد أو أبطل العقد → Q501: وش سبب رغبتك في إنهاء العقد أو إبطاله؟ ← الطرف الآخر أخل بالعقد وأبي فسخه","عقد ملزم للطرفين والطرف الآخر لم ينفذ التزامه.","المادة 107 تجيز -بعد إعذار المتعاقد المخل- طلب تنفيذ العقد أو فسخه، مع التعويض إن كان له مقتض. وللمحكمة رفض الفسخ إذا كان الجزء غير المنفذ قليل الأهمية.","المحكمة أو الجهة القضائية المختصة بحسب نوع الدعوى والمرحلة المبينة في النتيجة.","","إخلال بعقد ملزم للجانبين | دعوى تنفيذ/فسخ وتعويض بحسب الحالة","العقد، الالتزام المخل به، دليل الإعذار عند لزومه، وإثبات الإخلال والضرر إن طلب التعويض.","العقد، الإنذارات، إثبات الاستحقاق والإخلال والضرر.","لا مدة إجرائية موحدة؛ المادة 177 تجعل رفع الدعوى من وسائل الإعذار، مع استثناءات المادة 176.","رسوم خدمة صحيفة الدعوى: لا يوجد؛ وقد تنطبق التكاليف القضائية وفق النظام.","غير منطبق ظاهرًا","إذا لم يوجد سند تنفيذي أو مسار خاص، تُعرض المطالبة على المحكمة المختصة عبر صحيفة الدعوى وتفصل وفق العقد والوقائع والأدلة.","نظام المعاملات المدنية","","المواد 161 و164 و170 و171 و176 و177 بحسب الطلب: التنفيذ عند الاستحقاق، التنفيذ العيني، التعويض عن عدم الوفاء/التأخير، والإعذار واستثناءاته. | المواد 107 و111–114","هيئة الخبراء بمجلس الوزراء — نظام المعاملات المدنية","https://laws.boe.gov.sa/BoeLaws/Laws/LawDetails/655fdb42-8c96-422b-b8c4-b04f0095c94c/1","2026-09-22","قابلة للتغير","STALE RISK","نظام تنفيذ جديد نُشر في 2026 وسيحل محل النظام السابق بعد 180 يومًا؛ يلزم تثبيت تاريخ النفاذ وخطة تحديث النتيجة.","HIGH","النتيجة تمس الاختصاص أو طريق الاعتراض/التنفيذ أو مدة/رسومًا مؤثرة.","نعم","هل الجهة والمحكمة ونوع الإجراء المحددة صحيحة لكل صور الحالة والاستثناءات المحتملة؟","NEEDS REVIEW",""
"R-CIVIL-RESCISSION-CLAUSE","المعاملات المدنية","Q001: وش صار معك؟ ← لي مبلغ أو حق مالي عند شخص أو جهة → Q010: المبلغ سببه وش؟ ← تعويض أو إخلال بعقد أو استرداد مبلغ غير مستحق → Q500: وش نوع مطالبتك المدنية؟ ← أبي أفسخ العقد أو أبطل العقد → Q501: وش سبب رغبتك في إنهاء العقد أو إبطاله؟ ← العقد فيه شرط فسخ عند الإخلال","العقد يتضمن اتفاقًا على الفسخ عند الإخلال.","المادة 108 تجيز الاتفاق على حق الدائن في فسخ العقد عند الإخلال دون حكم قضائي، لكن الاتفاق لا يعفي من الإعذار إلا إذا نص الطرفان صراحة على الإعفاء منه.","المحكمة أو الجهة القضائية المختصة بحسب نوع الدعوى والمرحلة المبينة في النتيجة.","","شرط فسخ اتفاقي | دعوى/تمسك بفسخ اتفاقي عند تحقق الشرط","العقد وبند الفسخ، إثبات تحقق الإخلال، والإعذار ما لم يوجد إعفاء صريح منه.","العقد، بند الفسخ، الإعذار إن لزم، وإثبات الإخلال.","لا مدة خاصة بالمادة 108؛ مدد سماع الحق تفحص مستقلاً.","رسوم خدمة صحيفة الدعوى: لا يوجد؛ وقد تخضع القضية لنظام التكاليف القضائية.","غير منطبق ظاهرًا","إذا لم يوجد سند تنفيذي أو مسار خاص، تُعرض المطالبة على المحكمة المختصة عبر صحيفة الدعوى وتفصل وفق العقد والوقائع والأدلة.","نظام المعاملات المدنية","","المادة 108: يجوز الاتفاق على حق الدائن في فسخ العقد عند إخلال المدين دون حكم قضائي، ولا يعفي ذلك من الإعذار إلا إذا اتفق صراحة على الإعفاء. | المادة 108","هيئة الخبراء بمجلس الوزراء — نظام المعاملات المدنية","https://laws.boe.gov.sa/BoeLaws/Laws/LawDetails/655fdb42-8c96-422b-b8c4-b04f0095c94c/1","2026-09-22","ثابتة نظاميًا نسبيًا","VERIFIED","تدقيق تفصيلي ومصدر نظامي أولي فُتح وتحقق من بقائه متاحًا في هذه المرحلة.","HIGH","النتيجة تمس الاختصاص أو طريق الاعتراض/التنفيذ أو مدة/رسومًا مؤثرة.","نعم","هل الجهة والمحكمة ونوع الإجراء المحددة صحيحة لكل صور الحالة والاستثناءات المحتملة؟","NEEDS REVIEW",""
"R-CIVIL-SALE-DEFECT","المعاملات المدنية","Q001: وش صار معك؟ ← لي مبلغ أو حق مالي عند شخص أو جهة → Q010: المبلغ سببه وش؟ ← تعويض أو إخلال بعقد أو استرداد مبلغ غير مستحق → Q500: وش نوع مطالبتك المدنية؟ ← مشكلتي في عقد بيع أو مبيع → Q504: وش المشكلة في عقد البيع؟ ← ظهر عيب في المبيع","ظهر في المبيع عيب ينقص قيمته أو منفعته المقصودة.","المادة 338 تخير المشتري -عند تحقق الضمان- بين طلب فسخ البيع أو إمساك المبيع والرجوع بفرق الثمن، وللبائع في الحالة النظامية تقديم بديل مماثل غير معيب، مع إمكان التعويض عند مقتضاه.","المحكمة أو الجهة القضائية المختصة بحسب نوع الدعوى والمرحلة المبينة في النتيجة.","","نزاع بسبب عيب في المبيع | دعوى عقد بيع بحسب أثر العيب المطلوب","العقد، فاتورة/إثبات الشراء، صور وتقارير العيب، تاريخ اكتشافه، إشعار البائع.","عقد/فاتورة الشراء، صور وتقارير فنية، مراسلات البائع، وإثبات الضرر أو المصروفات إن طلبت.","الأصل ألا تُسمع دعوى ضمان العيب بعد 180 يومًا من تاريخ تسليم المبيع، ما لم يلتزم البائع بمدة أطول؛ ولا يتمسك بها البائع عند ثبوت إخفاء العيب غشًا.","رسوم خدمة صحيفة الدعوى: لا يوجد؛ وقد تنطبق التكاليف القضائية بحسب نوع وقيمة القضية.","غير منطبق ظاهرًا","إذا لم يوجد سند تنفيذي أو مسار خاص، تُرفع المطالبة أمام المحكمة المختصة وتُفحص الوقائع والأدلة والدفوع.","","","المواد 338–344","وزارة العدل — صحيفة دعوى","https://www.moj.gov.sa/ar/eservices/pages/928b8f02-19a7-482b-ba0e-29a151d9a900.aspx","2026-09-22","ثابتة نظاميًا نسبيًا","PARTIALLY VERIFIED","المصدر رسمي لكنه لا يثبت آليًا جميع عناصر الاختصاص/المدة/الرسوم المركبة في النتيجة.","HIGH","النتيجة تمس الاختصاص أو طريق الاعتراض/التنفيذ أو مدة/رسومًا مؤثرة.","نعم","ما مقدار المدة وبدايتها ونهايتها والاستثناءات وأثر فواتها وفق النص المطبق على هذه الحالة؟","NEEDS REVIEW",""
"R-CIVIL-SALE-HIDDEN-DEFECT","المعاملات المدنية","Q001: وش صار معك؟ ← لي مبلغ أو حق مالي عند شخص أو جهة → Q010: المبلغ سببه وش؟ ← تعويض أو إخلال بعقد أو استرداد مبلغ غير مستحق → Q500: وش نوع مطالبتك المدنية؟ ← مشكلتي في عقد بيع أو مبيع → Q504: وش المشكلة في عقد البيع؟ ← البائع أخفى العيب أو غشني فيه","تعتقد أن البائع تعمد إخفاء عيب في المبيع.","اجمع دليل العيب والإخفاء. المواد 338–344 تنظم ضمان العيب، ولا يستفيد البائع من اتفاق الإعفاء إذا تعمد إخفاء العيب، كما لا يتمسك بمدة 180 يومًا إذا ثبت أن الإخفاء كان بغش منه.","المحكمة أو الجهة القضائية المختصة بحسب نوع الدعوى والمرحلة المبينة في النتيجة.","","عيب خفي في المبيع | دعوى ضمان عيب بحسب الواقعة","العقد، الإعلان والوصف، المراسلات، تقرير فني، وما يثبت علم البائع أو الإخفاء.","العقد/الفاتورة، تقرير فني، صور، تاريخ الاكتشاف والمراسلات.","الأصل ألا تُسمع دعوى ضمان العيب بعد 180 يومًا من تاريخ تسليم المبيع، ما لم يلتزم البائع بمدة أطول؛ ولا يتمسك بها البائع عند ثبوت إخفاء العيب غشًا.","رسوم خدمة صحيفة الدعوى: لا يوجد؛ وقد تنطبق التكاليف القضائية بحسب نوع وقيمة القضية.","غير منطبق ظاهرًا","إذا لم يوجد سند تنفيذي أو مسار خاص، تُرفع المطالبة أمام المحكمة المختصة وتُفحص الوقائع والأدلة والدفوع.","","","المواد 338–344","وزارة العدل — صحيفة دعوى","https://www.moj.gov.sa/ar/eservices/pages/928b8f02-19a7-482b-ba0e-29a151d9a900.aspx","2026-09-22","ثابتة نظاميًا نسبيًا","PARTIALLY VERIFIED","المصدر رسمي لكنه لا يثبت آليًا جميع عناصر الاختصاص/المدة/الرسوم المركبة في النتيجة.","HIGH","النتيجة تمس الاختصاص أو طريق الاعتراض/التنفيذ أو مدة/رسومًا مؤثرة.","نعم","ما مقدار المدة وبدايتها ونهايتها والاستثناءات وأثر فواتها وفق النص المطبق على هذه الحالة؟","NEEDS REVIEW",""
"R-CIVIL-SETTLEMENT-DEBT","المعاملات المدنية","Q001: وش صار معك؟ ← لي مبلغ أو حق مالي عند شخص أو جهة → Q010: المبلغ سببه وش؟ ← تعويض أو إخلال بعقد أو استرداد مبلغ غير مستحق → Q500: وش نوع مطالبتك المدنية؟ ← عندي صلح أو أبي أعرف أثر اتفاق الصلح → Q507: وش المشكلة في الصلح؟ ← الصلح على جزء من الدين أو تأجيله","الصلح يتضمن قبول بعض الدين أو تأجيله أو تعجيله مع الحط منه.","المادة 397 تجيز الصلح على بعض المدعى به، وعلى تأجيل الدين أو بعضه دون زيادة، أو تعجيله والحط منه.","المحكمة أو الجهة القضائية المختصة بحسب نوع الدعوى والمرحلة المبينة في النتيجة.","المحكمة العامة","دعوى جديدة عبر «صحيفة دعوى» إذا كان الحق محل نزاع ولم يوجد سند تنفيذي؛ وإذا كانت القضية قائمة فيقدم الطلب/الدفع داخلها بحسب مرحلتها.","اتفاق الصلح، أصل الدين، جدول السداد، ما تم دفعه.","","","","بعد تقديم صحيفة الدعوى يُدقق الطلب؛ عند وجود نواقص يطلب استكمالها، وعند القبول يرسل رقم القضية واسم الدائرة. ثم تنظر الدائرة الأدلة والدفوع وتصدر حكمًا قابلًا لطرق الاعتراض النظامية بحسب نوعه ومرحلته.","بعد تقديم صحيفة الدعوى يُدقق الطلب؛ عند وجود نواقص يطلب استكمالها، وعند القبول يرسل رقم القضية واسم الدائرة. ثم تنظر الدائرة الأدلة والدفوع وتصدر حكمًا قابلًا لطرق الاعتراض النظامية بحسب نوعه ومرحلته.","نظام المعاملات المدنية","","المادة 397","هيئة الخبراء بمجلس الوزراء — نظام المعاملات المدنية","https://laws.boe.gov.sa/BoeLaws/Laws/LawDetails/655fdb42-8c96-422b-b8c4-b04f0095c94c/1","2026-09-22","قابلة للتغير","STALE RISK","نظام تنفيذ جديد نُشر في 2026 وسيحل محل النظام السابق بعد 180 يومًا؛ يلزم تثبيت تاريخ النفاذ وخطة تحديث النتيجة.","HIGH","النتيجة تمس الاختصاص أو طريق الاعتراض/التنفيذ أو مدة/رسومًا مؤثرة.","نعم","ما مقدار المدة وبدايتها ونهايتها والاستثناءات وأثر فواتها وفق النص المطبق على هذه الحالة؟","NEEDS REVIEW",""
"R-CIVIL-SETTLEMENT-EFFECT","المعاملات المدنية","Q001: وش صار معك؟ ← لي مبلغ أو حق مالي عند شخص أو جهة → Q010: المبلغ سببه وش؟ ← تعويض أو إخلال بعقد أو استرداد مبلغ غير مستحق → Q500: وش نوع مطالبتك المدنية؟ ← عندي صلح أو أبي أعرف أثر اتفاق الصلح → Q507: وش المشكلة في الصلح؟ ← اتفقنا على صلح وأبي أعرف أثره","أبرمت صلحًا لحسم نزاع قائم أو لتوقي نزاع محتمل.","المواد 391–399 تنظم الصلح، وهو يحسم النزاع في حدود الحقوق التي شملها وفق الاتفاق. اقرأ نص الصلح لتحديد ما تم التنازل عنه وما بقي خارج نطاقه.","المحكمة أو الجهة القضائية المختصة بحسب نوع الدعوى والمرحلة المبينة في النتيجة.","المحكمة العامة","دعوى جديدة عبر «صحيفة دعوى» إذا كان الحق محل نزاع ولم يوجد سند تنفيذي؛ وإذا كانت القضية قائمة فيقدم الطلب/الدفع داخلها بحسب مرحلتها.","اتفاق/محضر الصلح، المطالبات الأصلية، ما تم تنفيذه.","","","","بعد تقديم صحيفة الدعوى يُدقق الطلب؛ عند وجود نواقص يطلب استكمالها، وعند القبول يرسل رقم القضية واسم الدائرة. ثم تنظر الدائرة الأدلة والدفوع وتصدر حكمًا قابلًا لطرق الاعتراض النظامية بحسب نوعه ومرحلته.","بعد تقديم صحيفة الدعوى يُدقق الطلب؛ عند وجود نواقص يطلب استكمالها، وعند القبول يرسل رقم القضية واسم الدائرة. ثم تنظر الدائرة الأدلة والدفوع وتصدر حكمًا قابلًا لطرق الاعتراض النظامية بحسب نوعه ومرحلته.","نظام المعاملات المدنية","","المواد 391–399","هيئة الخبراء بمجلس الوزراء — نظام المعاملات المدنية","https://laws.boe.gov.sa/BoeLaws/Laws/LawDetails/655fdb42-8c96-422b-b8c4-b04f0095c94c/1","2026-09-22","قابلة للتغير","STALE RISK","نظام تنفيذ جديد نُشر في 2026 وسيحل محل النظام السابق بعد 180 يومًا؛ يلزم تثبيت تاريخ النفاذ وخطة تحديث النتيجة.","HIGH","النتيجة تمس الاختصاص أو طريق الاعتراض/التنفيذ أو مدة/رسومًا مؤثرة.","نعم","ما مقدار المدة وبدايتها ونهايتها والاستثناءات وأثر فواتها وفق النص المطبق على هذه الحالة؟","NEEDS REVIEW",""
"R-CIVIL-SETTLEMENT-UNKNOWN","المعاملات المدنية","Q001: وش صار معك؟ ← لي مبلغ أو حق مالي عند شخص أو جهة → Q010: المبلغ سببه وش؟ ← تعويض أو إخلال بعقد أو استرداد مبلغ غير مستحق → Q500: وش نوع مطالبتك المدنية؟ ← عندي صلح أو أبي أعرف أثر اتفاق الصلح → Q507: وش المشكلة في الصلح؟ ← الصلح فيه حق مجهول","الصلح يتعلق بحق غير محدد بالكامل.","المادة 395 تجيز الصلح على حق مجهول إذا كانت الجهالة لا تمنع التسليم وكان الحق مما يتعذر العلم به في مدة قريبة بحسب طبيعته ومقداره ومكانه.","المحكمة أو الجهة القضائية المختصة بحسب نوع الدعوى والمرحلة المبينة في النتيجة.","المحكمة العامة","دعوى جديدة عبر «صحيفة دعوى» إذا كان الحق محل نزاع ولم يوجد سند تنفيذي؛ وإذا كانت القضية قائمة فيقدم الطلب/الدفع داخلها بحسب مرحلتها.","اتفاق الصلح، وصف الحق، سبب تعذر تحديده، آلية التسليم.","","","","بعد تقديم صحيفة الدعوى يُدقق الطلب؛ عند وجود نواقص يطلب استكمالها، وعند القبول يرسل رقم القضية واسم الدائرة. ثم تنظر الدائرة الأدلة والدفوع وتصدر حكمًا قابلًا لطرق الاعتراض النظامية بحسب نوعه ومرحلته.","بعد تقديم صحيفة الدعوى يُدقق الطلب؛ عند وجود نواقص يطلب استكمالها، وعند القبول يرسل رقم القضية واسم الدائرة. ثم تنظر الدائرة الأدلة والدفوع وتصدر حكمًا قابلًا لطرق الاعتراض النظامية بحسب نوعه ومرحلته.","نظام المعاملات المدنية","","المادة 395","هيئة الخبراء بمجلس الوزراء — نظام المعاملات المدنية","https://laws.boe.gov.sa/BoeLaws/Laws/LawDetails/655fdb42-8c96-422b-b8c4-b04f0095c94c/1","2026-09-22","قابلة للتغير","STALE RISK","نظام تنفيذ جديد نُشر في 2026 وسيحل محل النظام السابق بعد 180 يومًا؛ يلزم تثبيت تاريخ النفاذ وخطة تحديث النتيجة.","HIGH","النتيجة تمس الاختصاص أو طريق الاعتراض/التنفيذ أو مدة/رسومًا مؤثرة.","نعم","ما مقدار المدة وبدايتها ونهايتها والاستثناءات وأثر فواتها وفق النص المطبق على هذه الحالة؟","NEEDS REVIEW",""
"R-CIVIL-TORT-DAMAGES","المعاملات المدنية","Q001: وش صار معك؟ ← لي مبلغ أو حق مالي عند شخص أو جهة → Q010: المبلغ سببه وش؟ ← تعويض أو إخلال بعقد أو استرداد مبلغ غير مستحق → Q500: وش نوع مطالبتك المدنية؟ ← شخص سبب لي ضرر وأبي تعويض","تقول إن شخصًا ألحق بك ضررًا مستقلًا عن مجرد عدم تنفيذ عقد.","باب الفعل الضار ينظم التعويض، والمادة 139 تجيز بحسب الظروف التعويض بالنقد أو بالمثل أو إعادة الحال أو أمرًا متصلًا بالفعل الضار.","المحكمة أو الجهة القضائية المختصة بحسب نوع الدعوى والمرحلة المبينة في النتيجة.","","تعويض عن فعل ضار | دعوى تعويض غير عقدية","إثبات الواقعة الضارة، الضرر، العلاقة السببية، وأي تقارير أو فواتير أو مراسلات أو أحكام مرتبطة.","المحاضر والتقارير والصور والفواتير والمراسلات وكل ما يثبت الضرر والسببية بحسب الحالة.","لا تُسمع دعوى التعويض عن الفعل الضار بعد 3 سنوات من تاريخ علم المتضرر بالضرر وبالمسؤول عنه، وبحد أقصى 10 سنوات من وقوع الضرر، مع مراعاة الاستثناء المرتبط بالجريمة.","رسوم خدمة صحيفة الدعوى: لا يوجد؛ وقد تنطبق التكاليف القضائية بحسب القضية.","غير منطبق ظاهرًا","إذا كانت مطالبة قضائية، تُقدّم عبر صحيفة الدعوى بالتصنيف المناسب وتُراجع المحكمة الوقائع والأدلة والطلبات.","نظام المعاملات المدنية","","","هيئة الخبراء بمجلس الوزراء — نظام المعاملات المدنية","https://laws.boe.gov.sa/BoeLaws/Laws/LawDetails/655fdb42-8c96-422b-b8c4-b04f0095c94c/1","2026-09-22","ثابتة نظاميًا نسبيًا","VERIFIED","تدقيق تفصيلي ومصدر نظامي أولي فُتح وتحقق من بقائه متاحًا في هذه المرحلة.","HIGH","النتيجة تمس الاختصاص أو طريق الاعتراض/التنفيذ أو مدة/رسومًا مؤثرة.","نعم","ما مقدار المدة وبدايتها ونهايتها والاستثناءات وأثر فواتها وفق النص المطبق على هذه الحالة؟","NEEDS REVIEW",""
"R-BROKERAGE-COMMERCIAL","عام ومتعدد القطاعات","Q001: وش صار معك؟ ← عقار أو إيجار → Q070: وش موضوع العقار أو الإيجار؟ ← وساطة عقارية أو عمولة وسيط → Q260: الوساطة أو السمسرة من أي نوع؟ ← وساطة أو سمسرة غير عقارية في عقد أو صفقة → Q261: وش صفة الأطراف وطبيعة العقد وقيمة المطالبة؟ ← الحالة تجارية وفق صفة الأطراف والعقد والقيمة","نزاع الوساطة غير العقارية يحقق وصفًا يدخل في اختصاص المحكمة التجارية بحسب صفة الأطراف وطبيعة العقد وقيمة المطالبة التي حددتها.","اجمع اتفاق الوساطة وما يثبت دور الوسيط وإتمام الصفقة واستحقاق العمولة، ثم ابدأ صحيفة دعوى تجارية إذا لم يوجد اختصاص خاص أو شرط تحكيم.","المحكمة أو الجهة القضائية المختصة بحسب نوع الدعوى والمرحلة المبينة في النتيجة.","المحكمة التجارية","مطالبة عمولة وساطة غير عقارية ذات وصف تجاري | ناجز | دعوى تجارية بعد تحقق الاختصاص","للتقييم راجع اتفاق الوساطة وطبيعة النشاط وصفة الأطراف والعقد أو الصفقة الناتجة والمراسلات وقيمة المطالبة وشرط تسوية النزاع. هذه معلومات وأدلة لتحديد الاختصاص والاستحقاق، وليست متطلبات تقديم موحدة.","اتفاق الوساطة، المراسلات، ما يثبت أداء الوسيط وإتمام الصفقة واستحقاق العمولة، وأي مستندات يطلبها تصنيف الدعوى.","لا توجد مدة موحدة لكل مطالبات الوساطة التجارية في صفحة صحيفة الدعوى؛ الميعاد يتحدد بالنظام الخاص والعلاقة.","رسوم خدمة صحيفة الدعوى: لا يوجد؛ وقد تنطبق التكاليف القضائية بحسب نوع القضية.","غير منطبق ظاهرًا","تنظر المحكمة التجارية في الاختصاص أولًا ثم في ثبوت الاتفاق ودور الوسيط واستحقاق العمولة.","","","","وزارة العدل — صحيفة دعوى","https://moj.gov.sa/ar/eServices/Pages/928b8f02-19a7-482b-ba0e-29a151d9a900.aspx","2026-09-20","قابلة للتغير","PARTIALLY VERIFIED","المصدر رسمي لكنه لا يثبت آليًا جميع عناصر الاختصاص/المدة/الرسوم المركبة في النتيجة.","HIGH","النتيجة تمس الاختصاص أو طريق الاعتراض/التنفيذ أو مدة/رسومًا مؤثرة.","نعم","هل الجهة والمحكمة ونوع الإجراء المحددة صحيحة لكل صور الحالة والاستثناءات المحتملة؟","NEEDS REVIEW",""
"R-MONEY-CLAIM-FIRST","عام ومتعدد القطاعات","Q001: وش صار معك؟ ← لي مبلغ أو حق مالي عند شخص أو جهة → Q010: المبلغ سببه وش؟ ← ما أعرف كيف أصنف العلاقة → Q014: وش نوع العلاقة بينكم؟ ← تعامل شخصي بين أفراد → Q015: أنت بأي صفة؟ ← أنا أطالب بالمبلغ","أنت دائن لكن لا يوجد لدينا حتى الآن سند تنفيذي مؤكد.","حدد نوع العلاقة والمرحلة السابقة للدعوى قبل اختيار المحكمة أو الخدمة.","المحكمة أو الجهة القضائية المختصة بحسب نوع الدعوى والمرحلة المبينة في النتيجة.","","صحيفة دعوى | ناجز | دعوى جديدة","للتقييم الأولي اجمع ما يثبت العلاقة والمبلغ وأي مطالبة أو مراسلات أو مستندات مؤيدة. نوع العلاقة وصفة الأطراف معلومات لتحديد الاختصاص وليست مستندات إضافية بحد ذاتها.","مستندات إثبات المطالبة بحسب تصنيف الدعوى.","لا نضع مهلة موحدة؛ المدد تتحدد بحسب الحق والنظام.","تخضع الدعوى للتكاليف القضائية عند انطباق النظام؛ لا مبلغ موحد.","غير منطبق ظاهرًا","قد تكون الخطوة صلحًا/شكوى/دعوى بحسب العلاقة.","","","","وزارة العدل — رحلة القضية في وزارة العدل","https://www.moj.gov.sa/ar/Ministry/Pages/CaseTripInMOJ.aspx","2026-09-20","قابلة للتغير","PARTIALLY VERIFIED","المصدر رسمي لكنه لا يثبت آليًا جميع عناصر الاختصاص/المدة/الرسوم المركبة في النتيجة.","HIGH","النتيجة تمس الاختصاص أو طريق الاعتراض/التنفيذ أو مدة/رسومًا مؤثرة.","نعم","ما مقدار المدة وبدايتها ونهايتها والاستثناءات وأثر فواتها وفق النص المطبق على هذه الحالة؟","NEEDS REVIEW",""
"R-MONEY-DEBTOR-STATUS","عام ومتعدد القطاعات","Q001: وش صار معك؟ ← لي مبلغ أو حق مالي عند شخص أو جهة → Q010: المبلغ سببه وش؟ ← ما أعرف كيف أصنف العلاقة → Q014: وش نوع العلاقة بينكم؟ ← تعامل شخصي بين أفراد → Q015: أنت بأي صفة؟ ← أنا المطلوب مني السداد","أنت الطرف المطلوب منه السداد، والخطوة تعتمد على وجود قضية أو حكم أو تنفيذ.","حدد هل لديك مجرد مطالبة، قضية، حكم، أم طلب تنفيذ.","المحكمة أو الجهة القضائية المختصة بحسب نوع الدعوى والمرحلة المبينة في النتيجة.","","استعلام عن طلب تنفيذ | ناجز | استعلام تنفيذ","لتحديد المرحلة يكفي رقم الطلب أو القضية إن وجد، أو الحالة الظاهرة لك في ناجز. هذه معلومات لتحديد الإجراء وليست قائمة مستندات لتقديم خدمة.","لا توجد مستندات مطلوبة.","مدة تنفيذ الخدمة المنشورة قصيرة/إلكترونية وليست مهلة حق.","لا رسوم مثبتة لهذه الخطوة المعلوماتية.","غير منطبق ظاهرًا","ينتقل المسار إلى الحالة الإجرائية الصحيحة.","","","","وزارة العدل — استعلام عن طلب تنفيذ","https://www.moj.gov.sa/ar/eServices/pages/9bd2e276-3110-4e32-a00e-330de0fec9a4.aspx","2026-09-20","قابلة للتغير","STALE RISK","نظام تنفيذ جديد نُشر في 2026 وسيحل محل النظام السابق بعد 180 يومًا؛ يلزم تثبيت تاريخ النفاذ وخطة تحديث النتيجة.","HIGH","النتيجة تمس الاختصاص أو طريق الاعتراض/التنفيذ أو مدة/رسومًا مؤثرة.","نعم","ما مقدار المدة وبدايتها ونهايتها والاستثناءات وأثر فواتها وفق النص المطبق على هذه الحالة؟","NEEDS REVIEW",""
"R-MUN-COMMITTEE-JUDICIAL","عام ومتعدد القطاعات","Q001: وش صار معك؟ ← بنك/تمويل/تأمين/زكاة/ضريبة/اتصالات/جهة حكومية → Q110: مشكلتك مع أي جهة أو خدمة؟ ← خصوصية أو طيران أو تعليم أو بلدية → Q269: وش نوع المشكلة المتخصصة الأخرى؟ ← مشكلة بلدية أو مخالفة أو ترخيص بلدي → Q265: وش نوع مشكلتك مع البلدية؟ ← صدر قرار لجنة التظلمات البلدية وأريد الاعتراض عليه","صدر قرار من لجنة التظلمات والشكاوى البلدية وتريد الاعتراض عليه.","يجوز التظلم من قرار اللجنة أمام المحكمة الإدارية خلال ستين يومًا من تاريخ العلم به؛ احتفظ بقرار اللجنة وإثبات التبليغ، ثم استخدم منصة معين لتقديم الدعوى الإدارية.","الجهة القضائية أو الرسمية المحددة في المصدر المرتبط بالنتيجة.","المحكمة الإدارية","منصة معين الرقمية | دعوى جديدة أو طلب قضائي بحسب الحالة المحددة في النتيجة؛ لا يُستخدم كطلب داخل قضية/تنفيذ إلا إذا نصت النتيجة على ذلك.","جهّز قرار اللجنة وإثبات التبليغ أو العلم به، وأصل القرار البلدي والتظلم السابق والمستندات المؤيدة. تاريخ العلم يُستخدم لحساب المهلة ولا يُعامل كمستند مستقل إلا من حيث الدليل الذي يثبته.","","","","تنتقل المنازعة إلى القضاء الإداري، وتتابع الدعوى والطلبات عبر منصة معين.","تنتقل المنازعة إلى القضاء الإداري، وتتابع الدعوى والطلبات عبر منصة معين.","نظام إجراءات التراخيص البلدية","","","هيئة الخبراء بمجلس الوزراء — نظام إجراءات التراخيص البلدية","https://laws.boe.gov.sa/BoeLaws/Laws/LawDetails/1dd4c3d4-f4e9-4c15-852f-a9a700f21cab/1","2026-09-20","قابلة للتغير","STALE RISK","نظام تنفيذ جديد نُشر في 2026 وسيحل محل النظام السابق بعد 180 يومًا؛ يلزم تثبيت تاريخ النفاذ وخطة تحديث النتيجة.","HIGH","النتيجة تمس الاختصاص أو طريق الاعتراض/التنفيذ أو مدة/رسومًا مؤثرة.","نعم","ما مقدار المدة وبدايتها ونهايتها والاستثناءات وأثر فواتها وفق النص المطبق على هذه الحالة؟","NEEDS REVIEW",""
"R-MUN-FINE-OBJECTION","البنوك والتمويل والتأمين والسوق المالية","Q001: وش صار معك؟ ← بنك/تمويل/تأمين/زكاة/ضريبة/اتصالات/جهة حكومية → Q110: مشكلتك مع أي جهة أو خدمة؟ ← خصوصية أو طيران أو تعليم أو بلدية → Q269: وش نوع المشكلة المتخصصة الأخرى؟ ← مشكلة بلدية أو مخالفة أو ترخيص بلدي → Q265: وش نوع مشكلتك مع البلدية؟ ← عندي مخالفة أو غرامة من البلدية بسبب زيارة رقابية","لديك مخالفة أو غرامة بلدية ناتجة عن زيارة رقابية على المنشأة.","ادخل منصة بلدي واختر خدمة الاعتراض، ثم راجع الزيارة الرقابية وحدد المخالفة وقدّم سبب الاعتراض وما يؤيده خلال المدة النظامية.","الجهة القضائية أو الرسمية المحددة في المصدر المرتبط بالنتيجة.","","منصة بلدي | اعتراض على حكم/قرار قضائي بطريق الاستئناف بحسب المرحلة.","رقم المخالفة أو الزيارة وسبب الاعتراض بيانات تُستخدم لتحديد المخالفة وتعبئة الاعتراض. أرفق الصور أو المستندات المؤيدة عند توفرها بحسب الحالة؛ ولا تُعامل بيانات النموذج كمستندات مستقلة.","","","","يُحال الاعتراض للمراجعة إلكترونيًا، ويمكن متابعة حالته من منصة بلدي.","يُحال الاعتراض للمراجعة إلكترونيًا، ويمكن متابعة حالته من منصة بلدي.","","","","منصة بلدي — وزارة البلديات والإسكان — منصة الاعتراضات الموحدة — الاعتراض على الغرامات البلدية","https://balady.gov.sa/ar/all-products/10634","2026-09-20","قابلة للتغير","PROCEDURAL GUIDANCE","المرجع وصف خدمة رسمية، لا نصًا نظاميًا يحسم الحق أو الاختصاص.","MEDIUM","معلومة إجرائية أو متغيرة أو مدعومة جزئيًا؛ الخطأ قابل للتدارك غالبًا لكنه يربك المستخدم.","اعتماد سريع","ما مقدار المدة وبدايتها ونهايتها والاستثناءات وأثر فواتها وفق النص المطبق على هذه الحالة؟","NEEDS REVIEW",""
"R-SP-BANK-ACCOUNT-OPEN-CLOSE","البنوك والتمويل والتأمين والسوق المالية","Q001: وش صار معك؟ ← بنك/تمويل/تأمين/زكاة/ضريبة/اتصالات/جهة حكومية → Q110: مشكلتك مع أي جهة أو خدمة؟ ← بنك أو تمويل أو تأمين أو سوق مالية → Q267: وش نوع المشكلة المالية أو التأمينية؟ ← بنك / مصرف / شركة تمويل → Q285: وش المشكلة البنكية اللي صارت؟ ← تحويل معلق / صراف / حساب / سداد مبكر → Q286: وش نوع المشكلة البنكية الأخرى؟ ← البنك رفض فتح حساب أو أغلق / قيّد حسابي","البنك رفض فتح حسابك أو أغلق/قيّد الحساب وتريد معرفة السبب والاعتراض.","اطلب من البنك توضيح حالة الحساب والسبب والإجراء المطلوب، وقدّم شكوى للبنك إذا كنت تعترض على القرار أو لم تحصل على معالجة واضحة.","الجهة القضائية أو الرسمية المحددة في المصدر المرتبط بالنتيجة.","","دعوى جديدة أو طلب قضائي بحسب الحالة المحددة في النتيجة؛ لا يُستخدم كطلب داخل قضية/تنفيذ إلا إذا نصت النتيجة على ذلك.","الهوية وبيانات الحساب أو طلب فتح الحساب والإشعارات أو المراسلات المرتبطة بالقرار.","","","","يوضح البنك حالة الحساب ومتطلبات المعالجة؛ وإذا لم تُحل المشكلة يمكنك التصعيد عبر الشكوى الرسمية.","يوضح البنك حالة الحساب ومتطلبات المعالجة؛ وإذا لم تُحل المشكلة يمكنك التصعيد عبر الشكوى الرسمية.","","","","البنك المركزي السعودي — مبادئ وقواعد حماية عملاء المؤسسات المالية","https://rulebook.sama.gov.sa/ar/entiresection/5847","2026-09-20","قابلة للتغير","STALE RISK","نظام تنفيذ جديد نُشر في 2026 وسيحل محل النظام السابق بعد 180 يومًا؛ يلزم تثبيت تاريخ النفاذ وخطة تحديث النتيجة.","MEDIUM","معلومة إجرائية أو متغيرة أو مدعومة جزئيًا؛ الخطأ قابل للتدارك غالبًا لكنه يربك المستخدم.","اعتماد سريع","ما مقدار المدة وبدايتها ونهايتها والاستثناءات وأثر فواتها وفق النص المطبق على هذه الحالة؟","NEEDS REVIEW",""
"R-SP-HEALTH-INS-DENIAL","البنوك والتمويل والتأمين والسوق المالية","Q001: وش صار معك؟ ← بنك/تمويل/تأمين/زكاة/ضريبة/اتصالات/جهة حكومية → Q110: مشكلتك مع أي جهة أو خدمة؟ ← اتصالات أو مستهلك أو صحة أو خدمات → Q268: وش نوع الخدمة أو الشكوى؟ ← تأمين صحي / رفض علاج / مشكلة تغطية → Q284: وش مشكلة التأمين الصحي؟ ← التأمين رفض علاج أو موافقة طبية","التأمين الصحي رفض تغطية علاج أو موافقة طبية.","قدّم شكوى واضحة لشركة التأمين أولًا؛ وإذا لم ترضَ بالنتيجة أو لم تتجاوب وفق القواعد فارفعها إلى مجلس الضمان الصحي.","الجهة القضائية أو الرسمية المحددة في المصدر المرتبط بالنتيجة.","","دعوى جديدة أو طلب قضائي بحسب الحالة المحددة في النتيجة؛ لا يُستخدم كطلب داخل قضية/تنفيذ إلا إذا نصت النتيجة على ذلك.","الوثيقة وسبب الرفض والتقارير أو الطلب الطبي وأي مستندات مؤيدة.","","","","تُراجع الشكوى وسبب الرفض، ويمكن تصعيدها للمجلس وفق قواعد حماية المستفيد.","تُراجع الشكوى وسبب الرفض، ويمكن تصعيدها للمجلس وفق قواعد حماية المستفيد.","","","","مجلس الضمان الصحي — تقديم شكوى ضد شركة التأمين وحقوق المستفيد","https://www.chi.gov.sa/ServicesDirectory/Pages/ComplaintAgaistICFIC.aspx","2026-09-20","قابلة للتغير","STALE RISK","نظام تنفيذ جديد نُشر في 2026 وسيحل محل النظام السابق بعد 180 يومًا؛ يلزم تثبيت تاريخ النفاذ وخطة تحديث النتيجة.","MEDIUM","معلومة إجرائية أو متغيرة أو مدعومة جزئيًا؛ الخطأ قابل للتدارك غالبًا لكنه يربك المستخدم.","اعتماد سريع","ما مقدار المدة وبدايتها ونهايتها والاستثناءات وأثر فواتها وفق النص المطبق على هذه الحالة؟","NEEDS REVIEW",""
"R-SS-ELIGIBILITY-APPEAL","الخدمات الحكومية والتوثيق","Q001: وش صار معك؟ ← بنك/تمويل/تأمين/زكاة/ضريبة/اتصالات/جهة حكومية → Q110: مشكلتك مع أي جهة أو خدمة؟ ← جهة حكومية أو تنظيمية → Q266: وش نوع الجهة الحكومية أو التنظيمية؟ ← الضمان الاجتماعي المطور / أهلية أو دفعة → Q297: وش مشكلتك في الضمان الاجتماعي المطور؟ ← ظهرت النتيجة غير مؤهل وأبي أعترض","نتيجة الضمان ظهرت غير مؤهل.","من منصة الدعم والحماية الاجتماعية افتح الأهلية والاستحقاق ثم قدّم اعتراضًا على الدورة وأرفق المستندات بحسب السبب.","وزارة الموارد البشرية والتنمية الاجتماعية — برنامج الضمان الاجتماعي المطور.","","اعتراض إداري على نتيجة الأهلية داخل منصة الدعم والحماية الاجتماعية.","سبب عدم الأهلية والمستندات الداعمة؛ المهلة 30 يومًا.","","","لا توجد رسوم مثبتة للاعتراض الإلكتروني على أهلية الضمان في المصدر الرسمي المرتبط بالخدمة.","يمكن متابعة حالة الاعتراض من المنصة، وإذا قُبل نهائيًا تُستكمل دورة الأهلية وفق إجراءات البرنامج.","يمكن متابعة حالة الاعتراض من المنصة، وإذا قُبل نهائيًا تُستكمل دورة الأهلية وفق إجراءات البرنامج.","","","","وزارة الموارد البشرية والتنمية الاجتماعية — معايير وخطوات الأهلية والاعتراض والاستحقاق في الضمان الاجتماعي","https://www.hrsd.gov.sa/media-center/news/معايير وخطوات-للأهلية","2026-09-21","ثابتة نظاميًا نسبيًا","PARTIALLY VERIFIED","المصدر رسمي والتغطية جزئية، لكن سجل التحقق ليس تفصيليًا بما يكفي لاعتماد النتيجة كاملة.","MEDIUM","معلومة إجرائية أو متغيرة أو مدعومة جزئيًا؛ الخطأ قابل للتدارك غالبًا لكنه يربك المستخدم.","اعتماد سريع","ما مقدار المدة وبدايتها ونهايتها والاستثناءات وأثر فواتها وفق النص المطبق على هذه الحالة؟","NEEDS REVIEW",""
"R-CIVIL-REALRIGHT-REGISTRATION","العقار والإيجار","Q001: وش صار معك؟ ← لي مبلغ أو حق مالي عند شخص أو جهة → Q010: المبلغ سببه وش؟ ← تعويض أو إخلال بعقد أو استرداد مبلغ غير مستحق → Q500: وش نوع مطالبتك المدنية؟ ← ملكية مشتركة أو شفعة في عقار → Q513: وش المشكلة في الملكية المشتركة أو الشفعة؟ ← انتقال ملكية عقار يحتاج تسجيل أو قيد","الحق العيني العقاري محل تصرف أو حكم ويستلزم إجراء تسجيل نظامي.","حدد حالة العقار في السجل والمنطقة العقارية ونوع الحق أو التصرف. الحقوق والتصرفات اللاحقة للتسجيل العيني الأول التي تنشئ أو تنقل أو تغير أو تزيل حقًا عينيًا تُسجل في السجل العقاري وفق المادة 13.","الهيئة العامة للعقار هي الجهة المختصة بنظام التسجيل العيني للعقار؛ وعند الاعتراض على التسجيل العيني الأول يكون أمام المحكمة المختصة وفق المادة 10.","","طلب تسجيل/تأشير في السجل العقاري، أو اعتراض قضائي عند تحقق حالته؛ وليس دعوى مدنية تلقائيًا في كل حالة.","صك الملكية المستوفي للمتطلبات النظامية للتسجيل العيني الأول، اكتمال البيانات الجيومكانية، وما تطلبه الجهة من مستندات/بيانات؛ ولطلبات التسجيل أو التأشير تُرفق المستندات المؤيدة التي تحددها اللائحة.","","","","تبحث الجهة الطلب بحسب أسبقية تسجيله. وإذا لم تُقدَّم المستندات المؤيدة المطلوبة خلال 30 يومًا من تقديم طلب التسجيل عُدّ الطلب كأن لم يكن وفق المادة 20. الاعتراض على التسجيل العيني الأول متاح لذي المصلحة أمام المحكمة المختصة ما لم يكتسب التسجيل الحجية المطلقة.","تبحث الجهة الطلب بحسب أسبقية تسجيله. وإذا لم تُقدَّم المستندات المؤيدة المطلوبة خلال 30 يومًا من تقديم طلب التسجيل عُدّ الطلب كأن لم يكن وفق المادة 20. الاعتراض على التسجيل العيني الأول متاح لذي المصلحة أمام المحكمة المختصة ما لم يكتسب التسجيل الحجية المطلقة.","نظام التسجيل العيني للعقار: المواد 4، 8، 10، 13، 20، مع استمرار النظم السابقة خارج المناطق العقارية المعلنة وفق قرار الموافقة على النظام. نظام التسجيل العيني للعقار","","نظام التسجيل العيني للعقار: المواد 4، 8، 10، 13، 20، مع استمرار النظم السابقة خارج المناطق العقارية المعلنة وفق قرار الموافقة على النظام.","هيئة الخبراء بمجلس الوزراء — نظام التسجيل العيني للعقار","https://laws.boe.gov.sa/BoeLaws/Laws/LawDetails/c9756bfb-ff81-4226-a820-ae8200dc074c/1","2026-09-23","ثابتة نظاميًا نسبيًا","PARTIALLY VERIFIED","يوجد تدقيق تفصيلي ورابط لنص نظامي رسمي، لكن هذا النص بعينه لم يُعد فتحه ومطابقة جميع ادعاءات النتيجة في هذه المرحلة.","MEDIUM","معلومة إجرائية أو متغيرة أو مدعومة جزئيًا؛ الخطأ قابل للتدارك غالبًا لكنه يربك المستخدم.","اعتماد سريع","ما مقدار المدة وبدايتها ونهايتها والاستثناءات وأثر فواتها وفق النص المطبق على هذه الحالة؟","NEEDS REVIEW",""
"R-REAL-COOWNERS-DISPUTE","العقار والإيجار","Q001: وش صار معك؟ ← عقار أو إيجار → Q070: وش موضوع العقار أو الإيجار؟ ← عقار مشترك / قسمة / فرز → Q091: الموضوع قسمة أو شيوع؟ ← نعم، عقار مشترك أو قسمة/فرز → Q092: فيه اتفاق بين الشركاء؟ ← فيه نزاع بين الشركاء","هناك خلاف بين ملاك على الشيوع أو حول القسمة/الفرز.","اجمع الملكية ونسب الشركاء وحدد هل الخلاف على الملكية أو الانتفاع أو الإدارة أو البيع أو القسمة. عند عدم الاتفاق انتقل للمسار القضائي المناسب بدل معاملة فرز اتفاقية.","المحكمة أو الجهة القضائية المختصة بحسب نوع الدعوى والمرحلة المبينة في النتيجة.","","تحديد مسار نزاع الشركاء في العقار | نزاع عقاري","الملكية والسجل + نسب الشركاء + الاتفاقات/المراسلات + الطلب المحدد.","صك/سجل الملكية وما يثبت حصص الأطراف والوقائع محل النزاع.","لا مدة موحدة مثبتة لكل منازعات الشيوع؛ تفحص المدة حسب نوع المطالبة.","لا مبلغ قضائي موحد مثبت.","غير منطبق ظاهرًا","يُحسم النزاع في المسار القضائي المناسب، ثم تُنفذ النتيجة أو تُحدّث بيانات العقار عند الحاجة.","","","","وزارة العدل — اتفاقية مستوى الخدمات الإلكترونية","https://www.moj.gov.sa/ar/Ministry/Pages/SLA.aspx","2026-09-20","ثابتة نظاميًا نسبيًا","PROCEDURAL GUIDANCE","النتيجة إرشاد تشغيلي مدقق مقابل صفحة جهة رسمية، وليست حكمًا قانونيًا موضوعيًا.","MEDIUM","معلومة إجرائية أو متغيرة أو مدعومة جزئيًا؛ الخطأ قابل للتدارك غالبًا لكنه يربك المستخدم.","اعتماد سريع","هل الجهة والمحكمة ونوع الإجراء المحددة صحيحة لكل صور الحالة والاستثناءات المحتملة؟","NEEDS REVIEW",""
"R-REAL-FIRST-REG","العقار والإيجار","Q001: وش صار معك؟ ← عقار أو إيجار → Q070: وش موضوع العقار أو الإيجار؟ ← تسجيل عقاري / نقل ملكية / بيانات السجل العقاري → Q093: هل العقار داخل منطقة بدأ فيها التسجيل العيني؟ ← نعم، العقار في منطقة معلنة للتسجيل العيني → Q094: وش التغيير المطلوب على العقار؟ ← تسجيل عيني أول","العقار في منطقة معلنة وتريد التسجيل العيني الأول.","ادخل على خدمة التسجيل العيني الأول في منصة السجل العقاري إذا استوفيت المتطلبات.","المحكمة أو الجهة القضائية المختصة بحسب نوع الدعوى والمرحلة المبينة في النتيجة.","","التسجيل العيني الأول للعقار | إجراء تسجيل عقاري","المتطلبات المنشورة: هوية وطنية أو إقامة سارية للأفراد، وسجل تجاري ساري للمنشآت الخاصة، وصك إلكتروني صادر من وزارة العدل للعقار، ووكالة سارية إذا كان مقدم الطلب وكيلاً، وأن يكون العقار في المنطقة المعلنة. وتعرض صفحة الخدمة هذه العناصر أيضًا ضمن «المستندات المطلوبة»، مع إمكانية إرفاق وثائق داعمة إن وجدت.","وثائق الملكية والبيانات العقارية بحسب الجهة المختصة.","لا توجد مدة موحدة مثبتة من SLA لهذه النتيجة.","لا مبلغ قضائي موحد مثبت.","غير منطبق ظاهرًا","يصدر للعقار سجل وصك تسجيل ملكية بعد اكتمال الإجراء.","","","","وزارة العدل — اتفاقية مستوى الخدمات الإلكترونية","https://www.moj.gov.sa/ar/Ministry/Pages/SLA.aspx","2026-09-20","ثابتة نظاميًا نسبيًا","PROCEDURAL GUIDANCE","المصدر الرسمي يصف خدمة أو قناة تقديم؛ التفاصيل التشغيلية قابلة للتغيير.","MEDIUM","معلومة إجرائية أو متغيرة أو مدعومة جزئيًا؛ الخطأ قابل للتدارك غالبًا لكنه يربك المستخدم.","اعتماد سريع","هل الجهة والمحكمة ونوع الإجراء المحددة صحيحة لكل صور الحالة والاستثناءات المحتملة؟","NEEDS REVIEW",""
"R-REAL-RIGHTS-RESTRICTIONS","العقار والإيجار","Q001: وش صار معك؟ ← عقار أو إيجار → Q070: وش موضوع العقار أو الإيجار؟ ← تسجيل عقاري / نقل ملكية / بيانات السجل العقاري → Q093: هل العقار داخل منطقة بدأ فيها التسجيل العيني؟ ← نعم، العقار في منطقة معلنة للتسجيل العيني → Q094: وش التغيير المطلوب على العقار؟ ← تسجيل/إزالة/تعديل حق أو قيد","تريد تسجيل أو إزالة أو تعديل حق/قيد/التزام على عقار مسجل عينيًا.","افتح بيانات العقار في السجل العقاري، ثم استخدم خدمة إدارة الحقوق والقيود والالتزامات عند انطباقها وارفق المستند المثبت للحق.","المحكمة أو الجهة القضائية المختصة بحسب نوع الدعوى والمرحلة المبينة في النتيجة.","","التحقق من القيد/الحق العقاري المناسب | تحقق عقاري","بيانات العقار والأطراف تُستكمل داخل الخدمة، وجهّز المستند المثبت للحق أو القيد أو الالتزام المطلوب تسجيله أو تعديله.","بيانات العقار والحق/القيد محل الاستعلام.","لا مدة نظامية موحدة مثبتة.","لا مبلغ قضائي موحد مثبت.","غير منطبق ظاهرًا","يُراجع الطلب، وعند قبوله تُحدّث بيانات السجل وفق الإجراء.","","","","وزارة العدل — اتفاقية مستوى الخدمات الإلكترونية","https://www.moj.gov.sa/ar/Ministry/Pages/SLA.aspx","2026-09-20","ثابتة نظاميًا نسبيًا","PROCEDURAL GUIDANCE","النتيجة إرشاد تشغيلي مدقق مقابل صفحة جهة رسمية، وليست حكمًا قانونيًا موضوعيًا.","MEDIUM","معلومة إجرائية أو متغيرة أو مدعومة جزئيًا؛ الخطأ قابل للتدارك غالبًا لكنه يربك المستخدم.","اعتماد سريع","هل الجهة والمحكمة ونوع الإجراء المحددة صحيحة لكل صور الحالة والاستثناءات المحتملة؟","NEEDS REVIEW",""
"R-REAL-STATUS-CHECK","العقار والإيجار","Q001: وش صار معك؟ ← عقار أو إيجار → Q070: وش موضوع العقار أو الإيجار؟ ← إيجار سكني أو تجاري → Q083: العقد موثق في إيجار؟ ← ما أعرف","لا تعرف هل العقد موثق في إيجار أو مشمولًا بالتنفيذ أو هل العقار داخل نطاق التسجيل العيني.","استخرج حالة العقد من إيجار وبيانات العقار من الصك أو السجل؛ لا تبدأ دعوى أو تنفيذًا قبل تحديدها.","الجهة القضائية أو الرسمية المحددة في المصدر المرتبط بالنتيجة.","","التحقق من بيانات العقد والعقار | إيجار أو ناجز بحسب المستند | تحقق قبل اختيار المسار العقاري","رقم القضية + آخر إشعار أو إجراء ظاهر.","","","","غير منطبق ظاهرًا","بعد تحديد المرحلة تستطيع متابعة المسار المناسب في الدليل.","","","","وزارة العدل — محاكم الدرجة الأولى واختصاصاتها","https://moj.gov.sa/ar/Ministry/Courts/Pages/FirstCourts.aspx","2026-09-23","قابلة للتغير","PROCEDURAL GUIDANCE","المرجع وصف خدمة رسمية، لا نصًا نظاميًا يحسم الحق أو الاختصاص.","MEDIUM","معلومة إجرائية أو متغيرة أو مدعومة جزئيًا؛ الخطأ قابل للتدارك غالبًا لكنه يربك المستخدم.","اعتماد سريع","هل الجهة والمحكمة ونوع الإجراء المحددة صحيحة لكل صور الحالة والاستثناءات المحتملة؟","NEEDS REVIEW",""
"R-DOMESTIC-ABSENCE","العمل والتأمينات","Q001: وش صار معك؟ ← مشكلة عمل أو راتب أو فصل → Q050: أنت تشتغل عند مين؟ ← عند أسرة كعامل/عاملة منزلية أو سائق ونحو ذلك → Q067: مشكلتك مع العامل المنزلي أو مكتب الاستقدام وش هي؟ ← العامل المنزلي انقطع / تغيب عن العمل","عامل منزلي/مساند انقطع عن العمل لدى صاحب عمل فرد.","استخدم خدمة «الانقطاع عن العمل» في مساند وفق حالة العامل وتاريخ دخوله المملكة.","وزارة الموارد البشرية للتسوية ثم المحكمة العمالية عند تعذرها.","المحكمة العمالية","إنهاء عقد بسبب الانقطاع عن العمل / التنقل العمالي","بيانات العامل والعقد وحالته في مساند وتاريخ دخوله المملكة.","","","","خلال أول سنتين: خروج نهائي خلال 60 يومًا؛ وبعد السنتين: خروج نهائي أو انتقال لصاحب عمل جديد خلال 60 يومًا.","خلال أول سنتين: خروج نهائي خلال 60 يومًا؛ وبعد السنتين: خروج نهائي أو انتقال لصاحب عمل جديد خلال 60 يومًا.","","","","وزارة الموارد البشرية والتنمية الاجتماعية — الوزارة تطلق خدمة الانقطاع عن العمل للعمالة المساندة عبر مساند","https://www.hrsd.gov.sa/media-center/news/خدمة-الانقطاع-عن-العمل","2026-09-21","قابلة للتغير","PROCEDURAL GUIDANCE","المصدر الرسمي يصف خدمة أو قناة تقديم؛ التفاصيل التشغيلية قابلة للتغيير.","MEDIUM","معلومة إجرائية أو متغيرة أو مدعومة جزئيًا؛ الخطأ قابل للتدارك غالبًا لكنه يربك المستخدم.","اعتماد سريع","ما مقدار المدة وبدايتها ونهايتها والاستثناءات وأثر فواتها وفق النص المطبق على هذه الحالة؟","NEEDS REVIEW",""
"R-DOMESTIC-DOC","العمل والتأمينات","Q001: وش صار معك؟ ← مشكلة عمل أو راتب أو فصل → Q050: أنت تشتغل عند مين؟ ← عند أسرة كعامل/عاملة منزلية أو سائق ونحو ذلك → Q067: مشكلتك مع العامل المنزلي أو مكتب الاستقدام وش هي؟ ← توثيق بيانات / عقد عامل منزلي موجود عندي","تريد توثيق بيانات أو عقد عامل منزلي موجود لديك.","ادخل مساند ← العقود ← التوثيق ضمن الطلبات الجديدة، أكمل البيانات وأرسل الطلب ليصل رابط التوثيق للعامل.","وزارة الموارد البشرية والتنمية الاجتماعية — منصة مساند","","توثيق بيانات/عقد العمالة المنزلية إلكترونيًا عبر مساند","حساب مساند وملف صاحب العمل مكتمل ومحدث، وأن يكون قد مضى على وجود العامل لدى صاحب العمل أكثر من سنتين وفق شروط الخدمة الحالية.","","","","يرسل رابط التوثيق للعامل برسالة نصية؛ يدخل رقم الإقامة ورمز التحقق ويوافق على العقد خلال 5 أيام وفق صفحة الخدمة الحالية.","يرسل رابط التوثيق للعامل برسالة نصية؛ يدخل رقم الإقامة ورمز التحقق ويوافق على العقد خلال 5 أيام وفق صفحة الخدمة الحالية.","","","","وزارة الموارد البشرية والتنمية الاجتماعية — توثيق بيانات العمالة المنزلية","https://www.hrsd.gov.sa/ministry-services/services/%D8%AA%D9%88%D8%AB%D9%8A%D9%82-%D8%A8%D9%8A%D8%A7%D9%86%D8%A7%D8%AA-%D8%A7%D9%84%D8%B9%D9%85%D8%A7%D9%84%D8%A9-%D8%A7%D9%84%D9%85%D9%86%D8%B2%D9%84%D9%8A%D8%A9","2026-09-21","ثابتة نظاميًا نسبيًا","PROCEDURAL GUIDANCE","النتيجة إرشاد تشغيلي مدقق مقابل صفحة جهة رسمية، وليست حكمًا قانونيًا موضوعيًا.","MEDIUM","معلومة إجرائية أو متغيرة أو مدعومة جزئيًا؛ الخطأ قابل للتدارك غالبًا لكنه يربك المستخدم.","اعتماد سريع","ما مقدار المدة وبدايتها ونهايتها والاستثناءات وأثر فواتها وفق النص المطبق على هذه الحالة؟","NEEDS REVIEW",""
"R-DOMESTIC-RECRUIT-COMPLAINT","العمل والتأمينات","Q001: وش صار معك؟ ← مشكلة عمل أو راتب أو فصل → Q050: أنت تشتغل عند مين؟ ← عند أسرة كعامل/عاملة منزلية أو سائق ونحو ذلك → Q067: مشكلتك مع العامل المنزلي أو مكتب الاستقدام وش هي؟ ← استقدام عامل منزلي / مشكلة مكتب استقدام → Q281: وش موضوع الاستقدام؟ ← المكتب تأخر أو ما التزم أو عندي مبلغ أبي أسترده","عندك تأخير أو عدم التزام أو مشكلة مالية مع مكتب أو شركة استقدام.","ارفع شكوى العقد إلكترونيًا عبر مساند وحدد العقد ومقدم الخدمة وسبب الشكوى وأرفق الإثباتات.","وزارة الموارد البشرية للتسوية ثم المحكمة العمالية عند تعذرها.","المحكمة العمالية","شكوى عقد استقدام عبر مساند","بيانات العقد ومقدم الخدمة ووصف المشكلة وأي مستندات أو مراسلات أو إثباتات مرتبطة بها.","","","","تُحال الشكوى لمقدم الخدمة لمحاولة الحل الودي ثم تُتابع عبر المنصة.","تُحال الشكوى لمقدم الخدمة لمحاولة الحل الودي ثم تُتابع عبر المنصة.","","","","وزارة الموارد البشرية والتنمية الاجتماعية — مساند قناة موحدة لشكاوى عقود التوسط في الاستقدام","https://www.hrsd.gov.sa/knowledge-centre/decisions-and-regulations/ministerial-decisions/845688","2026-09-20","ثابتة نظاميًا نسبيًا","PROCEDURAL GUIDANCE","النتيجة إرشاد تشغيلي مدقق مقابل صفحة جهة رسمية، وليست حكمًا قانونيًا موضوعيًا.","MEDIUM","معلومة إجرائية أو متغيرة أو مدعومة جزئيًا؛ الخطأ قابل للتدارك غالبًا لكنه يربك المستخدم.","اعتماد سريع","ما مقدار المدة وبدايتها ونهايتها والاستثناءات وأثر فواتها وفق النص المطبق على هذه الحالة؟","NEEDS REVIEW",""
"R-DOMESTIC-RECRUIT-LICENSE","العمل والتأمينات","Q001: وش صار معك؟ ← مشكلة عمل أو راتب أو فصل → Q050: أنت تشتغل عند مين؟ ← عند أسرة كعامل/عاملة منزلية أو سائق ونحو ذلك → Q067: مشكلتك مع العامل المنزلي أو مكتب الاستقدام وش هي؟ ← استقدام عامل منزلي / مشكلة مكتب استقدام → Q281: وش موضوع الاستقدام؟ ← أبي أتأكد أن المكتب أو الشركة مرخصة","تريد التأكد من ترخيص مكتب أو شركة استقدام.","تحقق من المكتب أو الشركة عبر مساند قبل التعاقد أو الدفع؛ نشاط الاستقدام يتطلب ترخيص الوزارة.","وزارة الموارد البشرية للتسوية ثم المحكمة العمالية عند تعذرها.","المحكمة العمالية","تحقق تنظيمي من ترخيص مقدم خدمة الاستقدام","اسم المكتب أو الشركة المراد التحقق منها.","","","","إن كان مقدم الخدمة معتمدًا تابع التعاقد عبر القنوات المعتمدة؛ وإلا فتجنب الدفع وأبلغ الوزارة.","إن كان مقدم الخدمة معتمدًا تابع التعاقد عبر القنوات المعتمدة؛ وإلا فتجنب الدفع وأبلغ الوزارة.","","","","وزارة الموارد البشرية والتنمية الاجتماعية — التحقق من مقدمي خدمات الاستقدام المرخصين والتعامل عبر مساند","https://www.hrsd.gov.sa/media-center/news/%D9%86%D8%B4%D8%A7%D8%B7-%D8%A7%D9%84%D8%A7%D8%B3%D8%AA%D9%82%D8%AF%D8%A7%D9%85-%D9%88%D8%A7%D9%84%D8%AE%D8%AF%D9%85%D8%A7%D8%AA-%D8%A7%D9%84%D8%B9%D9%85%D8%A7%D9%84%D9%8A%D8%A9","2026-09-20","ثابتة نظاميًا نسبيًا","PROCEDURAL GUIDANCE","النتيجة إرشاد تشغيلي مدقق مقابل صفحة جهة رسمية، وليست حكمًا قانونيًا موضوعيًا.","MEDIUM","معلومة إجرائية أو متغيرة أو مدعومة جزئيًا؛ الخطأ قابل للتدارك غالبًا لكنه يربك المستخدم.","اعتماد سريع","ما مقدار المدة وبدايتها ونهايتها والاستثناءات وأثر فواتها وفق النص المطبق على هذه الحالة؟","NEEDS REVIEW",""
"R-DOMESTIC-RECRUIT-START","العمل والتأمينات","Q001: وش صار معك؟ ← مشكلة عمل أو راتب أو فصل → Q050: أنت تشتغل عند مين؟ ← عند أسرة كعامل/عاملة منزلية أو سائق ونحو ذلك → Q067: مشكلتك مع العامل المنزلي أو مكتب الاستقدام وش هي؟ ← استقدام عامل منزلي / مشكلة مكتب استقدام → Q281: وش موضوع الاستقدام؟ ← أريد استقدام عامل أو عاملة منزلية","تريد استقدام عامل أو عاملة منزلية.","ادخل مساند واختر استقدام العمالة المنزلية، ثم حدد احتياجك واستعرض مقدمي الخدمة وأكمل العقد والدفع داخل المنصة.","وزارة الموارد البشرية والتنمية الاجتماعية — منصة مساند","","خدمة إلكترونية للاستقدام والتعاقد عبر مساند","حساب محدث في مساند وتأشيرة مصدرة، ثم استكمال خيارات العقد والتأمين والدفع الظاهرة في الخدمة.","","","","غير منطبق ظاهرًا","تستلم العروض والسير الذاتية وفق مسار الخدمة، ثم تختار العرض المناسب وتراجع العقد وتكمل التأمين والدفع والتعاقد.","","","","وزارة الموارد البشرية والتنمية الاجتماعية — طلب تعاقد مع مكتب - شركة استقدام","https://www.hrsd.gov.sa/ministry-services/services/%D8%B7%D9%84%D8%A8-%D8%AA%D8%B9%D8%A7%D9%82%D8%AF-%D9%85%D8%B9-%D9%85%D9%83%D8%AA%D8%A8-%D8%B4%D8%B1%D9%83%D8%A9-%D8%A7%D8%B3%D8%AA%D9%82%D8%AF%D8%A7%D9%85","2026-09-20","ثابتة نظاميًا نسبيًا","PROCEDURAL GUIDANCE","النتيجة إرشاد تشغيلي مدقق مقابل صفحة جهة رسمية، وليست حكمًا قانونيًا موضوعيًا.","MEDIUM","معلومة إجرائية أو متغيرة أو مدعومة جزئيًا؛ الخطأ قابل للتدارك غالبًا لكنه يربك المستخدم.","اعتماد سريع","هل يدعم المصدر الرسمي جميع الادعاءات العملية في النتيجة، أم يلزم تقييدها أو تقسيمها؟","NEEDS REVIEW",""
"R-DOMESTIC-START-SETTLEMENT","العمل والتأمينات","Q001: وش صار معك؟ ← مشكلة عمل أو راتب أو فصل → Q050: أنت تشتغل عند مين؟ ← عند أسرة كعامل/عاملة منزلية أو سائق ونحو ذلك → Q067: مشكلتك مع العامل المنزلي أو مكتب الاستقدام وش هي؟ ← خلاف في علاقة العمالة المنزلية → Q062: بدأت تسوية العمالة المنزلية؟ ← لا، ما بدأت","الخلاف بين عامل منزلي/من في حكمه وصاحب العمل ولم تبدأ التسوية الخاصة.","ابدأ مسار التسوية الودية لخلافات العمالة المنزلية وفق القواعد الخاصة المنشورة من الوزارة.","وزارة الموارد البشرية للتسوية ثم المحكمة العمالية عند تعذرها.","المحكمة العمالية","تسوية خلافات العمالة المنزلية ومن في حكمهم | تسوية خلاف عمالة منزلية","تُدخل بيانات المدعي والمدعى عليه ومكان العمل وموضوع الدعوى والمطالبات داخل الطلب، وتجهز المستندات المؤيدة المتوفرة بحسب موضوع النزاع؛ فلا تُعامل بيانات النموذج كمستندات.","المستندات المؤيدة للعلاقة والمطالبات بحسب الدعوى.","تطبق المدد والإجراءات المحددة في قواعد تسوية خلافات العمالة المنزلية؛ لا نستخدم تلقائيًا مدة التسوية المهنية العادية لكل حالة.","لا نثبت رسمًا دون نص خاص؛ المسار تسوية إدارية قبل المحكمة.","غير منطبق ظاهرًا","تحاول الوزارة تسوية النزاع وديًا قبل الإحالة إلى المحكمة العمالية عند تعذر الصلح.","","","","وزارة الموارد البشرية والتنمية الاجتماعية — القواعد والإجراءات المنظمة لتسوية خلافات العمالة المنزلية ومن في حكمهم","https://www.hrsd.gov.sa/knowledge-centre/decisions-and-regulations/regulation-and-procedures/%D8%A7%D9%84%D9%82%D9%88%D8%A7%D8%B9%D8%AF-%D9%88%D8%A7%D9%84%D8%A5%D8%AC%D8%B1%D8%A7%D8%A1%D8%A7%D8%AA-%D8%A7%D9%84%D9%85%D9%86%D8%B8%D9%85%D8%A9-%D9%84%D8%AA%D8%B3%D9%88%D9%8A%D8%A9-%D8%AE%D9%84%D8%A7%D9%81%D8%A7%D8%AA-%D8%A7%D9%84%D8%B9%D9%85%D8%A7%D9%84%D8%A9","2026-09-20","ثابتة نظاميًا نسبيًا","PARTIALLY VERIFIED","يوجد تدقيق تفصيلي ورابط لنص نظامي رسمي، لكن هذا النص بعينه لم يُعد فتحه ومطابقة جميع ادعاءات النتيجة في هذه المرحلة.","MEDIUM","معلومة إجرائية أو متغيرة أو مدعومة جزئيًا؛ الخطأ قابل للتدارك غالبًا لكنه يربك المستخدم.","اعتماد سريع","هل الجهة والمحكمة ونوع الإجراء المحددة صحيحة لكل صور الحالة والاستثناءات المحتملة؟","NEEDS REVIEW",""
"R-DOMESTIC-TRANSFER-DISPUTE","العمل والتأمينات","Q001: وش صار معك؟ ← مشكلة عمل أو راتب أو فصل → Q050: أنت تشتغل عند مين؟ ← عند أسرة كعامل/عاملة منزلية أو سائق ونحو ذلك → Q067: مشكلتك مع العامل المنزلي أو مكتب الاستقدام وش هي؟ ← نقل خدمة عامل منزلي → Q273: وش موضوع نقل خدمة العامل المنزلي؟ ← عندي خلاف أو تعثر مرتبط بنقل الخدمة","عندك خلاف أو تعثر في نقل خدمة عامل منزلي.","راجع حالة الطلب وسبب التعثر في مساند؛ وإذا كان الخلاف على حقوق أو التزامات العلاقة فانتقل لمسار تسوية خلافات العمالة المنزلية.","وزارة الموارد البشرية والتنمية الاجتماعية — مساند، والتسوية الودية عند وجود نزاع حقوقي","","استكمال/معالجة طلب نقل؛ أو تسوية خلاف عمالة منزلية إذا كان التعثر نزاعًا حقوقيًا","رقم أو بيانات طلب النقل إن وجد، بيانات الأطراف، وأي عقد أو مراسلات مرتبطة بسبب الخلاف عند الحاجة.","","","","غير منطبق ظاهرًا","يتحدد الإجراء التالي بحسب سبب التعثر: استكمال متطلبات النقل أو معالجة الخلاف عبر المسار المختص.","","","","وزارة الموارد البشرية والتنمية الاجتماعية — نقل خدمات العمالة المنزلية","https://www.hrsd.gov.sa/ministry-services/services/%D9%86%D9%82%D9%84-%D8%AE%D8%AF%D9%85%D8%A7%D8%AA-%D8%A7%D9%84%D8%B9%D9%85%D8%A7%D9%84%D8%A9-%D8%A7%D9%84%D9%85%D9%86%D8%B2%D9%84%D9%8A%D8%A9-%D9%85%D9%86-%D9%85%D9%86%D8%B4%D8%A3%D8%A9-%D8%A5%D9%84%D9%89-%D9%81%D8%B1%D8%AF","2026-09-20","ثابتة نظاميًا نسبيًا","PROCEDURAL GUIDANCE","النتيجة إرشاد تشغيلي مدقق مقابل صفحة جهة رسمية، وليست حكمًا قانونيًا موضوعيًا.","MEDIUM","معلومة إجرائية أو متغيرة أو مدعومة جزئيًا؛ الخطأ قابل للتدارك غالبًا لكنه يربك المستخدم.","اعتماد سريع","هل يدعم المصدر الرسمي جميع الادعاءات العملية في النتيجة، أم يلزم تقييدها أو تقسيمها؟","NEEDS REVIEW",""
"R-DOMESTIC-TRANSFER-IND","العمل والتأمينات","Q001: وش صار معك؟ ← مشكلة عمل أو راتب أو فصل → Q050: أنت تشتغل عند مين؟ ← عند أسرة كعامل/عاملة منزلية أو سائق ونحو ذلك → Q067: مشكلتك مع العامل المنزلي أو مكتب الاستقدام وش هي؟ ← نقل خدمة عامل منزلي → Q273: وش موضوع نقل خدمة العامل المنزلي؟ ← أبي أنقل خدمة عامل منزلي من فرد إلى فرد","تريد نقل خدمات عامل منزلي بين أفراد.","ابدأ خدمة نقل خدمات العمالة المنزلية عبر منصة مساند واتبع متطلبات الطلب والموافقات الظاهرة في الخدمة.","وزارة الموارد البشرية والتنمية الاجتماعية — منصة مساند","","نقل خدمات العمالة المنزلية من فرد إلى فرد عبر مساند","إقامة العامل سارية، أهلية صاحب العمل الجديد، وإثبات راتب/كشف حساب بنكي وفق متطلبات الخدمة الحالية.","","","","غير منطبق ظاهرًا","يبدأ صاحب العمل الحالي الطلب، ثم يقبل العامل الطلب وشروط العقد، ثم يقبل صاحب العمل الجديد؛ وتستكمل رحلة النقل في مساند.","","","","وزارة الموارد البشرية والتنمية الاجتماعية — نقل خدمات العمالة المنزلية","https://www.hrsd.gov.sa/ministry-services/services/%D9%86%D9%82%D9%84-%D8%AE%D8%AF%D9%85%D8%A7%D8%AA-%D8%A7%D9%84%D8%B9%D9%85%D8%A7%D9%84%D8%A9-%D8%A7%D9%84%D9%85%D9%86%D8%B2%D9%84%D9%8A%D8%A9-%D9%85%D9%86-%D9%85%D9%86%D8%B4%D8%A3%D8%A9-%D8%A5%D9%84%D9%89-%D9%81%D8%B1%D8%AF","2026-09-20","ثابتة نظاميًا نسبيًا","PROCEDURAL GUIDANCE","النتيجة إرشاد تشغيلي مدقق مقابل صفحة جهة رسمية، وليست حكمًا قانونيًا موضوعيًا.","MEDIUM","معلومة إجرائية أو متغيرة أو مدعومة جزئيًا؛ الخطأ قابل للتدارك غالبًا لكنه يربك المستخدم.","اعتماد سريع","هل يدعم المصدر الرسمي جميع الادعاءات العملية في النتيجة، أم يلزم تقييدها أو تقسيمها؟","NEEDS REVIEW",""
"R-GOSI-CONTRIBUTION","العمل والتأمينات","Q001: وش صار معك؟ ← بنك/تمويل/تأمين/زكاة/ضريبة/اتصالات/جهة حكومية → Q110: مشكلتك مع أي جهة أو خدمة؟ ← جهة حكومية أو تنظيمية → Q266: وش نوع الجهة الحكومية أو التنظيمية؟ ← التأمينات الاجتماعية / قرار أو منفعة أو شكوى → Q236: وش نوع موضوعك مع التأمينات الاجتماعية؟ ← إصابة عمل / تقاعد / أجر أو اشتراك → Q315: وش موضوعك في التأمينات الاجتماعية؟ ← أجر مسجل أو مدة اشتراك غير صحيحة","وجدت أجرًا مسجلًا أو مدة اشتراك لا تطابق واقع عملك.","راجع مدد وأجور الاشتراك في حسابك، ثم استخدم خدمة الاعتراض/الشكوى المناسبة وأرفق ما يثبت البيانات الصحيحة.","الجهة القضائية أو الرسمية المحددة في المصدر المرتبط بالنتيجة.","","التأمينات الاجتماعية | دعوى جديدة أو طلب قضائي بحسب الحالة المحددة في النتيجة؛ لا يُستخدم كطلب داخل قضية/تنفيذ إلا إذا نصت النتيجة على ذلك.","بيانات المنشأة والفترة والأجر الصحيح وأي مستندات عمل أو أجور تدعم الاعتراض.","","","","تراجع التأمينات الطلب وتحدث حالة المعالجة والبيانات عند قبول التصحيح.","تراجع التأمينات الطلب وتحدث حالة المعالجة والبيانات عند قبول التصحيح.","","","","المؤسسة العامة للتأمينات الاجتماعية — خدمات المشترك ومدد الاشتراك","https://www.gosi.gov.sa/","2026-09-21","قابلة للتغير","STALE RISK","نظام تنفيذ جديد نُشر في 2026 وسيحل محل النظام السابق بعد 180 يومًا؛ يلزم تثبيت تاريخ النفاذ وخطة تحديث النتيجة.","MEDIUM","معلومة إجرائية أو متغيرة أو مدعومة جزئيًا؛ الخطأ قابل للتدارك غالبًا لكنه يربك المستخدم.","اعتماد سريع","ما مقدار المدة وبدايتها ونهايتها والاستثناءات وأثر فواتها وفق النص المطبق على هذه الحالة؟","NEEDS REVIEW",""
"R-GOSI-DISABILITY-APPEAL","العمل والتأمينات","Q001: وش صار معك؟ ← بنك/تمويل/تأمين/زكاة/ضريبة/اتصالات/جهة حكومية → Q110: مشكلتك مع أي جهة أو خدمة؟ ← جهة حكومية أو تنظيمية → Q266: وش نوع الجهة الحكومية أو التنظيمية؟ ← التأمينات الاجتماعية / قرار أو منفعة أو شكوى → Q236: وش نوع موضوعك مع التأمينات الاجتماعية؟ ← قرار عجز صادر من لجنة طبية ابتدائية","تريد استئناف قرار عجز صادر من اللجنة الطبية الابتدائية.","جهز قرار اللجنة وإثبات التبليغ والتقارير الطبية، ثم استخدم «استئناف قرار العجز» لدى التأمينات قبل انتهاء 30 يومًا من تاريخ التبليغ.","المؤسسة العامة للتأمينات الاجتماعية — اللجنة الطبية الاستئنافية.","","التأمينات الاجتماعية | استئناف طبي إداري لقرار اللجنة الطبية الابتدائية لدى التأمينات.","قرار اللجنة + إثبات تاريخ التبليغ + التقارير الطبية + بيانات المستفيد.","","","لا توجد رسوم قضائية مثبتة لهذه الخدمة الطبية الإدارية في المصدر الرسمي المرتبط بها.","ينتقل الاعتراض للمراجعة الطبية الاستئنافية ويمكن تتبع حالة الطلب.","ينتقل الاعتراض للمراجعة الطبية الاستئنافية ويمكن تتبع حالة الطلب.","","","","المؤسسة العامة للتأمينات الاجتماعية — استئناف قرار العجز","https://beta.gosi.gov.sa/ar/services/individual-services/Appeal_The_Disability_Decision_","2026-09-20","ثابتة نظاميًا نسبيًا","PARTIALLY VERIFIED","المصدر رسمي والتغطية جزئية، لكن سجل التحقق ليس تفصيليًا بما يكفي لاعتماد النتيجة كاملة.","MEDIUM","معلومة إجرائية أو متغيرة أو مدعومة جزئيًا؛ الخطأ قابل للتدارك غالبًا لكنه يربك المستخدم.","اعتماد سريع","ما مقدار المدة وبدايتها ونهايتها والاستثناءات وأثر فواتها وفق النص المطبق على هذه الحالة؟","NEEDS REVIEW",""
"R-GOSI-REVIEW-IND","العمل والتأمينات","Q001: وش صار معك؟ ← بنك/تمويل/تأمين/زكاة/ضريبة/اتصالات/جهة حكومية → Q110: مشكلتك مع أي جهة أو خدمة؟ ← جهة حكومية أو تنظيمية → Q266: وش نوع الجهة الحكومية أو التنظيمية؟ ← التأمينات الاجتماعية / قرار أو منفعة أو شكوى → Q236: وش نوع موضوعك مع التأمينات الاجتماعية؟ ← قرار صادر بحقي كمستفيد / مشترك","تريد الاعتراض على قرار صادر بحقك من التأمينات.","قدّم طلب مراجعة/اعتراض على القرار من خدمة التأمينات المخصصة للأفراد.","الجهة القضائية أو الرسمية المحددة في المصدر المرتبط بالنتيجة.","","التأمينات الاجتماعية | دعوى جديدة أو طلب قضائي بحسب الحالة المحددة في النتيجة؛ لا يُستخدم كطلب داخل قضية/تنفيذ إلا إذا نصت النتيجة على ذلك.","تدخل إلى المعاملة محل الاعتراض وتعبئ تفاصيل الاعتراض داخل الخدمة، وتُرفق المستندات المؤيدة بحسب الحالة. بيانات الاعتراض نفسها حقول نموذج وليست مستندات مستقلة.","","","","يصدر رقم طلب ويمكن متابعة المعالجة إلكترونيًا.","يصدر رقم طلب ويمكن متابعة المعالجة إلكترونيًا.","","","","المؤسسة العامة للتأمينات الاجتماعية — طلب التماس / اعتراض بشأن قرار متخذ من المؤسسة — الأفراد","https://beta.gosi.gov.sa/ar/services/individual-services/Review_Decision1","2026-09-20","قابلة للتغير","STALE RISK","نظام تنفيذ جديد نُشر في 2026 وسيحل محل النظام السابق بعد 180 يومًا؛ يلزم تثبيت تاريخ النفاذ وخطة تحديث النتيجة.","MEDIUM","معلومة إجرائية أو متغيرة أو مدعومة جزئيًا؛ الخطأ قابل للتدارك غالبًا لكنه يربك المستخدم.","اعتماد سريع","ما مقدار المدة وبدايتها ونهايتها والاستثناءات وأثر فواتها وفق النص المطبق على هذه الحالة؟","NEEDS REVIEW",""
"R-CASE-E-LITIGATION","القضاء والتنفيذ وناجز","Q001: وش صار معك؟ ← وصلني شيء في ناجز → Q020: وش وصلك في ناجز؟ ← وصلني موعد جلسة → Q024: وش وضع قضيتك الآن؟ ← عندي جلسة ترافع كتابي/الدائرة طالبة مني رد إلكتروني","الدائرة فعّلت لك جلسة ترافع كتابي وتحتاج الرد إلكترونيًا داخل القضية.","في ناجز افتح «التقاضي الإلكتروني (المرافعة الكتابية)»، اختر القضية والجلسة المفعلة، ثم أجب عن سؤال الدائرة وأرسل الرد.","المحكمة أو الجهة القضائية المختصة بحسب نوع الدعوى والمرحلة المبينة في النتيجة.","","التقاضي الإلكتروني (المرافعة الكتابية) | ناجز | طلب داخل قضية قائمة","قضية قائمة + جلسة ترافع كتابي مفعلة + الالتزام بما تطلبه الدائرة. لا توجد رسوم للخدمة بحسب وزارة العدل.","المذكرات والمرفقات التي يطلبها موضوع القضية أو الدائرة؛ لا توجد قائمة موحدة لكل القضايا.","المواعيد التي تحددها الدائرة داخل القضية يجب الالتزام بها؛ لا نضع مدة عامة واحدة.","لا نثبت رسمًا مستقلًا للمرافعة الكتابية من المصدر المستخدم.","غير منطبق ظاهرًا","يضاف ردك إلى مسار القضية وتتابع الطلبات والإجراءات التالية إلكترونيًا.","","","","وزارة العدل — التقاضي الإلكتروني (المرافعة الكتابية)","https://www.moj.gov.sa/ar/Pages/default.aspx","2026-09-22","قابلة للتغير","PROCEDURAL GUIDANCE","المصدر الرسمي يصف خدمة أو قناة تقديم؛ التفاصيل التشغيلية قابلة للتغيير.","MEDIUM","معلومة إجرائية أو متغيرة أو مدعومة جزئيًا؛ الخطأ قابل للتدارك غالبًا لكنه يربك المستخدم.","اعتماد سريع","ما مقدار المدة وبدايتها ونهايتها والاستثناءات وأثر فواتها وفق النص المطبق على هذه الحالة؟","NEEDS REVIEW",""
"R-CASE-HEARING","القضاء والتنفيذ وناجز","Q001: وش صار معك؟ ← وصلني شيء في ناجز → Q020: وش وصلك في ناجز؟ ← وصلني موعد جلسة → Q024: وش وضع قضيتك الآن؟ ← عندي موعد جلسة فقط","لديك قضية قيد النظر وتريد معرفة موعد الجلسة المجدولة والاستعداد لها.","في ناجز استخدم خدمة «عرض تقويم الجلسات» من باقة القضاء ثم استعرض جميع الجلسات. الخدمة مخصصة للقضايا قيد النظر التي لديها جلسة مجدولة، وتعرض وزارة العدل عدم وجود رسوم لها.","المحكمة أو الجهة القضائية المختصة بحسب نوع الدعوى والمرحلة المبينة في النتيجة.","","متابعة موعد الجلسة | ناجز | متابعة إجرائية داخل قضية","وجود قضية حالتها قيد النظر ووجود جلسة مجدولة. للوكيل وكالة سارية تتضمن المرافعة، وللولي صك ولاية. لا توجد مستندات مطلوبة بحسب صفحة الخدمة.","لا توجد مستندات موحدة لمجرد معرفة الموعد؛ تجهيز مستندات القضية حسب طلب الدائرة.","موعد الجلسة هو الموعد المحدد في القضية؛ وعند التأجيل ترسل الوزارة إشعارًا بالموعد القادم.","لا رسوم مستقلة لمتابعة موعد الجلسة.","غير منطبق ظاهرًا","تتابع انعقاد الجلسة وما يصدر بعدها من طلب أو جلسة لاحقة أو حكم بحسب قرار الدائرة.","","","","وزارة العدل — رحلة القضية في وزارة العدل","https://www.moj.gov.sa/ar/Ministry/Pages/CaseTripInMOJ.aspx","2026-09-22","قابلة للتغير","PROCEDURAL GUIDANCE","المصدر الرسمي يصف خدمة أو قناة تقديم؛ التفاصيل التشغيلية قابلة للتغيير.","MEDIUM","معلومة إجرائية أو متغيرة أو مدعومة جزئيًا؛ الخطأ قابل للتدارك غالبًا لكنه يربك المستخدم.","اعتماد سريع","هل الجهة والمحكمة ونوع الإجراء المحددة صحيحة لكل صور الحالة والاستثناءات المحتملة؟","NEEDS REVIEW",""
"R-CONTRACTING-CIVIL-COURT","القضاء والتنفيذ وناجز","Q001: وش صار معك؟ ← عقار أو إيجار → Q070: وش موضوع العقار أو الإيجار؟ ← مقاولات / بناء / أعمال هندسية → Q235: فيه اتفاق تحكيم بينكم؟ ← لا، ما فيه شرط تحكيم → Q244: عندك حكم أو سند تنفيذي في نزاع المقاولات؟ ← ما عندي حكم أو سند تنفيذي واضح → Q245: وش صفة أطراف عقد المقاولات؟ ← المدعي منشأة ضد فرد أو النزاع بين فردين","نزاع المقاولات لا يظهر تجاريًا بشكل محسوم، ولا يوجد حكم أو سند تنفيذي أو اتفاق تحكيم ظاهر.","اجمع العقد والملاحق ومحاضر الاستلام والتقارير، وحدد طلبك، ثم استخدم صحيفة الدعوى في ناجز بعد التحقق من الاختصاص.","الجهة القضائية أو الرسمية المحددة في المصدر المرتبط بالنتيجة.","","ناجز | دعوى جديدة أو طلب قضائي بحسب الحالة المحددة في النتيجة؛ لا يُستخدم كطلب داخل قضية/تنفيذ إلا إذا نصت النتيجة على ذلك.","اجمع العقد والملاحق ومحاضر الاستلام والمراسلات والتقارير الفنية عند الحاجة لإثبات طلبك. هذه أدلة داعمة، ومتطلبات رفع الدعوى النهائية تتحدد بحسب تصنيفها.","","","","غير منطبق ظاهرًا","تُصنّف الدعوى حسب صفة الأطراف والعقد والطلب ثم تُحال للمحكمة المختصة.","","","","وزارة العدل — محاكم الدرجة الأولى واختصاصاتها","https://moj.gov.sa/ar/Ministry/Courts/Pages/FirstCourts.aspx","2026-09-20","قابلة للتغير","STALE RISK","نظام تنفيذ جديد نُشر في 2026 وسيحل محل النظام السابق بعد 180 يومًا؛ يلزم تثبيت تاريخ النفاذ وخطة تحديث النتيجة.","MEDIUM","معلومة إجرائية أو متغيرة أو مدعومة جزئيًا؛ الخطأ قابل للتدارك غالبًا لكنه يربك المستخدم.","اعتماد سريع","ما مقدار المدة وبدايتها ونهايتها والاستثناءات وأثر فواتها وفق النص المطبق على هذه الحالة؟","NEEDS REVIEW",""
"R-EVID-DENIAL-FORGERY","القضاء والتنفيذ وناجز","Q001: وش صار معك؟ ← عندي مشكلة في الإثبات أو الأدلة → Q600: وش مشكلة الإثبات عندك؟ ← الطرف الآخر ينكر التوقيع أو المحرر","هناك إنكار لتوقيع/محرر أو ادعاء تزوير.","لا تعامل الإنكار والتزوير كشيء واحد؛ النظام ينظم إنكار المحرر العادي وتحقيق الخطوط ودعوى التزوير بإجراءات مستقلة.","المحكمة أو الجهة القضائية المختصة بحسب نوع الدعوى والمرحلة المبينة في النتيجة.","","إنكار المحرر أو الادعاء بالتزوير بحسب الحالة | منازعة في حجية محرر","المحرر محل النزاع، أصل المستند إن وجد، ونماذج مقارنة عند الحاجة.","المحرر محل المنازعة وما يؤيد أوجه الإنكار/التزوير.","يجب إثارة المنازعة في الوقت الإجرائي المناسب؛ لا نضع مدة رقمية عامة دون حالة القضية.","لا تكلفة قضائية مستقلة موحدة لمجرد هذا الدليل؛ قد توجد مصروفات إجراء/خبرة بحسب الحالة.","غير منطبق ظاهرًا","تعرض المحكمة الأدلة والدفوع وفق النظام وتقدر أثرها في النزاع.","نظام الإثبات نظام الإثبات","","تحقيق الخطوط ودعوى التزوير — نظام الإثبات","هيئة الخبراء بمجلس الوزراء / وزارة العدل — نظام الإثبات","https://laws.boe.gov.sa/BoeLaws/Laws/LawDetails/2716057c-c097-4bad-8e1e-ae1400c678d5/1","2026-09-22","ثابتة نظاميًا نسبيًا","PARTIALLY VERIFIED","يوجد تدقيق تفصيلي ورابط لنص نظامي رسمي، لكن هذا النص بعينه لم يُعد فتحه ومطابقة جميع ادعاءات النتيجة في هذه المرحلة.","MEDIUM","معلومة إجرائية أو متغيرة أو مدعومة جزئيًا؛ الخطأ قابل للتدارك غالبًا لكنه يربك المستخدم.","اعتماد سريع","هل الجهة والمحكمة ونوع الإجراء المحددة صحيحة لكل صور الحالة والاستثناءات المحتملة؟","NEEDS REVIEW",""
"R-EVID-EXPERT","القضاء والتنفيذ وناجز","Q001: وش صار معك؟ ← عندي مشكلة في الإثبات أو الأدلة → Q600: وش مشكلة الإثبات عندك؟ ← أحتاج خبير أو تقييم فني","النزاع يحتاج مسألة فنية أو محاسبية أو هندسية أو تقييمًا متخصصًا.","يجوز للمحكمة الاستعانة بالخبرة وفق النظام والقواعد المنظمة؛ حدد المسائل الفنية المطلوب من الخبير الإجابة عنها.","المحكمة أو الجهة القضائية المختصة بحسب نوع الدعوى والمرحلة المبينة في النتيجة.","","طلب خبرة | خبرة فنية","العقود والمستندات الفنية والسجلات والأسئلة الفنية المحددة.","العقود/المستندات/البيانات الفنية اللازمة لمهمة الخبير.","تحدد المحكمة مواعيد الخبرة والإيداع والرد؛ لا مدة موحدة لكل القضايا.","لا تكلفة قضائية مستقلة موحدة لمجرد هذا الدليل؛ قد توجد مصروفات إجراء/خبرة بحسب الحالة.","غير منطبق ظاهرًا","تعرض المحكمة الأدلة والدفوع وفق النظام وتقدر أثرها في النزاع.","نظام الإثبات نظام الإثبات","","باب الخبرة — نظام الإثبات","هيئة الخبراء بمجلس الوزراء / وزارة العدل — نظام الإثبات","https://laws.boe.gov.sa/BoeLaws/Laws/LawDetails/2716057c-c097-4bad-8e1e-ae1400c678d5/1","2026-09-22","ثابتة نظاميًا نسبيًا","PARTIALLY VERIFIED","يوجد تدقيق تفصيلي ورابط لنص نظامي رسمي، لكن هذا النص بعينه لم يُعد فتحه ومطابقة جميع ادعاءات النتيجة في هذه المرحلة.","MEDIUM","معلومة إجرائية أو متغيرة أو مدعومة جزئيًا؛ الخطأ قابل للتدارك غالبًا لكنه يربك المستخدم.","اعتماد سريع","هل الجهة والمحكمة ونوع الإجراء المحددة صحيحة لكل صور الحالة والاستثناءات المحتملة؟","NEEDS REVIEW",""
"R-GOV-CASE-MOEN","القضاء والتنفيذ وناجز","Q001: وش صار معك؟ ← مشكلة عمل أو راتب أو فصل → Q050: أنت تشتغل عند مين؟ ← جهة حكومية أو عسكرية → Q064: أنت موظف جهة حكومية؟ ← نعم، أنا موظف/عامل لدى جهة حكومية → Q065: عندك دعوى قائمة في معين؟ ← نعم، عندي دعوى إدارية قائمة","لديك بالفعل دعوى إدارية قائمة.","ادخل معين بالنفاذ الوطني، افتح الدعوى وراجع الطلبات والمواعيد. للجلسة عن بعد استخدم خدمة الجلسات القضائية الإلكترونية، وللمذكرات والطلبات استخدم الخدمة التي تظهر في ملف الدعوى.","الجهة القضائية أو الرسمية المحددة في المصدر المرتبط بالنتيجة.","","منصة معين الرقمية | دعوى جديدة أو طلب قضائي بحسب الحالة المحددة في النتيجة؛ لا يُستخدم كطلب داخل قضية/تنفيذ إلا إذا نصت النتيجة على ذلك.","رقم الدعوى + بياناتها + آخر طلب أو موعد ظاهر.","","","","غير منطبق ظاهرًا","تستمر الدعوى داخل معين من المتابعة والجلسات والطلبات حتى استلام نسخة الحكم.","","","","ديوان المظالم — منصة معين الرقمية","https://www.bog.gov.sa/EServices/Pages/moen.aspx","2026-09-20","قابلة للتغير","STALE RISK","نظام تنفيذ جديد نُشر في 2026 وسيحل محل النظام السابق بعد 180 يومًا؛ يلزم تثبيت تاريخ النفاذ وخطة تحديث النتيجة.","MEDIUM","معلومة إجرائية أو متغيرة أو مدعومة جزئيًا؛ الخطأ قابل للتدارك غالبًا لكنه يربك المستخدم.","اعتماد سريع","هل الجهة والمحكمة ونوع الإجراء المحددة صحيحة لكل صور الحالة والاستثناءات المحتملة؟","NEEDS REVIEW",""
"R-NAJIZ-COMPLETE-DEFICIENCY","القضاء والتنفيذ وناجز","Q001: وش صار معك؟ ← وصلني شيء في ناجز → Q020: وش وصلك في ناجز؟ ← عندي طلب صحيفة دعوى أو رقم طلب فقط → Q021: طلب الدعوى ما زال تحت التدقيق؟ ← نعم، ما عندي رقم قضية حتى الآن → Q022: وش حالة طلب الدعوى؟ ← طلبوا استكمال نواقص","تمت ملاحظة نواقص على طلب صحيفة الدعوى.","استكمل النواقص على الطلب نفسه وفق الملاحظة الظاهرة.","المحكمة أو الجهة القضائية المختصة بحسب نوع الدعوى والمرحلة المبينة في النتيجة.","","استكمال نواقص طلب القضية | استكمال طلب قائم","رقم الطلب + المعلومة/المرفق المطلوب.","المستند أو البيان المحدد في إشعار النقص.","التزم بأي مدة تظهر في الطلب/الإشعار؛ لا نخترع مدة عامة.","لا رسوم مستقلة لمجرد استكمال النقص.","غير منطبق ظاهرًا","بعد استكمال النواقص يعود الطلب إلى التدقيق؛ وإذا قُبل تُرسل رسالة نصية برقم القضية واسم الدائرة.","","","","وزارة العدل — رحلة القضية في وزارة العدل","https://www.moj.gov.sa/ar/Ministry/Pages/CaseTripInMOJ.aspx","2026-09-20","ثابتة نظاميًا نسبيًا","PROCEDURAL GUIDANCE","النتيجة إرشاد تشغيلي مدقق مقابل صفحة جهة رسمية، وليست حكمًا قانونيًا موضوعيًا.","MEDIUM","معلومة إجرائية أو متغيرة أو مدعومة جزئيًا؛ الخطأ قابل للتدارك غالبًا لكنه يربك المستخدم.","اعتماد سريع","هل الجهة والمحكمة ونوع الإجراء المحددة صحيحة لكل صور الحالة والاستثناءات المحتملة؟","NEEDS REVIEW",""
"R-SALE-CHECK-CASE-STAGE","القضاء والتنفيذ وناجز","Q001: وش صار معك؟ ← وصلني شيء في ناجز → Q020: وش وصلك في ناجز؟ ← وصلني رقم قضية → Q023: وش مرحلة القضية؟ ← أبغى أعرف الحالة فقط → Q028: تبي تعرف الحالة بس؟ ← لا، عندي إجراء محدد","لديك قضية لكن مرحلتها الحالية غير واضحة.","راجع تفاصيل القضية وآخر إجراء أو موعد ظاهر في ناجز.","الجهة القضائية أو الرسمية المحددة في المصدر المرتبط بالنتيجة.","","ناجز | دعوى جديدة أو طلب قضائي بحسب الحالة المحددة في النتيجة؛ لا يُستخدم كطلب داخل قضية/تنفيذ إلا إذا نصت النتيجة على ذلك.","رقم القضية + آخر إشعار أو إجراء ظاهر.","","","","غير منطبق ظاهرًا","بعد تحديد المرحلة تستطيع متابعة المسار المناسب في الدليل.","","","","وزارة العدل — محاكم الدرجة الأولى واختصاصاتها","https://moj.gov.sa/ar/Ministry/Courts/Pages/FirstCourts.aspx","2026-09-20","قابلة للتغير","STALE RISK","نظام تنفيذ جديد نُشر في 2026 وسيحل محل النظام السابق بعد 180 يومًا؛ يلزم تثبيت تاريخ النفاذ وخطة تحديث النتيجة.","MEDIUM","معلومة إجرائية أو متغيرة أو مدعومة جزئيًا؛ الخطأ قابل للتدارك غالبًا لكنه يربك المستخدم.","اعتماد سريع","هل الجهة والمحكمة ونوع الإجراء المحددة صحيحة لكل صور الحالة والاستثناءات المحتملة؟","NEEDS REVIEW",""
"R-SP-ECOM-DELAY","القطاعات التنظيمية والخدمات","Q001: وش صار معك؟ ← بنك/تمويل/تأمين/زكاة/ضريبة/اتصالات/جهة حكومية → Q110: مشكلتك مع أي جهة أو خدمة؟ ← اتصالات أو مستهلك أو صحة أو خدمات → Q268: وش نوع الخدمة أو الشكوى؟ ← متجر إلكتروني / محل / حماية مستهلك → Q221: وش المشكلة مع المتجر أو المحل؟ ← متجر إلكتروني أو محل تجاري → Q288: وش المشكلة مع المتجر الإلكتروني؟ ← الطلب تأخر أو ما وصل","طلبك من متجر إلكتروني تأخر عن التسليم أو التنفيذ.","إذا تجاوز التأخير 15 يومًا من تاريخ العقد أو الموعد المتفق عليه، يجيز نظام التجارة الإلكترونية للمستهلك إلغاء الطلب واسترداد ما دفعه، ما لم يكن التأخير بسبب قوة قاهرة. اطلب الإلغاء والاسترداد من المتجر، وإذا لم يعالج طلبك قدّم بلاغًا تجاريًا.","الجهة القضائية أو الرسمية المحددة في المصدر المرتبط بالنتيجة.","","دعوى جديدة أو طلب قضائي بحسب الحالة المحددة في النتيجة؛ لا يُستخدم كطلب داخل قضية/تنفيذ إلا إذا نصت النتيجة على ذلك.","رقم الطلب والفاتورة وموعد التسليم المتفق عليه والمراسلات وإثبات الدفع.","","","","غير منطبق ظاهرًا","إذا استجاب المتجر يُلغى الطلب ويُعالج الاسترداد، وإلا استخدم «بلاغ تجاري» لدى وزارة التجارة.","نظام التجارة الإلكترونية وحقوق المستهلك","","","وزارة التجارة — نظام التجارة الإلكترونية وحقوق المستهلك","https://mc.gov.sa/ar/ecc/pages/default.aspx","2026-09-20","قابلة للتغير","STALE RISK","نظام تنفيذ جديد نُشر في 2026 وسيحل محل النظام السابق بعد 180 يومًا؛ يلزم تثبيت تاريخ النفاذ وخطة تحديث النتيجة.","MEDIUM","معلومة إجرائية أو متغيرة أو مدعومة جزئيًا؛ الخطأ قابل للتدارك غالبًا لكنه يربك المستخدم.","اعتماد سريع","هل الجهة والمحكمة ونوع الإجراء المحددة صحيحة لكل صور الحالة والاستثناءات المحتملة؟","NEEDS REVIEW",""
"R-BROKERAGE-CIVIL","المعاملات المدنية","Q001: وش صار معك؟ ← عقار أو إيجار → Q070: وش موضوع العقار أو الإيجار؟ ← وساطة عقارية أو عمولة وسيط → Q260: الوساطة أو السمسرة من أي نوع؟ ← وساطة أو سمسرة غير عقارية في عقد أو صفقة → Q261: وش صفة الأطراف وطبيعة العقد وقيمة المطالبة؟ ← لا تنطبق أي من الحالتين السابقتين","نزاع الوساطة غير العقارية لا يحقق -بحسب إجابتك- حالات الاختصاص التجاري المحددة في المسار.","اجمع اتفاق الوساطة وما يثبت دور الوسيط وإتمام الصفقة واستحقاق العمولة، ثم استخدم صحيفة الدعوى في ناجز بعد التحقق من عدم وجود اختصاص خاص للنشاط.","المحكمة أو الجهة القضائية المختصة بحسب نوع الدعوى والمرحلة المبينة في النتيجة.","","مطالبة عمولة وساطة غير عقارية لا يثبت لها وصف تجاري أو اختصاص خاص | ناجز | دعوى حقوقية/مدنية بعد التحقق من الاختصاص","للتقييم راجع اتفاق الوساطة وطبيعة النشاط وصفة الأطراف والعقد أو الصفقة الناتجة والمراسلات وقيمة المطالبة وشرط تسوية النزاع. هذه معلومات وأدلة لتحديد الاختصاص والاستحقاق، وليست متطلبات تقديم موحدة.","اتفاق الوساطة، المراسلات، إثبات العمل/الصفقة والعمولة، وما يطلبه تصنيف صحيفة الدعوى.","لا توجد مدة موحدة لكل المطالبات المدنية بالعمولة في صفحة الخدمة؛ تفحص المدة بحسب أساس الحق.","رسوم خدمة صحيفة الدعوى: لا يوجد؛ وقد تنطبق التكاليف القضائية بحسب نوع القضية.","غير منطبق ظاهرًا","تُصنّف الدعوى بحسب العقد وصفة الأطراف والنشاط، ثم تنظر المحكمة المختصة في الاستحقاق والمقدار.","","","","وزارة العدل — صحيفة دعوى","https://moj.gov.sa/ar/eServices/Pages/928b8f02-19a7-482b-ba0e-29a151d9a900.aspx","2026-09-20","قابلة للتغير","PROCEDURAL GUIDANCE","المصدر الرسمي يصف خدمة أو قناة تقديم؛ التفاصيل التشغيلية قابلة للتغيير.","MEDIUM","معلومة إجرائية أو متغيرة أو مدعومة جزئيًا؛ الخطأ قابل للتدارك غالبًا لكنه يربك المستخدم.","اعتماد سريع","هل الجهة والمحكمة ونوع الإجراء المحددة صحيحة لكل صور الحالة والاستثناءات المحتملة؟","NEEDS REVIEW",""
"R-CIVIL-CONTRACTOR-DELAY","المعاملات المدنية","Q001: وش صار معك؟ ← لي مبلغ أو حق مالي عند شخص أو جهة → Q010: المبلغ سببه وش؟ ← تعويض أو إخلال بعقد أو استرداد مبلغ غير مستحق → Q500: وش نوع مطالبتك المدنية؟ ← مشكلتي في عقد مقاولة أو تنفيذ أعمال → Q505: وش المشكلة في عقد المقاولة؟ ← المقاول تأخر أو ما أكمل العمل","المقاول تأخر أو لم يكمل العمل المتفق عليه.","حدد الالتزام والموعد ونسبة الإنجاز. تطبق أحكام عقد المقاولة مع القواعد العامة في التنفيذ العيني والفسخ والتعويض بحسب سبب التأخير ونص العقد.","المحكمة أو الجهة القضائية المختصة بحسب نوع الدعوى والمرحلة المبينة في النتيجة.","","تأخر مقاول في تنفيذ العمل | دعوى مقاولة/تعويض أو طلب عقدي بحسب الحالة","عقد المقاولة، الجدول الزمني، محاضر الإنجاز، الإشعارات والتقارير الفنية.","العقد، الجدول الزمني، أوامر التغيير، محاضر الموقع/التسليم، الإنذارات والمراسلات وإثبات الضرر إن طلب تعويض.","لا نثبت مدة دعوى موحدة هنا؛ المواعيد العقدية والموضوعية تتحدد بالعقد والنظام.","رسوم خدمة صحيفة الدعوى: لا يوجد؛ وقد تنطبق التكاليف القضائية بحسب القضية.","غير منطبق ظاهرًا","إذا لم يوجد سند تنفيذي أو مسار خاص، تُرفع المطالبة أمام المحكمة المختصة وتُفحص الوقائع والأدلة والدفوع.","نظام المعاملات المدنية","","نظام المعاملات المدنية ينظم عقد المقاولة؛ انتهاء العقد بإنجاز العمل في المادة 475، والفسخ لعذر طارئ وآثاره في المادة 476 بحسب الحالة. | عقد المقاولة والقواعد العامة للالتزام","هيئة الخبراء بمجلس الوزراء — نظام المعاملات المدنية","https://laws.boe.gov.sa/BoeLaws/Laws/LawDetails/655fdb42-8c96-422b-b8c4-b04f0095c94c/1","2026-09-22","قابلة للتغير","STALE RISK","نظام تنفيذ جديد نُشر في 2026 وسيحل محل النظام السابق بعد 180 يومًا؛ يلزم تثبيت تاريخ النفاذ وخطة تحديث النتيجة.","MEDIUM","معلومة إجرائية أو متغيرة أو مدعومة جزئيًا؛ الخطأ قابل للتدارك غالبًا لكنه يربك المستخدم.","اعتماد سريع","ما مقدار المدة وبدايتها ونهايتها والاستثناءات وأثر فواتها وفق النص المطبق على هذه الحالة؟","NEEDS REVIEW",""
"R-CIVIL-CREDITOR-REFUSAL","المعاملات المدنية","Q001: وش صار معك؟ ← لي مبلغ أو حق مالي عند شخص أو جهة → Q010: المبلغ سببه وش؟ ← تعويض أو إخلال بعقد أو استرداد مبلغ غير مستحق → Q500: وش نوع مطالبتك المدنية؟ ← عندي مشكلة في الوفاء أو المقاصة أو مرور الزمن → Q503: وش المشكلة في انقضاء الالتزام أو المطالبة؟ ← الدائن رافض يستلم الوفاء","أنت مستعد للوفاء لكن الدائن يرفض الوفاء المعروض أو لا يقوم بما يلزم لإتمامه.","المواد 266–271 تنظم رفض الوفاء؛ عند تحقق شروطه يمكن إعذار الدائن، وقد يترتب حق الإيداع وآثار العرض الصحيح بحسب الحالة.","المحكمة أو الجهة القضائية المختصة بحسب نوع الدعوى والمرحلة المبينة في النتيجة.","","رفض الدائن استلام الوفاء | نزاع في تنفيذ الالتزام/العرض والإيداع بحسب الحالة","إثبات الدين واستحقاقه، العرض الكامل الصحيح، رفض الدائن، والمراسلات والمبالغ أو الأشياء محل الوفاء.","السند المنشئ للالتزام، إثبات العرض والرفض، والمراسلات وما يثبت القدرة على الوفاء.","لا مدة موحدة لهذه النتيجة؛ تتحدد بحسب الالتزام وإجراءات العرض/الإيداع المنطبقة.","رسوم خدمة صحيفة الدعوى: لا يوجد؛ وقد تنطبق التكاليف القضائية بحسب القضية.","إذا لم يوجد سند تنفيذي أو مسار خاص، تُعرض المطالبة على المحكمة المختصة عبر صحيفة الدعوى وتفصل وفق العقد والوقائع والأدلة.","إذا لم يوجد سند تنفيذي أو مسار خاص، تُعرض المطالبة على المحكمة المختصة عبر صحيفة الدعوى وتفصل وفق العقد والوقائع والأدلة.","نظام المعاملات المدنية","","المواد 266–271","هيئة الخبراء بمجلس الوزراء — نظام المعاملات المدنية","https://laws.boe.gov.sa/BoeLaws/Laws/LawDetails/655fdb42-8c96-422b-b8c4-b04f0095c94c/1","2026-09-22","قابلة للتغير","STALE RISK","نظام تنفيذ جديد نُشر في 2026 وسيحل محل النظام السابق بعد 180 يومًا؛ يلزم تثبيت تاريخ النفاذ وخطة تحديث النتيجة.","MEDIUM","معلومة إجرائية أو متغيرة أو مدعومة جزئيًا؛ الخطأ قابل للتدارك غالبًا لكنه يربك المستخدم.","اعتماد سريع","ما مقدار المدة وبدايتها ونهايتها والاستثناءات وأثر فواتها وفق النص المطبق على هذه الحالة؟","NEEDS REVIEW",""
"R-CIVIL-GUARANTEE-CLAIM","المعاملات المدنية","Q001: وش صار معك؟ ← لي مبلغ أو حق مالي عند شخص أو جهة → Q010: المبلغ سببه وش؟ ← تعويض أو إخلال بعقد أو استرداد مبلغ غير مستحق → Q500: وش نوع مطالبتك المدنية؟ ← كفالة دين أو رجوع كفيل → Q512: وش المشكلة في الكفالة؟ ← الدائن يطالبني وأنا كفيل","الدائن يطالب الكفيل بالوفاء بالتزام المدين.","افحص أولًا أجل الدين وهل الكفيل متضامن. الأصل أن الدائن لا يرجع على الكفيل وحده إلا بعد رجوعه على المدين، ولا ينفذ على أموال الكفيل إلا بعد تجريد المدين من أمواله إذا تمسك الكفيل بذلك؛ ويستثنى الكفيل المتضامن. إذا لم يوجد سند تنفيذي مستقل فالمسار القضائي يكون عبر صحيفة دعوى بحسب الاختصاص.","المحكمة أو الجهة القضائية المختصة بحسب نوع الدعوى والمرحلة المبينة في النتيجة.","","دعوى مطالبة على الكفيل إذا لم يوجد سند تنفيذي مستقل؛ أما وجود سند تنفيذي فيغيّر المسار إلى التنفيذ.","عقد الكفالة، أصل الدين، تاريخ الاستحقاق، المطالبات السابقة.","","","","غير منطبق ظاهرًا","إذا كان المسار صحيفة دعوى، يُدقّق الطلب؛ عند وجود نواقص يطلب الاستكمال، وعند القبول يصلك رقم القضية واسم الدائرة. وجود سند تنفيذي أو قضية قائمة يغيّر الإجراء ولا يبرر دعوى جديدة تلقائيًا.","نظام المعاملات المدنية","","المواد 578–595، وبخاصة 585–594","هيئة الخبراء بمجلس الوزراء — نظام المعاملات المدنية","https://laws.boe.gov.sa/BoeLaws/Laws/LawDetails/655fdb42-8c96-422b-b8c4-b04f0095c94c/1","2026-09-23","قابلة للتغير","STALE RISK","نظام تنفيذ جديد نُشر في 2026 وسيحل محل النظام السابق بعد 180 يومًا؛ يلزم تثبيت تاريخ النفاذ وخطة تحديث النتيجة.","MEDIUM","معلومة إجرائية أو متغيرة أو مدعومة جزئيًا؛ الخطأ قابل للتدارك غالبًا لكنه يربك المستخدم.","اعتماد سريع","ما مقدار المدة وبدايتها ونهايتها والاستثناءات وأثر فواتها وفق النص المطبق على هذه الحالة؟","NEEDS REVIEW",""
"R-CIVIL-GUARANTEE-END","المعاملات المدنية","Q001: وش صار معك؟ ← لي مبلغ أو حق مالي عند شخص أو جهة → Q010: المبلغ سببه وش؟ ← تعويض أو إخلال بعقد أو استرداد مبلغ غير مستحق → Q500: وش نوع مطالبتك المدنية؟ ← كفالة دين أو رجوع كفيل → Q512: وش المشكلة في الكفالة؟ ← الدين انتهى أو برئ المدين وأبي إنهاء أثر الكفالة","انقضى الدين أو برئت ذمة المدين ويوجد خلاف على استمرار الكفالة.","تحقق من سبب انتهاء الالتزام: يبرأ الكفيل ببراءة المدين، ويستطيع التمسك بدفوع المدين وفق المادة 603 مع استثناء نقص الأهلية إذا كان عالمًا به. قبول الدائن عوضًا عن الدين أو الحوالة الصحيحة قد يبرئ الكفيل وفق المادتين 604–605، لكن موت الكفيل أو المدين لا ينهي الكفالة ويظل الالتزام على التركة وفق المادة 606.","المحكمة أو الجهة القضائية المختصة بحسب نوع الدعوى والمرحلة المبينة في النتيجة.","","دفع بانقضاء/براءة الكفالة داخل النزاع أو التنفيذ القائم، أو دعوى عند الحاجة بحسب المرحلة.","عقد الكفالة، ما يثبت براءة المدين أو انقضاء الدين.","","","","إذا كان المسار صحيفة دعوى، يُدقّق الطلب؛ عند وجود نواقص يطلب الاستكمال، وعند القبول يصلك رقم القضية واسم الدائرة. وجود سند تنفيذي أو قضية قائمة يغيّر الإجراء ولا يبرر دعوى جديدة تلقائيًا.","إذا كان المسار صحيفة دعوى، يُدقّق الطلب؛ عند وجود نواقص يطلب الاستكمال، وعند القبول يصلك رقم القضية واسم الدائرة. وجود سند تنفيذي أو قضية قائمة يغيّر الإجراء ولا يبرر دعوى جديدة تلقائيًا.","نظام المعاملات المدنية","","المواد 603–606","هيئة الخبراء بمجلس الوزراء — نظام المعاملات المدنية","https://laws.boe.gov.sa/BoeLaws/Laws/LawDetails/655fdb42-8c96-422b-b8c4-b04f0095c94c/1","2026-09-23","قابلة للتغير","STALE RISK","نظام تنفيذ جديد نُشر في 2026 وسيحل محل النظام السابق بعد 180 يومًا؛ يلزم تثبيت تاريخ النفاذ وخطة تحديث النتيجة.","MEDIUM","معلومة إجرائية أو متغيرة أو مدعومة جزئيًا؛ الخطأ قابل للتدارك غالبًا لكنه يربك المستخدم.","اعتماد سريع","ما مقدار المدة وبدايتها ونهايتها والاستثناءات وأثر فواتها وفق النص المطبق على هذه الحالة؟","NEEDS REVIEW",""
"R-CIVIL-GUARANTEE-RECOURSE","المعاملات المدنية","Q001: وش صار معك؟ ← لي مبلغ أو حق مالي عند شخص أو جهة → Q010: المبلغ سببه وش؟ ← تعويض أو إخلال بعقد أو استرداد مبلغ غير مستحق → Q500: وش نوع مطالبتك المدنية؟ ← كفالة دين أو رجوع كفيل → Q512: وش المشكلة في الكفالة؟ ← أنا كفيل وسددت وأبي أرجع على المدين","الكفيل سدد الدين ويريد الرجوع على المدين.","يجوز للكفيل الرجوع على المدين بما وفاه وبالنفقات التي اقتضاها العقد إذا تحققت شروط المادة 597، مع مراعاة حكم الوفاء المبكر للدين المؤجل.","المحكمة أو الجهة القضائية المختصة بحسب نوع الدعوى والمرحلة المبينة في النتيجة.","","دعوى رجوع للكفيل على المدين إذا لم يوجد سند تنفيذي مستقل يجيز التنفيذ مباشرة.","إثبات الكفالة، السداد، النفقات، علم المدين بالكفالة وموقفه منها.","","","","غير منطبق ظاهرًا","إذا كان المسار صحيفة دعوى، يُدقّق الطلب؛ عند وجود نواقص يطلب الاستكمال، وعند القبول يصلك رقم القضية واسم الدائرة. وجود سند تنفيذي أو قضية قائمة يغيّر الإجراء ولا يبرر دعوى جديدة تلقائيًا.","نظام المعاملات المدنية","","المواد 597–602","هيئة الخبراء بمجلس الوزراء — نظام المعاملات المدنية","https://laws.boe.gov.sa/BoeLaws/Laws/LawDetails/655fdb42-8c96-422b-b8c4-b04f0095c94c/1","2026-09-23","قابلة للتغير","STALE RISK","نظام تنفيذ جديد نُشر في 2026 وسيحل محل النظام السابق بعد 180 يومًا؛ يلزم تثبيت تاريخ النفاذ وخطة تحديث النتيجة.","MEDIUM","معلومة إجرائية أو متغيرة أو مدعومة جزئيًا؛ الخطأ قابل للتدارك غالبًا لكنه يربك المستخدم.","اعتماد سريع","ما مقدار المدة وبدايتها ونهايتها والاستثناءات وأثر فواتها وفق النص المطبق على هذه الحالة؟","NEEDS REVIEW",""
"R-CIVIL-GUARANTEE-SECURITY-FIRST","المعاملات المدنية","Q001: وش صار معك؟ ← لي مبلغ أو حق مالي عند شخص أو جهة → Q010: المبلغ سببه وش؟ ← تعويض أو إخلال بعقد أو استرداد مبلغ غير مستحق → Q500: وش نوع مطالبتك المدنية؟ ← كفالة دين أو رجوع كفيل → Q512: وش المشكلة في الكفالة؟ ← فيه ضمان عيني قبل الكفالة والدائن بدأ بالكفيل","الدين مضمون برهن/ضمان عيني سابق أو مع الكفالة والدائن يتجه لأموال الكفيل.","إذا كان الدين موثقًا بضمان عيني قبل الكفالة أو معها ولم يكن الكفيل متضامنًا، فلا يجوز التنفيذ على أموال الكفيل قبل التنفيذ على الأموال الموثقة للدين.","المحكمة أو الجهة القضائية المختصة بحسب نوع الدعوى والمرحلة المبينة في النتيجة.","","تمسك الكفيل غير المتضامن بأولوية التنفيذ على الضمان العيني في النزاع أو التنفيذ القائم بحسب المرحلة.","عقد الدين والكفالة، مستند الضمان العيني، ما يثبت التضامن أو عدمه.","","","","غير منطبق ظاهرًا","إذا كان المسار صحيفة دعوى، يُدقّق الطلب؛ عند وجود نواقص يطلب الاستكمال، وعند القبول يصلك رقم القضية واسم الدائرة. وجود سند تنفيذي أو قضية قائمة يغيّر الإجراء ولا يبرر دعوى جديدة تلقائيًا.","نظام المعاملات المدنية","","المادة 594","هيئة الخبراء بمجلس الوزراء — نظام المعاملات المدنية","https://laws.boe.gov.sa/BoeLaws/Laws/LawDetails/655fdb42-8c96-422b-b8c4-b04f0095c94c/1","2026-09-23","قابلة للتغير","STALE RISK","نظام تنفيذ جديد نُشر في 2026 وسيحل محل النظام السابق بعد 180 يومًا؛ يلزم تثبيت تاريخ النفاذ وخطة تحديث النتيجة.","MEDIUM","معلومة إجرائية أو متغيرة أو مدعومة جزئيًا؛ الخطأ قابل للتدارك غالبًا لكنه يربك المستخدم.","اعتماد سريع","ما مقدار المدة وبدايتها ونهايتها والاستثناءات وأثر فواتها وفق النص المطبق على هذه الحالة؟","NEEDS REVIEW",""
"R-CIVIL-LOAN-REPAY","المعاملات المدنية","Q001: وش صار معك؟ ← لي مبلغ أو حق مالي عند شخص أو جهة → Q010: المبلغ سببه وش؟ ← تعويض أو إخلال بعقد أو استرداد مبلغ غير مستحق → Q500: وش نوع مطالبتك المدنية؟ ← مشكلتي في قرض بين أشخاص → Q506: وش المشكلة في القرض؟ ← المقترض ما رد القرض","أقرضت شخصًا شيئًا مثليًا ولم يرده عند الاستحقاق.","المواد 382–390 تنظم القرض والتزام المقترض برد المثل مقدارًا ونوعًا وصفة عند انقضاء المدة. إذا لم يوجد سند تنفيذي، اجمع دليل القرض والاستحقاق وارفع المطالبة بالمسار المختص.","المحكمة أو الجهة القضائية المختصة بحسب نوع الدعوى والمرحلة المبينة في النتيجة.","","رد قرض | دعوى مطالبة برد قرض أو تنفيذ سند قائم","عقد/إقرار القرض، التحويل أو التسليم، تاريخ الاستحقاق، المطالبات السابقة.","عقد/إقرار القرض، التحويل أو إثبات القبض، الاتفاق على الأجل، والمراسلات والمطالبة.","تُحدد بحسب النص الموضوعي والوقائع؛ لا توجد مدة خدمة موحدة لهذه المطالبة.","رسوم خدمة صحيفة الدعوى: لا يوجد؛ وقد تنطبق التكاليف القضائية.","إذا لم يوجد سند تنفيذي أو مسار خاص، تُرفع المطالبة أمام المحكمة المختصة وتُفحص الوقائع والأدلة والدفوع.","إذا لم يوجد سند تنفيذي أو مسار خاص، تُرفع المطالبة أمام المحكمة المختصة وتُفحص الوقائع والأدلة والدفوع.","نظام المعاملات المدنية","","المواد 382-390: القرض لا ينعقد إلا بالقبض (383)، وإذا عين أجل/غرض فلا يلزم الوفاء قبله، وإن لم يعين فيكون عند طلب المقرض مع الاستثناء الوارد بالمادة 387، والرد بالمثل عند انتهاء المدة وفق 388. | المواد 382–390","هيئة الخبراء بمجلس الوزراء — نظام المعاملات المدنية","https://laws.boe.gov.sa/BoeLaws/Laws/LawDetails/655fdb42-8c96-422b-b8c4-b04f0095c94c/1","2026-09-22","قابلة للتغير","STALE RISK","نظام تنفيذ جديد نُشر في 2026 وسيحل محل النظام السابق بعد 180 يومًا؛ يلزم تثبيت تاريخ النفاذ وخطة تحديث النتيجة.","MEDIUM","معلومة إجرائية أو متغيرة أو مدعومة جزئيًا؛ الخطأ قابل للتدارك غالبًا لكنه يربك المستخدم.","اعتماد سريع","ما مقدار المدة وبدايتها ونهايتها والاستثناءات وأثر فواتها وفق النص المطبق على هذه الحالة؟","NEEDS REVIEW",""
"R-CIVIL-SALE-DELIVERY","المعاملات المدنية","Q001: وش صار معك؟ ← لي مبلغ أو حق مالي عند شخص أو جهة → Q010: المبلغ سببه وش؟ ← تعويض أو إخلال بعقد أو استرداد مبلغ غير مستحق → Q500: وش نوع مطالبتك المدنية؟ ← مشكلتي في عقد بيع أو مبيع → Q504: وش المشكلة في عقد البيع؟ ← البائع ما سلمني المبيع","البائع لم يسلم المبيع أو لم يمكّنك من حيازته والانتفاع به.","المواد 321–326 تلزم البائع بالتسليم بالحالة المتفق عليها وبما يمكّن المشتري من الحيازة والانتفاع. اطلب التسليم، ومع الإخلال الجوهري قد تدخل أحكام التنفيذ العيني أو الفسخ والتعويض بحسب الحالة.","المحكمة أو الجهة القضائية المختصة بحسب نوع الدعوى والمرحلة المبينة في النتيجة.","","مطالبة بتسليم المبيع | دعوى عقد بيع/تنفيذ بحسب السند","عقد البيع، إثبات الثمن، موعد ومكان التسليم، المراسلات والإعذار عند لزومه.","عقد البيع، إثبات السداد أو الالتزامات المقابلة، المراسلات، وما يثبت عدم التسليم.","لا نثبت مدة موحدة؛ المدة الموضوعية تتحدد بالعقد والنظام والوقائع.","رسوم خدمة صحيفة الدعوى: لا يوجد؛ وقد تنطبق التكاليف القضائية بحسب نوع وقيمة القضية.","غير منطبق ظاهرًا","إذا لم يوجد سند تنفيذي أو مسار خاص، تُرفع المطالبة أمام المحكمة المختصة وتُفحص الوقائع والأدلة والدفوع.","","","المواد 321–326","وزارة العدل — صحيفة دعوى","https://www.moj.gov.sa/ar/eservices/pages/928b8f02-19a7-482b-ba0e-29a151d9a900.aspx","2026-09-22","قابلة للتغير","STALE RISK","نظام تنفيذ جديد نُشر في 2026 وسيحل محل النظام السابق بعد 180 يومًا؛ يلزم تثبيت تاريخ النفاذ وخطة تحديث النتيجة.","MEDIUM","معلومة إجرائية أو متغيرة أو مدعومة جزئيًا؛ الخطأ قابل للتدارك غالبًا لكنه يربك المستخدم.","اعتماد سريع","ما مقدار المدة وبدايتها ونهايتها والاستثناءات وأثر فواتها وفق النص المطبق على هذه الحالة؟","NEEDS REVIEW",""
"R-CIVIL-SALE-EVICTION","المعاملات المدنية","Q001: وش صار معك؟ ← لي مبلغ أو حق مالي عند شخص أو جهة → Q010: المبلغ سببه وش؟ ← تعويض أو إخلال بعقد أو استرداد مبلغ غير مستحق → Q500: وش نوع مطالبتك المدنية؟ ← مشكلتي في عقد بيع أو مبيع → Q504: وش المشكلة في عقد البيع؟ ← شخص آخر يدعي ملكية المبيع أو استحقه","لديك سند تنفيذي يوجب إخلاء عقار وتريد تنفيذه، وليس مجرد نزاع جديد على الإخلاء.","قدّم السند عبر خدمة «تقديم طلب تنفيذ» واختر التنفيذ المباشر/النوع الذي يظهر للسند. تابع أمر التنفيذ والتبليغ داخل الطلب حتى مرحلة الإخلاء.","المحكمة أو الجهة القضائية المختصة بحسب نوع الدعوى والمرحلة المبينة في النتيجة.","","إخلاء/تسليم مرتبط بمبيع | دعوى تسليم/إخلاء أو تنفيذ مباشر إذا وجد سند تنفيذي صالح","سند تنفيذي يتضمن الإخلاء، بيانات الأطراف، نسخة السند والمتطلبات الإجبارية بحسب نوعه، ومتطلبات تقديم طلب التنفيذ العامة.","العقد، سند الملكية/المستند، محاضر التسليم والإنذارات، والسند التنفيذي إن وجد.","لا مدة خدمة موحدة؛ تتبع الحق والسند.","رسوم صحيفة الدعوى: لا يوجد؛ وقد تنطبق التكاليف القضائية بحسب القضية.","غير منطبق ظاهرًا","المادة 72 تنظم خروج مأمور التنفيذ إلى العقار في اليوم التالي لمضي خمسة أيام من تاريخ الإبلاغ بأمر التنفيذ وتسليم العقار للمنفذ له، مع أحكام المنقولات الموجودة بالعقار.","نظام التنفيذ","","وزارة العدل تتيح تقديم طلب تنفيذ للسندات التنفيذية بما فيها التنفيذ المباشر؛ أما النزاع الموضوعي الجديد فيرفع بصحيفة دعوى. | نظام التنفيذ — المادة 72","هيئة الخبراء بمجلس الوزراء — نظام المعاملات المدنية","https://laws.boe.gov.sa/BoeLaws/Laws/LawDetails/655fdb42-8c96-422b-b8c4-b04f0095c94c/1","2026-09-22","قابلة للتغير","STALE RISK","نظام تنفيذ جديد نُشر في 2026 وسيحل محل النظام السابق بعد 180 يومًا؛ يلزم تثبيت تاريخ النفاذ وخطة تحديث النتيجة.","MEDIUM","معلومة إجرائية أو متغيرة أو مدعومة جزئيًا؛ الخطأ قابل للتدارك غالبًا لكنه يربك المستخدم.","اعتماد سريع","هل الجهة والمحكمة ونوع الإجراء المحددة صحيحة لكل صور الحالة والاستثناءات المحتملة؟","NEEDS REVIEW",""
"R-CIVIL-SALE-PRICE","المعاملات المدنية","Q001: وش صار معك؟ ← لي مبلغ أو حق مالي عند شخص أو جهة → Q010: المبلغ سببه وش؟ ← تعويض أو إخلال بعقد أو استرداد مبلغ غير مستحق → Q500: وش نوع مطالبتك المدنية؟ ← مشكلتي في عقد بيع أو مبيع → Q504: وش المشكلة في عقد البيع؟ ← المشتري ما دفع الثمن","المشتري لم يؤد الثمن المستحق.","المواد 345–350 تنظم التزام المشتري بأداء الثمن وحق البائع في حبس المبيع في حالات معينة. إذا لم يوجد سند تنفيذي، حدد هل تطلب الثمن أو الفسخ أو التعويض بحسب العقد والوقائع.","المحكمة أو الجهة القضائية المختصة بحسب نوع الدعوى والمرحلة المبينة في النتيجة.","","مطالبة بثمن مبيع | دعوى مطالبة مالية ناشئة عن بيع/تنفيذ بحسب السند","عقد البيع، موعد استحقاق الثمن، إثبات التسليم، كشف المدفوعات والإعذار إن لزم.","عقد البيع، الفواتير/إثبات التسليم، كشوف السداد والمراسلات.","لا نثبت مدة موحدة في هذه النتيجة؛ تُراجع مدة سماع المطالبة بحسب النص المنطبق.","رسوم خدمة صحيفة الدعوى: لا يوجد؛ وقد تنطبق التكاليف القضائية بحسب نوع وقيمة القضية.","غير منطبق ظاهرًا","إذا لم يوجد سند تنفيذي أو مسار خاص، تُرفع المطالبة أمام المحكمة المختصة وتُفحص الوقائع والأدلة والدفوع.","","","المواد 345–350","وزارة العدل — صحيفة دعوى","https://www.moj.gov.sa/ar/eservices/pages/928b8f02-19a7-482b-ba0e-29a151d9a900.aspx","2026-09-22","قابلة للتغير","STALE RISK","نظام تنفيذ جديد نُشر في 2026 وسيحل محل النظام السابق بعد 180 يومًا؛ يلزم تثبيت تاريخ النفاذ وخطة تحديث النتيجة.","MEDIUM","معلومة إجرائية أو متغيرة أو مدعومة جزئيًا؛ الخطأ قابل للتدارك غالبًا لكنه يربك المستخدم.","اعتماد سريع","ما مقدار المدة وبدايتها ونهايتها والاستثناءات وأثر فواتها وفق النص المطبق على هذه الحالة؟","NEEDS REVIEW",""
"R-CIVIL-SALE-QUANTITY","المعاملات المدنية","Q001: وش صار معك؟ ← لي مبلغ أو حق مالي عند شخص أو جهة → Q010: المبلغ سببه وش؟ ← تعويض أو إخلال بعقد أو استرداد مبلغ غير مستحق → Q500: وش نوع مطالبتك المدنية؟ ← مشكلتي في عقد بيع أو مبيع → Q504: وش المشكلة في عقد البيع؟ ← المبيع ناقص أو زائد عن المقدار المتفق عليه","المقدار الفعلي للمبيع يختلف عن المقدار المحدد في العقد.","المادة 323 تنظم النقص والزيادة بحسب طبيعة المبيع وطريقة تحديد الثمن، وقد تجيز الفسخ إذا كانت الزيادة جسيمة أو النقص يخل بالغرض.","المحكمة أو الجهة القضائية المختصة بحسب نوع الدعوى والمرحلة المبينة في النتيجة.","","نزاع في كمية/مقدار المبيع | دعوى عقد بيع","العقد، وصف ومقدار المبيع، القياس الفعلي، محضر التسليم.","العقد، الفواتير، محاضر/إثباتات التسليم والقياس والمراسلات.","لا نثبت مدة موحدة دون مطابقة النص الموضوعي ونوع المبيع.","رسوم خدمة صحيفة الدعوى: لا يوجد؛ وقد تنطبق التكاليف القضائية بحسب نوع وقيمة القضية.","غير منطبق ظاهرًا","إذا لم يوجد سند تنفيذي أو مسار خاص، تُرفع المطالبة أمام المحكمة المختصة وتُفحص الوقائع والأدلة والدفوع.","","","المادة 323","وزارة العدل — صحيفة دعوى","https://www.moj.gov.sa/ar/eservices/pages/928b8f02-19a7-482b-ba0e-29a151d9a900.aspx","2026-09-22","ثابتة نظاميًا نسبيًا","PARTIALLY VERIFIED","المصدر رسمي لكنه لا يثبت آليًا جميع عناصر الاختصاص/المدة/الرسوم المركبة في النتيجة.","MEDIUM","معلومة إجرائية أو متغيرة أو مدعومة جزئيًا؛ الخطأ قابل للتدارك غالبًا لكنه يربك المستخدم.","اعتماد سريع","ما مقدار المدة وبدايتها ونهايتها والاستثناءات وأثر فواتها وفق النص المطبق على هذه الحالة؟","NEEDS REVIEW",""
"R-CIVIL-SPECIFIC-PERFORMANCE","المعاملات المدنية","Q001: وش صار معك؟ ← لي مبلغ أو حق مالي عند شخص أو جهة → Q010: المبلغ سببه وش؟ ← تعويض أو إخلال بعقد أو استرداد مبلغ غير مستحق → Q500: وش نوع مطالبتك المدنية؟ ← الطرف الآخر ما نفذ العقد وأبي التنفيذ نفسه","لديك التزام مدني مستحق وتريد إلزام الطرف الآخر بتنفيذه نفسه متى كان التنفيذ ممكنًا.","المواد 161 و164–169 من نظام المعاملات المدنية تقرر أصل تنفيذ الالتزام عند استحقاقه والتنفيذ العيني بعد الإعذار متى كان ممكنًا. إذا لم يكن لديك سند تنفيذي قائم، ارفع المطالبة عبر صحيفة الدعوى بالتصنيف المطابق للعلاقة.","المحكمة أو الجهة القضائية المختصة بحسب نوع الدعوى والمرحلة المبينة في النتيجة.","","المطالبة بتنفيذ الالتزام عينًا | دعوى عقدية/التزام مدني","العقد أو ما يثبت الالتزام، ما يثبت الاستحقاق والإعذار عند لزومه، والمراسلات وأي دليل على عدم التنفيذ.","العقد أو مصدر الالتزام، إثبات الاستحقاق والإخلال، والمراسلات والمستندات المؤيدة.","لا مدة موحدة في خدمة صحيفة الدعوى؛ مرور الزمن المانع من سماع الدعوى يتحدد بالنص الموضوعي المنطبق.","رسوم خدمة صحيفة الدعوى: لا يوجد؛ وقد تنطبق التكاليف القضائية بحسب القضية.","غير منطبق ظاهرًا","إذا كانت مطالبة قضائية، تُقدّم عبر صحيفة الدعوى بالتصنيف المناسب وتُراجع المحكمة الوقائع والأدلة والطلبات.","نظام المعاملات المدنية","","","هيئة الخبراء بمجلس الوزراء — نظام المعاملات المدنية","https://laws.boe.gov.sa/BoeLaws/Laws/LawDetails/655fdb42-8c96-422b-b8c4-b04f0095c94c/1","2026-09-22","قابلة للتغير","STALE RISK","نظام تنفيذ جديد نُشر في 2026 وسيحل محل النظام السابق بعد 180 يومًا؛ يلزم تثبيت تاريخ النفاذ وخطة تحديث النتيجة.","MEDIUM","معلومة إجرائية أو متغيرة أو مدعومة جزئيًا؛ الخطأ قابل للتدارك غالبًا لكنه يربك المستخدم.","اعتماد سريع","ما مقدار المدة وبدايتها ونهايتها والاستثناءات وأثر فواتها وفق النص المطبق على هذه الحالة؟","NEEDS REVIEW",""
"R-MOVABLE-CIVIL-CLAIM","المعاملات المدنية","Q001: وش صار معك؟ ← أحتاج توثيق أو خدمة بدون نزاع → Q100: وش الخدمة اللي تبيها؟ ← إقرار استلام / تنازل عن منقول → Q234: وش تبي توثّق عن المنقول؟ ← يوجد نزاع على المنقول أو الملكية → Q242: وش معك بخصوص نزاع المنقول؟ ← ما عندي حكم أو سند تنفيذي → Q243: وش نوع نزاع المنقول؟ ← نزاع ملكية أو تسليم المنقول","عندك نزاع فعلي على ملكية منقول أو تسليمه، وليس مجرد توثيق إقرار.","اجمع إثبات الملكية أو الالتزام بالتسليم، ثم استخدم صحيفة الدعوى في ناجز بعد التحقق من الاختصاص.","الجهة القضائية أو الرسمية المحددة في المصدر المرتبط بالنتيجة.","","ناجز | طلب توثيق أو إثبات إلكتروني، وليس دعوى جديدة ما لم يوجد نزاع.","اجمع ما يؤيد الملكية أو الالتزام بالتسليم بحسب حالتك، مثل العقد أو الفاتورة أو المراسلات. هذه أدلة داعمة، أما متطلبات صحيفة الدعوى فتتحدد بحسب تصنيفها.","","","","غير منطبق ظاهرًا","تُصنّف الدعوى بحسب طلبك والوقائع ثم تُحال للمحكمة المختصة.","نظام المعاملات المدنية","","","هيئة الخبراء بمجلس الوزراء — نظام المعاملات المدنية","https://laws.boe.gov.sa/BoeLaws/Laws/LawDetails/655fdb42-8c96-422b-b8c4-b04f0095c94c/1","2026-09-20","قابلة للتغير","PROCEDURAL GUIDANCE","المرجع وصف خدمة رسمية، لا نصًا نظاميًا يحسم الحق أو الاختصاص.","MEDIUM","معلومة إجرائية أو متغيرة أو مدعومة جزئيًا؛ الخطأ قابل للتدارك غالبًا لكنه يربك المستخدم.","اعتماد سريع","هل الجهة والمحكمة ونوع الإجراء المحددة صحيحة لكل صور الحالة والاستثناءات المحتملة؟","NEEDS REVIEW",""
"R-MOVABLE-CONTRACT-CLAIM","المعاملات المدنية","Q001: وش صار معك؟ ← أحتاج توثيق أو خدمة بدون نزاع → Q100: وش الخدمة اللي تبيها؟ ← إقرار استلام / تنازل عن منقول → Q234: وش تبي توثّق عن المنقول؟ ← يوجد نزاع على المنقول أو الملكية → Q242: وش معك بخصوص نزاع المنقول؟ ← ما عندي حكم أو سند تنفيذي → Q243: وش نوع نزاع المنقول؟ ← بيع أو شراء منقول","نزاعك ناشئ عن بيع أو شراء منقول، لكن اختيار المسار يعتمد على صفة الأطراف وطبيعة العقد.","اجمع العقد أو الفاتورة وإثبات الدفع والتسليم والمراسلات، وحدد طلبك بدقة، ثم تحقق من الجهة القضائية المختصة بحسب صفة الأطراف وطبيعة العلاقة قبل رفع المطالبة.","الجهة القضائية أو الرسمية المحددة في المصدر المرتبط بالنتيجة.","","دعوى جديدة أو طلب قضائي بحسب الحالة المحددة في النتيجة؛ لا يُستخدم كطلب داخل قضية/تنفيذ إلا إذا نصت النتيجة على ذلك.","العقد أو الفاتورة + إثبات الدفع + ما يثبت التسليم أو عدمه + وصف المنقول + المراسلات + بيانات وصفة الطرف الآخر.","","","","غير منطبق ظاهرًا","بعد تحديد الطلب والاختصاص تُنظر المطالبة على ضوء العقد والوقائع وأحكام نظام المعاملات المدنية.","نظام المعاملات المدنية","","","هيئة الخبراء بمجلس الوزراء — نظام المعاملات المدنية","https://laws.boe.gov.sa/BoeLaws/Laws/LawDetails/655fdb42-8c96-422b-b8c4-b04f0095c94c/1","2026-09-20","قابلة للتغير","STALE RISK","نظام تنفيذ جديد نُشر في 2026 وسيحل محل النظام السابق بعد 180 يومًا؛ يلزم تثبيت تاريخ النفاذ وخطة تحديث النتيجة.","MEDIUM","معلومة إجرائية أو متغيرة أو مدعومة جزئيًا؛ الخطأ قابل للتدارك غالبًا لكنه يربك المستخدم.","اعتماد سريع","هل الجهة والمحكمة ونوع الإجراء المحددة صحيحة لكل صور الحالة والاستثناءات المحتملة؟","NEEDS REVIEW",""
"R-LEGAL-FEES-AGREEMENT","عام ومتعدد القطاعات","Q001: وش صار معك؟ ← لي مبلغ أو حق مالي عند شخص أو جهة → Q010: المبلغ سببه وش؟ ← أتعاب محاماة أو نزاع مع محامٍ على الأتعاب → Q262: وش وضع اتفاق الأتعاب وعلاقته بالقضية؟ ← يوجد اتفاق أتعاب قائم وواضح، والنزاع على السداد أو تطبيقه","يوجد اتفاق أتعاب قائم، والنزاع على سداد الأتعاب أو تطبيق بنوده.","اجمع اتفاق الأتعاب وإثبات الأعمال المنفذة والفواتير والمدفوعات والمراسلات. حدّد الطلب من نص الاتفاق، ثم ارفع المطالبة بعد التحقق من المحكمة المختصة؛ فمسار تقدير المحكمة التي نظرت القضية لا يطبق تلقائيًا مع وجود اتفاق قائم.","الجهة القضائية أو الرسمية المحددة في المصدر المرتبط بالنتيجة.","","دعوى جديدة أو طلب قضائي بحسب الحالة المحددة في النتيجة؛ لا يُستخدم كطلب داخل قضية/تنفيذ إلا إذا نصت النتيجة على ذلك.","اتفاق الأتعاب + الوكالة + ما يثبت نطاق العمل وتنفيذه + الفواتير والمدفوعات + المراسلات + بيانات القضية إن وجدت.","","","","غير منطبق ظاهرًا","تتحقق المحكمة من الاتفاق ونطاق العمل والتنفيذ والاستحقاق قبل الحكم بالمبلغ.","نظام المحاماة","","","هيئة الخبراء بمجلس الوزراء — نظام المحاماة — المادة السادسة والعشرون بعد تعديل 1447هـ","https://laws.boe.gov.sa/BoeLaws/Laws/LawDetails/f42655be-79b0-4fd4-bb90-a9a700f26a3e/1","2026-09-20","قابلة للتغير","STALE RISK","نظام تنفيذ جديد نُشر في 2026 وسيحل محل النظام السابق بعد 180 يومًا؛ يلزم تثبيت تاريخ النفاذ وخطة تحديث النتيجة.","MEDIUM","معلومة إجرائية أو متغيرة أو مدعومة جزئيًا؛ الخطأ قابل للتدارك غالبًا لكنه يربك المستخدم.","اعتماد سريع","ما مقدار المدة وبدايتها ونهايتها والاستثناءات وأثر فواتها وفق النص المطبق على هذه الحالة؟","NEEDS REVIEW",""
"R-LEGAL-FEES-ESTIMATE","عام ومتعدد القطاعات","Q001: وش صار معك؟ ← لي مبلغ أو حق مالي عند شخص أو جهة → Q010: المبلغ سببه وش؟ ← أتعاب محاماة أو نزاع مع محامٍ على الأتعاب → Q262: وش وضع اتفاق الأتعاب وعلاقته بالقضية؟ ← لا يوجد اتفاق أتعاب ساري، والأتعاب مرتبطة بقضية نظرتها محكمة","لا يوجد اتفاق أتعاب قائم، أو كان الاتفاق باطلًا أو فُسخ أو انفسخ، والأتعاب مرتبطة بقضية نظرتها محكمة.","قدّم طلب تقدير الأتعاب إلى المحكمة التي نظرت القضية، مع بيان العمل الذي أُنجز والنفع الذي عاد على الموكل والمبالغ المدفوعة.","الجهة القضائية أو الرسمية المحددة في المصدر المرتبط بالنتيجة.","","دعوى جديدة أو طلب قضائي بحسب الحالة المحددة في النتيجة؛ لا يُستخدم كطلب داخل قضية/تنفيذ إلا إذا نصت النتيجة على ذلك.","بيانات القضية والمحكمة + الوكالة + ما يثبت الأعمال والجلسات والمذكرات + المراسلات + المدفوعات + سبب عدم وجود اتفاق قائم.","","","","غير منطبق ظاهرًا","تسمع المحكمة أقوال الطرفين وتقدّر الأتعاب وفق المادة السادسة والعشرين بحسب الحالة.","نظام المحاماة","","","هيئة الخبراء بمجلس الوزراء — نظام المحاماة — المادة السادسة والعشرون بعد تعديل 1447هـ","https://laws.boe.gov.sa/BoeLaws/Laws/LawDetails/f42655be-79b0-4fd4-bb90-a9a700f26a3e/1","2026-09-20","قابلة للتغير","STALE RISK","نظام تنفيذ جديد نُشر في 2026 وسيحل محل النظام السابق بعد 180 يومًا؛ يلزم تثبيت تاريخ النفاذ وخطة تحديث النتيجة.","MEDIUM","معلومة إجرائية أو متغيرة أو مدعومة جزئيًا؛ الخطأ قابل للتدارك غالبًا لكنه يربك المستخدم.","اعتماد سريع","هل الجهة والمحكمة ونوع الإجراء المحددة صحيحة لكل صور الحالة والاستثناءات المحتملة؟","NEEDS REVIEW",""
"R-MASTER-GENERAL","عام ومتعدد القطاعات","Q001: وش صار معك؟ ← أبي أرفع قضية جديدة أو أعرف المحكمة المناسبة → Q610: إذا ما تعرف المحكمة: وش طبيعة مشكلتك؟ ← عقار أو عقد أو دين أو تعويض مدني → Q609: وش نوع النزاع اللي تبي توجهه للمحكمة العامة؟ ← أبي أعرف متى تكون المحكمة العامة هي المختصة","نزاع لا يدخل في اختصاص محكمة متخصصة أو كتابة عدل أو ديوان المظالم.","حدّد موضوع النزاع أولًا ثم ارفع الدعوى أمام المحكمة المختصة إذا لم يوجد سند تنفيذي مباشر.","المحكمة أو الجهة القضائية المختصة بحسب نوع الدعوى والمرحلة المبينة في النتيجة.","","تحديد نوع الإجراء قبل الدخول للقضاء | بوابة القرار الرئيسية","وقائع النزاع، صفة الأطراف، الطلبات، المستندات، وتحديد ما إذا كان هناك اختصاص خاص.","بحسب الفرع النهائي؛ صحيفة الدعوى مثلًا تتطلب بيانات الأطراف والمتطلبات التي تظهر بعد التصنيف.","لا مدة موحدة لكل الإجراءات؛ المواعيد تتبع الإجراء النهائي.","التكاليف تتحدد بحسب المسار؛ لا مبلغ عام موحد.","إذا تبين أن النزاع يدخل في اختصاص محكمة متخصصة فيحوّل للمسار المتخصص؛ وإلا يستمر كدعوى من اختصاص المحكمة العامة.","إذا تبين أن النزاع يدخل في اختصاص محكمة متخصصة فيحوّل للمسار المتخصص؛ وإلا يستمر كدعوى من اختصاص المحكمة العامة.","نظام القضاء","","نظام القضاء — المادة 25؛ نظام المرافعات الشرعية — المادة 31","وزارة العدل — رحلة القضية","https://www.moj.gov.sa/ar/Ministry/Pages/CaseTripInMOJ.aspx","2026-09-22","ثابتة نظاميًا نسبيًا","PARTIALLY VERIFIED","المصدر رسمي لكنه لا يثبت آليًا جميع عناصر الاختصاص/المدة/الرسوم المركبة في النتيجة.","MEDIUM","معلومة إجرائية أو متغيرة أو مدعومة جزئيًا؛ الخطأ قابل للتدارك غالبًا لكنه يربك المستخدم.","اعتماد سريع","ما مقدار المدة وبدايتها ونهايتها والاستثناءات وأثر فواتها وفق النص المطبق على هذه الحالة؟","NEEDS REVIEW",""
"R-QIWA-TRANSFER","عام ومتعدد القطاعات","Q001: وش صار معك؟ ← مشكلة عمل أو راتب أو فصل → Q050: أنت تشتغل عند مين؟ ← شركة أو مؤسسة في القطاع الخاص → Q054: وش صفتك أو وش الخدمة العمالية اللي تحتاجها؟ ← خدمة عقد / نقل موظف / رخصة عمل / حماية أجور → Q314: وش تحتاج بخصوص عقد العمل أو خدمات الموظف في القطاع الخاص؟ ← نقل خدمات موظف / تنقل وظيفي","تريد نقل خدمات موظف إلى منشأة أخرى أو تنفيذ خدمة تنقل وظيفي.","ابدأ من خدمات نقل الموظفين في قوى وتحقق من أهلية المنشأة والعامل للحالة ثم قدّم الطلب.","الجهة القضائية أو الرسمية المحددة في المصدر المرتبط بالنتيجة.","","قوى | دعوى جديدة أو طلب قضائي بحسب الحالة المحددة في النتيجة؛ لا يُستخدم كطلب داخل قضية/تنفيذ إلا إذا نصت النتيجة على ذلك.","بيانات المنشأة والعامل والعرض/العقد والمتطلبات التي تظهر بحسب حالة النقل.","","","","غير منطبق ظاهرًا","يمر الطلب بالموافقات والإجراءات المطلوبة في قوى والجهات المرتبطة حتى اكتماله.","","","","وزارة الموارد البشرية والتنمية الاجتماعية — خدمة نقل الموظفين","https://www.hrsd.gov.sa/ministry-services/services/نقل-الموظفين","2026-09-21","قابلة للتغير","STALE RISK","نظام تنفيذ جديد نُشر في 2026 وسيحل محل النظام السابق بعد 180 يومًا؛ يلزم تثبيت تاريخ النفاذ وخطة تحديث النتيجة.","MEDIUM","معلومة إجرائية أو متغيرة أو مدعومة جزئيًا؛ الخطأ قابل للتدارك غالبًا لكنه يربك المستخدم.","اعتماد سريع","هل الجهة والمحكمة ونوع الإجراء المحددة صحيحة لكل صور الحالة والاستثناءات المحتملة؟","NEEDS REVIEW",""
"R-SP-GSTC-CHECK","عام ومتعدد القطاعات","Q001: وش صار معك؟ ← بنك/تمويل/تأمين/زكاة/ضريبة/اتصالات/جهة حكومية → Q110: مشكلتك مع أي جهة أو خدمة؟ ← جهة حكومية أو تنظيمية → Q266: وش نوع الجهة الحكومية أو التنظيمية؟ ← زكاة / ضريبة / جمارك → Q168: قدمت اعتراض لزاتكا؟ ← نعم → Q169: تقدر تصعّد للجان الآن؟ ← لم يصدر قرار مدة طويلة وأحتاج التحقق من حق التصعيد","اعتراضك لم يصدر فيه قرار وتريد معرفة هل تحقق شرط التصعيد.","راجع نوع الاعتراض وتاريخ تقديمه والخدمة المحددة؛ بعض الخدمات تنص على إمكان التصعيد عند عدم صدور قرار خلال مدة مقررة.","الجهة القضائية أو الرسمية المحددة في المصدر المرتبط بالنتيجة.","","دعوى جديدة أو طلب قضائي بحسب الحالة المحددة في النتيجة؛ لا يُستخدم كطلب داخل قضية/تنفيذ إلا إذا نصت النتيجة على ذلك.","لتحديد تحقق بوابة التصعيد تحتاج نوع الاعتراض ورقمه وتاريخ تقديمه وحالته أو الرد عليه؛ هذه بيانات تحقق ومتابعة وليست مستندات تقديم جديدة.","","","","إذا تحققت البوابة تنتقل للأمانة العامة للجان، وإلا تستمر المتابعة.","إذا تحققت البوابة تنتقل للأمانة العامة للجان، وإلا تستمر المتابعة.","","","","هيئة الزكاة والضريبة والجمارك — رفع الاعتراض للأمانة العامة للجان الزكوية والضريبية والجمركية","https://zatca.gov.sa/ar/eServices/Pages/eServices-028.aspx","2026-09-20","قابلة للتغير","STALE RISK","نظام تنفيذ جديد نُشر في 2026 وسيحل محل النظام السابق بعد 180 يومًا؛ يلزم تثبيت تاريخ النفاذ وخطة تحديث النتيجة.","MEDIUM","معلومة إجرائية أو متغيرة أو مدعومة جزئيًا؛ الخطأ قابل للتدارك غالبًا لكنه يربك المستخدم.","اعتماد سريع","ما مقدار المدة وبدايتها ونهايتها والاستثناءات وأثر فواتها وفق النص المطبق على هذه الحالة؟","NEEDS REVIEW",""
"R-SP-GSTC-ESCALATE","عام ومتعدد القطاعات","Q001: وش صار معك؟ ← بنك/تمويل/تأمين/زكاة/ضريبة/اتصالات/جهة حكومية → Q110: مشكلتك مع أي جهة أو خدمة؟ ← جهة حكومية أو تنظيمية → Q266: وش نوع الجهة الحكومية أو التنظيمية؟ ← زكاة / ضريبة / جمارك → Q168: قدمت اعتراض لزاتكا؟ ← نعم → Q169: تقدر تصعّد للجان الآن؟ ← رُفض الاعتراض / لدي مسار تصعيد متاح","رُفض اعتراضك أو أصبحت حالة الاعتراض قابلة للتصعيد بحسب الخدمة.","ادخل بوابة الأمانة العامة للجان الزكوية والضريبية والجمركية، واختر الخدمة القضائية المناسبة لمرحلة النزاع ثم أرفق القرار والمستندات.","الجهة القضائية أو الرسمية المحددة في المصدر المرتبط بالنتيجة.","","دعوى جديدة أو طلب قضائي بحسب الحالة المحددة في النتيجة؛ لا يُستخدم كطلب داخل قضية/تنفيذ إلا إذا نصت النتيجة على ذلك.","القرار + الرقم المرجعي + تاريخ التبليغ + المستندات + صفة مقدم الطلب.","","","","يُقيد الطلب ويصدر رقم للمتابعة، ثم تظهر لك إجراءات القضية في البوابة.","يُقيد الطلب ويصدر رقم للمتابعة، ثم تظهر لك إجراءات القضية في البوابة.","","","","هيئة الزكاة والضريبة والجمارك — رفع الاعتراض للأمانة العامة للجان الزكوية والضريبية والجمركية","https://zatca.gov.sa/ar/eServices/Pages/eServices-028.aspx","2026-09-20","قابلة للتغير","STALE RISK","نظام تنفيذ جديد نُشر في 2026 وسيحل محل النظام السابق بعد 180 يومًا؛ يلزم تثبيت تاريخ النفاذ وخطة تحديث النتيجة.","MEDIUM","معلومة إجرائية أو متغيرة أو مدعومة جزئيًا؛ الخطأ قابل للتدارك غالبًا لكنه يربك المستخدم.","اعتماد سريع","ما مقدار المدة وبدايتها ونهايتها والاستثناءات وأثر فواتها وفق النص المطبق على هذه الحالة؟","NEEDS REVIEW",""
"R-UNI-DECISION-REVIEW","عام ومتعدد القطاعات","Q001: وش صار معك؟ ← بنك/تمويل/تأمين/زكاة/ضريبة/اتصالات/جهة حكومية → Q110: مشكلتك مع أي جهة أو خدمة؟ ← خصوصية أو طيران أو تعليم أو بلدية → Q269: وش نوع المشكلة المتخصصة الأخرى؟ ← جامعة / كلية / قرار أو قبول جامعي → Q277: وش تحتاج بخصوص الجامعة؟ ← عندي قرار جامعي وأبي أعترض أو أطلب مراجعته","عندك قرار جامعي وتبي تعترض أو تطلب مراجعته.","راجع القرار واللائحة الرسمية؛ وإن لم يتضح المسار ارفع شكوى في تواصل وأرفق القرار.","الجهة القضائية أو الرسمية المحددة في المصدر المرتبط بالنتيجة.","","دعوى جديدة أو طلب قضائي بحسب الحالة المحددة في النتيجة؛ لا يُستخدم كطلب داخل قضية/تنفيذ إلا إذا نصت النتيجة على ذلك.","جهّز نسخة القرار وأي تظلم أو مراسلات سابقة. تاريخ التبليغ والرقم الجامعي بيانات لازمة لتحديد الحالة وتعبئة الشكوى، وليسا مستندين مستقلين بحد ذاتهما.","","","","تتابع الطلب مع الجامعة أو عبر تذكرة تواصل.","تتابع الطلب مع الجامعة أو عبر تذكرة تواصل.","","","","وزارة التعليم — تواصل — الشكاوى والاستفسارات للجامعات وقطاعات التعليم","https://www.moe.gov.sa/ar/contactus/Pages/Tawasul.aspx","2026-09-20","قابلة للتغير","STALE RISK","نظام تنفيذ جديد نُشر في 2026 وسيحل محل النظام السابق بعد 180 يومًا؛ يلزم تثبيت تاريخ النفاذ وخطة تحديث النتيجة.","MEDIUM","معلومة إجرائية أو متغيرة أو مدعومة جزئيًا؛ الخطأ قابل للتدارك غالبًا لكنه يربك المستخدم.","اعتماد سريع","ما مقدار المدة وبدايتها ونهايتها والاستثناءات وأثر فواتها وفق النص المطبق على هذه الحالة؟","NEEDS REVIEW",""
"R-MONSHAT-FINANCE","البنوك والتمويل والتأمين والسوق المالية","Q001: وش صار معك؟ ← بنك/تمويل/تأمين/زكاة/ضريبة/اتصالات/جهة حكومية → Q110: مشكلتك مع أي جهة أو خدمة؟ ← خصوصية أو طيران أو تعليم أو بلدية → Q269: وش نوع المشكلة المتخصصة الأخرى؟ ← منشآت / دعم أو تمويل منشأة صغيرة ومتوسطة → Q319: وش تحتاج بخصوص المنشآت الصغيرة والمتوسطة؟ ← خيارات تمويل للمنشأة","تبحث عن حلول أو جهات تمويل مناسبة لمنشأتك.","استخدم بوابات وخدمات منشآت للوصول إلى خيارات التمويل والمنصات المرتبطة، ثم قارن متطلبات كل جهة دون افتراض قبول التمويل.","الهيئة العامة للمنشآت الصغيرة والمتوسطة","","","بيانات المنشأة والبيانات المالية والائتمانية والمتطلبات التي تحددها جهة التمويل.","","","","غير منطبق ظاهرًا","تدرس جهة التمويل الطلب وفق سياساتها؛ وجود البرنامج لا يعني ضمان الموافقة.","","","","الهيئة العامة للمنشآت الصغيرة والمتوسطة — منشآت — البرامج والخدمات","https://www.monshaat.gov.sa/","2026-09-21","ثابتة نظاميًا نسبيًا","INFERENCE","النتيجة تحليل إجرائي مرتبط بمصدر رسمي، لكن لا يوجد تحقق قانوني Result-by-Result لها.","LOW","نتيجة محدودة الأثر ومدعومة بمصدر رسمي دون مدة سقوط أو اختيار قضائي حاسم ظاهر.","نعم","هل يدعم المصدر الرسمي جميع الادعاءات العملية في النتيجة، أم يلزم تقييدها أو تقسيمها؟","NEEDS REVIEW",""
"R-PRODUCT-FINANCIAL-REVIEW","البنوك والتمويل والتأمين والسوق المالية","Q001: وش صار معك؟ ← بنك/تمويل/تأمين/زكاة/ضريبة/اتصالات/جهة حكومية → Q110: مشكلتك مع أي جهة أو خدمة؟ ← اتصالات أو مستهلك أو صحة أو خدمات → Q268: وش نوع الخدمة أو الشكوى؟ ← متجر إلكتروني / محل / حماية مستهلك → Q221: وش المشكلة مع المتجر أو المحل؟ ← منتج معيب أو رفض استبداله أو استرجاعه → Q264: وش الضرر الناتج عن عيب المنتج؟ ← سبب العيب خسارة مالية إضافية","تذكر أن عيب المنتج سبب خسارة مالية إضافية تتجاوز مجرد قيمة المنتج.","قدّم البلاغ التجاري عن العيب، واجمع ما يثبت الشراء والعيب والخسارة وعلاقة الخسارة بالمنتج، ثم اعرض المطالبة على مختص لتحديد المسار المناسب.","وزارة التجارة للبلاغ التجاري، والمحكمة المختصة عند المطالبة بالتعويض.","","","لإثبات المطالبة اجمع الفاتورة أو ما يثبت الشراء، وما يثبت العيب، والمراسلات، وفواتير أو مستندات الخسارة الإضافية. بيانات وصف الواقعة ومقدار المطالبة تُستخدم لعرض الحالة ولا تُعامل كمستندات مستقلة.","","","","غير منطبق ظاهرًا","يعالج البلاغ الجانب الرقابي، أما التعويض عن الخسارة فيتطلب إثبات الضرر وعلاقته بالعيب وتحديد المسار المختص.","نظام المعاملات المدنية","","","هيئة الخبراء بمجلس الوزراء — نظام المعاملات المدنية","https://laws.boe.gov.sa/BoeLaws/Laws/LawDetails/655fdb42-8c96-422b-b8c4-b04f0095c94c/1","2026-09-20","ثابتة نظاميًا نسبيًا","INFERENCE","النتيجة تحليل إجرائي مرتبط بمصدر رسمي، لكن لا يوجد تحقق قانوني Result-by-Result لها.","LOW","نتيجة محدودة الأثر ومدعومة بمصدر رسمي دون مدة سقوط أو اختيار قضائي حاسم ظاهر.","نعم","ما مقدار المدة وبدايتها ونهايتها والاستثناءات وأثر فواتها وفق النص المطبق على هذه الحالة؟","NEEDS REVIEW",""
"R-SP-BANK-ATM-CASH","البنوك والتمويل والتأمين والسوق المالية","Q001: وش صار معك؟ ← بنك/تمويل/تأمين/زكاة/ضريبة/اتصالات/جهة حكومية → Q110: مشكلتك مع أي جهة أو خدمة؟ ← بنك أو تمويل أو تأمين أو سوق مالية → Q267: وش نوع المشكلة المالية أو التأمينية؟ ← بنك / مصرف / شركة تمويل → Q285: وش المشكلة البنكية اللي صارت؟ ← تحويل معلق / صراف / حساب / سداد مبكر → Q286: وش نوع المشكلة البنكية الأخرى؟ ← الصراف خصم وما طلع لي كاش","الصراف خصم المبلغ من حسابك لكنه لم يسلّمك النقد كاملًا أو لم يسلّمه أصلًا.","بلّغ البنك فورًا عن عملية الصراف وحدد الجهاز والوقت والمبلغ، واطلب تسجيل اعتراض على العملية.","البنك المركزي السعودي","","","وقت العملية ومبلغها وموقع أو رقم جهاز الصراف والعملية الظاهرة في الحساب.","","","","يراجع البنك العملية وسجلات جهاز الصراف ويعالج الاعتراض، ثم يمكنك التصعيد إذا لم تُحل.","يراجع البنك العملية وسجلات جهاز الصراف ويعالج الاعتراض، ثم يمكنك التصعيد إذا لم تُحل.","","","","البنك المركزي السعودي — مبادئ وقواعد حماية عملاء المؤسسات المالية","https://rulebook.sama.gov.sa/ar/entiresection/5847","2026-09-20","ثابتة نظاميًا نسبيًا","INFERENCE","النتيجة تحليل إجرائي مرتبط بمصدر رسمي، لكن لا يوجد تحقق قانوني Result-by-Result لها.","LOW","نتيجة محدودة الأثر ومدعومة بمصدر رسمي دون مدة سقوط أو اختيار قضائي حاسم ظاهر.","نعم","ما مقدار المدة وبدايتها ونهايتها والاستثناءات وأثر فواتها وفق النص المطبق على هذه الحالة؟","NEEDS REVIEW",""
"R-SP-BANK-ATM-DEPOSIT","البنوك والتمويل والتأمين والسوق المالية","Q001: وش صار معك؟ ← بنك/تمويل/تأمين/زكاة/ضريبة/اتصالات/جهة حكومية → Q110: مشكلتك مع أي جهة أو خدمة؟ ← بنك أو تمويل أو تأمين أو سوق مالية → Q267: وش نوع المشكلة المالية أو التأمينية؟ ← بنك / مصرف / شركة تمويل → Q285: وش المشكلة البنكية اللي صارت؟ ← تحويل معلق / صراف / حساب / سداد مبكر → Q286: وش نوع المشكلة البنكية الأخرى؟ ← أودعت بالصراف والمبلغ ما ظهر أو ناقص","أودعت نقدًا عبر جهاز إيداع لكن المبلغ لم يظهر أو ظهر ناقصًا في الحساب.","بلّغ البنك عن عملية الإيداع وحدد جهاز الصراف والوقت والمبلغ المتوقع، واحتفظ بأي إيصال أو رقم مرجعي.","البنك المركزي السعودي","","","إيصال الإيداع إن وجد، موقع أو رقم الجهاز، التاريخ والوقت، والمبلغ الذي أودعته.","","","","يراجع البنك سجل الجهاز وعملية الإيداع ويعالج الاعتراض، ثم يتاح مسار الشكوى إذا بقيت المشكلة.","يراجع البنك سجل الجهاز وعملية الإيداع ويعالج الاعتراض، ثم يتاح مسار الشكوى إذا بقيت المشكلة.","","","","البنك المركزي السعودي — مبادئ وقواعد حماية عملاء المؤسسات المالية","https://rulebook.sama.gov.sa/ar/entiresection/5847","2026-09-20","ثابتة نظاميًا نسبيًا","INFERENCE","النتيجة تحليل إجرائي مرتبط بمصدر رسمي، لكن لا يوجد تحقق قانوني Result-by-Result لها.","LOW","نتيجة محدودة الأثر ومدعومة بمصدر رسمي دون مدة سقوط أو اختيار قضائي حاسم ظاهر.","نعم","ما مقدار المدة وبدايتها ونهايتها والاستثناءات وأثر فواتها وفق النص المطبق على هذه الحالة؟","NEEDS REVIEW",""
"R-SP-BANK-CARD-LOST","البنوك والتمويل والتأمين والسوق المالية","Q001: وش صار معك؟ ← بنك/تمويل/تأمين/زكاة/ضريبة/اتصالات/جهة حكومية → Q110: مشكلتك مع أي جهة أو خدمة؟ ← بنك أو تمويل أو تأمين أو سوق مالية → Q267: وش نوع المشكلة المالية أو التأمينية؟ ← بنك / مصرف / شركة تمويل → Q285: وش المشكلة البنكية اللي صارت؟ ← بطاقتي ضاعت أو انسرقت","بطاقتك البنكية أو الائتمانية مفقودة أو مسروقة.","جمّد البطاقة عبر تطبيق البنك أو اتصل بالقناة الرسمية واطلب استبدالها، ثم راجع العمليات.","البنك المركزي السعودي","","","الوصول لقناة البنك الرسمية وإتمام التحقق المطلوب.","","","","تُوقف البطاقة ويصدر البنك بديلًا وفق إجراءاته، وتراجع أي عمليات مشتبه بها.","تُوقف البطاقة ويصدر البنك بديلًا وفق إجراءاته، وتراجع أي عمليات مشتبه بها.","","","","البنك المركزي السعودي — التوعية بالاحتيال المالي وحماية العملاء","https://www.sama.gov.sa/ar-sa/ConsumerProtection/Pages/FraudAwareness.aspx","2026-09-20","ثابتة نظاميًا نسبيًا","INFERENCE","النتيجة تحليل إجرائي مرتبط بمصدر رسمي، لكن لا يوجد تحقق قانوني Result-by-Result لها.","LOW","نتيجة محدودة الأثر ومدعومة بمصدر رسمي دون مدة سقوط أو اختيار قضائي حاسم ظاهر.","نعم","ما مقدار المدة وبدايتها ونهايتها والاستثناءات وأثر فواتها وفق النص المطبق على هذه الحالة؟","NEEDS REVIEW",""
"R-SP-BANK-SCAM-TRANSFER","البنوك والتمويل والتأمين والسوق المالية","Q001: وش صار معك؟ ← بنك/تمويل/تأمين/زكاة/ضريبة/اتصالات/جهة حكومية → Q110: مشكلتك مع أي جهة أو خدمة؟ ← بنك أو تمويل أو تأمين أو سوق مالية → Q267: وش نوع المشكلة المالية أو التأمينية؟ ← بنك / مصرف / شركة تمويل → Q285: وش المشكلة البنكية اللي صارت؟ ← حولت لشخص وطلع نصاب / أشك أنه محتال","حوّلت مبلغًا ثم اتضح لك أن الطرف قد يكون محتالًا.","اتصل بالبنك فورًا للإبلاغ عن التحويل الاحتيالي، ثم استخدم قناة البلاغ الأمني المناسبة واحفظ إيصال التحويل والمحادثات.","البنك المركزي السعودي","","","إيصال التحويل وبيانات المستفيد والمبلغ والتاريخ والمحادثات والأدلة المتاحة.","","","","غير منطبق ظاهرًا","يُسجل البلاغ لدى البنك والجهة الأمنية وتُعالج الواقعة بحسب الأدلة وحالة التحويل.","","","","البنك المركزي السعودي — التوعية بالاحتيال المالي وحماية العملاء","https://www.sama.gov.sa/ar-sa/ConsumerProtection/Pages/FraudAwareness.aspx","2026-09-20","ثابتة نظاميًا نسبيًا","INFERENCE","النتيجة تحليل إجرائي مرتبط بمصدر رسمي، لكن لا يوجد تحقق قانوني Result-by-Result لها.","LOW","نتيجة محدودة الأثر ومدعومة بمصدر رسمي دون مدة سقوط أو اختيار قضائي حاسم ظاهر.","نعم","هل يدعم المصدر الرسمي جميع الادعاءات العملية في النتيجة، أم يلزم تقييدها أو تقسيمها؟","NEEDS REVIEW",""
"R-SP-BANK-TRANSFER-DELAY","البنوك والتمويل والتأمين والسوق المالية","Q001: وش صار معك؟ ← بنك/تمويل/تأمين/زكاة/ضريبة/اتصالات/جهة حكومية → Q110: مشكلتك مع أي جهة أو خدمة؟ ← بنك أو تمويل أو تأمين أو سوق مالية → Q267: وش نوع المشكلة المالية أو التأمينية؟ ← بنك / مصرف / شركة تمويل → Q285: وش المشكلة البنكية اللي صارت؟ ← تحويل معلق / صراف / حساب / سداد مبكر → Q286: وش نوع المشكلة البنكية الأخرى؟ ← التحويل معلق أو ما وصل للمستفيد","حوّلت مبلغًا أو استقبلت تحويلًا لكن العملية معلقة أو المبلغ لم يصل للمستفيد.","راجع حالة التحويل وبيانات المستفيد أولًا، ثم تواصل مع البنك الذي نُفذت منه العملية وارفع طلب تتبع أو اعتراض على التحويل، واحتفظ بالرقم المرجعي.","البنك المركزي السعودي","","","رقم العملية أو المرجع، التاريخ، المبلغ، حساب المرسل والمستفيد، وأي إشعار بالخصم أو التنفيذ.","","","","يتتبع البنك العملية ويحدد حالتها؛ وإذا بقي النزاع استخدم مسار الشكوى الرسمية.","يتتبع البنك العملية ويحدد حالتها؛ وإذا بقي النزاع استخدم مسار الشكوى الرسمية.","","","","البنك المركزي السعودي — مبادئ وقواعد حماية عملاء المؤسسات المالية","https://rulebook.sama.gov.sa/ar/entiresection/5847","2026-09-20","ثابتة نظاميًا نسبيًا","INFERENCE","النتيجة تحليل إجرائي مرتبط بمصدر رسمي، لكن لا يوجد تحقق قانوني Result-by-Result لها.","LOW","نتيجة محدودة الأثر ومدعومة بمصدر رسمي دون مدة سقوط أو اختيار قضائي حاسم ظاهر.","نعم","ما مقدار المدة وبدايتها ونهايتها والاستثناءات وأثر فواتها وفق النص المطبق على هذه الحالة؟","NEEDS REVIEW",""
"R-SP-BANK-UNAUTHORIZED","البنوك والتمويل والتأمين والسوق المالية","Q001: وش صار معك؟ ← بنك/تمويل/تأمين/زكاة/ضريبة/اتصالات/جهة حكومية → Q110: مشكلتك مع أي جهة أو خدمة؟ ← بنك أو تمويل أو تأمين أو سوق مالية → Q267: وش نوع المشكلة المالية أو التأمينية؟ ← بنك / مصرف / شركة تمويل → Q285: وش المشكلة البنكية اللي صارت؟ ← خصموا من حسابي أو بطاقتي بدون إذني","عندك خصم أو عملية بنكية لا تعرفها أو لم تأذن بها.","جمّد البطاقة أو وسيلة الدفع المتأثرة، تواصل مع البنك للاعتراض، واحتفظ برقم البلاغ والعملية.","البنك المركزي السعودي","","","تفاصيل العملية والمبلغ والتاريخ وبيانات الحساب أو البطاقة وأي إشعارات مرتبطة.","","","","يفحص البنك البلاغ والعملية، ويمكنك استخدام مسار الشكاوى إذا لم تُحل المشكلة.","يفحص البنك البلاغ والعملية، ويمكنك استخدام مسار الشكاوى إذا لم تُحل المشكلة.","","","","البنك المركزي السعودي — التوعية بالاحتيال المالي وحماية العملاء","https://www.sama.gov.sa/ar-sa/ConsumerProtection/Pages/FraudAwareness.aspx","2026-09-20","ثابتة نظاميًا نسبيًا","INFERENCE","النتيجة تحليل إجرائي مرتبط بمصدر رسمي، لكن لا يوجد تحقق قانوني Result-by-Result لها.","LOW","نتيجة محدودة الأثر ومدعومة بمصدر رسمي دون مدة سقوط أو اختيار قضائي حاسم ظاهر.","نعم","ما مقدار المدة وبدايتها ونهايتها والاستثناءات وأثر فواتها وفق النص المطبق على هذه الحالة؟","NEEDS REVIEW",""
"R-SP-CRSD-FILE","البنوك والتمويل والتأمين والسوق المالية","Q001: وش صار معك؟ ← بنك/تمويل/تأمين/زكاة/ضريبة/اتصالات/جهة حكومية → Q110: مشكلتك مع أي جهة أو خدمة؟ ← بنك أو تمويل أو تأمين أو سوق مالية → Q267: وش نوع المشكلة المالية أو التأمينية؟ ← أسهم / محفظة / وسيط / سوق مالية → Q166: وش نوع مشكلتك في السوق المالية؟ ← نزاع مدني / مطالبة أو تعويض كمستثمر → Q230: قدمت الشكوى أولًا لهيئة السوق؟ ← نعم → Q167: مضت 90 يومًا أو وصلك إخطار من الهيئة؟ ← مضت 90 يومًا أو وصلني إخطار بجواز الإيداع","تحققت بوابة التقدم للجنة الفصل في منازعات الأوراق المالية.","قدّم الدعوى إلكترونيًا لدى الأمانة العامة للجان الفصل وأدخل بيانات الشكوى السابقة ومستنداتك.","الجهة القضائية أو الرسمية المحددة في المصدر المرتبط بالنتيجة.","","دعوى جديدة أو طلب قضائي بحسب الحالة المحددة في النتيجة؛ لا يُستخدم كطلب داخل قضية/تنفيذ إلا إذا نصت النتيجة على ذلك.","تحتاج بيانات الشكوى السابقة لدى هيئة السوق المالية والمستندات المؤيدة للدعوى. صحيفة الدعوى وبيانات الطلبات تُستكمل ضمن مسار الإيداع الإلكتروني، فلا تُعامل بيانات النموذج كمرفقات مستقلة.","","","","غير منطبق ظاهرًا","تُقيد الدعوى وتتابع لدى لجنة الفصل وفق إجراءاتها.","","","","الأمانة العامة للجان الفصل في منازعات الأوراق المالية — الدليل الإرشادي — الدعاوى المدنية والتظلمات الإدارية","https://crsd.org.sa/ar/Guidelines/Documents/%D8%A7%D9%84%D8%AF%D9%84%D9%8A%D9%84%20%D8%A7%D9%84%D8%A5%D8%B1%D8%B4%D8%A7%D8%AF%D9%8A.pdf","2026-09-20","ثابتة نظاميًا نسبيًا","HUMAN DECISION","المصدر غير موجود أو ليس على نطاق حكومي/رسمي يمكن الاعتماد عليه آليًا.","LOW","نتيجة محدودة الأثر ومدعومة بمصدر رسمي دون مدة سقوط أو اختيار قضائي حاسم ظاهر.","نعم","هل الجهة والمحكمة ونوع الإجراء المحددة صحيحة لكل صور الحالة والاستثناءات المحتملة؟","NEEDS REVIEW",""
"R-SP-FIN-CLEARANCE","البنوك والتمويل والتأمين والسوق المالية","Q001: وش صار معك؟ ← بنك/تمويل/تأمين/زكاة/ضريبة/اتصالات/جهة حكومية → Q110: مشكلتك مع أي جهة أو خدمة؟ ← بنك أو تمويل أو تأمين أو سوق مالية → Q267: وش نوع المشكلة المالية أو التأمينية؟ ← بنك / مصرف / شركة تمويل → Q285: وش المشكلة البنكية اللي صارت؟ ← تحويل معلق / صراف / حساب / سداد مبكر → Q286: وش نوع المشكلة البنكية الأخرى؟ ← سددت وأبي إخلاء طرف أو المديونية ما تحدثت","سددت التمويل أو المديونية وتحتاج إخلاء طرف أو ما زالت المديونية تظهر لدى الجهة.","اطلب إخلاء الطرف وتحديث حالة المديونية من الجهة المالية، واحتفظ بإثبات السداد ورقم الطلب. إذا تأخر التحديث أو رفضت الجهة دون معالجة واضحة فارفع شكوى رسمية.","البنك المركزي السعودي","","","إثبات السداد أو التسوية، رقم العقد أو التمويل، ورقم طلب إخلاء الطرف أو المراسلات إن وجدت.","","","","تصدر الجهة الإخلاء وتحدث سجلاتها؛ وإذا بقيت بيانات غير صحيحة استخدم الاعتراض ثم الشكوى.","تصدر الجهة الإخلاء وتحدث سجلاتها؛ وإذا بقيت بيانات غير صحيحة استخدم الاعتراض ثم الشكوى.","","","","البنك المركزي السعودي — مبادئ وقواعد حماية عملاء المؤسسات المالية","https://rulebook.sama.gov.sa/ar/entiresection/5847","2026-09-20","ثابتة نظاميًا نسبيًا","INFERENCE","النتيجة تحليل إجرائي مرتبط بمصدر رسمي، لكن لا يوجد تحقق قانوني Result-by-Result لها.","LOW","نتيجة محدودة الأثر ومدعومة بمصدر رسمي دون مدة سقوط أو اختيار قضائي حاسم ظاهر.","نعم","ما مقدار المدة وبدايتها ونهايتها والاستثناءات وأثر فواتها وفق النص المطبق على هذه الحالة؟","NEEDS REVIEW",""
"R-SP-FIN-COMPLAINT","البنوك والتمويل والتأمين والسوق المالية","Q001: وش صار معك؟ ← بنك/تمويل/تأمين/زكاة/ضريبة/اتصالات/جهة حكومية → Q110: مشكلتك مع أي جهة أو خدمة؟ ← بنك أو تمويل أو تأمين أو سوق مالية → Q267: وش نوع المشكلة المالية أو التأمينية؟ ← بنك / مصرف / شركة تمويل → Q285: وش المشكلة البنكية اللي صارت؟ ← مشكلة أخرى مع البنك أو التمويل → Q162: اشتكيّت على البنك أو جهة التمويل؟ ← لم أقدم شكوى بعد","لديك مشكلة مع مؤسسة مالية خاضعة لإشراف البنك المركزي ولم تبدأ مسار الشكوى.","قدّم الشكوى عبر المؤسسة المالية وقنوات البنك المركزي المناسبة، واحتفظ برقم الشكوى والردود.","البنك المركزي السعودي","","","العقد أو بيانات الحساب والعمليات والمراسلات هي مواد داعمة للشكوى بحسب حالتك. بيانات مقدم الشكوى والمؤسسة المالية وتفاصيل المشكلة تُدخل في نموذج الشكوى، فلا تُعامل تلقائيًا كمستندات مستقلة.","","","","غير منطبق ظاهرًا","البنك المركزي يوفر خدمة تقديم ومتابعة شكاوى المؤسسات المالية.","","","","البنك المركزي السعودي — تقديم شكوى على المؤسسات المالية","https://sama.gov.sa/ar-sa/Pages/LandingServices.aspx","2026-09-20","ثابتة نظاميًا نسبيًا","INFERENCE","النتيجة تحليل إجرائي مرتبط بمصدر رسمي، لكن لا يوجد تحقق قانوني Result-by-Result لها.","LOW","نتيجة محدودة الأثر ومدعومة بمصدر رسمي دون مدة سقوط أو اختيار قضائي حاسم ظاهر.","نعم","هل يدعم المصدر الرسمي جميع الادعاءات العملية في النتيجة، أم يلزم تقييدها أو تقسيمها؟","NEEDS REVIEW",""
"R-SP-FIN-COMPLAINT-FOLLOW","البنوك والتمويل والتأمين والسوق المالية","Q001: وش صار معك؟ ← بنك/تمويل/تأمين/زكاة/ضريبة/اتصالات/جهة حكومية → Q110: مشكلتك مع أي جهة أو خدمة؟ ← بنك أو تمويل أو تأمين أو سوق مالية → Q267: وش نوع المشكلة المالية أو التأمينية؟ ← بنك / مصرف / شركة تمويل → Q285: وش المشكلة البنكية اللي صارت؟ ← مشكلة أخرى مع البنك أو التمويل → Q162: اشتكيّت على البنك أو جهة التمويل؟ ← قدمت شكوى وما زلت أتابعها","قدمت شكوى مالية وهي تحت المعالجة.","تابع رقم الشكوى ورد الجهة المالية لدى البنك المركزي. إذا انتهت المعالجة وبقي النزاع، حدد هل المنتج مصرفي أم تمويلي قبل فتح مسار المطالبة المختص.","البنك المركزي السعودي","","","رقم الشكوى + المنتج + الجهة المالية + الرد النهائي + المستندات.","","","","غير منطبق ظاهرًا","نتيجة الشكوى تحدد هل انتهت المشكلة أو بقي نزاع يحتاج مسارًا قضائيًا/لجانيًا مختصًا بحسب نوع المنتج.","","","","البنك المركزي السعودي — تقديم شكوى على المؤسسات المالية","https://sama.gov.sa/ar-sa/Pages/LandingServices.aspx","2026-09-20","ثابتة نظاميًا نسبيًا","INFERENCE","النتيجة تحليل إجرائي مرتبط بمصدر رسمي، لكن لا يوجد تحقق قانوني Result-by-Result لها.","LOW","نتيجة محدودة الأثر ومدعومة بمصدر رسمي دون مدة سقوط أو اختيار قضائي حاسم ظاهر.","نعم","ما مقدار المدة وبدايتها ونهايتها والاستثناءات وأثر فواتها وفق النص المطبق على هذه الحالة؟","NEEDS REVIEW",""
"R-SP-FIN-DEBT-BUYOUT","البنوك والتمويل والتأمين والسوق المالية","Q001: وش صار معك؟ ← بنك/تمويل/تأمين/زكاة/ضريبة/اتصالات/جهة حكومية → Q110: مشكلتك مع أي جهة أو خدمة؟ ← بنك أو تمويل أو تأمين أو سوق مالية → Q267: وش نوع المشكلة المالية أو التأمينية؟ ← بنك / مصرف / شركة تمويل → Q285: وش المشكلة البنكية اللي صارت؟ ← تحويل معلق / صراف / حساب / سداد مبكر → Q286: وش نوع المشكلة البنكية الأخرى؟ ← شراء مديونية / نقل تمويل بين جهتين","تريد نقل مديونية أو شراء مديونية من جهة تمويل إلى جهة أخرى أو لديك مشكلة أثناء الإجراء.","اطلب عرض شراء المديونية من الجهة الجديدة، وراجع مبلغ المديونية وشروط السداد والتحويل بين الجهتين. إذا تعطلت العملية حدّد الجهة التي أوقفت الإجراء وارفع شكوى لديها.","البنك المركزي السعودي","","","عقد التمويل الحالي، مبلغ المديونية القائم أو خطابها، العرض الجديد، وأرقام الطلبات والمراسلات.","","","","غير منطبق ظاهرًا","تقيّم الجهة الجديدة الأهلية وتستكمل إجراءات السداد والنقل عند الموافقة.","","","","البنك المركزي السعودي — مبادئ وقواعد حماية عملاء المؤسسات المالية","https://rulebook.sama.gov.sa/ar/entiresection/5847","2026-09-20","ثابتة نظاميًا نسبيًا","INFERENCE","النتيجة تحليل إجرائي مرتبط بمصدر رسمي، لكن لا يوجد تحقق قانوني Result-by-Result لها.","LOW","نتيجة محدودة الأثر ومدعومة بمصدر رسمي دون مدة سقوط أو اختيار قضائي حاسم ظاهر.","نعم","هل يدعم المصدر الرسمي جميع الادعاءات العملية في النتيجة، أم يلزم تقييدها أو تقسيمها؟","NEEDS REVIEW",""
"R-SP-FIN-EARLY-SETTLEMENT","البنوك والتمويل والتأمين والسوق المالية","Q001: وش صار معك؟ ← بنك/تمويل/تأمين/زكاة/ضريبة/اتصالات/جهة حكومية → Q110: مشكلتك مع أي جهة أو خدمة؟ ← بنك أو تمويل أو تأمين أو سوق مالية → Q267: وش نوع المشكلة المالية أو التأمينية؟ ← بنك / مصرف / شركة تمويل → Q285: وش المشكلة البنكية اللي صارت؟ ← تحويل معلق / صراف / حساب / سداد مبكر → Q286: وش نوع المشكلة البنكية الأخرى؟ ← أبي سداد مبكر للتمويل أو معترض على مبلغ التسوية","لديك تمويل وتريد السداد المبكر أو تعترض على مبلغ التسوية المبكرة.","اطلب من جهة التمويل كشف مبلغ السداد المبكر وتفصيله وفق العقد والضوابط، ثم اعترض لدى الجهة إذا كان لديك خلاف على الاحتساب.","البنك المركزي السعودي","","","عقد التمويل، الرصيد القائم، كشف مبلغ التسوية أو السداد المبكر، وأي رسوم أو مبالغ محل اعتراض.","","","","تصدر الجهة مبلغ التسوية وتفصيله؛ وإذا بقي خلاف مالي انتقل لمسار الشكوى ثم النزاع التمويلي.","تصدر الجهة مبلغ التسوية وتفصيله؛ وإذا بقي خلاف مالي انتقل لمسار الشكوى ثم النزاع التمويلي.","","","","البنك المركزي السعودي — مبادئ وقواعد حماية عملاء المؤسسات المالية","https://rulebook.sama.gov.sa/ar/entiresection/5847","2026-09-20","ثابتة نظاميًا نسبيًا","INFERENCE","النتيجة تحليل إجرائي مرتبط بمصدر رسمي، لكن لا يوجد تحقق قانوني Result-by-Result لها.","LOW","نتيجة محدودة الأثر ومدعومة بمصدر رسمي دون مدة سقوط أو اختيار قضائي حاسم ظاهر.","نعم","ما مقدار المدة وبدايتها ونهايتها والاستثناءات وأثر فواتها وفق النص المطبق على هذه الحالة؟","NEEDS REVIEW",""
"R-SP-HEALTH-EMPLOYER-NOINS","البنوك والتمويل والتأمين والسوق المالية","Q001: وش صار معك؟ ← بنك/تمويل/تأمين/زكاة/ضريبة/اتصالات/جهة حكومية → Q110: مشكلتك مع أي جهة أو خدمة؟ ← اتصالات أو مستهلك أو صحة أو خدمات → Q268: وش نوع الخدمة أو الشكوى؟ ← تأمين صحي / رفض علاج / مشكلة تغطية → Q284: وش مشكلة التأمين الصحي؟ ← صاحب العمل ما أمّن علي أو على عائلتي","صاحب العمل لم يوفر التغطية الصحية المطلوبة أو طلب منك دفع أقساطها.","استخدم خدمة «شكوى ضد صاحب العمل» لدى مجلس الضمان الصحي وأكمل بيانات المنشأة والمستندات المطلوبة.","مجلس الضمان الصحي","","","بيانات المنشأة والهوية وما تطلبه الخدمة من إثباتات بحسب الحالة.","","","","غير منطبق ظاهرًا","يعالج المجلس الشكوى بسرية ويتواصل مع صاحب العمل دون كشف هوية مقدم الشكوى وفق وصف الخدمة.","","","","مجلس الضمان الصحي — تقديم شكوى ضد صاحب العمل","https://www.chi.gov.sa/ServicesDirectory/pages/complaintagaistemployerfinsured.aspx","2026-09-20","ثابتة نظاميًا نسبيًا","INFERENCE","النتيجة تحليل إجرائي مرتبط بمصدر رسمي، لكن لا يوجد تحقق قانوني Result-by-Result لها.","LOW","نتيجة محدودة الأثر ومدعومة بمصدر رسمي دون مدة سقوط أو اختيار قضائي حاسم ظاهر.","نعم","هل يدعم المصدر الرسمي جميع الادعاءات العملية في النتيجة، أم يلزم تقييدها أو تقسيمها؟","NEEDS REVIEW",""
"R-SP-HEALTH-INS-CHECK","البنوك والتمويل والتأمين والسوق المالية","Q001: وش صار معك؟ ← بنك/تمويل/تأمين/زكاة/ضريبة/اتصالات/جهة حكومية → Q110: مشكلتك مع أي جهة أو خدمة؟ ← اتصالات أو مستهلك أو صحة أو خدمات → Q268: وش نوع الخدمة أو الشكوى؟ ← تأمين صحي / رفض علاج / مشكلة تغطية → Q284: وش مشكلة التأمين الصحي؟ ← أبي أتأكد عندي تأمين صحي أو أعرف حالته","تريد معرفة حالة ومعلومات تأمينك الصحي.","افتح خدمة الاستعلام عن معلومات التأمين الصحي لدى مجلس الضمان الصحي وأدخل بياناتك.","مجلس الضمان الصحي","","","رقم الهوية أو الجواز أو الحدود أو التأشيرة بحسب الحالة.","","","","غير منطبق ظاهرًا","تظهر معلومات التأمين المسجلة بشكل فوري وفق وصف الخدمة.","","","","مجلس الضمان الصحي — الاستعلام عن معلومات التأمين الصحي","https://www.chi.gov.sa/ServicesDirectory/Pages/CheckInsurance.aspx","2026-09-20","ثابتة نظاميًا نسبيًا","INFERENCE","النتيجة تحليل إجرائي مرتبط بمصدر رسمي، لكن لا يوجد تحقق قانوني Result-by-Result لها.","LOW","نتيجة محدودة الأثر ومدعومة بمصدر رسمي دون مدة سقوط أو اختيار قضائي حاسم ظاهر.","نعم","هل يدعم المصدر الرسمي جميع الادعاءات العملية في النتيجة، أم يلزم تقييدها أو تقسيمها؟","NEEDS REVIEW",""
"R-SP-HEALTH-INS-LINK","البنوك والتمويل والتأمين والسوق المالية","Q001: وش صار معك؟ ← بنك/تمويل/تأمين/زكاة/ضريبة/اتصالات/جهة حكومية → Q110: مشكلتك مع أي جهة أو خدمة؟ ← اتصالات أو مستهلك أو صحة أو خدمات → Q268: وش نوع الخدمة أو الشكوى؟ ← تأمين صحي / رفض علاج / مشكلة تغطية → Q284: وش مشكلة التأمين الصحي؟ ← التأمين موجود لكن مو مربوط / البيانات ناقصة","بيانات التأمين الصحي غير مرتبطة أو غير مكتملة في الأنظمة.","استخدم خدمة مجلس الضمان الصحي الخاصة بعدم اكتمال البيانات للربط وأرفق ما يدعم الطلب.","مجلس الضمان الصحي","","","نفاذ وشرح المشكلة والمستندات المؤيدة.","","","","غير منطبق ظاهرًا","يعالج المجلس طلب الربط ويتابع اكتمال بيانات التأمين وفق الخدمة.","","","","مجلس الضمان الصحي — طلب عدم اكتمال البيانات للربط - أفراد","https://www.chi.gov.sa/ServicesDirectory/Pages/UploadComplaintResVisFTPAIndi.aspx?cat=1&sub=4","2026-09-20","ثابتة نظاميًا نسبيًا","INFERENCE","النتيجة تحليل إجرائي مرتبط بمصدر رسمي، لكن لا يوجد تحقق قانوني Result-by-Result لها.","LOW","نتيجة محدودة الأثر ومدعومة بمصدر رسمي دون مدة سقوط أو اختيار قضائي حاسم ظاهر.","نعم","هل يدعم المصدر الرسمي جميع الادعاءات العملية في النتيجة، أم يلزم تقييدها أو تقسيمها؟","NEEDS REVIEW",""
"R-SP-HEALTH-PROVIDER-INS-COMPLAINT","البنوك والتمويل والتأمين والسوق المالية","Q001: وش صار معك؟ ← بنك/تمويل/تأمين/زكاة/ضريبة/اتصالات/جهة حكومية → Q110: مشكلتك مع أي جهة أو خدمة؟ ← اتصالات أو مستهلك أو صحة أو خدمات → Q268: وش نوع الخدمة أو الشكوى؟ ← تأمين صحي / رفض علاج / مشكلة تغطية → Q284: وش مشكلة التأمين الصحي؟ ← عندي تأمين ومشكلتي مع المستشفى / مقدم الخدمة","عندك تأمين ساري ومشكلتك مع مقدم رعاية صحية ضمن التأمين.","ادخل خدمة «شكوى ضد مقدم خدمة» في مجلس الضمان الصحي، وحدد المنشأة وارفع تفاصيل الشكوى والمستندات.","مجلس الضمان الصحي","","","تأمين صحي ساري + بيانات مقدم الخدمة + تفاصيل الشكوى + الوثائق المؤيدة.","","","","غير منطبق ظاهرًا","تُعالج الشكوى عبر المجلس، والوقت المتوقع للخدمة المنشور 10 أيام عمل.","","","","مجلس الضمان الصحي — تقديم شكوى ضد مقدم خدمة — المؤمن عليه","https://www.chi.gov.sa/ServicesDirectory/Pages/ComplaintAgaistHCPFInsured.aspx?cat=1&sub=4","2026-09-21","قابلة للتغير","INFERENCE","النتيجة تحليل إجرائي مرتبط بمصدر رسمي، لكن لا يوجد تحقق قانوني Result-by-Result لها.","LOW","نتيجة محدودة الأثر ومدعومة بمصدر رسمي دون مدة سقوط أو اختيار قضائي حاسم ظاهر.","نعم","ما مقدار المدة وبدايتها ونهايتها والاستثناءات وأثر فواتها وفق النص المطبق على هذه الحالة؟","NEEDS REVIEW",""
"R-SP-INS-COMPLAINT","البنوك والتمويل والتأمين والسوق المالية","Q001: وش صار معك؟ ← بنك/تمويل/تأمين/زكاة/ضريبة/اتصالات/جهة حكومية → Q110: مشكلتك مع أي جهة أو خدمة؟ ← بنك أو تمويل أو تأمين أو سوق مالية → Q267: وش نوع المشكلة المالية أو التأمينية؟ ← شركة تأمين / مطالبة تأمينية → Q164: اشتكيّت على شركة التأمين؟ ← لا","لديك خلاف مع شركة تأمين ولم تقدم شكوى للهيئة بعد.","قدّم شكوى جديدة ضد شركة التأمين عبر خدمة هيئة التأمين، أو استخدم الخدمة نفسها لمتابعة الشكوى القائمة.","هيئة التأمين","","","بيانات الوثيقة والمطالبة وقرار شركة التأمين وتفاصيل المشكلة تُستخدم لتعبئة الشكوى، وأرفق المستندات المؤيدة المتاحة بحسب الحالة. لا تُعامل جميع بيانات النموذج كمستندات مستقلة.","","","","غير منطبق ظاهرًا","تدرس الهيئة الشكوى وفق آلية الشكاوى، وقد تكون بعض الحالات خارج اختصاصها.","","","","هيئة التأمين — شكوى جديدة أو متابعة شكوى ضد شركة التأمين","https://www.ia.gov.sa/ar/eservices-ia/service-details/Complaint-against-an-insurance-company","2026-09-20","ثابتة نظاميًا نسبيًا","INFERENCE","النتيجة تحليل إجرائي مرتبط بمصدر رسمي، لكن لا يوجد تحقق قانوني Result-by-Result لها.","LOW","نتيجة محدودة الأثر ومدعومة بمصدر رسمي دون مدة سقوط أو اختيار قضائي حاسم ظاهر.","نعم","هل الجهة والمحكمة ونوع الإجراء المحددة صحيحة لكل صور الحالة والاستثناءات المحتملة؟","NEEDS REVIEW",""
"R-SP-INS-FOLLOW","البنوك والتمويل والتأمين والسوق المالية","Q001: وش صار معك؟ ← بنك/تمويل/تأمين/زكاة/ضريبة/اتصالات/جهة حكومية → Q110: مشكلتك مع أي جهة أو خدمة؟ ← بنك أو تمويل أو تأمين أو سوق مالية → Q267: وش نوع المشكلة المالية أو التأمينية؟ ← شركة تأمين / مطالبة تأمينية → Q164: اشتكيّت على شركة التأمين؟ ← نعم، الشكوى قائمة","شكواك ضد شركة التأمين قائمة أو تريد متابعة نتيجتها.","تابع حالة الشكوى لدى هيئة التأمين واستجب لأي طلب مستندات. بعد الرد النهائي، إذا بقي النزاع احتفظ بالملف كاملًا للانتقال لمسار المنازعة المناسب.","هيئة التأمين","","","رقم الشكوى + الوثيقة + المطالبة + رد شركة التأمين + المرفقات.","","","","غير منطبق ظاهرًا","تنتهي الشكوى بمعالجة أو رد؛ وإذا استمر النزاع ينتقل لمسار فصل مستقل عن الشكوى الرقابية.","","","","هيئة التأمين — شكوى جديدة أو متابعة شكوى ضد شركة التأمين","https://www.ia.gov.sa/ar/eservices-ia/service-details/Complaint-against-an-insurance-company","2026-09-20","ثابتة نظاميًا نسبيًا","INFERENCE","النتيجة تحليل إجرائي مرتبط بمصدر رسمي، لكن لا يوجد تحقق قانوني Result-by-Result لها.","LOW","نتيجة محدودة الأثر ومدعومة بمصدر رسمي دون مدة سقوط أو اختيار قضائي حاسم ظاهر.","نعم","ما مقدار المدة وبدايتها ونهايتها والاستثناءات وأثر فواتها وفق النص المطبق على هذه الحالة؟","NEEDS REVIEW",""
"R-SS-FIN-COMPLAINT","البنوك والتمويل والتأمين والسوق المالية","Q001: وش صار معك؟ ← بنك/تمويل/تأمين/زكاة/ضريبة/اتصالات/جهة حكومية → Q110: مشكلتك مع أي جهة أو خدمة؟ ← جهة حكومية أو تنظيمية → Q266: وش نوع الجهة الحكومية أو التنظيمية؟ ← الضمان الاجتماعي المطور / أهلية أو دفعة → Q297: وش مشكلتك في الضمان الاجتماعي المطور؟ ← المبلغ ناقص أو الدفعة ما نزلت / تأخرت","المعاش ناقص أو الدفعة لم تنزل أو تأخرت.","افتح الدفعات المالية في المنصة وحدد الدفعة ثم قدّم شكوى مالية؛ وتحقق من صحة وفعالية الآيبان.","وزارة الموارد البشرية والتنمية الاجتماعية","","","بيانات الدفعة والآيبان والمستندات المؤيدة إن وجدت.","","","","تُراجع الشكوى المالية ويمكن متابعة حالتها من المنصة.","تُراجع الشكوى المالية ويمكن متابعة حالتها من المنصة.","","","","وزارة الموارد البشرية والتنمية الاجتماعية — معايير وخطوات الأهلية والاعتراض والاستحقاق في الضمان الاجتماعي","https://www.hrsd.gov.sa/media-center/news/معايير وخطوات-للأهلية","2026-09-21","ثابتة نظاميًا نسبيًا","INFERENCE","النتيجة تحليل إجرائي مرتبط بمصدر رسمي، لكن لا يوجد تحقق قانوني Result-by-Result لها.","LOW","نتيجة محدودة الأثر ومدعومة بمصدر رسمي دون مدة سقوط أو اختيار قضائي حاسم ظاهر.","نعم","ما مقدار المدة وبدايتها ونهايتها والاستثناءات وأثر فواتها وفق النص المطبق على هذه الحالة؟","NEEDS REVIEW",""
"R-SBC-COMPANY-EST","التجاري والشركات والتحكيم والملكية الفكرية","Q001: وش صار معك؟ ← بنك/تمويل/تأمين/زكاة/ضريبة/اتصالات/جهة حكومية → Q110: مشكلتك مع أي جهة أو خدمة؟ ← خصوصية أو طيران أو تعليم أو بلدية → Q269: وش نوع المشكلة المتخصصة الأخرى؟ ← سجل تجاري / إصدار أو تحديث أو مستخرج → Q310: وش تحتاج بخصوص السجل التجاري؟ ← تأسيس شركة أو شطب السجل → Q312: وش تحتاج في تأسيس أو إنهاء منشأتك؟ ← تأسيس شركة","تريد تأسيس شركة جديدة.","ابدأ من منصة الأعمال واختر خدمة تأسيس الشركة وحدد الشكل النظامي المناسب ثم أكمل عقد التأسيس وبيانات الشركاء والمتطلبات التي تظهر لك.","المركز السعودي للأعمال","","","بيانات المؤسسين والشركاء والكيان والنشاط ورأس المال والعنوان وما تطلبه رحلة التأسيس بحسب نوع الشركة.","","","","غير منطبق ظاهرًا","تستكمل رحلة التأسيس إلكترونيًا وما يرتبط بها من تسجيلات وإجراءات بدء النشاط.","","","","المركز السعودي للأعمال — تأسيس الشركات عبر منصة الأعمال","https://business.sa/","2026-09-21","قابلة للتغير","HUMAN DECISION","المصدر غير موجود أو ليس على نطاق حكومي/رسمي يمكن الاعتماد عليه آليًا.","LOW","نتيجة محدودة الأثر ومدعومة بمصدر رسمي دون مدة سقوط أو اختيار قضائي حاسم ظاهر.","نعم","هل يدعم المصدر الرسمي جميع الادعاءات العملية في النتيجة، أم يلزم تقييدها أو تقسيمها؟","NEEDS REVIEW",""
"R-CIVIL-FRAUD","الجزائي والحماية","Q001: وش صار معك؟ ← لي مبلغ أو حق مالي عند شخص أو جهة → Q010: المبلغ سببه وش؟ ← تعويض أو إخلال بعقد أو استرداد مبلغ غير مستحق → Q500: وش نوع مطالبتك المدنية؟ ← أبي أفسخ العقد أو أبطل العقد → Q501: وش سبب رغبتك في إنهاء العقد أو إبطاله؟ ← انخدعت أو أخفى عني الطرف الآخر أمرًا جوهريًا","تقول إن الطرف الآخر خدعك أو تعمد إخفاء أمر جوهري دفعك للتعاقد.","المواد 61–63 تنظم التغرير؛ ويجوز طلب الإبطال إذا كان التغرير جوهريًا ولولاه لم ترض بالعقد. وقد يعد السكوت المتعمد لإخفاء أمر جوهري تغريرًا.","المحكمة أو الجهة القضائية المختصة بحسب نوع الدعوى والمرحلة المبينة في النتيجة.","","تغرير أدى لإبرام العقد | دعوى إبطال عقد بسبب التغرير","العقد والإعلانات والمراسلات وما يثبت المعلومة المخفية أو الأسلوب الاحتيالي وأثره في قرار التعاقد.","العقد، الإعلان، المحادثات، المراسلات، التقارير وأي دليل على المعلومة المخفية أو الخداع.","لا نثبت مدة خاصة في هذه النتيجة دون تحقق مستقل من نص المدة.","رسوم خدمة صحيفة الدعوى: لا يوجد؛ وقد تنطبق التكاليف القضائية بحسب نوع القضية.","غير منطبق ظاهرًا","إذا لم يوجد سند تنفيذي أو مسار خاص، تُعرض المطالبة على المحكمة المختصة عبر صحيفة الدعوى وتفصل وفق العقد والوقائع والأدلة.","نظام المعاملات المدنية","","المواد 61-63: تعريف التغرير والسكوت المتعمد، حق طلب الإبطال إذا كان جوهريًا، وحكم صدوره من غير المتعاقدين. | المواد 61–63 و79","هيئة الخبراء بمجلس الوزراء — نظام المعاملات المدنية","https://laws.boe.gov.sa/BoeLaws/Laws/LawDetails/655fdb42-8c96-422b-b8c4-b04f0095c94c/1","2026-09-22","ثابتة نظاميًا نسبيًا","VERIFIED","تدقيق تفصيلي ومصدر نظامي أولي فُتح وتحقق من بقائه متاحًا في هذه المرحلة.","LOW","نتيجة محدودة الأثر ومدعومة بمصدر رسمي دون مدة سقوط أو اختيار قضائي حاسم ظاهر.","اعتماد سريع","هل الجهة والمحكمة ونوع الإجراء المحددة صحيحة لكل صور الحالة والاستثناءات المحتملة؟","NEEDS REVIEW",""
"R-DV-IMMEDIATE","الجزائي والحماية","Q001: وش صار معك؟ ← أحوال شخصية → Q060: وش المشكلة الأسرية اللي عندك؟ ← إيذاء أو عنف أو تهديد داخل الأسرة → Q263: هل فيه خطر مباشر الآن؟ ← يوجد خطر مباشر الآن أو تهديد عاجل للسلامة","أفدت بوجود خطر مباشر أو تهديد عاجل داخل الأسرة.","ابتعد إلى مكان آمن إن أمكن، واتصل فورًا بالشرطة على 999 أو برقم الطوارئ الموحد 911 حيث يعمل؛ لا تؤخر طلب النجدة لاستكمال أسئلة المنصة.","وزارة الداخلية","","","لا توجد مستندات مطلوبة لخدمة الإبلاغ عن العنف الأسري. اتصل على 1919 أو استخدم القناة الرسمية واذكر معلومات الواقعة بما يساعد على تقييم مستوى الخطورة.","","","","غير منطبق ظاهرًا","تتعامل جهة الطوارئ مع الخطر المباشر، ثم يمكن استكمال بلاغ الحماية والدعم بعد تأمين السلامة.","","","","وزارة الداخلية — الدليل الرقمي — أرقام الطوارئ","https://www.moi.gov.sa/wps/wcm/connect/1d7766f8-b8af-40cb-a3c7-55603ee286ec/Guidance.pdf?CACHEID=ROOTWORKSPACE-1d7766f8-b8af-40cb-a3c7-55603ee286ec-o0jvZ6U&CONVERT_TO=url&MOD=AJPERES","2026-09-20","ثابتة نظاميًا نسبيًا","INFERENCE","النتيجة تحليل إجرائي مرتبط بمصدر رسمي، لكن لا يوجد تحقق قانوني Result-by-Result لها.","LOW","نتيجة محدودة الأثر ومدعومة بمصدر رسمي دون مدة سقوط أو اختيار قضائي حاسم ظاهر.","نعم","هل يدعم المصدر الرسمي جميع الادعاءات العملية في النتيجة، أم يلزم تقييدها أو تقسيمها؟","NEEDS REVIEW",""
"R-DV-PROTECTION","الجزائي والحماية","Q001: وش صار معك؟ ← أحوال شخصية → Q060: وش المشكلة الأسرية اللي عندك؟ ← إيذاء أو عنف أو تهديد داخل الأسرة → Q263: هل فيه خطر مباشر الآن؟ ← يوجد إيذاء داخل الأسرة لكن لا يوجد خطر مباشر الآن","يوجد إيذاء داخل الأسرة دون خطر مباشر في هذه اللحظة.","تواصل مع مركز بلاغات العنف الأسري 1919 لطلب الحماية والدعم وتسجيل البلاغ.","وزارة الموارد البشرية والتنمية الاجتماعية","","","وصف الإيذاء وبيانات الأطراف ومكان الحالة معلومات تُذكر عند تسجيل البلاغ. شارك أو احتفظ بأي مستندات أو أدلة متاحة فقط بالقدر الآمن لك؛ لا تؤخر طلب الحماية من أجل جمع الأدلة.","","","","غير منطبق ظاهرًا","تتلقى الجهة البلاغ وتقيّم مستوى الخطورة وتتخذ إجراءات الحماية والدعم وفق النظام واللائحة.","","","","وزارة الموارد البشرية والتنمية الاجتماعية — الإبلاغ عن العنف الأسري — مركز بلاغات الحماية الأسرية 1919","https://www.hrsd.gov.sa/ministry-services/services/الإبلاغ-عن-العنف-الأسري","2026-09-20","ثابتة نظاميًا نسبيًا","INFERENCE","النتيجة تحليل إجرائي مرتبط بمصدر رسمي، لكن لا يوجد تحقق قانوني Result-by-Result لها.","LOW","نتيجة محدودة الأثر ومدعومة بمصدر رسمي دون مدة سقوط أو اختيار قضائي حاسم ظاهر.","نعم","هل يدعم المصدر الرسمي جميع الادعاءات العملية في النتيجة، أم يلزم تقييدها أو تقسيمها؟","NEEDS REVIEW",""
"R-DV-REVIEW","الجزائي والحماية","Q001: وش صار معك؟ ← أحوال شخصية → Q060: وش المشكلة الأسرية اللي عندك؟ ← إيذاء أو عنف أو تهديد داخل الأسرة → Q263: هل فيه خطر مباشر الآن؟ ← مو متأكد هل الوضع يعتبر خطرًا مباشرًا → QD14: هل يحصل الآن شيء يخليك تخاف على سلامتك فورًا؟ ← ما أقدر أحدد حتى بعد هذا السؤال","لا تستطيع تحديد نوع الإيذاء أو درجة الخطر بأمان.","تواصل مع مركز 1919 واشرح ما حدث بالقدر الآمن لك ليتم تقييم الحالة وتوجيهك. إذا كان هناك خطر مباشر الآن فاتصل بالطوارئ فورًا.","وزارة الموارد البشرية والتنمية الاجتماعية","","","اذكر ما حدث ومتى ومن المتسبب وعلاقتك به بالقدر الآمن لك؛ هذه معلومات لتقييم الحالة وليست مستندات مطلوبة قبل طلب المساعدة.","","","","غير منطبق ظاهرًا","تقيّم الجهة المختصة البلاغ ودرجة الخطورة وتحدد إجراء الحماية المناسب.","","","","وزارة الموارد البشرية والتنمية الاجتماعية — الإبلاغ عن العنف الأسري — مركز بلاغات الحماية الأسرية 1919","https://www.hrsd.gov.sa/ministry-services/services/الإبلاغ-عن-العنف-الأسري","2026-09-20","ثابتة نظاميًا نسبيًا","INFERENCE","النتيجة تحليل إجرائي مرتبط بمصدر رسمي، لكن لا يوجد تحقق قانوني Result-by-Result لها.","LOW","نتيجة محدودة الأثر ومدعومة بمصدر رسمي دون مدة سقوط أو اختيار قضائي حاسم ظاهر.","نعم","هل يدعم المصدر الرسمي جميع الادعاءات العملية في النتيجة، أم يلزم تقييدها أو تقسيمها؟","NEEDS REVIEW",""
"R-DIGITAL-NAFATH-SUPPORT","الخدمات الحكومية والتوثيق","Q001: وش صار معك؟ ← بنك/تمويل/تأمين/زكاة/ضريبة/اتصالات/جهة حكومية → Q110: مشكلتك مع أي جهة أو خدمة؟ ← جهة حكومية أو تنظيمية → Q266: وش نوع الجهة الحكومية أو التنظيمية؟ ← نفاذ / دخول موحد / هوية رقمية / توكلنا → Q300: وش المشكلة في الدخول الحكومي الرقمي؟ ← مشكلة في الدخول عبر النفاذ الوطني أو تطبيق نفاذ","النفاذ الوطني أو تطبيق نفاذ لا يكمل تسجيل الدخول أو التحقق.","راجع بياناتك المرتبطة بأبشر وحدّث تطبيق نفاذ، ثم استخدم قنوات الدعم الرسمية إذا استمرت المشكلة.","النفاذ الوطني الموحد","","النفاذ الوطني الموحد / تطبيق نفاذ","رسالة الخطأ + نوع الجهاز + اسم الخدمة التي تحاول الدخول إليها، بدون مشاركة كلمات المرور أو رموز التحقق.","","","","يعالج الدعم مشكلة الهوية الرقمية أو يوجهك للجهة المالكة للخدمة إذا كانت المشكلة من نظامها.","يعالج الدعم مشكلة الهوية الرقمية أو يوجهك للجهة المالكة للخدمة إذا كانت المشكلة من نظامها.","","","","النفاذ الوطني الموحد — النفاذ الوطني الموحد","https://www.iam.gov.sa/","2026-09-21","ثابتة نظاميًا نسبيًا","INFERENCE","النتيجة تحليل إجرائي مرتبط بمصدر رسمي، لكن لا يوجد تحقق قانوني Result-by-Result لها.","LOW","نتيجة محدودة الأثر ومدعومة بمصدر رسمي دون مدة سقوط أو اختيار قضائي حاسم ظاهر.","نعم","ما مقدار المدة وبدايتها ونهايتها والاستثناءات وأثر فواتها وفق النص المطبق على هذه الحالة؟","NEEDS REVIEW",""
"R-DIGITAL-TAWAKKALNA-SUPPORT","الخدمات الحكومية والتوثيق","Q001: وش صار معك؟ ← بنك/تمويل/تأمين/زكاة/ضريبة/اتصالات/جهة حكومية → Q110: مشكلتك مع أي جهة أو خدمة؟ ← جهة حكومية أو تنظيمية → Q266: وش نوع الجهة الحكومية أو التنظيمية؟ ← نفاذ / دخول موحد / هوية رقمية / توكلنا → Q300: وش المشكلة في الدخول الحكومي الرقمي؟ ← مشكلة تقنية في توكلنا","تطبيق توكلنا أو خدمة داخله لا تعمل بالشكل المتوقع.","حدّث التطبيق وتحقق من الاتصال، ثم استخدم الدعم الرسمي لتوكلنا واذكر تفاصيل الخطأ.","توكلنا","","توكلنا","اسم الخدمة + رسالة الخطأ + إصدار التطبيق عند الحاجة.","","","","يُراجع البلاغ تقنيًا أو يتم توجيهك للجهة المسؤولة عن البيانات أو الخدمة.","يُراجع البلاغ تقنيًا أو يتم توجيهك للجهة المسؤولة عن البيانات أو الخدمة.","","","","توكلنا — توكلنا","https://ta.sdaia.gov.sa/","2026-09-21","ثابتة نظاميًا نسبيًا","INFERENCE","النتيجة تحليل إجرائي مرتبط بمصدر رسمي، لكن لا يوجد تحقق قانوني Result-by-Result لها.","LOW","نتيجة محدودة الأثر ومدعومة بمصدر رسمي دون مدة سقوط أو اختيار قضائي حاسم ظاهر.","نعم","ما مقدار المدة وبدايتها ونهايتها والاستثناءات وأثر فواتها وفق النص المطبق على هذه الحالة؟","NEEDS REVIEW",""
"R-DOCUMENTATION-SERVICE-CHECK","الخدمات الحكومية والتوثيق","Q001: وش صار معك؟ ← أحتاج توثيق أو خدمة بدون نزاع → Q100: وش الخدمة اللي تبيها؟ ← ما أعرف اسم الخدمة","تعرف الغرض من التوثيق لكن لا تعرف اسم الخدمة الرسمية.","حدد الورقة التي تريد إصدارها والأطراف والغرض منها، ثم طابقها مع دليل خدمات ناجز قبل البدء.","وزارة العدل","","دليل الخدمات العدلية | ناجز | تحديد خدمة التوثيق الصحيحة","رسالة الخطأ + نوع الجهاز + اسم الخدمة التي تحاول الدخول إليها، بدون مشاركة كلمات المرور أو رموز التحقق.","","","","يعالج الدعم مشكلة الهوية الرقمية أو يوجهك للجهة المالكة للخدمة إذا كانت المشكلة من نظامها.","يعالج الدعم مشكلة الهوية الرقمية أو يوجهك للجهة المالكة للخدمة إذا كانت المشكلة من نظامها.","","","","النفاذ الوطني الموحد — النفاذ الوطني الموحد","https://www.iam.gov.sa/","2026-09-23","قابلة للتغير","INFERENCE","النتيجة تحليل إجرائي مرتبط بمصدر رسمي، لكن لا يوجد تحقق قانوني Result-by-Result لها.","LOW","نتيجة محدودة الأثر ومدعومة بمصدر رسمي دون مدة سقوط أو اختيار قضائي حاسم ظاهر.","نعم","ما مقدار المدة وبدايتها ونهايتها والاستثناءات وأثر فواتها وفق النص المطبق على هذه الحالة؟","NEEDS REVIEW",""
"R-SAKANI-DEVELOPMENTAL","الخدمات الحكومية والتوثيق","Q001: وش صار معك؟ ← عقار أو إيجار → Q070: وش موضوع العقار أو الإيجار؟ ← سكني / دعم سكني / استحقاق أو اعتراض → Q301: وش تحتاج بخصوص الدعم السكني؟ ← أنا من مستفيدي الضمان وأبي الإسكان التنموي","تريد الاستفادة من الإسكان التنموي.","ادخل سكني وابدأ خدمة طلب الاستفادة من الإسكان التنموي وأكمل التحقق.","برنامج سكني","","سكني","استحقاق الدعم السكني + استيفاء متطلبات الاستحقاق التنموي.","","","","غير منطبق ظاهرًا","عند تحقق المتطلبات تُشارك بيانات المستفيد مع الإسكان التنموي لاستكمال دراسة الحالة.","","","","برنامج سكني — طلب الاستفادة من خدمة الإسكان التنموي","https://sakani.sa/services/tanmwy","2026-09-21","قابلة للتغير","HUMAN DECISION","المصدر غير موجود أو ليس على نطاق حكومي/رسمي يمكن الاعتماد عليه آليًا.","LOW","نتيجة محدودة الأثر ومدعومة بمصدر رسمي دون مدة سقوط أو اختيار قضائي حاسم ظاهر.","نعم","هل يدعم المصدر الرسمي جميع الادعاءات العملية في النتيجة، أم يلزم تقييدها أو تقسيمها؟","NEEDS REVIEW",""
"R-SAKANI-ELIGIBILITY","الخدمات الحكومية والتوثيق","Q001: وش صار معك؟ ← عقار أو إيجار → Q070: وش موضوع العقار أو الإيجار؟ ← سكني / دعم سكني / استحقاق أو اعتراض → Q301: وش تحتاج بخصوص الدعم السكني؟ ← أبي أتحقق من استحقاق الدعم السكني أو أقدم","تريد معرفة هل أنت مستحق للدعم السكني.","ادخل سكني ← التحقق من استحقاق الدعم السكني ← أكمل البيانات وأرسل الطلب.","برنامج سكني","","سكني","البيانات الشخصية وبيانات الأسرة والإقرارات المطلوبة.","","","","غير منطبق ظاهرًا","تعرض المنصة حالة الاستحقاق بعد إرسال الطلب.","","","","برنامج سكني — التحقق من استحقاق الدعم السكني","https://sakani.sa/services/check-eligibility","2026-09-21","ثابتة نظاميًا نسبيًا","HUMAN DECISION","المصدر غير موجود أو ليس على نطاق حكومي/رسمي يمكن الاعتماد عليه آليًا.","LOW","نتيجة محدودة الأثر ومدعومة بمصدر رسمي دون مدة سقوط أو اختيار قضائي حاسم ظاهر.","نعم","ما مقدار المدة وبدايتها ونهايتها والاستثناءات وأثر فواتها وفق النص المطبق على هذه الحالة؟","NEEDS REVIEW",""
"R-SAKANI-ELIGIBILITY-APPEAL","الخدمات الحكومية والتوثيق","Q001: وش صار معك؟ ← عقار أو إيجار → Q070: وش موضوع العقار أو الإيجار؟ ← سكني / دعم سكني / استحقاق أو اعتراض → Q301: وش تحتاج بخصوص الدعم السكني؟ ← ظهرت غير مستحق وأبي أعترض","نتيجة الدعم السكني ظهرت غير مستحق.","افتح التحقق من الاستحقاق في سكني واستخدم رفع الاعتراض وأكمل ما يطلبه سبب عدم الاستحقاق.","وزارة البلديات والإسكان — برنامج سكني.","","سكني | اعتراض إداري على نتيجة استحقاق الدعم السكني داخل سكني.","سبب عدم الاستحقاق + ما يصحح البيانات أو يدعم الاعتراض.","","","لا توجد رسوم قضائية مثبتة لرفع اعتراض عدم الاستحقاق داخل سكني.","يُراجع الاعتراض ضمن إجراءات الاستحقاق في سكني.","يُراجع الاعتراض ضمن إجراءات الاستحقاق في سكني.","","","","برنامج سكني — التحقق من استحقاق الدعم السكني","https://sakani.sa/services/check-eligibility","2026-09-21","ثابتة نظاميًا نسبيًا","HUMAN DECISION","المصدر غير موجود أو ليس على نطاق حكومي/رسمي يمكن الاعتماد عليه آليًا.","LOW","نتيجة محدودة الأثر ومدعومة بمصدر رسمي دون مدة سقوط أو اختيار قضائي حاسم ظاهر.","نعم","ما مقدار المدة وبدايتها ونهايتها والاستثناءات وأثر فواتها وفق النص المطبق على هذه الحالة؟","NEEDS REVIEW",""
"R-SAKANI-GRIEVANCE","الخدمات الحكومية والتوثيق","Q001: وش صار معك؟ ← عقار أو إيجار → Q070: وش موضوع العقار أو الإيجار؟ ← سكني / دعم سكني / استحقاق أو اعتراض → Q301: وش تحتاج بخصوص الدعم السكني؟ ← عندي قرار أو إجراء آخر من الدعم السكني وأبي أتظلم","عندك قرار أو إجراء في الدعم السكني وتريد التظلم.","جهّز القرار وتاريخ الإبلاغ وأسبابك وقدّم نموذج التظلم بالطريقة المحددة من الوزارة.","برنامج سكني","","سكني","القرار أو الإجراء + تاريخ الإبلاغ + أسباب التظلم وما يدعمها.","","","","تنص اللائحة على البت في التظلم خلال ستين يومًا من تاريخ تقديمه.","تنص اللائحة على البت في التظلم خلال ستين يومًا من تاريخ تقديمه.","","","","برنامج سكني — لائحة الدعم السكني","https://sakani.sa/housing-subsidy-policy","2026-09-21","ثابتة نظاميًا نسبيًا","HUMAN DECISION","المصدر غير موجود أو ليس على نطاق حكومي/رسمي يمكن الاعتماد عليه آليًا.","LOW","نتيجة محدودة الأثر ومدعومة بمصدر رسمي دون مدة سقوط أو اختيار قضائي حاسم ظاهر.","نعم","ما مقدار المدة وبدايتها ونهايتها والاستثناءات وأثر فواتها وفق النص المطبق على هذه الحالة؟","NEEDS REVIEW",""
"R-SS-APPLY","الخدمات الحكومية والتوثيق","Q001: وش صار معك؟ ← بنك/تمويل/تأمين/زكاة/ضريبة/اتصالات/جهة حكومية → Q110: مشكلتك مع أي جهة أو خدمة؟ ← جهة حكومية أو تنظيمية → Q266: وش نوع الجهة الحكومية أو التنظيمية؟ ← الضمان الاجتماعي المطور / أهلية أو دفعة → Q297: وش مشكلتك في الضمان الاجتماعي المطور؟ ← أبي أقدم على الضمان المطور","تريد بدء طلب الضمان الاجتماعي المطور.","ادخل منصة الدعم والحماية الاجتماعية، أكمل الملف الموحد ثم اختر برنامج دعم مستفيدي الضمان الاجتماعي وقدّم الطلب.","وزارة الموارد البشرية والتنمية الاجتماعية","","","بيانات الأسرة والدخل والسكن والحساب البنكي وما تطلبه المنصة.","","","","غير منطبق ظاهرًا","تابع الطلب ونتيجة الأهلية إلكترونيًا من المنصة.","نظام الضمان الاجتماعي المطور","","","وزارة الموارد البشرية والتنمية الاجتماعية — نظام الضمان الاجتماعي المطور","https://www.hrsd.gov.sa/ministry-services/services/نظام-الضمان-الاجتماعي-المطور","2026-09-21","ثابتة نظاميًا نسبيًا","INFERENCE","النتيجة تحليل إجرائي مرتبط بمصدر رسمي، لكن لا يوجد تحقق قانوني Result-by-Result لها.","LOW","نتيجة محدودة الأثر ومدعومة بمصدر رسمي دون مدة سقوط أو اختيار قضائي حاسم ظاهر.","نعم","هل يدعم المصدر الرسمي جميع الادعاءات العملية في النتيجة، أم يلزم تقييدها أو تقسيمها؟","NEEDS REVIEW",""
"R-SS-SERVICE-TICKET","الخدمات الحكومية والتوثيق","Q001: وش صار معك؟ ← بنك/تمويل/تأمين/زكاة/ضريبة/اتصالات/جهة حكومية → Q110: مشكلتك مع أي جهة أو خدمة؟ ← جهة حكومية أو تنظيمية → Q266: وش نوع الجهة الحكومية أو التنظيمية؟ ← الضمان الاجتماعي المطور / أهلية أو دفعة → Q297: وش مشكلتك في الضمان الاجتماعي المطور؟ ← مشكلة خدمة أو استفسار آخر","مشكلة خدمة أو استفسار آخر في الضمان المطور.","من منصة الدعم والحماية الاجتماعية ← المساعدة ← إنشاء تذكرة جديدة ← اختر الخدمة المطلوبة.","وزارة الموارد البشرية والتنمية الاجتماعية","","","تفاصيل المشكلة ورقم الطلب إن وجد.","","","","تُسجل التذكرة ويمكن متابعة معالجتها إلكترونيًا.","تُسجل التذكرة ويمكن متابعة معالجتها إلكترونيًا.","","","","وزارة الموارد البشرية والتنمية الاجتماعية — شكاوي واستفسارات واقتراحات المستفيدين من الضمان","https://www.hrsd.gov.sa/ministry-services/services/شكاوي-واستفسارات-واقتراحات-المستفيدين-من-الضمان","2026-09-21","ثابتة نظاميًا نسبيًا","INFERENCE","النتيجة تحليل إجرائي مرتبط بمصدر رسمي، لكن لا يوجد تحقق قانوني Result-by-Result لها.","LOW","نتيجة محدودة الأثر ومدعومة بمصدر رسمي دون مدة سقوط أو اختيار قضائي حاسم ظاهر.","نعم","ما مقدار المدة وبدايتها ونهايتها والاستثناءات وأثر فواتها وفق النص المطبق على هذه الحالة؟","NEEDS REVIEW",""
"R-PASSPORT-EXITREENTRY-EXTEND","الخدمات الحكومية والهوية والجوازات والمرور","Q001: وش صار معك؟ ← بنك/تمويل/تأمين/زكاة/ضريبة/اتصالات/جهة حكومية → Q110: مشكلتك مع أي جهة أو خدمة؟ ← خصوصية أو طيران أو تعليم أو بلدية → Q269: وش نوع المشكلة المتخصصة الأخرى؟ ← جوازات / إقامة / تأشيرة خروج وعودة أو خروج نهائي → Q276: وش تحتاج من الجوازات؟ ← تأشيرات خروج وعودة / خروج نهائي / زيارة → Q290: وش تحتاج بخصوص التأشيرة؟ ← تمديد خروج وعودة → Q291: الشخص داخل المملكة أو خارجها؟ ← خارج المملكة","الشخص خارج المملكة وتحتاج تمديد خروج وعودة.","من أبشر افتح خدمات الجوازات واختر تمديد تأشيرة خروج وعودة لمن هم خارج المملكة.","منصة أبشر","","أبشر","بيانات المستفيد والتأشيرة + استيفاء الشروط والرسوم الظاهرة.","","","","غير منطبق ظاهرًا","يتم التمديد إلكترونيًا عند تحقق شروط الخدمة.","","","","منصة أبشر — إصدار تأشيرة الخروج والعودة أو الخروج النهائي — أبشر","https://www.absher.sa/wps/wcm/connect/individuals/contents/individuals/eServices%2BUser%2BGuide/eServices/Passport-Services/","2026-09-21","قابلة للتغير","HUMAN DECISION","المصدر غير موجود أو ليس على نطاق حكومي/رسمي يمكن الاعتماد عليه آليًا.","LOW","نتيجة محدودة الأثر ومدعومة بمصدر رسمي دون مدة سقوط أو اختيار قضائي حاسم ظاهر.","نعم","ما مقدار المدة وبدايتها ونهايتها والاستثناءات وأثر فواتها وفق النص المطبق على هذه الحالة؟","NEEDS REVIEW",""
"R-PASSPORT-SA-ISSUE","الخدمات الحكومية والهوية والجوازات والمرور","Q001: وش صار معك؟ ← بنك/تمويل/تأمين/زكاة/ضريبة/اتصالات/جهة حكومية → Q110: مشكلتك مع أي جهة أو خدمة؟ ← خصوصية أو طيران أو تعليم أو بلدية → Q269: وش نوع المشكلة المتخصصة الأخرى؟ ← جوازات / إقامة / تأشيرة خروج وعودة أو خروج نهائي → Q276: وش تحتاج من الجوازات؟ ← إصدار جواز سفر سعودي","تبي تصدر جواز سعودي.","أبشر > خدماتي > الجوازات > إصدار جواز السفر السعودي.","منصة أبشر","","أبشر","راجع شروط الإصدار الظاهرة بحسب المستفيد وأكمل التوصيل والسداد.","","","","غير منطبق ظاهرًا","تابع حالة الطلب والتوصيل عبر أبشر.","","","","منصة أبشر — خدمات الجواز السعودي","https://www.absher.sa/wps/wcm/connect/individuals/contents/individuals/eServices%2BUser%2BGuide/eServices/Passport-Services/","2026-09-20","قابلة للتغير","HUMAN DECISION","المصدر غير موجود أو ليس على نطاق حكومي/رسمي يمكن الاعتماد عليه آليًا.","LOW","نتيجة محدودة الأثر ومدعومة بمصدر رسمي دون مدة سقوط أو اختيار قضائي حاسم ظاهر.","نعم","هل يدعم المصدر الرسمي جميع الادعاءات العملية في النتيجة، أم يلزم تقييدها أو تقسيمها؟","NEEDS REVIEW",""
"R-PASSPORT-SA-LOST","الخدمات الحكومية والهوية والجوازات والمرور","Q001: وش صار معك؟ ← بنك/تمويل/تأمين/زكاة/ضريبة/اتصالات/جهة حكومية → Q110: مشكلتك مع أي جهة أو خدمة؟ ← خصوصية أو طيران أو تعليم أو بلدية → Q269: وش نوع المشكلة المتخصصة الأخرى؟ ← جوازات / إقامة / تأشيرة خروج وعودة أو خروج نهائي → Q276: وش تحتاج من الجوازات؟ ← جواز السفر السعودي مفقود أو مسروق أو تالف","جوازك السعودي مفقود أو مسروق أو تالف.","من خدمات الجواز السعودي في أبشر اختر الإبلاغ عن الجواز المفقود/المسروق/التالف.","منصة أبشر","","أبشر","بيانات المستفيد والجواز وتفاصيل الفقد أو السرقة أو التلف تُدخل داخل خدمة البلاغ. لا تُعامل هذه الحقول كمستندات مستقلة؛ أكمل ما تطلبه أبشر لحالتك.","","","","غير منطبق ظاهرًا","أكمل الإجراء الإلكتروني الذي تعرضه أبشر لحالتك.","","","","منصة أبشر — خدمات الجواز السعودي","https://www.absher.sa/wps/wcm/connect/individuals/contents/individuals/eServices%2BUser%2BGuide/eServices/Passport-Services/","2026-09-20","قابلة للتغير","HUMAN DECISION","المصدر غير موجود أو ليس على نطاق حكومي/رسمي يمكن الاعتماد عليه آليًا.","LOW","نتيجة محدودة الأثر ومدعومة بمصدر رسمي دون مدة سقوط أو اختيار قضائي حاسم ظاهر.","نعم","هل يدعم المصدر الرسمي جميع الادعاءات العملية في النتيجة، أم يلزم تقييدها أو تقسيمها؟","NEEDS REVIEW",""
"R-PASSPORT-SA-RENEW","الخدمات الحكومية والهوية والجوازات والمرور","Q001: وش صار معك؟ ← بنك/تمويل/تأمين/زكاة/ضريبة/اتصالات/جهة حكومية → Q110: مشكلتك مع أي جهة أو خدمة؟ ← خصوصية أو طيران أو تعليم أو بلدية → Q269: وش نوع المشكلة المتخصصة الأخرى؟ ← جوازات / إقامة / تأشيرة خروج وعودة أو خروج نهائي → Q276: وش تحتاج من الجوازات؟ ← تجديد جواز السفر السعودي","تبي تجدد جوازك السعودي.","أبشر > خدماتي > الجوازات > تجديد جواز السفر السعودي.","منصة أبشر","","أبشر","راجع شروط الخدمة الظاهرة لحالتك وحدد مدة التجديد والتوصيل وسدد الرسوم.","","","","غير منطبق ظاهرًا","تابع حالة الطلب والتوصيل إلكترونيًا.","","","","منصة أبشر — خدمات الجواز السعودي","https://www.absher.sa/wps/wcm/connect/individuals/contents/individuals/eServices%2BUser%2BGuide/eServices/Passport-Services/","2026-09-20","قابلة للتغير","HUMAN DECISION","المصدر غير موجود أو ليس على نطاق حكومي/رسمي يمكن الاعتماد عليه آليًا.","LOW","نتيجة محدودة الأثر ومدعومة بمصدر رسمي دون مدة سقوط أو اختيار قضائي حاسم ظاهر.","نعم","ما مقدار المدة وبدايتها ونهايتها والاستثناءات وأثر فواتها وفق النص المطبق على هذه الحالة؟","NEEDS REVIEW",""
"R-PASSPORT-VISA-CANCEL","الخدمات الحكومية والهوية والجوازات والمرور","Q001: وش صار معك؟ ← بنك/تمويل/تأمين/زكاة/ضريبة/اتصالات/جهة حكومية → Q110: مشكلتك مع أي جهة أو خدمة؟ ← خصوصية أو طيران أو تعليم أو بلدية → Q269: وش نوع المشكلة المتخصصة الأخرى؟ ← جوازات / إقامة / تأشيرة خروج وعودة أو خروج نهائي → Q276: وش تحتاج من الجوازات؟ ← تأشيرات خروج وعودة / خروج نهائي / زيارة → Q290: وش تحتاج بخصوص التأشيرة؟ ← إلغاء خروج وعودة أو خروج نهائي","عندك تأشيرة مصدرة وتبي تلغيها.","اختر المستفيد والتأشيرة المصدرة ثم نفذ الإلغاء من خدمات التأشيرات.","منصة أبشر","","أبشر","راجع حالة التأشيرة وشروط الإلغاء الظاهرة.","","","","غير منطبق ظاهرًا","تتحدث حالة التأشيرة بعد إتمام الإلغاء.","","","","منصة أبشر — إصدار تأشيرة الخروج والعودة أو الخروج النهائي — أبشر","https://www.absher.sa/wps/wcm/connect/individuals/contents/individuals/eServices%2BUser%2BGuide/eServices/Passport-Services/","2026-09-21","قابلة للتغير","HUMAN DECISION","المصدر غير موجود أو ليس على نطاق حكومي/رسمي يمكن الاعتماد عليه آليًا.","LOW","نتيجة محدودة الأثر ومدعومة بمصدر رسمي دون مدة سقوط أو اختيار قضائي حاسم ظاهر.","نعم","ما مقدار المدة وبدايتها ونهايتها والاستثناءات وأثر فواتها وفق النص المطبق على هذه الحالة؟","NEEDS REVIEW",""
"R-PASSPORT-VISA-GUIDE","الخدمات الحكومية والهوية والجوازات والمرور","Q001: وش صار معك؟ ← بنك/تمويل/تأمين/زكاة/ضريبة/اتصالات/جهة حكومية → Q110: مشكلتك مع أي جهة أو خدمة؟ ← خصوصية أو طيران أو تعليم أو بلدية → Q269: وش نوع المشكلة المتخصصة الأخرى؟ ← جوازات / إقامة / تأشيرة خروج وعودة أو خروج نهائي → Q276: وش تحتاج من الجوازات؟ ← تأشيرات خروج وعودة / خروج نهائي / زيارة → Q290: وش تحتاج بخصوص التأشيرة؟ ← إصدار خروج وعودة أو خروج نهائي","تبي خروج وعودة أو خروج نهائي.","استخدم خدمات التأشيرات في أبشر أو أبشر أعمال بحسب صفتك وعلاقتك بالمستفيد.","منصة أبشر","","أبشر","راجع شروط الخدمة المعروضة لنوع التأشيرة والمستفيد قبل الإرسال.","","","","غير منطبق ظاهرًا","تتابع حالة التأشيرة إلكترونيًا.","","","","منصة أبشر — إصدار تأشيرة الخروج والعودة أو الخروج النهائي — أبشر","https://www.absher.sa/wps/wcm/connect/individuals/contents/individuals/eServices%2BUser%2BGuide/eServices/Passport-Services/","2026-09-20","قابلة للتغير","HUMAN DECISION","المصدر غير موجود أو ليس على نطاق حكومي/رسمي يمكن الاعتماد عليه آليًا.","LOW","نتيجة محدودة الأثر ومدعومة بمصدر رسمي دون مدة سقوط أو اختيار قضائي حاسم ظاهر.","نعم","ما مقدار المدة وبدايتها ونهايتها والاستثناءات وأثر فواتها وفق النص المطبق على هذه الحالة؟","NEEDS REVIEW",""
"R-SP-TRAFFIC-VIOLATION-OBJECTION","الخدمات الحكومية والهوية والجوازات والمرور","Q001: وش صار معك؟ ← بنك/تمويل/تأمين/زكاة/ضريبة/اتصالات/جهة حكومية → Q110: مشكلتك مع أي جهة أو خدمة؟ ← خصوصية أو طيران أو تعليم أو بلدية → Q269: وش نوع المشكلة المتخصصة الأخرى؟ ← مخالفة مرورية / ساهر","عندك مخالفة مرورية مسجلة وتبي تعترض عليها.","ادخل أبشر > خدماتي > المرور > الاعتراض على المخالفات المرورية، ثم اختر المخالفة واتبع التعليمات.","الجهة القضائية أو الرسمية المحددة في المصدر المرتبط بالنتيجة.","","أبشر | اعتراض على حكم/قرار قضائي بطريق الاستئناف بحسب المرحلة.","حساب أبشر مفعل، وتحقق أن تاريخ تسجيل المخالفة لا يتجاوز 30 يومًا وأن شروط الاعتراض الإلكتروني منطبقة.","","","","يُقدَّم الاعتراض إلكترونيًا ويُتابع وفق حالة الطلب الظاهرة في أبشر. لا نخلط مهلة تقديم الاعتراض بمدة معالجة الطلب.","يُقدَّم الاعتراض إلكترونيًا ويُتابع وفق حالة الطلب الظاهرة في أبشر. لا نخلط مهلة تقديم الاعتراض بمدة معالجة الطلب.","","","","منصة أبشر — الاعتراض على المخالفات المرورية — أبشر","https://www.absher.sa/wps/portal/individuals/static/guide/service-contents/!ut/p/z0/tY5NC4JAFEX_ii1cxntTKLa0DKUi-qJyNjHoGK9iqplR-vlZVEit2917uFwOcNgCV6KivbB0VuJU95T7O8aiIOnEOMFpFKI_Rm-47k0YMg-WQsMIeHMUjBcRzgczn62SpBv0vccLHa5XHgLPzsrKm4XtMyhrXCSVU0V5KU7GEdpFaaSuKJPGKevk7EvKZYO6aLUoCsrab_It8Gv5Z4EP2b0IY3A5xps2T1t3wDxqyA!!/","2026-09-20","قابلة للتغير","HUMAN DECISION","المصدر غير موجود أو ليس على نطاق حكومي/رسمي يمكن الاعتماد عليه آليًا.","LOW","نتيجة محدودة الأثر ومدعومة بمصدر رسمي دون مدة سقوط أو اختيار قضائي حاسم ظاهر.","نعم","ما مقدار المدة وبدايتها ونهايتها والاستثناءات وأثر فواتها وفق النص المطبق على هذه الحالة؟","NEEDS REVIEW",""
"R-REAL-LEASE-DISPUTE","العقار والإيجار","Q001: وش صار معك؟ ← عقار أو إيجار → Q070: وش موضوع العقار أو الإيجار؟ ← إيجار سكني أو تجاري → Q083: العقد موثق في إيجار؟ ← نعم، عقد موحد موثق في إيجار → Q084: وش مشكلة عقد الإيجار؟ ← إخلاء أو تسليم أو صيانة/أضرار","لديك نزاع إيجاري يحتاج إثباتًا وليس مجرد تنفيذ التزام واضح.","إذا كان عقدك موثقًا، ابدأ بالتحقق من خدمة الصلح لمستفيدي برنامج إيجار. إذا كانت مطالبتك سداد أجرة أو إخلاء بعقد يعد سندًا تنفيذيًا، أو لم تنطبق شروط الصلح، فاتبع المسار التنفيذي أو القضائي المناسب.","المحكمة أو الجهة القضائية المختصة بحسب نوع الدعوى والمرحلة المبينة في النتيجة.","","تصنيف نزاع الإيجار قبل الإجراء | إيجار | بوابة قرار","خدمة الصلح تشترط وجود عقد إيجار موثق. تُدخل بيانات الأطراف والعقد وموضوع الدعوى وطلباتها، وتُرفق المستندات الداعمة إن وجدت.","العقد وما يثبت المطالبة أو الإخلال.","لا مدة موحدة لهذه البوابة.","لا رسوم لمجرد تصنيف المسار.","غير منطبق ظاهرًا","إذا انطبقت شروط الصلح تبدأ إجراءات التسوية بتراضي الأطراف؛ وإلا تنتقل للمسار التنفيذي أو القضائي المناسب بحسب نوع المطالبة.","","","","إيجار — الأسئلة الشائعة - عقد إيجار الموحد سند تنفيذي","https://www.ejar.sa/ar/faqs","2026-09-20","ثابتة نظاميًا نسبيًا","HUMAN DECISION","المصدر غير موجود أو ليس على نطاق حكومي/رسمي يمكن الاعتماد عليه آليًا.","LOW","نتيجة محدودة الأثر ومدعومة بمصدر رسمي دون مدة سقوط أو اختيار قضائي حاسم ظاهر.","نعم","هل الجهة والمحكمة ونوع الإجراء المحددة صحيحة لكل صور الحالة والاستثناءات المحتملة؟","NEEDS REVIEW",""
"R-REAL-LEASE-NONSTANDARD","العقار والإيجار","Q001: وش صار معك؟ ← عقار أو إيجار → Q070: وش موضوع العقار أو الإيجار؟ ← إيجار سكني أو تجاري → Q083: العقد موثق في إيجار؟ ← لا / عقد عادي أو غير موثق → Q217: هل صدر حكم قضائي بخصوص نزاع الإيجار؟ ← لا، ما صدر حكم","عندك علاقة إيجارية لكن العقد ليس عقدًا موحدًا موثقًا في إيجار بحسب معلوماتك.","تحقق أولًا هل العقد مسجل في شبكة إيجار. إذا كان عقدًا غير مسجل فلا تفترض أنه سند تنفيذي؛ حدّد المطالبة العقارية مثل الأجرة أو الإخلاء أو حق متعلق بالعقار، ثم استخدم المسار القضائي المختص بحسب حالتك.","المحكمة أو الجهة القضائية المختصة بحسب نوع الدعوى والمرحلة المبينة في النتيجة.","","نزاع عقد إيجار غير صالح للتنفيذ المباشر | إيجار | دعوى قضائية بعد فحص السند","العقد + ما يثبت التسجيل في إيجار إن وجد + بيانات العقار والأطراف + المستندات المؤيدة للمطالبة.","العقد والمراسلات وإثباتات السداد/الإخلال بحسب النزاع.","لا نضع مدة موحدة لكل النزاعات الإيجارية.","تخضع الدعوى للتكاليف القضائية عند انطباق النظام؛ لا مبلغ موحد.","غير منطبق ظاهرًا","العقد الموحد المسجل في إيجار له مسار مختلف بصفته سندًا تنفيذيًا، أما النزاع العقاري الذي لا يملك سندًا تنفيذيًا مستوفيًا فيُنظر عبر المسار القضائي المختص بحسب نوع المطالبة.","","","","إيجار — الأسئلة الشائعة - عقد إيجار الموحد سند تنفيذي","https://www.ejar.sa/ar/faqs","2026-09-20","ثابتة نظاميًا نسبيًا","HUMAN DECISION","المصدر غير موجود أو ليس على نطاق حكومي/رسمي يمكن الاعتماد عليه آليًا.","LOW","نتيجة محدودة الأثر ومدعومة بمصدر رسمي دون مدة سقوط أو اختيار قضائي حاسم ظاهر.","نعم","ما مقدار المدة وبدايتها ونهايتها والاستثناءات وأثر فواتها وفق النص المطبق على هذه الحالة؟","NEEDS REVIEW",""
"R-GOSI-FICTITIOUS","العمل والتأمينات","Q001: وش صار معك؟ ← بنك/تمويل/تأمين/زكاة/ضريبة/اتصالات/جهة حكومية → Q110: مشكلتك مع أي جهة أو خدمة؟ ← جهة حكومية أو تنظيمية → Q266: وش نوع الجهة الحكومية أو التنظيمية؟ ← التأمينات الاجتماعية / قرار أو منفعة أو شكوى → Q236: وش نوع موضوعك مع التأمينات الاجتماعية؟ ← مسجل عليّ اشتراك / سعودة وهمية أو مدة غير صحيحة","ظهر لك اشتراك أو مدة وظيفية غير صحيحة / سعودة وهمية.","ادخل حسابك في التأمينات أون لاين وقدّم شكوى على المدة غير الصحيحة المرتبطة بالتفتيش الإلكتروني.","التأمينات الاجتماعية","","التأمينات الاجتماعية","حدد مدة الاشتراك والمنشأة محل الاعتراض وجهّز البيانات أو المرفقات التي تطلبها الخدمة.","","","","تُحال الشكوى للتحقق والمعالجة، ويمكنك متابعة حالتها من قنوات التأمينات.","تُحال الشكوى للتحقق والمعالجة، ويمكنك متابعة حالتها من قنوات التأمينات.","","","","التأمينات الاجتماعية — شكوى على سعودة وهمية (للمشترك) المربوطة بالتفتيش الإلكتروني","https://www.gosi.gov.sa/GOSIOnline/Registration","2026-09-21","ثابتة نظاميًا نسبيًا","INFERENCE","النتيجة تحليل إجرائي مرتبط بمصدر رسمي، لكن لا يوجد تحقق قانوني Result-by-Result لها.","LOW","نتيجة محدودة الأثر ومدعومة بمصدر رسمي دون مدة سقوط أو اختيار قضائي حاسم ظاهر.","نعم","ما مقدار المدة وبدايتها ونهايتها والاستثناءات وأثر فواتها وفق النص المطبق على هذه الحالة؟","NEEDS REVIEW",""
"R-GOSI-INJURY","العمل والتأمينات","Q001: وش صار معك؟ ← بنك/تمويل/تأمين/زكاة/ضريبة/اتصالات/جهة حكومية → Q110: مشكلتك مع أي جهة أو خدمة؟ ← جهة حكومية أو تنظيمية → Q266: وش نوع الجهة الحكومية أو التنظيمية؟ ← التأمينات الاجتماعية / قرار أو منفعة أو شكوى → Q236: وش نوع موضوعك مع التأمينات الاجتماعية؟ ← إصابة عمل / تقاعد / أجر أو اشتراك → Q315: وش موضوعك في التأمينات الاجتماعية؟ ← إصابة عمل","لديك إصابة مرتبطة بالعمل وتريد معرفة مسارها في التأمينات.","ابدأ من خدمات الأخطار المهنية لدى التأمينات وتأكد من تسجيل الإصابة واستكمال المستندات المطلوبة للحالة.","المؤسسة العامة للتأمينات الاجتماعية","","التأمينات الاجتماعية","بيانات الإصابة والعمل والتقارير والمستندات التي تطلبها التأمينات.","","","","غير منطبق ظاهرًا","تُعالج الحالة وفق فرع الأخطار المهنية وتظهر المنافع أو الإجراءات المستحقة بحسب القرار.","","","","المؤسسة العامة للتأمينات الاجتماعية — الأخطار المهنية","https://www.gosi.gov.sa/","2026-09-21","ثابتة نظاميًا نسبيًا","INFERENCE","النتيجة تحليل إجرائي مرتبط بمصدر رسمي، لكن لا يوجد تحقق قانوني Result-by-Result لها.","LOW","نتيجة محدودة الأثر ومدعومة بمصدر رسمي دون مدة سقوط أو اختيار قضائي حاسم ظاهر.","نعم","هل يدعم المصدر الرسمي جميع الادعاءات العملية في النتيجة، أم يلزم تقييدها أو تقسيمها؟","NEEDS REVIEW",""
"R-GOSI-PENSION","العمل والتأمينات","Q001: وش صار معك؟ ← بنك/تمويل/تأمين/زكاة/ضريبة/اتصالات/جهة حكومية → Q110: مشكلتك مع أي جهة أو خدمة؟ ← جهة حكومية أو تنظيمية → Q266: وش نوع الجهة الحكومية أو التنظيمية؟ ← التأمينات الاجتماعية / قرار أو منفعة أو شكوى → Q236: وش نوع موضوعك مع التأمينات الاجتماعية؟ ← إصابة عمل / تقاعد / أجر أو اشتراك → Q315: وش موضوعك في التأمينات الاجتماعية؟ ← التقاعد / المعاش","تريد التحقق من استحقاق معاش أو خدمة مرتبطة بالتقاعد.","ادخل حسابك في التأمينات واستخدم خدمات المعاشات/التقاعد المتاحة لحالتك وتحقق من مدد الاشتراك والاستحقاق.","المؤسسة العامة للتأمينات الاجتماعية","","التأمينات الاجتماعية","بيانات المشترك ومدد الاشتراك وما تطلبه الخدمة بحسب نوع المعاش.","","","","غير منطبق ظاهرًا","تظهر نتيجة الاستحقاق أو متطلبات استكمال الطلب وتتابع المعاملة إلكترونيًا.","","","","المؤسسة العامة للتأمينات الاجتماعية — خدمات المعاشات والتقاعد","https://www.gosi.gov.sa/","2026-09-21","ثابتة نظاميًا نسبيًا","INFERENCE","النتيجة تحليل إجرائي مرتبط بمصدر رسمي، لكن لا يوجد تحقق قانوني Result-by-Result لها.","LOW","نتيجة محدودة الأثر ومدعومة بمصدر رسمي دون مدة سقوط أو اختيار قضائي حاسم ظاهر.","نعم","هل يدعم المصدر الرسمي جميع الادعاءات العملية في النتيجة، أم يلزم تقييدها أو تقسيمها؟","NEEDS REVIEW",""
"R-GOSI-REVIEW-BIZ","العمل والتأمينات","Q001: وش صار معك؟ ← بنك/تمويل/تأمين/زكاة/ضريبة/اتصالات/جهة حكومية → Q110: مشكلتك مع أي جهة أو خدمة؟ ← جهة حكومية أو تنظيمية → Q266: وش نوع الجهة الحكومية أو التنظيمية؟ ← التأمينات الاجتماعية / قرار أو منفعة أو شكوى → Q236: وش نوع موضوعك مع التأمينات الاجتماعية؟ ← قرار صادر على المنشأة / صاحب العمل","تريد الاعتراض على قرار صادر على منشأتك من التأمينات.","قدّم طلب مراجعة/اعتراض من خدمة التأمينات المخصصة لأصحاب العمل.","المؤسسة العامة للتأمينات الاجتماعية","","التأمينات الاجتماعية","تدخل بحساب المنشأة وتستعرض المعاملة محل الاعتراض ثم تعبئ تفاصيل الاعتراض، وتُرفق المستندات المؤيدة بحسب الحالة. بيانات النموذج ليست مستندات مستقلة.","","","","يصدر رقم طلب ويمكن متابعة المعالجة إلكترونيًا.","يصدر رقم طلب ويمكن متابعة المعالجة إلكترونيًا.","","","","المؤسسة العامة للتأمينات الاجتماعية — طلب التماس / اعتراض بشأن قرار متخذ من المؤسسة — أصحاب العمل","https://beta.gosi.gov.sa/ar/services/business/Review_Decision2","2026-09-20","ثابتة نظاميًا نسبيًا","INFERENCE","النتيجة تحليل إجرائي مرتبط بمصدر رسمي، لكن لا يوجد تحقق قانوني Result-by-Result لها.","LOW","نتيجة محدودة الأثر ومدعومة بمصدر رسمي دون مدة سقوط أو اختيار قضائي حاسم ظاهر.","نعم","ما مقدار المدة وبدايتها ونهايتها والاستثناءات وأثر فواتها وفق النص المطبق على هذه الحالة؟","NEEDS REVIEW",""
"R-GOSI-SANED-APPLY","العمل والتأمينات","Q001: وش صار معك؟ ← بنك/تمويل/تأمين/زكاة/ضريبة/اتصالات/جهة حكومية → Q110: مشكلتك مع أي جهة أو خدمة؟ ← جهة حكومية أو تنظيمية → Q266: وش نوع الجهة الحكومية أو التنظيمية؟ ← التأمينات الاجتماعية / قرار أو منفعة أو شكوى → Q236: وش نوع موضوعك مع التأمينات الاجتماعية؟ ← ساند / التعطل عن العمل → Q296: وش مشكلتك في ساند؟ ← أبي أتحقق من الأهلية أو أقدم على ساند","تريد التحقق من أهلية ساند أو بدء طلب التعويض.","ادخل التأمينات ← المنافع ← التعطل عن العمل (ساند)، تحقق من الأهلية ثم قدّم الطلب إذا ظهرت مؤهلًا.","التأمينات الاجتماعية","","التأمينات الاجتماعية","استيفاء شروط ساند والتقديم خلال 90 يومًا من ترك العمل.","","","","غير منطبق ظاهرًا","بعد التقديم يصلك رقم الطلب ويمكن متابعة حالته.","نظام التأمين ضد التعطل عن العمل (ساند)","","","التأمينات الاجتماعية — نظام التأمين ضد التعطل عن العمل (ساند)","https://beta.gosi.gov.sa/ar/saned","2026-09-21","ثابتة نظاميًا نسبيًا","INFERENCE","النتيجة تحليل إجرائي مرتبط بمصدر رسمي، لكن لا يوجد تحقق قانوني Result-by-Result لها.","LOW","نتيجة محدودة الأثر ومدعومة بمصدر رسمي دون مدة سقوط أو اختيار قضائي حاسم ظاهر.","نعم","ما مقدار المدة وبدايتها ونهايتها والاستثناءات وأثر فواتها وفق النص المطبق على هذه الحالة؟","NEEDS REVIEW",""
"R-GOSI-SANED-EXEMPTION","العمل والتأمينات","Q001: وش صار معك؟ ← بنك/تمويل/تأمين/زكاة/ضريبة/اتصالات/جهة حكومية → Q110: مشكلتك مع أي جهة أو خدمة؟ ← جهة حكومية أو تنظيمية → Q266: وش نوع الجهة الحكومية أو التنظيمية؟ ← التأمينات الاجتماعية / قرار أو منفعة أو شكوى → Q236: وش نوع موضوعك مع التأمينات الاجتماعية؟ ← ساند / التعطل عن العمل → Q296: وش مشكلتك في ساند؟ ← فاتتني مهلة التقديم لسبب خارج عن إرادتي","تأخرت عن مهلة التقديم على ساند لسبب خارج عن إرادتك.","التأمينات ← المنافع ← التعطل عن العمل (ساند) ← تقديم اعتراض، ثم أرفق ما يثبت سبب التأخر.","التأمينات الاجتماعية","","التأمينات الاجتماعية","سبب التأخر + ما يثبته + بيانات الطلب.","","","","تراجع التأمينات طلب الاستثناء والوثائق ثم يظهر قرار الطلب.","تراجع التأمينات طلب الاستثناء والوثائق ثم يظهر قرار الطلب.","","","","التأمينات الاجتماعية — خدمة طلب الإعفاء من مهلة ساند","https://beta.gosi.gov.sa/ar/services/individual-services/RequestExcemption","2026-09-21","قابلة للتغير","INFERENCE","النتيجة تحليل إجرائي مرتبط بمصدر رسمي، لكن لا يوجد تحقق قانوني Result-by-Result لها.","LOW","نتيجة محدودة الأثر ومدعومة بمصدر رسمي دون مدة سقوط أو اختيار قضائي حاسم ظاهر.","نعم","ما مقدار المدة وبدايتها ونهايتها والاستثناءات وأثر فواتها وفق النص المطبق على هذه الحالة؟","NEEDS REVIEW",""
"R-GOSI-SANED-RESUME","العمل والتأمينات","Q001: وش صار معك؟ ← بنك/تمويل/تأمين/زكاة/ضريبة/اتصالات/جهة حكومية → Q110: مشكلتك مع أي جهة أو خدمة؟ ← جهة حكومية أو تنظيمية → Q266: وش نوع الجهة الحكومية أو التنظيمية؟ ← التأمينات الاجتماعية / قرار أو منفعة أو شكوى → Q236: وش نوع موضوعك مع التأمينات الاجتماعية؟ ← ساند / التعطل عن العمل → Q296: وش مشكلتك في ساند؟ ← توقف الصرف وزال سبب الإيقاف","توقف ساند وزال سبب الإيقاف.","التأمينات ← المنافع ← التعطل عن العمل (ساند) ← استئناف الصرف، ثم راجع بيانات الدفع وقدّم.","التأمينات الاجتماعية","","التأمينات الاجتماعية","زوال سبب الإيقاف + استمرار شروط الاستحقاق + بيانات الدفع.","","","","تُراجع حالة المنفعة ويستأنف الصرف عند تحقق الشروط.","تُراجع حالة المنفعة ويستأنف الصرف عند تحقق الشروط.","","","","التأمينات الاجتماعية — خدمة استئناف صرف تعويضات التعطل عن العمل","https://beta.gosi.gov.sa/ar/services/individual-services/Resumption_of_unemployment_compensation_payments","2026-09-21","قابلة للتغير","INFERENCE","النتيجة تحليل إجرائي مرتبط بمصدر رسمي، لكن لا يوجد تحقق قانوني Result-by-Result لها.","LOW","نتيجة محدودة الأثر ومدعومة بمصدر رسمي دون مدة سقوط أو اختيار قضائي حاسم ظاهر.","نعم","ما مقدار المدة وبدايتها ونهايتها والاستثناءات وأثر فواتها وفق النص المطبق على هذه الحالة؟","NEEDS REVIEW",""
"R-GOSI-SERVICE-COMPLAINT","العمل والتأمينات","Q001: وش صار معك؟ ← بنك/تمويل/تأمين/زكاة/ضريبة/اتصالات/جهة حكومية → Q110: مشكلتك مع أي جهة أو خدمة؟ ← جهة حكومية أو تنظيمية → Q266: وش نوع الجهة الحكومية أو التنظيمية؟ ← التأمينات الاجتماعية / قرار أو منفعة أو شكوى → Q236: وش نوع موضوعك مع التأمينات الاجتماعية؟ ← شكوى على خدمة أو تأخر في معالجتها","عندك شكوى على خدمة التأمينات أو تأخر معالجتها.","ادخل خدمات التأمينات واختر تقديم شكوى، أضف رقم المعاملة ووصف المشكلة والمرفقات ثم احتفظ برقم الشكوى.","المؤسسة العامة للتأمينات الاجتماعية","","التأمينات الاجتماعية","رقم المعاملة إن وجد + وصف المشكلة + الأدلة/المرفقات.","","","","تتابع معالجة الشكوى، وقد يتضح أن المطلوب اعتراض نظامي إذا كانت المشكلة في قرار لا في الخدمة.","تتابع معالجة الشكوى، وقد يتضح أن المطلوب اعتراض نظامي إذا كانت المشكلة في قرار لا في الخدمة.","","","","المؤسسة العامة للتأمينات الاجتماعية — تقديم شكوى","https://beta.gosi.gov.sa/ar/services/individual-services/Make-a-complaint","2026-09-20","ثابتة نظاميًا نسبيًا","INFERENCE","النتيجة تحليل إجرائي مرتبط بمصدر رسمي، لكن لا يوجد تحقق قانوني Result-by-Result لها.","LOW","نتيجة محدودة الأثر ومدعومة بمصدر رسمي دون مدة سقوط أو اختيار قضائي حاسم ظاهر.","نعم","ما مقدار المدة وبدايتها ونهايتها والاستثناءات وأثر فواتها وفق النص المطبق على هذه الحالة؟","NEEDS REVIEW",""
"R-MOH-HEALTH-LICENSE","القطاعات التنظيمية والخدمات","Q001: وش صار معك؟ ← بنك/تمويل/تأمين/زكاة/ضريبة/اتصالات/جهة حكومية → Q110: مشكلتك مع أي جهة أو خدمة؟ ← خصوصية أو طيران أو تعليم أو بلدية → Q269: وش نوع المشكلة المتخصصة الأخرى؟ ← صناعة / مقاولات / إعلام / تدريب / منشأة صحية → Q318: وش نوع الترخيص أو الخدمة المهنية للمنشأة؟ ← ترخيص منشأة صحية","تريد ترخيص منشأة صحية خاصة.","ابدأ من منصة صحة/خدمات التراخيص الصحية وحدد نوع المنشأة ثم أكمل متطلبات الترخيص والموافقات المرتبطة بها.","وزارة الصحة","","","بيانات المنشأة والموقع والتجهيزات والكادر والتراخيص المهنية والمتطلبات الخاصة بنوع المنشأة.","","","","غير منطبق ظاهرًا","تُراجع المتطلبات وتصدر الموافقات والترخيص وفق نوع المنشأة وحالتها.","","","","وزارة الصحة — التراخيص الصحية","https://www.moh.gov.sa/eServices/Pages/Licensing.aspx","2026-09-21","ثابتة نظاميًا نسبيًا","INFERENCE","النتيجة تحليل إجرائي مرتبط بمصدر رسمي، لكن لا يوجد تحقق قانوني Result-by-Result لها.","LOW","نتيجة محدودة الأثر ومدعومة بمصدر رسمي دون مدة سقوط أو اختيار قضائي حاسم ظاهر.","نعم","هل يدعم المصدر الرسمي جميع الادعاءات العملية في النتيجة، أم يلزم تقييدها أو تقسيمها؟","NEEDS REVIEW",""
"R-SBC-ECOM-CHECK","القطاعات التنظيمية والخدمات","Q001: وش صار معك؟ ← بنك/تمويل/تأمين/زكاة/ضريبة/اتصالات/جهة حكومية → Q110: مشكلتك مع أي جهة أو خدمة؟ ← خصوصية أو طيران أو تعليم أو بلدية → Q269: وش نوع المشكلة المتخصصة الأخرى؟ ← متجر إلكتروني / توثيق المتجر أو التحقق منه → Q309: وش تحتاج بخصوص المتجر الإلكتروني؟ ← أتحقق من متجر إلكتروني موثق قبل الشراء","تريد التأكد من توثيق متجر إلكتروني قبل الشراء أو التحويل.","افتح منصة الأعمال واستخدم الاستعلام عن متجر إلكتروني موثق ثم طابق البيانات مع المتجر الذي ستتعامل معه.","المركز السعودي للأعمال","","","بيانات المتجر المتاحة لديك للبحث والمطابقة.","","","","غير منطبق ظاهرًا","تظهر لك نتيجة الاستعلام التي تساعدك على التحقق من حالة توثيق المتجر وبياناته.","","","","المركز السعودي للأعمال — توثيق التجارة الإلكترونية والاستعلام عن متجر إلكتروني موثق — منصة الأعمال","https://business.sa/","2026-09-21","قابلة للتغير","HUMAN DECISION","المصدر غير موجود أو ليس على نطاق حكومي/رسمي يمكن الاعتماد عليه آليًا.","LOW","نتيجة محدودة الأثر ومدعومة بمصدر رسمي دون مدة سقوط أو اختيار قضائي حاسم ظاهر.","نعم","هل يدعم المصدر الرسمي جميع الادعاءات العملية في النتيجة، أم يلزم تقييدها أو تقسيمها؟","NEEDS REVIEW",""
"R-SBC-ECOM-DOC","القطاعات التنظيمية والخدمات","Q001: وش صار معك؟ ← بنك/تمويل/تأمين/زكاة/ضريبة/اتصالات/جهة حكومية → Q110: مشكلتك مع أي جهة أو خدمة؟ ← خصوصية أو طيران أو تعليم أو بلدية → Q269: وش نوع المشكلة المتخصصة الأخرى؟ ← متجر إلكتروني / توثيق المتجر أو التحقق منه → Q309: وش تحتاج بخصوص المتجر الإلكتروني؟ ← أوثق متجري الإلكتروني","تريد توثيق متجرك الإلكتروني رسميًا.","ادخل منصة الأعمال ← توثيق التجارة الإلكترونية ← قدّم الطلب وأكمل بيانات المتجر.","المركز السعودي للأعمال","","","سجل تجاري أو وثيقة عمل حر سارية، وحساب بنكي تجاري مرتبط وفق متطلبات الخدمة.","","","","غير منطبق ظاهرًا","بعد استيفاء الطلب تصدر شهادة التوثيق إلكترونيًا.","","","","المركز السعودي للأعمال — توثيق التجارة الإلكترونية والاستعلام عن متجر إلكتروني موثق — منصة الأعمال","https://business.sa/","2026-09-21","قابلة للتغير","HUMAN DECISION","المصدر غير موجود أو ليس على نطاق حكومي/رسمي يمكن الاعتماد عليه آليًا.","LOW","نتيجة محدودة الأثر ومدعومة بمصدر رسمي دون مدة سقوط أو اختيار قضائي حاسم ظاهر.","نعم","هل يدعم المصدر الرسمي جميع الادعاءات العملية في النتيجة، أم يلزم تقييدها أو تقسيمها؟","NEEDS REVIEW",""
"R-SP-CONSUMER-ESCALATE","القطاعات التنظيمية والخدمات","Q001: وش صار معك؟ ← بنك/تمويل/تأمين/زكاة/ضريبة/اتصالات/جهة حكومية → Q110: مشكلتك مع أي جهة أو خدمة؟ ← اتصالات أو مستهلك أو صحة أو خدمات → Q268: وش نوع الخدمة أو الشكوى؟ ← متجر إلكتروني / محل / حماية مستهلك → Q221: وش المشكلة مع المتجر أو المحل؟ ← متجر إلكتروني أو محل تجاري → Q288: وش المشكلة مع المتجر الإلكتروني؟ ← مشكلة أخرى / أبي أقدم أو أتابع بلاغ → Q225: سبق وقدمت بلاغ تجاري؟ ← نعم، أُغلق أو عولج وأنا غير راضٍ","قدمت بلاغًا تجاريًا وانتهت المعالجة أو لم تعالج المشكلة بما يرضيك.","استخدم مسار «شكوى على بلاغ» وأدخل رقم البلاغ وبيانات المشكلة وسبب عدم المعالجة.","وزارة التجارة","","","رقم البلاغ السابق هو أساس ربط الشكوى بالبلاغ. وتُدخل بيانات المشكلة وسبب عدم المعالجة داخل نموذج الشكوى؛ لا تُعامل هذه البيانات كمستندات مستقلة، وأرفق ما تطلبه الخدمة أو ما يدعم الشكوى عند إتاحته.","","","","غير منطبق ظاهرًا","تُرفع شكوى مرتبطة بالبلاغ السابق لمراجعة المعالجة.","","","","وزارة التجارة — شكوى على بلاغ","https://mc.gov.sa/ar/Pages/ReportConfirmation.aspx","2026-09-20","ثابتة نظاميًا نسبيًا","INFERENCE","النتيجة تحليل إجرائي مرتبط بمصدر رسمي، لكن لا يوجد تحقق قانوني Result-by-Result لها.","LOW","نتيجة محدودة الأثر ومدعومة بمصدر رسمي دون مدة سقوط أو اختيار قضائي حاسم ظاهر.","نعم","ما مقدار المدة وبدايتها ونهايتها والاستثناءات وأثر فواتها وفق النص المطبق على هذه الحالة؟","NEEDS REVIEW",""
"R-SP-CONSUMER-FOLLOW","القطاعات التنظيمية والخدمات","Q001: وش صار معك؟ ← بنك/تمويل/تأمين/زكاة/ضريبة/اتصالات/جهة حكومية → Q110: مشكلتك مع أي جهة أو خدمة؟ ← اتصالات أو مستهلك أو صحة أو خدمات → Q268: وش نوع الخدمة أو الشكوى؟ ← متجر إلكتروني / محل / حماية مستهلك → Q221: وش المشكلة مع المتجر أو المحل؟ ← متجر إلكتروني أو محل تجاري → Q288: وش المشكلة مع المتجر الإلكتروني؟ ← مشكلة أخرى / أبي أقدم أو أتابع بلاغ → Q225: سبق وقدمت بلاغ تجاري؟ ← نعم، البلاغ ما زال تحت المعالجة","سبق أن قدمت بلاغًا تجاريًا والبلاغ ما زال قيد المعالجة.","تابع حالة البلاغ من قناة وزارة التجارة المخصصة للبلاغات التجارية.","وزارة التجارة","","","للمتابعة تحتاج رقم البلاغ وبياناته. وإذا طلبت الوزارة استكمالًا أثناء المعالجة، جهّز الرد أو المرفق المطلوب؛ بيانات التواصل ومعلومات المتابعة لا تُعامل كمستندات تقديم جديدة.","","","","غير منطبق ظاهرًا","تظهر حالة البلاغ ويمكن استكمال ما تطلبه الجهة أثناء المعالجة. مدة تنفيذ خدمة البلاغ المنشورة 7 أيام عمل، ولا تُعامل هذه المدة كمهلة قانونية على المستهلك.","","","","وزارة التجارة — استقبال بلاغ تجاري","https://mc.gov.sa/ar/eservices/Pages/ServiceDetails.aspx?sID=55","2026-09-20","ثابتة نظاميًا نسبيًا","INFERENCE","النتيجة تحليل إجرائي مرتبط بمصدر رسمي، لكن لا يوجد تحقق قانوني Result-by-Result لها.","LOW","نتيجة محدودة الأثر ومدعومة بمصدر رسمي دون مدة سقوط أو اختيار قضائي حاسم ظاهر.","نعم","ما مقدار المدة وبدايتها ونهايتها والاستثناءات وأثر فواتها وفق النص المطبق على هذه الحالة؟","NEEDS REVIEW",""
"R-SP-CONSUMER-REPORT","القطاعات التنظيمية والخدمات","Q001: وش صار معك؟ ← بنك/تمويل/تأمين/زكاة/ضريبة/اتصالات/جهة حكومية → Q110: مشكلتك مع أي جهة أو خدمة؟ ← اتصالات أو مستهلك أو صحة أو خدمات → Q268: وش نوع الخدمة أو الشكوى؟ ← متجر إلكتروني / محل / حماية مستهلك → Q221: وش المشكلة مع المتجر أو المحل؟ ← منتج معيب أو رفض استبداله أو استرجاعه → Q264: وش الضرر الناتج عن عيب المنتج؟ ← عيب في المنتج أو رفض الاستبدال/الاسترجاع","لديك مشكلة استهلاكية مع متجر إلكتروني أو محل تجاري.","افتح خدمة «استقبال بلاغ تجاري» لدى وزارة التجارة، اختر نوع المنشأة، ثم أدخل تفاصيل الواقعة وأرفق الإثباتات المتاحة.","وزارة التجارة","","","بيانات المنشأة أو المتجر وتفاصيل الواقعة تُدخل داخل نموذج البلاغ، وليست مستندات مستقلة. أرفق الإثباتات المتاحة التي تدعم البلاغ بحسب الحالة، مثل الفاتورة أو الطلب أو المراسلات أو الصور.","","","","غير منطبق ظاهرًا","بعد الإرسال، تابع حالة البلاغ إلكترونيًا. مدة تنفيذ الخدمة المنشورة حاليًا 7 أيام عمل؛ وهي مدة لتنفيذ الخدمة وليست مهلة نظامية لتقديم البلاغ.","","","","وزارة التجارة — استقبال بلاغ تجاري","https://mc.gov.sa/ar/eservices/Pages/ServiceDetails.aspx?sID=55","2026-09-20","ثابتة نظاميًا نسبيًا","INFERENCE","النتيجة تحليل إجرائي مرتبط بمصدر رسمي، لكن لا يوجد تحقق قانوني Result-by-Result لها.","LOW","نتيجة محدودة الأثر ومدعومة بمصدر رسمي دون مدة سقوط أو اختيار قضائي حاسم ظاهر.","نعم","ما مقدار المدة وبدايتها ونهايتها والاستثناءات وأثر فواتها وفق النص المطبق على هذه الحالة؟","NEEDS REVIEW",""
"R-SP-CST-DEADLINE-CHECK","القطاعات التنظيمية والخدمات","Q001: وش صار معك؟ ← بنك/تمويل/تأمين/زكاة/ضريبة/اتصالات/جهة حكومية → Q110: مشكلتك مع أي جهة أو خدمة؟ ← اتصالات أو مستهلك أو صحة أو خدمات → Q268: وش نوع الخدمة أو الشكوى؟ ← اتصالات / إنترنت / مقدم خدمة → Q171: اشتكيّت لمقدم الخدمة؟ ← نعم → Q172: مرّت 5 أيام بدون حل؟ ← نعم، أُغلقت بلا معالجة أو مضت 5 أيام → Q173: تعرف هل مرّ أكثر من 180 يومًا من إغلاق شكواك عند مقدم الخدمة؟ ← نعم، مرّ أكثر من 180 يومًا","تحققت مشكلة في شكوى الاتصالات لكنك غير متأكد من بقاء مدة التصعيد.","احسب من تاريخ إغلاق شكوى مقدم الخدمة أو انتهاء مهلة الـ5 أيام؛ الخدمة تحدد التصعيد خلال 180 يومًا.","هيئة الاتصالات والفضاء والتقنية","","","للتحقق من بقاء مدة التصعيد تحتاج رقم الشكوى وتاريخ فتحها وتاريخ إغلاقها أو انتهاء مهلة المعالجة؛ هذه معلومات لحساب المدة وليست مستندات تقديم جديدة.","","","","غير منطبق ظاهرًا","إذا كانت المدة قائمة صعّد فورًا؛ وإذا تجاوزتها راجع الهيئة لأن القبول قد يتأثر.","","","","هيئة الاتصالات والفضاء والتقنية — تصعيد شكاوى الاتصالات","https://www.cst.gov.sa/services/Telecom-Complaints-Escalation","2026-09-20","ثابتة نظاميًا نسبيًا","INFERENCE","النتيجة تحليل إجرائي مرتبط بمصدر رسمي، لكن لا يوجد تحقق قانوني Result-by-Result لها.","LOW","نتيجة محدودة الأثر ومدعومة بمصدر رسمي دون مدة سقوط أو اختيار قضائي حاسم ظاهر.","نعم","ما مقدار المدة وبدايتها ونهايتها والاستثناءات وأثر فواتها وفق النص المطبق على هذه الحالة؟","NEEDS REVIEW",""
"R-SP-CST-ESCALATE","القطاعات التنظيمية والخدمات","Q001: وش صار معك؟ ← بنك/تمويل/تأمين/زكاة/ضريبة/اتصالات/جهة حكومية → Q110: مشكلتك مع أي جهة أو خدمة؟ ← اتصالات أو مستهلك أو صحة أو خدمات → Q268: وش نوع الخدمة أو الشكوى؟ ← اتصالات / إنترنت / مقدم خدمة → Q171: اشتكيّت لمقدم الخدمة؟ ← نعم → Q172: مرّت 5 أيام بدون حل؟ ← نعم، أُغلقت بلا معالجة أو مضت 5 أيام → Q173: تعرف هل مرّ أكثر من 180 يومًا من إغلاق شكواك عند مقدم الخدمة؟ ← لا، ما مرّ 180 يومًا","شكوى الاتصالات أُغلقت بلا معالجة أو مضت 5 أيام دون حل وأنت داخل مدة التصعيد.","ادخل على خدمة تصعيد شكاوى الاتصالات لدى هيئة الاتصالات والفضاء والتقنية.","هيئة الاتصالات والفضاء والتقنية","","","رقم شكوى مقدم الخدمة وتواريخها معلومات أساسية للتصعيد والمتابعة. وأرفق الفواتير أو العقد أو إشعارات السداد والمستندات المؤيدة بحسب موضوع الشكوى؛ لا تُعامل بيانات النموذج كمرفقات مستقلة.","","","","غير منطبق ظاهرًا","تدرس الهيئة الشكوى المصعدة؛ الخدمة تذكر مدة تصعيد لا تتجاوز 180 يومًا من الإغلاق أو انتهاء مهلة المعالجة.","","","","هيئة الاتصالات والفضاء والتقنية — تصعيد شكاوى الاتصالات","https://www.cst.gov.sa/services/Telecom-Complaints-Escalation","2026-09-20","ثابتة نظاميًا نسبيًا","INFERENCE","النتيجة تحليل إجرائي مرتبط بمصدر رسمي، لكن لا يوجد تحقق قانوني Result-by-Result لها.","LOW","نتيجة محدودة الأثر ومدعومة بمصدر رسمي دون مدة سقوط أو اختيار قضائي حاسم ظاهر.","نعم","ما مقدار المدة وبدايتها ونهايتها والاستثناءات وأثر فواتها وفق النص المطبق على هذه الحالة؟","NEEDS REVIEW",""
"R-SP-CST-FIRST-COMPLAINT","القطاعات التنظيمية والخدمات","Q001: وش صار معك؟ ← بنك/تمويل/تأمين/زكاة/ضريبة/اتصالات/جهة حكومية → Q110: مشكلتك مع أي جهة أو خدمة؟ ← اتصالات أو مستهلك أو صحة أو خدمات → Q268: وش نوع الخدمة أو الشكوى؟ ← اتصالات / إنترنت / مقدم خدمة → Q171: اشتكيّت لمقدم الخدمة؟ ← لا، لم أشتكِ لمقدم الخدمة","لديك نزاع اتصالات ولم تقدم شكوى لمقدم الخدمة.","قدّم الشكوى لمقدم الخدمة أولًا؛ هيئة الاتصالات تذكر أن تقديمها للمقدم يكون خلال 60 يومًا من الفاتورة أو الواقعة.","هيئة الاتصالات والفضاء والتقنية","","","بيانات الفاتورة أو العقد ووصف الواقعة تُستخدم لتعبئة الشكوى لدى مقدم الخدمة، وأرفق الأدلة المتاحة التي تدعمها بحسب الحالة. وصف المشكلة نفسه ليس مستندًا مستقلًا.","","","","غير منطبق ظاهرًا","يعالج مقدم الخدمة الشكوى؛ بعدها يمكن التصعيد إذا لم تُحل وفق الشروط.","","","","هيئة الاتصالات والفضاء والتقنية — تصعيد شكاوى الاتصالات","https://www.cst.gov.sa/services/Telecom-Complaints-Escalation","2026-09-20","ثابتة نظاميًا نسبيًا","INFERENCE","النتيجة تحليل إجرائي مرتبط بمصدر رسمي، لكن لا يوجد تحقق قانوني Result-by-Result لها.","LOW","نتيجة محدودة الأثر ومدعومة بمصدر رسمي دون مدة سقوط أو اختيار قضائي حاسم ظاهر.","نعم","ما مقدار المدة وبدايتها ونهايتها والاستثناءات وأثر فواتها وفق النص المطبق على هذه الحالة؟","NEEDS REVIEW",""
"R-SP-CST-WAIT-PROVIDER","القطاعات التنظيمية والخدمات","Q001: وش صار معك؟ ← بنك/تمويل/تأمين/زكاة/ضريبة/اتصالات/جهة حكومية → Q110: مشكلتك مع أي جهة أو خدمة؟ ← اتصالات أو مستهلك أو صحة أو خدمات → Q268: وش نوع الخدمة أو الشكوى؟ ← اتصالات / إنترنت / مقدم خدمة → Q171: اشتكيّت لمقدم الخدمة؟ ← نعم → Q172: مرّت 5 أيام بدون حل؟ ← لا، ما زالت داخل مهلة المعالجة","قدمت الشكوى لمقدم الخدمة ولم تُغلق ولم تمضِ 5 أيام بعد.","احتفظ برقم الشكوى وتاريخها وتابع رد مقدم الخدمة. إذا أُغلقت بلا معالجة أو أصبحت مستوفية لشروط التصعيد المنشورة، استخدم خدمة تصعيد الشكاوى لدى الهيئة.","هيئة الاتصالات والفضاء والتقنية","","","رقم الشكوى + تاريخها + الرد/الإغلاق + بيانات الخدمة + الأدلة.","","","","غير منطبق ظاهرًا","إما تُحل لدى مقدم الخدمة أو تنتقل للهيئة عند استيفاء شروط التصعيد.","","","","هيئة الاتصالات والفضاء والتقنية — تصعيد شكاوى الاتصالات","https://www.cst.gov.sa/services/Telecom-Complaints-Escalation","2026-09-20","ثابتة نظاميًا نسبيًا","INFERENCE","النتيجة تحليل إجرائي مرتبط بمصدر رسمي، لكن لا يوجد تحقق قانوني Result-by-Result لها.","LOW","نتيجة محدودة الأثر ومدعومة بمصدر رسمي دون مدة سقوط أو اختيار قضائي حاسم ظاهر.","نعم","هل يدعم المصدر الرسمي جميع الادعاءات العملية في النتيجة، أم يلزم تقييدها أو تقسيمها؟","NEEDS REVIEW",""
"R-SP-ECOM-REFUND","القطاعات التنظيمية والخدمات","Q001: وش صار معك؟ ← بنك/تمويل/تأمين/زكاة/ضريبة/اتصالات/جهة حكومية → Q110: مشكلتك مع أي جهة أو خدمة؟ ← اتصالات أو مستهلك أو صحة أو خدمات → Q268: وش نوع الخدمة أو الشكوى؟ ← متجر إلكتروني / محل / حماية مستهلك → Q221: وش المشكلة مع المتجر أو المحل؟ ← متجر إلكتروني أو محل تجاري → Q288: وش المشكلة مع المتجر الإلكتروني؟ ← ألغيت أو رجعت الطلب والمبلغ ما رجع","ألغيت الطلب أو وافق المتجر على الاسترجاع لكن المبلغ لم يرجع أو المتجر لا ينفذ ما التزم به.","طالب المتجر كتابيًا باسترداد المبلغ واحتفظ بإثبات الإلغاء أو قبول الاسترجاع. إذا لم ينفذ، قدّم بلاغًا تجاريًا وحدد أن المشكلة في عدم إعادة المبلغ.","وزارة التجارة","","","إثبات الدفع ورقم الطلب وإثبات الإلغاء أو قبول الاسترجاع والمراسلات المتعلقة برد المبلغ.","","","","غير منطبق ظاهرًا","تتابع وزارة التجارة البلاغ عند عدم التزام المتجر، ويمكنك متابعة حالته إلكترونيًا.","نظام التجارة الإلكترونية وحقوق المستهلك","","","وزارة التجارة — نظام التجارة الإلكترونية وحقوق المستهلك","https://mc.gov.sa/ar/ecc/pages/default.aspx","2026-09-20","ثابتة نظاميًا نسبيًا","INFERENCE","النتيجة تحليل إجرائي مرتبط بمصدر رسمي، لكن لا يوجد تحقق قانوني Result-by-Result لها.","LOW","نتيجة محدودة الأثر ومدعومة بمصدر رسمي دون مدة سقوط أو اختيار قضائي حاسم ظاهر.","نعم","هل يدعم المصدر الرسمي جميع الادعاءات العملية في النتيجة، أم يلزم تقييدها أو تقسيمها؟","NEEDS REVIEW",""
"R-SP-ECOM-RETURN","القطاعات التنظيمية والخدمات","Q001: وش صار معك؟ ← بنك/تمويل/تأمين/زكاة/ضريبة/اتصالات/جهة حكومية → Q110: مشكلتك مع أي جهة أو خدمة؟ ← اتصالات أو مستهلك أو صحة أو خدمات → Q268: وش نوع الخدمة أو الشكوى؟ ← متجر إلكتروني / محل / حماية مستهلك → Q221: وش المشكلة مع المتجر أو المحل؟ ← متجر إلكتروني أو محل تجاري → Q288: وش المشكلة مع المتجر الإلكتروني؟ ← أبي أرجع الطلب / المتجر رفض الاسترجاع","اشتريت منتجًا أو خدمة إلكترونيًا وتريد الاسترجاع خلال المدة النظامية.","إذا لم تستخدم المنتج أو تنتفع بالخدمة، فالأصل أن للمستهلك فسخ العقد خلال 7 أيام من تاريخ تسلم المنتج أو التعاقد على الخدمة، مع وجود استثناءات حددها النظام. راجع الاستثناءات ثم اطلب الاسترجاع من المتجر، وقدّم بلاغًا تجاريًا إذا رُفض حق ينطبق على حالتك.","وزارة التجارة","","","الفاتورة أو رقم الطلب وتاريخ الاستلام وحالة المنتج وسياسة المتجر والمراسلات.","","","","غير منطبق ظاهرًا","إذا انطبق الحق يعالج المتجر الفسخ والاسترداد؛ وإذا رفض، يمكن تقديم بلاغ تجاري.","نظام التجارة الإلكترونية وحقوق المستهلك","","","وزارة التجارة — نظام التجارة الإلكترونية وحقوق المستهلك","https://mc.gov.sa/ar/ecc/pages/default.aspx","2026-09-20","ثابتة نظاميًا نسبيًا","INFERENCE","النتيجة تحليل إجرائي مرتبط بمصدر رسمي، لكن لا يوجد تحقق قانوني Result-by-Result لها.","LOW","نتيجة محدودة الأثر ومدعومة بمصدر رسمي دون مدة سقوط أو اختيار قضائي حاسم ظاهر.","نعم","ما مقدار المدة وبدايتها ونهايتها والاستثناءات وأثر فواتها وفق النص المطبق على هذه الحالة؟","NEEDS REVIEW",""
"R-SP-HEALTH-COMPLAINT","القطاعات التنظيمية والخدمات","Q001: وش صار معك؟ ← بنك/تمويل/تأمين/زكاة/ضريبة/اتصالات/جهة حكومية → Q110: مشكلتك مع أي جهة أو خدمة؟ ← اتصالات أو مستهلك أو صحة أو خدمات → Q268: وش نوع الخدمة أو الشكوى؟ ← صحتي / موعد / تقرير طبي / خدمة صحية رقمية → Q303: وش تحتاج من الخدمات الصحية الرقمية؟ ← استشارة صحية أو بلاغ أو شكوى","عندك شكوى أو بلاغ متعلق بخدمة أو منشأة صحية.","استخدم خدمة 937 لتقديم الشكوى/البلاغ الصحي ومتابعته.","وزارة الصحة","","","وصف الواقعة واسم المنشأة أو الممارس والتواريخ معلومات تُذكر عند تقديم الشكوى. أرفق ما يتوفر من تقارير أو مستندات تساعد في توضيحها بحسب الحالة؛ ولا تُعامل بيانات وصف الشكوى كمستندات مستقلة.","","","","غير منطبق ظاهرًا","تستقبل وزارة الصحة الشكاوى والبلاغات الصحية عبر 937 وتتابعها عبر القنوات المخصصة.","","","","وزارة الصحة — خدمات 937 للشكاوى والبلاغات","https://www.moh.gov.sa/937/pages/default.aspx","2026-09-20","ثابتة نظاميًا نسبيًا","INFERENCE","النتيجة تحليل إجرائي مرتبط بمصدر رسمي، لكن لا يوجد تحقق قانوني Result-by-Result لها.","LOW","نتيجة محدودة الأثر ومدعومة بمصدر رسمي دون مدة سقوط أو اختيار قضائي حاسم ظاهر.","نعم","هل يدعم المصدر الرسمي جميع الادعاءات العملية في النتيجة، أم يلزم تقييدها أو تقسيمها؟","NEEDS REVIEW",""
"R-SP-HEALTH-HARM","القطاعات التنظيمية والخدمات","Q001: وش صار معك؟ ← بنك/تمويل/تأمين/زكاة/ضريبة/اتصالات/جهة حكومية → Q110: مشكلتك مع أي جهة أو خدمة؟ ← اتصالات أو مستهلك أو صحة أو خدمات → Q268: وش نوع الخدمة أو الشكوى؟ ← منشأة صحية / شكوى صحية → Q222: وش تبي تسوي بخصوص المنشأة الصحية؟ ← شكوى صحية أو ضرر من علاج → Q226: وش هدفك من الموضوع الصحي؟ ← صار لي ضرر وأفكر أطالب بتعويض","تذكر أن علاجًا أو إجراءً صحيًا سبب لك ضررًا، وتريد معرفة مسار المطالبة بالتعويض.","اجمع الملف الطبي ووثّق الضرر والتسلسل الزمني. للشكوى أو البلاغ الصحي استخدم 937. وإذا كنت تطلب تعويضًا، حدّد مسار المسؤولية المختص بحسب الوقائع؛ فشكوى 937 وحدها ليست مطالبة تعويض.","وزارة الصحة للشكوى الصحية، والجهة القضائية المختصة عند المطالبة بالتعويض بحسب الوقائع.","","","اجمع السجل الطبي والتقارير ونتائج الفحوص والفواتير إن وجدت وأي دليل على الضرر والتسلسل الزمني. هذه أدلة داعمة لتقييم الشكوى أو المطالبة، وليست قائمة مستندات إلزامية موحدة لكل مسار.","","","","غير منطبق ظاهرًا","تقوم المسؤولية عن الخطأ المهني الصحي إذا ترتب عليه ضرر وفق نظام مزاولة المهن الصحية؛ والنتيجة العلاجية السيئة وحدها لا تثبت الخطأ.","نظام مزاولة المهن الصحية","","","هيئة الخبراء بمجلس الوزراء — نظام مزاولة المهن الصحية","https://laws.boe.gov.sa/BoeLaws/Laws/LawDetails/f1de206c-eef4-4a76-904a-a9a700f2899a/1","2026-09-20","ثابتة نظاميًا نسبيًا","INFERENCE","النتيجة تحليل إجرائي مرتبط بمصدر رسمي، لكن لا يوجد تحقق قانوني Result-by-Result لها.","LOW","نتيجة محدودة الأثر ومدعومة بمصدر رسمي دون مدة سقوط أو اختيار قضائي حاسم ظاهر.","نعم","ما مقدار المدة وبدايتها ونهايتها والاستثناءات وأثر فواتها وفق النص المطبق على هذه الحالة؟","NEEDS REVIEW",""
"R-SPECIAL-AIR-ESCALATE","القطاعات التنظيمية والخدمات","Q001: وش صار معك؟ ← بنك/تمويل/تأمين/زكاة/ضريبة/اتصالات/جهة حكومية → Q110: مشكلتك مع أي جهة أو خدمة؟ ← خصوصية أو طيران أو تعليم أو بلدية → Q269: وش نوع المشكلة المتخصصة الأخرى؟ ← رحلة جوية / إلغاء أو تأخير أو أمتعة أو حقوق مسافر → Q293: وش المشكلة اللي صارت في الرحلة؟ ← صدر رد أو انتهت مهلة المعالجة وأبي أصعّد","صدر رد من الناقل أو لم تُعالج الشكوى وفق الضوابط وتريد التصعيد.","استخدم قناة التصعيد لدى الهيئة العامة للطيران المدني وأرفق مرجع شكوى الناقل وردّه أو ما يثبت عدم معالجتها.","الهيئة العامة للطيران المدني","","","مرجع شكوى الناقل وردّه أو ما يثبت حالتها أساس لربط التصعيد بالشكوى السابقة. بيانات الرحلة والحجز تُدخل في التصعيد، وأرفق المستندات المؤيدة بحسب الواقعة.","","","","غير منطبق ظاهرًا","تراجع الهيئة الشكوى وفق لائحة حماية حقوق المسافرين.","","","","الهيئة العامة للطيران المدني — لائحة حماية حقوق المسافرين — ضوابط وشروط تقديم الشكوى","https://gaca.gov.sa/-/media/Files/PDF/Content--Pages/Know-your-rights-AR.pdf","2026-09-20","ثابتة نظاميًا نسبيًا","INFERENCE","النتيجة تحليل إجرائي مرتبط بمصدر رسمي، لكن لا يوجد تحقق قانوني Result-by-Result لها.","LOW","نتيجة محدودة الأثر ومدعومة بمصدر رسمي دون مدة سقوط أو اختيار قضائي حاسم ظاهر.","نعم","هل يدعم المصدر الرسمي جميع الادعاءات العملية في النتيجة، أم يلزم تقييدها أو تقسيمها؟","NEEDS REVIEW",""
"R-SPECIAL-AIR-FOLLOW","القطاعات التنظيمية والخدمات","Q001: وش صار معك؟ ← بنك/تمويل/تأمين/زكاة/ضريبة/اتصالات/جهة حكومية → Q110: مشكلتك مع أي جهة أو خدمة؟ ← خصوصية أو طيران أو تعليم أو بلدية → Q269: وش نوع المشكلة المتخصصة الأخرى؟ ← رحلة جوية / إلغاء أو تأخير أو أمتعة أو حقوق مسافر → Q293: وش المشكلة اللي صارت في الرحلة؟ ← قدمت شكوى للناقل وما زالت قائمة","قدمت شكوى للناقل الجوي وما زالت تحت المعالجة.","تابعها لدى الناقل؛ إذا انقضت 7 أيام دون معالجة، تحقق من التصعيد إلى الهيئة ضمن المدة النظامية.","الهيئة العامة للطيران المدني","","","للمتابعة احتفظ بمرجع الشكوى وتاريخها وبيانات الرحلة والحجز وردود الناقل. هذه معلومات متابعة، والمرفقات المؤيدة تُستخدم عند الحاجة وليست طلب تقديم جديد.","","","","يصدر رد الناقل أو تنقضي مدة المعالجة البالغة 7 أيام كحد أقصى، وبعدها يمكن التصعيد إلى الهيئة وفق الضوابط.","يصدر رد الناقل أو تنقضي مدة المعالجة البالغة 7 أيام كحد أقصى، وبعدها يمكن التصعيد إلى الهيئة وفق الضوابط.","","","","الهيئة العامة للطيران المدني — لائحة حماية حقوق المسافرين — ضوابط وشروط تقديم الشكوى","https://gaca.gov.sa/-/media/Files/PDF/Content--Pages/Know-your-rights-AR.pdf","2026-09-20","ثابتة نظاميًا نسبيًا","INFERENCE","النتيجة تحليل إجرائي مرتبط بمصدر رسمي، لكن لا يوجد تحقق قانوني Result-by-Result لها.","LOW","نتيجة محدودة الأثر ومدعومة بمصدر رسمي دون مدة سقوط أو اختيار قضائي حاسم ظاهر.","نعم","ما مقدار المدة وبدايتها ونهايتها والاستثناءات وأثر فواتها وفق النص المطبق على هذه الحالة؟","NEEDS REVIEW",""
"R-SPECIAL-AIR-PASSENGER","القطاعات التنظيمية والخدمات","Q001: وش صار معك؟ ← بنك/تمويل/تأمين/زكاة/ضريبة/اتصالات/جهة حكومية → Q110: مشكلتك مع أي جهة أو خدمة؟ ← خصوصية أو طيران أو تعليم أو بلدية → Q269: وش نوع المشكلة المتخصصة الأخرى؟ ← رحلة جوية / إلغاء أو تأخير أو أمتعة أو حقوق مسافر → Q293: وش المشكلة اللي صارت في الرحلة؟ ← تأخير أو إلغاء أو منع إركاب أو أمتعة أو خدمة سفر أخرى","عندك مشكلة في رحلة طيران أو أحد حقوق المسافر.","اشتكي أولًا للناقل الجوي، ثم صعّد للهيئة إذا لم تُعالج الشكوى وفق الضوابط.","الهيئة العامة للطيران المدني","","","بيانات الرحلة والحجز ووصف الواقعة والمطالبة تُستخدم لتعبئة الشكوى. احتفظ بمرجع شكوى الناقل وما يثبت الواقعة وأرفق المستندات المؤيدة بحسب الحالة؛ ولا تُعامل بيانات النموذج كمستندات مستقلة.","","","","غير منطبق ظاهرًا","للناقل 7 أيام كحد أقصى لمعالجة الشكوى، ثم يمكن التصعيد وفق اللائحة.","","","","الهيئة العامة للطيران المدني — لائحة حماية حقوق المسافرين — ضوابط وشروط تقديم الشكوى","https://gaca.gov.sa/-/media/Files/PDF/Content--Pages/Know-your-rights-AR.pdf","2026-09-20","ثابتة نظاميًا نسبيًا","INFERENCE","النتيجة تحليل إجرائي مرتبط بمصدر رسمي، لكن لا يوجد تحقق قانوني Result-by-Result لها.","LOW","نتيجة محدودة الأثر ومدعومة بمصدر رسمي دون مدة سقوط أو اختيار قضائي حاسم ظاهر.","نعم","ما مقدار المدة وبدايتها ونهايتها والاستثناءات وأثر فواتها وفق النص المطبق على هذه الحالة؟","NEEDS REVIEW",""
"R-SPECIAL-EDU-FOLLOW","القطاعات التنظيمية والخدمات","Q001: وش صار معك؟ ← بنك/تمويل/تأمين/زكاة/ضريبة/اتصالات/جهة حكومية → Q110: مشكلتك مع أي جهة أو خدمة؟ ← خصوصية أو طيران أو تعليم أو بلدية → Q269: وش نوع المشكلة المتخصصة الأخرى؟ ← مدرسة أهلية / رسوم دراسية / زيادة أو رسوم غير معتمدة → Q253: وين وصلت في شكوى رسوم المدرسة؟ ← قدمت شكوى وما زالت قائمة","قدمت شكوى بشأن رسوم مدرسة أهلية أو عالمية وما زالت قائمة.","تابع الشكوى لدى وزارة التعليم واحتفظ برقمها وأي طلب استكمال أو رد من المدرسة.","وزارة التعليم","","","للمتابعة احتفظ برقم الشكوى وبيانات المدرسة والطالب وأي طلب استكمال أو رد. العقد والفواتير والمراسلات مستندات داعمة عند الحاجة، أما رقم الشكوى وبيانات الحالة فهي معلومات متابعة.","","","","غير منطبق ظاهرًا","تستمر دراسة الشكوى وفق إجراءات وضوابط الرسوم.","","","","وزارة التعليم — القواعد المنظمة للرسوم الدراسية للمدارس الأهلية والعالمية","https://www.moe.gov.sa/ar/education/generaleducation/Pages/NSFeesRules.aspx","2026-09-20","ثابتة نظاميًا نسبيًا","INFERENCE","النتيجة تحليل إجرائي مرتبط بمصدر رسمي، لكن لا يوجد تحقق قانوني Result-by-Result لها.","LOW","نتيجة محدودة الأثر ومدعومة بمصدر رسمي دون مدة سقوط أو اختيار قضائي حاسم ظاهر.","نعم","ما مقدار المدة وبدايتها ونهايتها والاستثناءات وأثر فواتها وفق النص المطبق على هذه الحالة؟","NEEDS REVIEW",""
"R-SPECIAL-EDU-RESPONSE-REVIEW","القطاعات التنظيمية والخدمات","Q001: وش صار معك؟ ← بنك/تمويل/تأمين/زكاة/ضريبة/اتصالات/جهة حكومية → Q110: مشكلتك مع أي جهة أو خدمة؟ ← خصوصية أو طيران أو تعليم أو بلدية → Q269: وش نوع المشكلة المتخصصة الأخرى؟ ← مدرسة أهلية / رسوم دراسية / زيادة أو رسوم غير معتمدة → Q253: وين وصلت في شكوى رسوم المدرسة؟ ← صدر رد وأبي التصعيد","صدر رد على شكوى رسوم المدرسة وتريد معرفة الخطوة التالية.","راجع مضمون الرد والطلب المالي والعقد قبل تحديد هل يلزم اعتراض إداري أو مطالبة تعاقدية مستقلة.","وزارة التعليم","","","للمراجعة اجمع نسخة الشكوى والرد وعقد التسجيل والفواتير أو إشعارات الرسوم. التواريخ تُستخدم لتقييم التسلسل والمواعيد ولا تُعامل كمستند مستقل.","","","","يتحدد المسار التالي بحسب مضمون الرد وطبيعة المبلغ المطلوب.","يتحدد المسار التالي بحسب مضمون الرد وطبيعة المبلغ المطلوب.","","","","وزارة التعليم — القواعد المنظمة للرسوم الدراسية للمدارس الأهلية والعالمية","https://www.moe.gov.sa/ar/education/generaleducation/Pages/NSFeesRules.aspx","2026-09-20","ثابتة نظاميًا نسبيًا","INFERENCE","النتيجة تحليل إجرائي مرتبط بمصدر رسمي، لكن لا يوجد تحقق قانوني Result-by-Result لها.","LOW","نتيجة محدودة الأثر ومدعومة بمصدر رسمي دون مدة سقوط أو اختيار قضائي حاسم ظاهر.","نعم","ما مقدار المدة وبدايتها ونهايتها والاستثناءات وأثر فواتها وفق النص المطبق على هذه الحالة؟","NEEDS REVIEW",""
"R-SPECIAL-EDU-START","القطاعات التنظيمية والخدمات","Q001: وش صار معك؟ ← بنك/تمويل/تأمين/زكاة/ضريبة/اتصالات/جهة حكومية → Q110: مشكلتك مع أي جهة أو خدمة؟ ← خصوصية أو طيران أو تعليم أو بلدية → Q269: وش نوع المشكلة المتخصصة الأخرى؟ ← مدرسة أهلية / رسوم دراسية / زيادة أو رسوم غير معتمدة → Q253: وين وصلت في شكوى رسوم المدرسة؟ ← ما قدمت شكوى أو مو متأكد من المرحلة","لم تبدأ شكوى رسوم المدرسة الأهلية بعد.","قدّم الشكوى أولًا عبر قناة وزارة التعليم المختصة، وأرفق العقد والفاتورة وما يثبت السداد.","وزارة التعليم","","شكوى أولية قبل التصعيد","للمتابعة احتفظ برقم الشكوى وبيانات المدرسة والطالب وأي طلب استكمال أو رد. العقد والفواتير والمراسلات مستندات داعمة عند الحاجة، أما رقم الشكوى وبيانات الحالة فهي معلومات متابعة.","","","","غير منطبق ظاهرًا","تستمر دراسة الشكوى وفق إجراءات وضوابط الرسوم.","","","","وزارة التعليم — القواعد المنظمة للرسوم الدراسية للمدارس الأهلية والعالمية","https://www.moe.gov.sa/ar/education/generaleducation/Pages/NSFeesRules.aspx","2026-09-23","ثابتة نظاميًا نسبيًا","INFERENCE","النتيجة تحليل إجرائي مرتبط بمصدر رسمي، لكن لا يوجد تحقق قانوني Result-by-Result لها.","LOW","نتيجة محدودة الأثر ومدعومة بمصدر رسمي دون مدة سقوط أو اختيار قضائي حاسم ظاهر.","نعم","ما مقدار المدة وبدايتها ونهايتها والاستثناءات وأثر فواتها وفق النص المطبق على هذه الحالة؟","NEEDS REVIEW",""
"R-SPECIAL-ELECTRICITY-COMP-REVIEW","القطاعات التنظيمية والخدمات","Q001: وش صار معك؟ ← بنك/تمويل/تأمين/زكاة/ضريبة/اتصالات/جهة حكومية → Q110: مشكلتك مع أي جهة أو خدمة؟ ← اتصالات أو مستهلك أو صحة أو خدمات → Q268: وش نوع الخدمة أو الشكوى؟ ← كهرباء أو مياه / فاتورة أو انقطاع أو خدمة → Q237: المشكلة في الكهرباء أو المياه؟ ← كهرباء / فاتورة أو انقطاع أو خدمة → Q254: وش وضع مشكلة الكهرباء؟ ← أبي أطلب تعويض","تريد تعويضًا مرتبطًا بخدمة الكهرباء أو انقطاعها أو فاتورتها.","وثّق الضرر والشكوى السابقة والرد، ثم راجع أساس المطالبة بالتعويض وشروطها قبل اختيار المسار.","الهيئة السعودية لتنظيم الكهرباء","","","للتقييم راجع رقم الحساب والشكوى السابقة والرد، واجمع ما يثبت الضرر بحسب حالتك مثل الفواتير أو التقارير. هذه معلومات متابعة وأدلة داعمة وليست قائمة متطلبات موحدة للتعويض.","","","","يتحدد مسار التعويض بعد التحقق من نوع الضرر وسببه والإجراء السابق.","يتحدد مسار التعويض بعد التحقق من نوع الضرر وسببه والإجراء السابق.","","","","الهيئة السعودية لتنظيم الكهرباء — الدليل الإرشادي لخدمة تصعيد شكاوى الخدمات الكهربائية","https://sera.gov.sa/-/media/wera/pdfs/e-service/complaint-escalation-guide.pdf","2026-09-20","قابلة للتغير","INFERENCE","النتيجة تحليل إجرائي مرتبط بمصدر رسمي، لكن لا يوجد تحقق قانوني Result-by-Result لها.","LOW","نتيجة محدودة الأثر ومدعومة بمصدر رسمي دون مدة سقوط أو اختيار قضائي حاسم ظاهر.","نعم","ما مقدار المدة وبدايتها ونهايتها والاستثناءات وأثر فواتها وفق النص المطبق على هذه الحالة؟","NEEDS REVIEW",""
"R-SPECIAL-ELECTRICITY-ESCALATE","القطاعات التنظيمية والخدمات","Q001: وش صار معك؟ ← بنك/تمويل/تأمين/زكاة/ضريبة/اتصالات/جهة حكومية → Q110: مشكلتك مع أي جهة أو خدمة؟ ← اتصالات أو مستهلك أو صحة أو خدمات → Q268: وش نوع الخدمة أو الشكوى؟ ← كهرباء أو مياه / فاتورة أو انقطاع أو خدمة → Q237: المشكلة في الكهرباء أو المياه؟ ← كهرباء / فاتورة أو انقطاع أو خدمة → Q254: وش وضع مشكلة الكهرباء؟ ← صدر رد وما اقتنعت أو أبي أصعّد","صدر رد على شكوى الكهرباء أو لم تُحل وتريد التصعيد.","قدّم طلب التصعيد إلى الهيئة السعودية لتنظيم الكهرباء مع مرجع الشكوى الأولى والرد أو ما يثبت حالتها.","الهيئة السعودية لتنظيم الكهرباء","","","رقم الشكوى الأولى وحالتها أو رد مقدم الخدمة معلومات لازمة لربط التصعيد بالشكوى السابقة. وأرفق الفواتير والمستندات التي تدعم المشكلة بحسب الحالة؛ لا تُعامل بيانات الحساب والنموذج تلقائيًا كمستندات.","","","","غير منطبق ظاهرًا","تبحث الهيئة الشكوى وتعالجها خلال 20 يوم عمل من تاريخ تقديمها لدى الهيئة، وفق اتفاقية مستوى الخدمة الحالية.","","","","الهيئة السعودية لتنظيم الكهرباء — الدليل الإرشادي لخدمة تصعيد شكاوى الخدمات الكهربائية","https://sera.gov.sa/-/media/wera/pdfs/e-service/complaint-escalation-guide.pdf","2026-09-20","قابلة للتغير","INFERENCE","النتيجة تحليل إجرائي مرتبط بمصدر رسمي، لكن لا يوجد تحقق قانوني Result-by-Result لها.","LOW","نتيجة محدودة الأثر ومدعومة بمصدر رسمي دون مدة سقوط أو اختيار قضائي حاسم ظاهر.","نعم","ما مقدار المدة وبدايتها ونهايتها والاستثناءات وأثر فواتها وفق النص المطبق على هذه الحالة؟","NEEDS REVIEW",""
"R-SPECIAL-ELECTRICITY-FOLLOW","القطاعات التنظيمية والخدمات","Q001: وش صار معك؟ ← بنك/تمويل/تأمين/زكاة/ضريبة/اتصالات/جهة حكومية → Q110: مشكلتك مع أي جهة أو خدمة؟ ← اتصالات أو مستهلك أو صحة أو خدمات → Q268: وش نوع الخدمة أو الشكوى؟ ← كهرباء أو مياه / فاتورة أو انقطاع أو خدمة → Q237: المشكلة في الكهرباء أو المياه؟ ← كهرباء / فاتورة أو انقطاع أو خدمة → Q254: وش وضع مشكلة الكهرباء؟ ← عندي شكوى قائمة","لديك شكوى كهرباء قائمة لدى مقدم الخدمة.","تابعها لدى مقدم الخدمة واحتفظ برقمها والردود والمستندات حتى تصدر نتيجة أو تنتهي معالجة الشكوى.","الهيئة السعودية لتنظيم الكهرباء","","","للمتابعة احتفظ برقم الحساب ورقم الشكوى وتاريخ تقديمها والردود. الفواتير أو المستندات الداعمة تُستخدم عند الحاجة لإثبات المشكلة؛ أما رقم الشكوى والتاريخ فمعلومات متابعة.","","","","غير منطبق ظاهرًا","تستمر معالجة الشكوى، ثم يمكن التحقق من التصعيد إذا لم تُحل.","","","","الهيئة السعودية لتنظيم الكهرباء — الدليل الإرشادي لخدمة تصعيد شكاوى الخدمات الكهربائية","https://sera.gov.sa/-/media/wera/pdfs/e-service/complaint-escalation-guide.pdf","2026-09-20","قابلة للتغير","INFERENCE","النتيجة تحليل إجرائي مرتبط بمصدر رسمي، لكن لا يوجد تحقق قانوني Result-by-Result لها.","LOW","نتيجة محدودة الأثر ومدعومة بمصدر رسمي دون مدة سقوط أو اختيار قضائي حاسم ظاهر.","نعم","ما مقدار المدة وبدايتها ونهايتها والاستثناءات وأثر فواتها وفق النص المطبق على هذه الحالة؟","NEEDS REVIEW",""
"R-SPECIAL-ELECTRICITY-START","القطاعات التنظيمية والخدمات","Q001: وش صار معك؟ ← بنك/تمويل/تأمين/زكاة/ضريبة/اتصالات/جهة حكومية → Q110: مشكلتك مع أي جهة أو خدمة؟ ← اتصالات أو مستهلك أو صحة أو خدمات → Q268: وش نوع الخدمة أو الشكوى؟ ← كهرباء أو مياه / فاتورة أو انقطاع أو خدمة → Q237: المشكلة في الكهرباء أو المياه؟ ← كهرباء / فاتورة أو انقطاع أو خدمة → Q254: وش وضع مشكلة الكهرباء؟ ← أبي أبدأ شكوى أو مو متأكد من المرحلة","لم تبدأ شكوى الكهرباء لدى مقدم الخدمة بعد.","قدّم الشكوى أولًا إلى مقدم الخدمة وخذ رقمًا مرجعيًا؛ صعّد إلى هيئة تنظيم المياه والكهرباء بعد الرد أو انقضاء المدة المنشورة.","الهيئة السعودية لتنظيم الكهرباء","","شكوى أولية قبل التصعيد","للمتابعة احتفظ برقم الحساب ورقم الشكوى وتاريخ تقديمها والردود. الفواتير أو المستندات الداعمة تُستخدم عند الحاجة لإثبات المشكلة؛ أما رقم الشكوى والتاريخ فمعلومات متابعة.","","","","تستمر معالجة الشكوى، ثم يمكن التحقق من التصعيد إذا لم تُحل.","تستمر معالجة الشكوى، ثم يمكن التحقق من التصعيد إذا لم تُحل.","","","","الهيئة السعودية لتنظيم الكهرباء — الدليل الإرشادي لخدمة تصعيد شكاوى الخدمات الكهربائية","https://sera.gov.sa/-/media/wera/pdfs/e-service/complaint-escalation-guide.pdf","2026-09-23","قابلة للتغير","INFERENCE","النتيجة تحليل إجرائي مرتبط بمصدر رسمي، لكن لا يوجد تحقق قانوني Result-by-Result لها.","LOW","نتيجة محدودة الأثر ومدعومة بمصدر رسمي دون مدة سقوط أو اختيار قضائي حاسم ظاهر.","نعم","ما مقدار المدة وبدايتها ونهايتها والاستثناءات وأثر فواتها وفق النص المطبق على هذه الحالة؟","NEEDS REVIEW",""
"R-SPECIAL-WATER-COMP-REVIEW","القطاعات التنظيمية والخدمات","Q001: وش صار معك؟ ← بنك/تمويل/تأمين/زكاة/ضريبة/اتصالات/جهة حكومية → Q110: مشكلتك مع أي جهة أو خدمة؟ ← اتصالات أو مستهلك أو صحة أو خدمات → Q268: وش نوع الخدمة أو الشكوى؟ ← كهرباء أو مياه / فاتورة أو انقطاع أو خدمة → Q237: المشكلة في الكهرباء أو المياه؟ ← مياه / انقطاع أو ضعف أو فاتورة أو خدمة → Q255: وش وضع مشكلة المياه؟ ← أبي أطلب تعويض","تريد تعويضًا عن ضرر مرتبط بخدمة المياه.","اجمع الشكوى والرد والصور والتقارير والفواتير وما يربط الضرر بالخدمة، ثم راجع أساس المسؤولية والجهة المختصة قبل تقديم مطالبة تعويض.","الهيئة السعودية للمياه","","","الشكوى والرد + إثبات الضرر + الفواتير/التقارير + دليل ارتباط الضرر بالخدمة.","","","","غير منطبق ظاهرًا","يُحدد بعد التقييم هل توجد مطالبة وأمام أي جهة وما المستندات اللازمة لها.","","","","الهيئة السعودية للمياه — تصعيد الشكاوى — الأسئلة الشائعة","https://swaprd.atit.sa/ar/faq/complaint","2026-09-20","ثابتة نظاميًا نسبيًا","HUMAN DECISION","المصدر غير موجود أو ليس على نطاق حكومي/رسمي يمكن الاعتماد عليه آليًا.","LOW","نتيجة محدودة الأثر ومدعومة بمصدر رسمي دون مدة سقوط أو اختيار قضائي حاسم ظاهر.","نعم","ما مقدار المدة وبدايتها ونهايتها والاستثناءات وأثر فواتها وفق النص المطبق على هذه الحالة؟","NEEDS REVIEW",""
"R-SPECIAL-WATER-FOLLOW","القطاعات التنظيمية والخدمات","Q001: وش صار معك؟ ← بنك/تمويل/تأمين/زكاة/ضريبة/اتصالات/جهة حكومية → Q110: مشكلتك مع أي جهة أو خدمة؟ ← اتصالات أو مستهلك أو صحة أو خدمات → Q268: وش نوع الخدمة أو الشكوى؟ ← كهرباء أو مياه / فاتورة أو انقطاع أو خدمة → Q237: المشكلة في الكهرباء أو المياه؟ ← مياه / انقطاع أو ضعف أو فاتورة أو خدمة → Q255: وش وضع مشكلة المياه؟ ← عندي شكوى قائمة","لديك شكوى مياه قائمة لدى شركة المياه الوطنية.","استخدم رقم الشكوى لمراجعة حالتها وآخر تحديث، وأرفق الفواتير أو الصور أو بيانات العداد إذا طُلبت منك.","الهيئة السعودية للمياه","","","رقم الحساب + رقم الشكوى + آخر تحديث + الأدلة المرتبطة بالمشكلة.","","","","غير منطبق ظاهرًا","يصدر رد أو طلب استكمال، وبعد النتيجة تحدد الخطوة التالية بحسب نوع المشكلة.","","","","الهيئة السعودية للمياه — تصعيد الشكاوى — الأسئلة الشائعة","https://swaprd.atit.sa/ar/faq/complaint","2026-09-20","ثابتة نظاميًا نسبيًا","HUMAN DECISION","المصدر غير موجود أو ليس على نطاق حكومي/رسمي يمكن الاعتماد عليه آليًا.","LOW","نتيجة محدودة الأثر ومدعومة بمصدر رسمي دون مدة سقوط أو اختيار قضائي حاسم ظاهر.","نعم","ما مقدار المدة وبدايتها ونهايتها والاستثناءات وأثر فواتها وفق النص المطبق على هذه الحالة؟","NEEDS REVIEW",""
"R-SPECIAL-WATER-RESPONSE-REVIEW","القطاعات التنظيمية والخدمات","Q001: وش صار معك؟ ← بنك/تمويل/تأمين/زكاة/ضريبة/اتصالات/جهة حكومية → Q110: مشكلتك مع أي جهة أو خدمة؟ ← اتصالات أو مستهلك أو صحة أو خدمات → Q268: وش نوع الخدمة أو الشكوى؟ ← كهرباء أو مياه / فاتورة أو انقطاع أو خدمة → Q237: المشكلة في الكهرباء أو المياه؟ ← مياه / انقطاع أو ضعف أو فاتورة أو خدمة → Q255: وش وضع مشكلة المياه؟ ← صدر رد وما اقتنعت أو أبي أصعّد","صدر رد على شكوى المياه ولم تقتنع به، أو لم يرد مقدم الخدمة خلال 10 أيام عمل.","استخدم منصة تصعيد الشكاوى لدى الهيئة السعودية للمياه إذا تحققت شروط التصعيد.","الهيئة السعودية للمياه","","","رقم الحساب + رقم الشكوى لدى مقدم الخدمة + بيانات محدثة + المستندات المؤيدة.","","","","غير منطبق ظاهرًا","تتحقق الهيئة من شروط قبول التصعيد ثم تتابع الشكوى وفق إجراءاتها.","","","","الهيئة السعودية للمياه — تصعيد الشكاوى — الأسئلة الشائعة","https://swaprd.atit.sa/ar/faq/complaint","2026-09-21","ثابتة نظاميًا نسبيًا","HUMAN DECISION","المصدر غير موجود أو ليس على نطاق حكومي/رسمي يمكن الاعتماد عليه آليًا.","LOW","نتيجة محدودة الأثر ومدعومة بمصدر رسمي دون مدة سقوط أو اختيار قضائي حاسم ظاهر.","نعم","ما مقدار المدة وبدايتها ونهايتها والاستثناءات وأثر فواتها وفق النص المطبق على هذه الحالة؟","NEEDS REVIEW",""
"R-SPECIAL-WATER-START","القطاعات التنظيمية والخدمات","Q001: وش صار معك؟ ← بنك/تمويل/تأمين/زكاة/ضريبة/اتصالات/جهة حكومية → Q110: مشكلتك مع أي جهة أو خدمة؟ ← اتصالات أو مستهلك أو صحة أو خدمات → Q268: وش نوع الخدمة أو الشكوى؟ ← كهرباء أو مياه / فاتورة أو انقطاع أو خدمة → Q237: المشكلة في الكهرباء أو المياه؟ ← مياه / انقطاع أو ضعف أو فاتورة أو خدمة → Q255: وش وضع مشكلة المياه؟ ← أبي أبدأ شكوى أو مو متأكد من المرحلة","لم تبدأ شكوى المياه لدى مقدم الخدمة بعد.","قدّم الشكوى أولًا إلى مقدم الخدمة وخذ رقمًا مرجعيًا؛ ثم صعّد بحسب مدة الرد ومسار الجهة التنظيمية.","الهيئة السعودية للمياه","","شكوى أولية قبل التصعيد","رقم الحساب + رقم الشكوى + آخر تحديث + الأدلة المرتبطة بالمشكلة.","","","","غير منطبق ظاهرًا","يصدر رد أو طلب استكمال، وبعد النتيجة تحدد الخطوة التالية بحسب نوع المشكلة.","","","","الهيئة السعودية للمياه — تصعيد الشكاوى — الأسئلة الشائعة","https://swaprd.atit.sa/ar/faq/complaint","2026-09-23","ثابتة نظاميًا نسبيًا","HUMAN DECISION","المصدر غير موجود أو ليس على نطاق حكومي/رسمي يمكن الاعتماد عليه آليًا.","LOW","نتيجة محدودة الأثر ومدعومة بمصدر رسمي دون مدة سقوط أو اختيار قضائي حاسم ظاهر.","نعم","ما مقدار المدة وبدايتها ونهايتها والاستثناءات وأثر فواتها وفق النص المطبق على هذه الحالة؟","NEEDS REVIEW",""
"R-CIVIL-AGENCY-ACCOUNT","المعاملات المدنية","Q001: وش صار معك؟ ← لي مبلغ أو حق مالي عند شخص أو جهة → Q010: المبلغ سببه وش؟ ← تعويض أو إخلال بعقد أو استرداد مبلغ غير مستحق → Q500: وش نوع مطالبتك المدنية؟ ← مشكلتي مع وكيل أو وكالة → Q510: وش المشكلة في الوكالة؟ ← الوكيل ما أعطاني حسابًا أو معلومات عن التصرفات","الموكل لا يعرف ما قام به الوكيل أو أين ذهبت الأموال.","على الوكيل تزويد موكله بالمعلومات الضرورية عن تنفيذ الوكالة وتقديم حساب عنها ما لم يقتض الاتفاق أو طبيعة المعاملة خلاف ذلك.","المحكمة أو الجهة القضائية المختصة بحسب نوع الدعوى والمرحلة المبينة في النتيجة.","","دعوى جديدة أو طلب داخل قضية أو اعتراض بحسب المرحلة المبينة.","الوكالة، التحويلات، العقود، طلبات تقديم الحساب والمعلومات.","","","","إذا لم يوجد سند تنفيذي أو مسار خاص، تُرفع المطالبة أمام المحكمة المختصة وتُفحص الوقائع والأدلة والدفوع.","إذا لم يوجد سند تنفيذي أو مسار خاص، تُرفع المطالبة أمام المحكمة المختصة وتُفحص الوقائع والأدلة والدفوع.","نظام المعاملات المدنية","","المادة 497","هيئة الخبراء بمجلس الوزراء — نظام المعاملات المدنية","https://laws.boe.gov.sa/BoeLaws/Laws/LawDetails/655fdb42-8c96-422b-b8c4-b04f0095c94c/1","2026-09-23","ثابتة نظاميًا نسبيًا","VERIFIED","تدقيق تفصيلي ومصدر نظامي أولي فُتح وتحقق من بقائه متاحًا في هذه المرحلة.","LOW","نتيجة محدودة الأثر ومدعومة بمصدر رسمي دون مدة سقوط أو اختيار قضائي حاسم ظاهر.","اعتماد سريع","ما مقدار المدة وبدايتها ونهايتها والاستثناءات وأثر فواتها وفق النص المطبق على هذه الحالة؟","NEEDS REVIEW",""
"R-CIVIL-AGENCY-END","المعاملات المدنية","Q001: وش صار معك؟ ← لي مبلغ أو حق مالي عند شخص أو جهة → Q010: المبلغ سببه وش؟ ← تعويض أو إخلال بعقد أو استرداد مبلغ غير مستحق → Q500: وش نوع مطالبتك المدنية؟ ← مشكلتي مع وكيل أو وكالة → Q510: وش المشكلة في الوكالة؟ ← أبي أنهي الوكالة أو الوكيل تخلى عنها","أحد الطرفين يريد إنهاء الوكالة أو الوكيل تخلى عنها وأحدث ضررًا.","تنتهي الوكالة في الحالات النظامية، وتترتب مسؤولية عن التخلي في وقت غير مناسب أو دون مسوغ في الحالات التي نص عليها النظام.","المحكمة أو الجهة القضائية المختصة بحسب نوع الدعوى والمرحلة المبينة في النتيجة.","","دعوى جديدة أو طلب داخل قضية أو اعتراض بحسب المرحلة المبينة.","الوكالة، إشعار الإنهاء، توقيته، الأعمال المعلقة، إثبات الضرر.","","","","إذا لم يوجد سند تنفيذي أو مسار خاص، تُرفع المطالبة أمام المحكمة المختصة وتُفحص الوقائع والأدلة والدفوع.","إذا لم يوجد سند تنفيذي أو مسار خاص، تُرفع المطالبة أمام المحكمة المختصة وتُفحص الوقائع والأدلة والدفوع.","نظام المعاملات المدنية","","المواد 502–505","هيئة الخبراء بمجلس الوزراء — نظام المعاملات المدنية","https://laws.boe.gov.sa/BoeLaws/Laws/LawDetails/655fdb42-8c96-422b-b8c4-b04f0095c94c/1","2026-09-23","ثابتة نظاميًا نسبيًا","VERIFIED","تدقيق تفصيلي ومصدر نظامي أولي فُتح وتحقق من بقائه متاحًا في هذه المرحلة.","LOW","نتيجة محدودة الأثر ومدعومة بمصدر رسمي دون مدة سقوط أو اختيار قضائي حاسم ظاهر.","اعتماد سريع","ما مقدار المدة وبدايتها ونهايتها والاستثناءات وأثر فواتها وفق النص المطبق على هذه الحالة؟","NEEDS REVIEW",""
"R-CIVIL-AGENCY-FEES","المعاملات المدنية","Q001: وش صار معك؟ ← لي مبلغ أو حق مالي عند شخص أو جهة → Q010: المبلغ سببه وش؟ ← تعويض أو إخلال بعقد أو استرداد مبلغ غير مستحق → Q500: وش نوع مطالبتك المدنية؟ ← مشكلتي مع وكيل أو وكالة → Q510: وش المشكلة في الوكالة؟ ← خلاف على أجر الوكيل أو مصروفاته","يوجد خلاف على أجر الوكيل أو المصروفات التي أنفقها.","يلتزم الموكل بالأجر المتفق عليه عند إنجاز العمل، وقد يستحق أجر المثل في الحالة المنصوص عليها، كما يرد للوكيل النفقات المعتادة اللازمة للتنفيذ.","المحكمة أو الجهة القضائية المختصة بحسب نوع الدعوى والمرحلة المبينة في النتيجة.","","دعوى جديدة أو طلب داخل قضية أو اعتراض بحسب المرحلة المبينة.","الوكالة، اتفاق الأجر، فواتير المصروفات، ما يثبت إنجاز العمل.","","","","إذا لم يوجد سند تنفيذي أو مسار خاص، تُرفع المطالبة أمام المحكمة المختصة وتُفحص الوقائع والأدلة والدفوع.","إذا لم يوجد سند تنفيذي أو مسار خاص، تُرفع المطالبة أمام المحكمة المختصة وتُفحص الوقائع والأدلة والدفوع.","نظام المعاملات المدنية","","المواد 498–500","هيئة الخبراء بمجلس الوزراء — نظام المعاملات المدنية","https://laws.boe.gov.sa/BoeLaws/Laws/LawDetails/655fdb42-8c96-422b-b8c4-b04f0095c94c/1","2026-09-23","ثابتة نظاميًا نسبيًا","VERIFIED","تدقيق تفصيلي ومصدر نظامي أولي فُتح وتحقق من بقائه متاحًا في هذه المرحلة.","LOW","نتيجة محدودة الأثر ومدعومة بمصدر رسمي دون مدة سقوط أو اختيار قضائي حاسم ظاهر.","اعتماد سريع","ما مقدار المدة وبدايتها ونهايتها والاستثناءات وأثر فواتها وفق النص المطبق على هذه الحالة؟","NEEDS REVIEW",""
"R-CIVIL-AGENCY-SCOPE","المعاملات المدنية","Q001: وش صار معك؟ ← لي مبلغ أو حق مالي عند شخص أو جهة → Q010: المبلغ سببه وش؟ ← تعويض أو إخلال بعقد أو استرداد مبلغ غير مستحق → Q500: وش نوع مطالبتك المدنية؟ ← مشكلتي مع وكيل أو وكالة → Q510: وش المشكلة في الوكالة؟ ← الوكيل تجاوز حدود الوكالة","الوكيل أجرى تصرفًا يقال إنه تجاوز حدود الوكالة.","تحدد صلاحية الوكيل بما يتناوله التوكيل وتوابعه الضرورية وطبيعة التصرف والعرف؛ ويجب فحص نص الوكالة والتصرف الفعلي قبل تقرير نفاذه أو المسؤولية عنه.","المحكمة أو الجهة القضائية المختصة بحسب نوع الدعوى والمرحلة المبينة في النتيجة.","","دعوى جديدة أو طلب داخل قضية أو اعتراض بحسب المرحلة المبينة.","نص الوكالة، العقد/التصرف الذي أجراه الوكيل، المراسلات.","","","","إذا لم يوجد سند تنفيذي أو مسار خاص، تُرفع المطالبة أمام المحكمة المختصة وتُفحص الوقائع والأدلة والدفوع.","إذا لم يوجد سند تنفيذي أو مسار خاص، تُرفع المطالبة أمام المحكمة المختصة وتُفحص الوقائع والأدلة والدفوع.","نظام المعاملات المدنية","","المادة 486 وما بعدها","هيئة الخبراء بمجلس الوزراء — نظام المعاملات المدنية","https://laws.boe.gov.sa/BoeLaws/Laws/LawDetails/655fdb42-8c96-422b-b8c4-b04f0095c94c/1","2026-09-23","ثابتة نظاميًا نسبيًا","VERIFIED","تدقيق تفصيلي ومصدر نظامي أولي فُتح وتحقق من بقائه متاحًا في هذه المرحلة.","LOW","نتيجة محدودة الأثر ومدعومة بمصدر رسمي دون مدة سقوط أو اختيار قضائي حاسم ظاهر.","اعتماد سريع","ما مقدار المدة وبدايتها ونهايتها والاستثناءات وأثر فواتها وفق النص المطبق على هذه الحالة؟","NEEDS REVIEW",""
"R-CIVIL-AGENCY-SELFDEAL","المعاملات المدنية","Q001: وش صار معك؟ ← لي مبلغ أو حق مالي عند شخص أو جهة → Q010: المبلغ سببه وش؟ ← تعويض أو إخلال بعقد أو استرداد مبلغ غير مستحق → Q500: وش نوع مطالبتك المدنية؟ ← مشكلتي مع وكيل أو وكالة → Q510: وش المشكلة في الوكالة؟ ← الوكيل باع لنفسه أو لقريب دون إذن","الوكيل في البيع اشترى لنفسه أو باع لقريب أو ذي مصلحة دون إذن.","المادة 495 تمنع الوكيل في البيع من الشراء لنفسه، أو البيع لأصوله أو فروعه أو زوجه أو من يجر التعامل معه مغنمًا أو يدفع مغرمًا، إلا بإذن الموكل.","المحكمة أو الجهة القضائية المختصة بحسب نوع الدعوى والمرحلة المبينة في النتيجة.","","دعوى جديدة أو طلب داخل قضية أو اعتراض بحسب المرحلة المبينة.","الوكالة، عقد البيع، بيانات الأطراف، ما يثبت الإذن إن وجد.","","","","إذا لم يوجد سند تنفيذي أو مسار خاص، تُرفع المطالبة أمام المحكمة المختصة وتُفحص الوقائع والأدلة والدفوع.","إذا لم يوجد سند تنفيذي أو مسار خاص، تُرفع المطالبة أمام المحكمة المختصة وتُفحص الوقائع والأدلة والدفوع.","نظام المعاملات المدنية","","المادة 495","هيئة الخبراء بمجلس الوزراء — نظام المعاملات المدنية","https://laws.boe.gov.sa/BoeLaws/Laws/LawDetails/655fdb42-8c96-422b-b8c4-b04f0095c94c/1","2026-09-23","ثابتة نظاميًا نسبيًا","VERIFIED","تدقيق تفصيلي ومصدر نظامي أولي فُتح وتحقق من بقائه متاحًا في هذه المرحلة.","LOW","نتيجة محدودة الأثر ومدعومة بمصدر رسمي دون مدة سقوط أو اختيار قضائي حاسم ظاهر.","اعتماد سريع","ما مقدار المدة وبدايتها ونهايتها والاستثناءات وأثر فواتها وفق النص المطبق على هذه الحالة؟","NEEDS REVIEW",""
"R-CIVIL-BIRTH-REGISTER","المعاملات المدنية","Q001: وش صار معك؟ ← بنك/تمويل/تأمين/زكاة/ضريبة/اتصالات/جهة حكومية → Q110: مشكلتك مع أي جهة أو خدمة؟ ← خصوصية أو طيران أو تعليم أو بلدية → Q269: وش نوع المشكلة المتخصصة الأخرى؟ ← الأحوال المدنية / الهوية / المواليد / سجل الأسرة → Q294: وش تحتاج من الأحوال المدنية؟ ← تسجيل مولود جديد","عندك مولود جديد وتبي تسجل واقعة الميلاد.","أبشر > خدماتي > الأحوال المدنية > تسجيل المواليد، ثم راجع البيانات وأكمل الطلب.","وكالة وزارة الداخلية للأحوال المدنية — عبر منصة أبشر بحسب الخدمة.","","أبشر | خدمة أحوال مدنية إلكترونية/توثيقية، وليست دعوى قضائية أو اعتراضًا على حكم.","راجع واقعة الميلاد وبيانات الوالدين والمولود وأكمل المتطلبات الظاهرة.","","","","عند نجاح التسجيل إلكترونيًا يحصل المولود على سجل مدني، وتُحدّث بيانات سجل الأسرة للمواطنين، ويمكن طلب توصيل شهادة الميلاد وسجل الأسرة المحدث بحسب الخدمة.","عند نجاح التسجيل إلكترونيًا يحصل المولود على سجل مدني، وتُحدّث بيانات سجل الأسرة للمواطنين، ويمكن طلب توصيل شهادة الميلاد وسجل الأسرة المحدث بحسب الخدمة.","","","","منصة أبشر — وزارة الداخلية — خدمات الأحوال المدنية: الهوية الوطنية، تسجيل المواليد، وسجل الأسرة","https://www.absher.sa/wps/wcm/connect/individuals/contents/individuals+AR/eServices+User+Guide/eServices/Civil-Affairs-Services/","2026-09-23","قابلة للتغير","HUMAN DECISION","المصدر غير موجود أو ليس على نطاق حكومي/رسمي يمكن الاعتماد عليه آليًا.","LOW","نتيجة محدودة الأثر ومدعومة بمصدر رسمي دون مدة سقوط أو اختيار قضائي حاسم ظاهر.","نعم","ما مقدار المدة وبدايتها ونهايتها والاستثناءات وأثر فواتها وفق النص المطبق على هذه الحالة؟","NEEDS REVIEW",""
"R-CIVIL-CONTRACT-DAMAGES","المعاملات المدنية","Q001: وش صار معك؟ ← لي مبلغ أو حق مالي عند شخص أو جهة → Q010: المبلغ سببه وش؟ ← تعويض أو إخلال بعقد أو استرداد مبلغ غير مستحق → Q500: وش نوع مطالبتك المدنية؟ ← العقد ما تنفذ أو تأخر وأبي تعويض","الطرف الآخر لم ينفذ التزامًا تعاقديًا أو تأخر فيه وتطلب التعويض.","المواد 170–180 تنظم التعويض عن عدم الوفاء أو التأخير، مع مراعاة الإعذار والاستثناءات والتعويض الاتفاقي إن وجد. قدّم صحيفة دعوى إذا لم يوجد سند تنفيذي يحسم الطلب.","المحكمة أو الجهة القضائية المختصة بحسب نوع الدعوى والمرحلة المبينة في النتيجة.","","تعويض عن إخلال عقدي | دعوى تعويض عقدية","العقد، إثبات الإخلال أو التأخير، الإعذار عند لزومه، وإثبات الضرر وعلاقته بالإخلال.","العقد، إثبات الإخلال، الإعذار عند لزومه، وإثبات الضرر وقيمته والسببية.","لا مدة موحدة في صفحة الخدمة؛ المدة الموضوعية تتحدد بالنظام ونوع المطالبة.","رسوم خدمة صحيفة الدعوى: لا يوجد؛ وقد تنطبق التكاليف القضائية بحسب القضية.","غير منطبق ظاهرًا","إذا كانت مطالبة قضائية، تُقدّم عبر صحيفة الدعوى بالتصنيف المناسب وتُراجع المحكمة الوقائع والأدلة والطلبات.","نظام المعاملات المدنية","","","هيئة الخبراء بمجلس الوزراء — نظام المعاملات المدنية","https://laws.boe.gov.sa/BoeLaws/Laws/LawDetails/655fdb42-8c96-422b-b8c4-b04f0095c94c/1","2026-09-22","ثابتة نظاميًا نسبيًا","VERIFIED","تدقيق تفصيلي ومصدر نظامي أولي فُتح وتحقق من بقائه متاحًا في هذه المرحلة.","LOW","نتيجة محدودة الأثر ومدعومة بمصدر رسمي دون مدة سقوط أو اختيار قضائي حاسم ظاهر.","اعتماد سريع","ما مقدار المدة وبدايتها ونهايتها والاستثناءات وأثر فواتها وفق النص المطبق على هذه الحالة؟","NEEDS REVIEW",""
"R-CIVIL-CONTRACTOR-ESTIMATE","المعاملات المدنية","Q001: وش صار معك؟ ← لي مبلغ أو حق مالي عند شخص أو جهة → Q010: المبلغ سببه وش؟ ← تعويض أو إخلال بعقد أو استرداد مبلغ غير مستحق → Q500: وش نوع مطالبتك المدنية؟ ← مشكلتي في عقد مقاولة أو تنفيذ أعمال → Q505: وش المشكلة في عقد المقاولة؟ ← ظهرت أعمال إضافية أو تجاوزت المقايسة","المقاولة مبنية على مقايسة بالوحدة وظهرت زيادة ظاهرة لازمة للتنفيذ.","المادة 470 تلزم المقاول بإعلام صاحب العمل فورًا بالمجاوزة الظاهرة ومقدار الزيادة المتوقعة، وإلا سقط حقه في طلب ما جاوز به قيمة المقايسة من نفقات؛ ولصاحب العمل حكم خاص إذا كانت المجاوزة جسيمة.","المحكمة أو الجهة القضائية المختصة بحسب نوع الدعوى والمرحلة المبينة في النتيجة.","","نزاع حول تقدير أجر المقاولة | دعوى تحديد/مطالبة بأجر مقاولة","المقايسة، الكميات الفعلية، إشعار الزيادة، أوامر التغيير، تقارير المهندس.","العقد، جداول الكميات، المستخلصات، القياسات، الفواتير ومحاضر الاستلام.","لا توجد مدة موحدة في خدمة صحيفة الدعوى.","رسوم خدمة صحيفة الدعوى: لا يوجد؛ وقد تنطبق التكاليف القضائية بحسب القضية.","غير منطبق ظاهرًا","إذا لم يوجد سند تنفيذي أو مسار خاص، تُرفع المطالبة أمام المحكمة المختصة وتُفحص الوقائع والأدلة والدفوع.","نظام المعاملات المدنية","","نظام المعاملات المدنية هو المرجع لأحكام المقاولة؛ لا نثبت رقم مادة للأجر هنا دون مطابقة النص التفصيلي لكل صيغة عقد. | المادة 470","هيئة الخبراء بمجلس الوزراء — نظام المعاملات المدنية","https://laws.boe.gov.sa/BoeLaws/Laws/LawDetails/655fdb42-8c96-422b-b8c4-b04f0095c94c/1","2026-09-22","ثابتة نظاميًا نسبيًا","VERIFIED","تدقيق تفصيلي ومصدر نظامي أولي فُتح وتحقق من بقائه متاحًا في هذه المرحلة.","LOW","نتيجة محدودة الأثر ومدعومة بمصدر رسمي دون مدة سقوط أو اختيار قضائي حاسم ظاهر.","اعتماد سريع","ما مقدار المدة وبدايتها ونهايتها والاستثناءات وأثر فواتها وفق النص المطبق على هذه الحالة؟","NEEDS REVIEW",""
"R-CIVIL-CONTRACTOR-IMPOSSIBLE","المعاملات المدنية","Q001: وش صار معك؟ ← لي مبلغ أو حق مالي عند شخص أو جهة → Q010: المبلغ سببه وش؟ ← تعويض أو إخلال بعقد أو استرداد مبلغ غير مستحق → Q500: وش نوع مطالبتك المدنية؟ ← مشكلتي في عقد مقاولة أو تنفيذ أعمال → Q505: وش المشكلة في عقد المقاولة؟ ← المقاول عجز عن إكمال العمل لسبب خارج عن إرادته","المقاول بدأ التنفيذ ثم أصبح عاجزًا عن إتمامه لسبب لا يد له فيه.","المادة 477 تعطي المقاول قيمة ما تم من الأعمال وما أنفق في العمل غير المكتمل بقدر ما عاد على صاحب العمل من نفع.","المحكمة أو الجهة القضائية المختصة بحسب نوع الدعوى والمرحلة المبينة في النتيجة.","","تعذر إتمام المقاولة لسبب لا يد للمقاول فيه | دعوى حقوق ناشئة عن تعذر إتمام المقاولة","العقد، نسبة الإنجاز، المصروفات، سبب العجز، تقييم المنفعة العائدة لصاحب العمل.","العقد، محاضر الإنجاز، تقارير سبب التعذر، المستخلصات والفواتير وما يثبت المنفعة.","لا نثبت مدة دعوى موحدة هنا.","رسوم خدمة صحيفة الدعوى: لا يوجد؛ وقد تنطبق التكاليف القضائية بحسب القضية.","غير منطبق ظاهرًا","إذا لم يوجد سند تنفيذي أو مسار خاص، تُرفع المطالبة أمام المحكمة المختصة وتُفحص الوقائع والأدلة والدفوع.","نظام المعاملات المدنية","","المادة 477: إذا بدأ المقاول في التنفيذ ثم عجز عن إتمامه لسبب لا يد له فيه، استحق قيمة ما تم من الأعمال وما أنفق في العمل غير المكتمل بقدر ما عاد على صاحب العمل من نفع. | المادة 477","هيئة الخبراء بمجلس الوزراء — نظام المعاملات المدنية","https://laws.boe.gov.sa/BoeLaws/Laws/LawDetails/655fdb42-8c96-422b-b8c4-b04f0095c94c/1","2026-09-22","ثابتة نظاميًا نسبيًا","VERIFIED","تدقيق تفصيلي ومصدر نظامي أولي فُتح وتحقق من بقائه متاحًا في هذه المرحلة.","LOW","نتيجة محدودة الأثر ومدعومة بمصدر رسمي دون مدة سقوط أو اختيار قضائي حاسم ظاهر.","اعتماد سريع","ما مقدار المدة وبدايتها ونهايتها والاستثناءات وأثر فواتها وفق النص المطبق على هذه الحالة؟","NEEDS REVIEW",""
"R-CIVIL-CONTRACTOR-PRICE-INCREASE","المعاملات المدنية","Q001: وش صار معك؟ ← لي مبلغ أو حق مالي عند شخص أو جهة → Q010: المبلغ سببه وش؟ ← تعويض أو إخلال بعقد أو استرداد مبلغ غير مستحق → Q500: وش نوع مطالبتك المدنية؟ ← مشكلتي في عقد مقاولة أو تنفيذ أعمال → Q505: وش المشكلة في عقد المقاولة؟ ← المقاول يطلب زيادة فوق السعر المتفق عليه","المقاول يطلب زيادة على أجر إجمالي متفق عليه بسبب ارتفاع المواد أو العمالة أو النفقات.","المادة 471 تقرر في عقد المقاولة بأجر إجمالي أن الأصل عدم استحقاق زيادة لمجرد ارتفاع الأسعار أو الأجور؛ وتوجد أحكام خاصة للتعديل المأذون والظروف الاستثنائية العامة التي تهدم التوازن العقدي.","المحكمة أو الجهة القضائية المختصة بحسب نوع الدعوى والمرحلة المبينة في النتيجة.","","مطالبة مقاول بزيادة السعر | نزاع في أجر المقاولة","العقد، نوع التسعير، التعديلات، أوامر التغيير، أدلة الظروف الاستثنائية.","العقد، جداول الكميات، أوامر التغيير، عروض الأسعار، الاعتمادات والفواتير والمراسلات.","لا نثبت مدة موحدة؛ المدة تتحدد بحسب المطالبة والنص المنطبق.","رسوم خدمة صحيفة الدعوى: لا يوجد؛ وقد تنطبق التكاليف القضائية بحسب القضية.","غير منطبق ظاهرًا","إذا لم يوجد سند تنفيذي أو مسار خاص، تُرفع المطالبة أمام المحكمة المختصة وتُفحص الوقائع والأدلة والدفوع.","نظام المعاملات المدنية","","المرجع الموضوعي نظام المعاملات المدنية وأحكام المقاولة؛ يجب مطابقة أثر تغير الأسعار/الأعمال الإضافية على نص العقد والمواد الخاصة قبل تقرير مبلغ. | المادة 471","هيئة الخبراء بمجلس الوزراء — نظام المعاملات المدنية","https://laws.boe.gov.sa/BoeLaws/Laws/LawDetails/655fdb42-8c96-422b-b8c4-b04f0095c94c/1","2026-09-22","ثابتة نظاميًا نسبيًا","VERIFIED","تدقيق تفصيلي ومصدر نظامي أولي فُتح وتحقق من بقائه متاحًا في هذه المرحلة.","LOW","نتيجة محدودة الأثر ومدعومة بمصدر رسمي دون مدة سقوط أو اختيار قضائي حاسم ظاهر.","اعتماد سريع","ما مقدار المدة وبدايتها ونهايتها والاستثناءات وأثر فواتها وفق النص المطبق على هذه الحالة؟","NEEDS REVIEW",""
"R-CIVIL-CUSTODIAN-APPOINT","المعاملات المدنية","Q001: وش صار معك؟ ← لي مبلغ أو حق مالي عند شخص أو جهة → Q010: المبلغ سببه وش؟ ← تعويض أو إخلال بعقد أو استرداد مبلغ غير مستحق → Q500: وش نوع مطالبتك المدنية؟ ← وديعة أو مال تحت الحراسة → Q511: وش المشكلة في الوديعة أو الحراسة؟ ← فيه مال متنازع عليه وأبي وضعه تحت الحراسة","يوجد مال متنازع عليه وبقاؤه في يد حائزه يشكل خطرًا عاجلًا.","يجوز تعيين الحارس باتفاق ذوي الشأن، وإذا لم يتفقوا فللمحكمة تعيينه إذا رأت أن بقاء المال في يد حائزه خطر عاجل.","المحكمة أو الجهة القضائية المختصة بحسب نوع الدعوى والمرحلة المبينة في النتيجة.","","دعوى جديدة أو طلب داخل قضية أو اعتراض بحسب المرحلة المبينة.","بيانات المال، النزاع القائم، ما يثبت الخطر العاجل، مقترح الحارس إن وجد.","","","","إذا لم يوجد سند تنفيذي أو مسار خاص، تُرفع المطالبة أمام المحكمة المختصة وتُفحص الوقائع والأدلة والدفوع.","إذا لم يوجد سند تنفيذي أو مسار خاص، تُرفع المطالبة أمام المحكمة المختصة وتُفحص الوقائع والأدلة والدفوع.","نظام المعاملات المدنية","","المواد 517–520","هيئة الخبراء بمجلس الوزراء — نظام المعاملات المدنية","https://laws.boe.gov.sa/BoeLaws/Laws/LawDetails/655fdb42-8c96-422b-b8c4-b04f0095c94c/1","2026-09-23","ثابتة نظاميًا نسبيًا","VERIFIED","تدقيق تفصيلي ومصدر نظامي أولي فُتح وتحقق من بقائه متاحًا في هذه المرحلة.","LOW","نتيجة محدودة الأثر ومدعومة بمصدر رسمي دون مدة سقوط أو اختيار قضائي حاسم ظاهر.","اعتماد سريع","ما مقدار المدة وبدايتها ونهايتها والاستثناءات وأثر فواتها وفق النص المطبق على هذه الحالة؟","NEEDS REVIEW",""
"R-CIVIL-CUSTODIAN-BREACH","المعاملات المدنية","Q001: وش صار معك؟ ← لي مبلغ أو حق مالي عند شخص أو جهة → Q010: المبلغ سببه وش؟ ← تعويض أو إخلال بعقد أو استرداد مبلغ غير مستحق → Q500: وش نوع مطالبتك المدنية؟ ← وديعة أو مال تحت الحراسة → Q511: وش المشكلة في الوديعة أو الحراسة؟ ← الحارس قصر أو تصرف في المال بلا صلاحية","الحارس قصر في الحفظ أو الإدارة أو تصرف خارج صلاحياته.","يلتزم الحارس بعناية الشخص المعتاد، ولا يتصرف خارج أعمال الحفظ والإدارة إلا برضا ذوي الشأن أو إذن المحكمة، مع استثناء الاستعجال وفق النظام.","المحكمة أو الجهة القضائية المختصة بحسب نوع الدعوى والمرحلة المبينة في النتيجة.","","دعوى جديدة أو طلب داخل قضية أو اعتراض بحسب المرحلة المبينة.","قرار/عقد الحراسة، كشوف الإدارة، التصرف محل الاعتراض، إثبات الضرر.","","","","إذا لم يوجد سند تنفيذي أو مسار خاص، تُرفع المطالبة أمام المحكمة المختصة وتُفحص الوقائع والأدلة والدفوع.","إذا لم يوجد سند تنفيذي أو مسار خاص، تُرفع المطالبة أمام المحكمة المختصة وتُفحص الوقائع والأدلة والدفوع.","نظام المعاملات المدنية","","المواد 520–526","هيئة الخبراء بمجلس الوزراء — نظام المعاملات المدنية","https://laws.boe.gov.sa/BoeLaws/Laws/LawDetails/655fdb42-8c96-422b-b8c4-b04f0095c94c/1","2026-09-23","ثابتة نظاميًا نسبيًا","VERIFIED","تدقيق تفصيلي ومصدر نظامي أولي فُتح وتحقق من بقائه متاحًا في هذه المرحلة.","LOW","نتيجة محدودة الأثر ومدعومة بمصدر رسمي دون مدة سقوط أو اختيار قضائي حاسم ظاهر.","اعتماد سريع","ما مقدار المدة وبدايتها ونهايتها والاستثناءات وأثر فواتها وفق النص المطبق على هذه الحالة؟","NEEDS REVIEW",""
"R-CIVIL-CUSTODIAN-END","المعاملات المدنية","Q001: وش صار معك؟ ← لي مبلغ أو حق مالي عند شخص أو جهة → Q010: المبلغ سببه وش؟ ← تعويض أو إخلال بعقد أو استرداد مبلغ غير مستحق → Q500: وش نوع مطالبتك المدنية؟ ← وديعة أو مال تحت الحراسة → Q511: وش المشكلة في الوديعة أو الحراسة؟ ← انتهت الحراسة وأبي رد المال وغلاته","انتهت الحراسة ويوجد خلاف على رد المال أو الغلة.","تنتهي الحراسة بالاتفاق أو الحكم أو انتهاء مدتها، وعلى الحارس رد المال مع غلته إلى من يتفق عليه ذوو الشأن أو من تعينه المحكمة.","المحكمة أو الجهة القضائية المختصة بحسب نوع الدعوى والمرحلة المبينة في النتيجة.","","دعوى جديدة أو طلب داخل قضية أو اعتراض بحسب المرحلة المبينة.","عقد/حكم الحراسة، بيان المال والغلات، ما يثبت انتهاء الحراسة.","","","","إذا لم يوجد سند تنفيذي أو مسار خاص، تُرفع المطالبة أمام المحكمة المختصة وتُفحص الوقائع والأدلة والدفوع.","إذا لم يوجد سند تنفيذي أو مسار خاص، تُرفع المطالبة أمام المحكمة المختصة وتُفحص الوقائع والأدلة والدفوع.","نظام المعاملات المدنية","","المادة 527","هيئة الخبراء بمجلس الوزراء — نظام المعاملات المدنية","https://laws.boe.gov.sa/BoeLaws/Laws/LawDetails/655fdb42-8c96-422b-b8c4-b04f0095c94c/1","2026-09-23","ثابتة نظاميًا نسبيًا","VERIFIED","تدقيق تفصيلي ومصدر نظامي أولي فُتح وتحقق من بقائه متاحًا في هذه المرحلة.","LOW","نتيجة محدودة الأثر ومدعومة بمصدر رسمي دون مدة سقوط أو اختيار قضائي حاسم ظاهر.","اعتماد سريع","ما مقدار المدة وبدايتها ونهايتها والاستثناءات وأثر فواتها وفق النص المطبق على هذه الحالة؟","NEEDS REVIEW",""
"R-CIVIL-DEPOSIT-LOSS","المعاملات المدنية","Q001: وش صار معك؟ ← لي مبلغ أو حق مالي عند شخص أو جهة → Q010: المبلغ سببه وش؟ ← تعويض أو إخلال بعقد أو استرداد مبلغ غير مستحق → Q500: وش نوع مطالبتك المدنية؟ ← وديعة أو مال تحت الحراسة → Q511: وش المشكلة في الوديعة أو الحراسة؟ ← الوديعة ضاعت أو تضررت","الوديعة فقدت أو تضررت أثناء وجودها لدى المودع لديه.","تُفحص درجة العناية الواجبة بحسب كون الإيداع بأجر أو بلا أجر وظروف الحفظ، ثم يحدد أثر التعدي أو التقصير.","المحكمة أو الجهة القضائية المختصة بحسب نوع الدعوى والمرحلة المبينة في النتيجة.","","دعوى جديدة أو طلب داخل قضية أو اعتراض بحسب المرحلة المبينة.","إثبات الإيداع، حالة الوديعة عند التسليم، سبب الفقد/التلف، تقارير أو صور.","","","","إذا لم يوجد سند تنفيذي أو مسار خاص، تُرفع المطالبة أمام المحكمة المختصة وتُفحص الوقائع والأدلة والدفوع.","إذا لم يوجد سند تنفيذي أو مسار خاص، تُرفع المطالبة أمام المحكمة المختصة وتُفحص الوقائع والأدلة والدفوع.","نظام المعاملات المدنية","","المواد 509–516","هيئة الخبراء بمجلس الوزراء — نظام المعاملات المدنية","https://laws.boe.gov.sa/BoeLaws/Laws/LawDetails/655fdb42-8c96-422b-b8c4-b04f0095c94c/1","2026-09-23","ثابتة نظاميًا نسبيًا","VERIFIED","تدقيق تفصيلي ومصدر نظامي أولي فُتح وتحقق من بقائه متاحًا في هذه المرحلة.","LOW","نتيجة محدودة الأثر ومدعومة بمصدر رسمي دون مدة سقوط أو اختيار قضائي حاسم ظاهر.","اعتماد سريع","ما مقدار المدة وبدايتها ونهايتها والاستثناءات وأثر فواتها وفق النص المطبق على هذه الحالة؟","NEEDS REVIEW",""
"R-CIVIL-DEPOSIT-MISUSE","المعاملات المدنية","Q001: وش صار معك؟ ← لي مبلغ أو حق مالي عند شخص أو جهة → Q010: المبلغ سببه وش؟ ← تعويض أو إخلال بعقد أو استرداد مبلغ غير مستحق → Q500: وش نوع مطالبتك المدنية؟ ← وديعة أو مال تحت الحراسة → Q511: وش المشكلة في الوديعة أو الحراسة؟ ← المودع لديه استعمل الوديعة أو سلمها لغيره","المودع لديه استعمل الوديعة أو أودعها عند غيره دون مسوغ.","لا يجوز استعمال الوديعة أو ترتيب حق للغير عليها دون إذن المودع، ولا إيداعها لدى الغير دون إذن إلا عند الضرورة وفق الضوابط النظامية.","المحكمة أو الجهة القضائية المختصة بحسب نوع الدعوى والمرحلة المبينة في النتيجة.","","دعوى جديدة أو طلب داخل قضية أو اعتراض بحسب المرحلة المبينة.","عقد/إثبات الإيداع، وصف الوديعة، إثبات الاستعمال أو التسليم للغير.","","","","إذا لم يوجد سند تنفيذي أو مسار خاص، تُرفع المطالبة أمام المحكمة المختصة وتُفحص الوقائع والأدلة والدفوع.","إذا لم يوجد سند تنفيذي أو مسار خاص، تُرفع المطالبة أمام المحكمة المختصة وتُفحص الوقائع والأدلة والدفوع.","نظام المعاملات المدنية","","المواد 506–511","هيئة الخبراء بمجلس الوزراء — نظام المعاملات المدنية","https://laws.boe.gov.sa/BoeLaws/Laws/LawDetails/655fdb42-8c96-422b-b8c4-b04f0095c94c/1","2026-09-23","ثابتة نظاميًا نسبيًا","VERIFIED","تدقيق تفصيلي ومصدر نظامي أولي فُتح وتحقق من بقائه متاحًا في هذه المرحلة.","LOW","نتيجة محدودة الأثر ومدعومة بمصدر رسمي دون مدة سقوط أو اختيار قضائي حاسم ظاهر.","اعتماد سريع","ما مقدار المدة وبدايتها ونهايتها والاستثناءات وأثر فواتها وفق النص المطبق على هذه الحالة؟","NEEDS REVIEW",""
"R-CIVIL-DURESS","المعاملات المدنية","Q001: وش صار معك؟ ← لي مبلغ أو حق مالي عند شخص أو جهة → Q010: المبلغ سببه وش؟ ← تعويض أو إخلال بعقد أو استرداد مبلغ غير مستحق → Q500: وش نوع مطالبتك المدنية؟ ← أبي أفسخ العقد أو أبطل العقد → Q501: وش سبب رغبتك في إنهاء العقد أو إبطاله؟ ← وقعت العقد بسبب تهديد أو إكراه","أبرمت العقد تحت تهديد تدعي أنه بلغ حد الإكراه النظامي.","المواد 64–67 تعرف الإكراه وشروطه وتجيز للمكره طلب إبطال العقد في الحالات المقررة.","المحكمة أو الجهة القضائية المختصة بحسب نوع الدعوى والمرحلة المبينة في النتيجة.","","إكراه على إبرام العقد | دعوى إبطال عقد بسبب الإكراه","أدلة التهديد وتوقيته وخطورته وعلاقته المباشرة بإبرام العقد.","العقد، الرسائل/التسجيلات المشروعة، البلاغات أو الشهود، وأي دليل على التهديد وتأثيره.","لا نثبت مدة خاصة هنا دون تحقق مستقل من نص المدة.","رسوم خدمة صحيفة الدعوى: لا يوجد؛ وقد تنطبق التكاليف القضائية بحسب نوع القضية.","غير منطبق ظاهرًا","إذا لم يوجد سند تنفيذي أو مسار خاص، تُعرض المطالبة على المحكمة المختصة عبر صحيفة الدعوى وتفصل وفق العقد والوقائع والأدلة.","نظام المعاملات المدنية","","المواد 64-67: تعريف الإكراه، معيار الخطر الجسيم المحدق، ظروف تقديره، وحق طلب الإبطال وحكم إكراه الغير. | المواد 64–67 و79","هيئة الخبراء بمجلس الوزراء — نظام المعاملات المدنية","https://laws.boe.gov.sa/BoeLaws/Laws/LawDetails/655fdb42-8c96-422b-b8c4-b04f0095c94c/1","2026-09-22","ثابتة نظاميًا نسبيًا","VERIFIED","تدقيق تفصيلي ومصدر نظامي أولي فُتح وتحقق من بقائه متاحًا في هذه المرحلة.","LOW","نتيجة محدودة الأثر ومدعومة بمصدر رسمي دون مدة سقوط أو اختيار قضائي حاسم ظاهر.","اعتماد سريع","هل الجهة والمحكمة ونوع الإجراء المحددة صحيحة لكل صور الحالة والاستثناءات المحتملة؟","NEEDS REVIEW",""
"R-CIVIL-GUARANTEE-LIMIT","المعاملات المدنية","Q001: وش صار معك؟ ← لي مبلغ أو حق مالي عند شخص أو جهة → Q010: المبلغ سببه وش؟ ← تعويض أو إخلال بعقد أو استرداد مبلغ غير مستحق → Q500: وش نوع مطالبتك المدنية؟ ← كفالة دين أو رجوع كفيل → Q512: وش المشكلة في الكفالة؟ ← الكفالة أكبر من الدين أو بشروط أشد","الكفالة تتضمن مبلغًا أكبر من الدين أو شروطًا أشد.","إذا كانت الكفالة في مبلغ أكبر أو بشروط أشد فلا تصح إلا في قدر الدين المستحق وبشروطه، وتصح في مبلغ أقل أو بشروط أخف.","المحكمة أو الجهة القضائية المختصة بحسب نوع الدعوى والمرحلة المبينة في النتيجة.","","دفع/طلب في نزاع الكفالة القائم، أو دعوى عند وجود مطالبة مستقلة؛ لا يلزم إنشاء دعوى جديدة إذا كان النزاع قائمًا.","عقد الدين، عقد الكفالة، بيان الرصيد والشروط.","","","","غير منطبق ظاهرًا","إذا كان المسار صحيفة دعوى، يُدقّق الطلب؛ عند وجود نواقص يطلب الاستكمال، وعند القبول يصلك رقم القضية واسم الدائرة. وجود سند تنفيذي أو قضية قائمة يغيّر الإجراء ولا يبرر دعوى جديدة تلقائيًا.","نظام المعاملات المدنية","","المادة 584","هيئة الخبراء بمجلس الوزراء — نظام المعاملات المدنية","https://laws.boe.gov.sa/BoeLaws/Laws/LawDetails/655fdb42-8c96-422b-b8c4-b04f0095c94c/1","2026-09-23","ثابتة نظاميًا نسبيًا","VERIFIED","تدقيق تفصيلي ومصدر نظامي أولي فُتح وتحقق من بقائه متاحًا في هذه المرحلة.","LOW","نتيجة محدودة الأثر ومدعومة بمصدر رسمي دون مدة سقوط أو اختيار قضائي حاسم ظاهر.","اعتماد سريع","ما مقدار المدة وبدايتها ونهايتها والاستثناءات وأثر فواتها وفق النص المطبق على هذه الحالة؟","NEEDS REVIEW",""
"R-CIVIL-ID-DAMAGED","المعاملات المدنية","Q001: وش صار معك؟ ← بنك/تمويل/تأمين/زكاة/ضريبة/اتصالات/جهة حكومية → Q110: مشكلتك مع أي جهة أو خدمة؟ ← خصوصية أو طيران أو تعليم أو بلدية → Q269: وش نوع المشكلة المتخصصة الأخرى؟ ← الأحوال المدنية / الهوية / المواليد / سجل الأسرة → Q294: وش تحتاج من الأحوال المدنية؟ ← خدمة تخص الهوية الوطنية → Q275: وش تحتاج بخصوص الهوية الوطنية؟ ← الهوية الوطنية تالفة وأريد بدل تالف","هويتك تالفة وتبي بدل تالف.","أبشر > خدماتي > الأحوال المدنية > خدمات الهوية الوطنية > بدل تالف.","وكالة وزارة الداخلية للأحوال المدنية — عبر منصة أبشر بحسب الخدمة.","","أبشر | خدمة أحوال مدنية إلكترونية/توثيقية، وليست دعوى قضائية أو اعتراضًا على حكم.","استوفِ شروط الصورة والعنوان والتوصيل، وألا يكون لديك طلب قائم أو غرامات أحوال غير مسددة، وأن تكون الهوية غير منتهية.","","","","تابع حالة الطلب والتوصيل في أبشر.","تابع حالة الطلب والتوصيل في أبشر.","","","","منصة أبشر — وزارة الداخلية — خدمات الأحوال المدنية: الهوية الوطنية، تسجيل المواليد، وسجل الأسرة","https://www.absher.sa/wps/wcm/connect/individuals/contents/individuals+AR/eServices+User+Guide/eServices/Civil-Affairs-Services/","2026-09-23","قابلة للتغير","HUMAN DECISION","المصدر غير موجود أو ليس على نطاق حكومي/رسمي يمكن الاعتماد عليه آليًا.","LOW","نتيجة محدودة الأثر ومدعومة بمصدر رسمي دون مدة سقوط أو اختيار قضائي حاسم ظاهر.","نعم","ما مقدار المدة وبدايتها ونهايتها والاستثناءات وأثر فواتها وفق النص المطبق على هذه الحالة؟","NEEDS REVIEW",""
"R-CIVIL-ID-LOST","المعاملات المدنية","Q001: وش صار معك؟ ← بنك/تمويل/تأمين/زكاة/ضريبة/اتصالات/جهة حكومية → Q110: مشكلتك مع أي جهة أو خدمة؟ ← خصوصية أو طيران أو تعليم أو بلدية → Q269: وش نوع المشكلة المتخصصة الأخرى؟ ← الأحوال المدنية / الهوية / المواليد / سجل الأسرة → Q294: وش تحتاج من الأحوال المدنية؟ ← خدمة تخص الهوية الوطنية → Q275: وش تحتاج بخصوص الهوية الوطنية؟ ← الهوية الوطنية مفقودة وأريد بدل فاقد","هويتك مفقودة وتبي بدل فاقد.","أبشر > خدماتي > الأحوال المدنية > خدمات الهوية الوطنية > بدل فاقد.","وكالة وزارة الداخلية للأحوال المدنية — عبر منصة أبشر بحسب الخدمة.","","أبشر | خدمة أحوال مدنية إلكترونية/توثيقية، وليست دعوى قضائية أو اعتراضًا على حكم.","أدخل بيانات الفقدان واستوفِ شروط الصورة والعنوان والتوصيل وألا يكون لديك طلب قائم أو غرامات أحوال غير مسددة.","","","","تابع حالة الطلب والتوصيل في أبشر.","تابع حالة الطلب والتوصيل في أبشر.","","","","منصة أبشر — وزارة الداخلية — خدمات الأحوال المدنية: الهوية الوطنية، تسجيل المواليد، وسجل الأسرة","https://www.absher.sa/wps/wcm/connect/individuals/contents/individuals+AR/eServices+User+Guide/eServices/Civil-Affairs-Services/","2026-09-23","قابلة للتغير","HUMAN DECISION","المصدر غير موجود أو ليس على نطاق حكومي/رسمي يمكن الاعتماد عليه آليًا.","LOW","نتيجة محدودة الأثر ومدعومة بمصدر رسمي دون مدة سقوط أو اختيار قضائي حاسم ظاهر.","نعم","ما مقدار المدة وبدايتها ونهايتها والاستثناءات وأثر فواتها وفق النص المطبق على هذه الحالة؟","NEEDS REVIEW",""
"R-CIVIL-ID-RENEW","المعاملات المدنية","Q001: وش صار معك؟ ← بنك/تمويل/تأمين/زكاة/ضريبة/اتصالات/جهة حكومية → Q110: مشكلتك مع أي جهة أو خدمة؟ ← خصوصية أو طيران أو تعليم أو بلدية → Q269: وش نوع المشكلة المتخصصة الأخرى؟ ← الأحوال المدنية / الهوية / المواليد / سجل الأسرة → Q294: وش تحتاج من الأحوال المدنية؟ ← خدمة تخص الهوية الوطنية → Q275: وش تحتاج بخصوص الهوية الوطنية؟ ← تجديد الهوية الوطنية","تبي تجدد الهوية الوطنية.","أبشر > خدماتي > الأحوال المدنية > خدمات الهوية الوطنية > تجديد.","وكالة وزارة الداخلية للأحوال المدنية — عبر منصة أبشر بحسب الخدمة.","","أبشر | خدمة أحوال مدنية إلكترونية/توثيقية، وليست دعوى قضائية أو اعتراضًا على حكم.","يمكن التجديد إلكترونيًا إذا تبقى على صلاحية الهوية 180 يومًا أو أقل، مع استيفاء مواصفات الصورة، وعدم وجود غرامات أحوال غير مسددة، ووجود عنوان وطني ضمن نطاق التوصيل، وسداد أجور التوصيل.","","","","تابع حالة الطلب في أبشر وفعّل الهوية بعد استلامها.","تابع حالة الطلب في أبشر وفعّل الهوية بعد استلامها.","","","","منصة أبشر — وزارة الداخلية — خدمات الأحوال المدنية: الهوية الوطنية، تسجيل المواليد، وسجل الأسرة","https://www.absher.sa/wps/wcm/connect/individuals/contents/individuals+AR/eServices+User+Guide/eServices/Civil-Affairs-Services/","2026-09-23","قابلة للتغير","HUMAN DECISION","المصدر غير موجود أو ليس على نطاق حكومي/رسمي يمكن الاعتماد عليه آليًا.","LOW","نتيجة محدودة الأثر ومدعومة بمصدر رسمي دون مدة سقوط أو اختيار قضائي حاسم ظاهر.","نعم","ما مقدار المدة وبدايتها ونهايتها والاستثناءات وأثر فواتها وفق النص المطبق على هذه الحالة؟","NEEDS REVIEW",""
"R-CIVIL-LIQUIDATED-DAMAGES","المعاملات المدنية","Q001: وش صار معك؟ ← لي مبلغ أو حق مالي عند شخص أو جهة → Q010: المبلغ سببه وش؟ ← تعويض أو إخلال بعقد أو استرداد مبلغ غير مستحق → Q500: وش نوع مطالبتك المدنية؟ ← عندي شرط جزائي أو خلاف على الإعذار والتعويض → Q502: وش المشكلة في الإعذار أو التعويض الاتفاقي؟ ← عندي شرط جزائي/تعويض محدد مسبقًا","العقد يحدد مسبقًا مبلغًا للتعويض عند الإخلال أو التأخير.","المواد 178–180 تجيز تحديد التعويض مقدمًا -ما لم يكن محل الالتزام مبلغًا نقديًا- ولا تشترط الإعذار لاستحقاق التعويض الاتفاقي. وللمحكمة إنقاصه أو زيادته في الحالات المحددة بالمادة 179.","المحكمة أو الجهة القضائية المختصة بحسب نوع الدعوى والمرحلة المبينة في النتيجة.","","شرط تعويض/تعويض اتفاقي | دعوى تعويض عقدي بحسب الشرط والضرر","العقد وبند التعويض، إثبات الإخلال، الضرر، وما نُفذ من الالتزام.","العقد، الإنذارات، التقارير، الفواتير والمستندات المثبتة للضرر.","لا مدة إجرائية خاصة موحدة في صحيفة الدعوى؛ تفحص مدة عدم سماع الدعوى بحسب طبيعة الحق.","رسوم خدمة صحيفة الدعوى: لا يوجد؛ وقد تنطبق التكاليف القضائية وفق النظام.","غير منطبق ظاهرًا","إذا لم يوجد سند تنفيذي أو مسار خاص، تُعرض المطالبة على المحكمة المختصة عبر صحيفة الدعوى وتفصل وفق العقد والوقائع والأدلة.","نظام المعاملات المدنية","","المرجع نظام المعاملات المدنية في التعويض العقدي والاتفاق على تقديره؛ لا يُعرض مبلغ الشرط كأنه مستحق آليًا دون فحص شروط الاستحقاق وسلطة المحكمة النظامية. | المواد 178–180","هيئة الخبراء بمجلس الوزراء — نظام المعاملات المدنية","https://laws.boe.gov.sa/BoeLaws/Laws/LawDetails/655fdb42-8c96-422b-b8c4-b04f0095c94c/1","2026-09-22","ثابتة نظاميًا نسبيًا","VERIFIED","تدقيق تفصيلي ومصدر نظامي أولي فُتح وتحقق من بقائه متاحًا في هذه المرحلة.","LOW","نتيجة محدودة الأثر ومدعومة بمصدر رسمي دون مدة سقوط أو اختيار قضائي حاسم ظاهر.","اعتماد سريع","ما مقدار المدة وبدايتها ونهايتها والاستثناءات وأثر فواتها وفق النص المطبق على هذه الحالة؟","NEEDS REVIEW",""
"R-CIVIL-LOAN-INCREASE","المعاملات المدنية","Q001: وش صار معك؟ ← لي مبلغ أو حق مالي عند شخص أو جهة → Q010: المبلغ سببه وش؟ ← تعويض أو إخلال بعقد أو استرداد مبلغ غير مستحق → Q500: وش نوع مطالبتك المدنية؟ ← مشكلتي في قرض بين أشخاص → Q506: وش المشكلة في القرض؟ ← العقد يشترط زيادة على مبلغ القرض","عقد القرض يتضمن شرطًا يلزم المقترض بزيادة عند الرد.","المادة 385 تقرر بطلان كل شرط عند العقد أو عند تأجيل الوفاء يتضمن زيادة في رد القرض يؤديها المقترض للمقرض.","المحكمة أو الجهة القضائية المختصة بحسب نوع الدعوى والمرحلة المبينة في النتيجة.","","شرط زيادة على رد القرض | نزاع حول شرط في عقد قرض","عقد القرض، نص شرط الزيادة، المدفوعات.","عقد القرض، إثبات القبض/التحويل، كشوف السداد والشرط محل النزاع.","تُحدد بحسب النص الموضوعي والوقائع؛ لا توجد مدة خدمة موحدة لهذه المطالبة.","رسوم خدمة صحيفة الدعوى: لا يوجد؛ وقد تنطبق التكاليف القضائية.","غير منطبق ظاهرًا","إذا لم يوجد سند تنفيذي أو مسار خاص، تُرفع المطالبة أمام المحكمة المختصة وتُفحص الوقائع والأدلة والدفوع.","نظام المعاملات المدنية","","المادة 385: يقع باطلًا كل شرط عند العقد أو عند تأجيل الوفاء يتضمن زيادة في رد القرض يؤديها المقترض إلى المقرض. | المادة 385","هيئة الخبراء بمجلس الوزراء — نظام المعاملات المدنية","https://laws.boe.gov.sa/BoeLaws/Laws/LawDetails/655fdb42-8c96-422b-b8c4-b04f0095c94c/1","2026-09-22","ثابتة نظاميًا نسبيًا","VERIFIED","تدقيق تفصيلي ومصدر نظامي أولي فُتح وتحقق من بقائه متاحًا في هذه المرحلة.","LOW","نتيجة محدودة الأثر ومدعومة بمصدر رسمي دون مدة سقوط أو اختيار قضائي حاسم ظاهر.","اعتماد سريع","ما مقدار المدة وبدايتها ونهايتها والاستثناءات وأثر فواتها وفق النص المطبق على هذه الحالة؟","NEEDS REVIEW",""
"R-CIVIL-MISTAKE","المعاملات المدنية","Q001: وش صار معك؟ ← لي مبلغ أو حق مالي عند شخص أو جهة → Q010: المبلغ سببه وش؟ ← تعويض أو إخلال بعقد أو استرداد مبلغ غير مستحق → Q500: وش نوع مطالبتك المدنية؟ ← أبي أفسخ العقد أو أبطل العقد → Q501: وش سبب رغبتك في إنهاء العقد أو إبطاله؟ ← وافقت بسبب غلط جوهري","رضاك بالعقد تأثر بغلط تعتقد أنه جوهري.","المواد 57–60 تجيز طلب الإبطال عند الغلط الجوهري بشروطه، مع اشتراط ارتباط المتعاقد الآخر بالغلط على الوجه الذي حدده النظام.","المحكمة أو الجهة القضائية المختصة بحسب نوع الدعوى والمرحلة المبينة في النتيجة.","","غلط جوهري عند التعاقد | دعوى إبطال عقد بسبب الغلط","العقد وما يثبت حقيقة الغلط وجوهريته وعلم الطرف الآخر أو اشتراكه فيه بحسب الحالة.","العقد، المراسلات السابقة، الإعلان/الوصف، وأدلة حقيقة الصفة أو الشخص أو الحكم النظامي محل الغلط.","لا نثبت هنا مدة خاصة دون فحص مواد المدد المرتبطة بالإبطال في النظام.","رسوم خدمة صحيفة الدعوى: لا يوجد؛ وقد تنطبق التكاليف القضائية بحسب نوع القضية.","غير منطبق ظاهرًا","إذا لم يوجد سند تنفيذي أو مسار خاص، تُعرض المطالبة على المحكمة المختصة عبر صحيفة الدعوى وتفصل وفق العقد والوقائع والأدلة.","نظام المعاملات المدنية","","المواد 57-60: طلب الإبطال للغلط الجوهري؛ وشرط المادة 58؛ والغلط المادي بالحساب/الكتابة لا يؤثر؛ وحسن النية يقيد التمسك بالغلط. | المواد 57–60 و79","هيئة الخبراء بمجلس الوزراء — نظام المعاملات المدنية","https://laws.boe.gov.sa/BoeLaws/Laws/LawDetails/655fdb42-8c96-422b-b8c4-b04f0095c94c/1","2026-09-22","ثابتة نظاميًا نسبيًا","VERIFIED","تدقيق تفصيلي ومصدر نظامي أولي فُتح وتحقق من بقائه متاحًا في هذه المرحلة.","LOW","نتيجة محدودة الأثر ومدعومة بمصدر رسمي دون مدة سقوط أو اختيار قضائي حاسم ظاهر.","اعتماد سريع","هل الجهة والمحكمة ونوع الإجراء المحددة صحيحة لكل صور الحالة والاستثناءات المحتملة؟","NEEDS REVIEW",""
"R-CIVIL-NOTICE","المعاملات المدنية","Q001: وش صار معك؟ ← لي مبلغ أو حق مالي عند شخص أو جهة → Q010: المبلغ سببه وش؟ ← تعويض أو إخلال بعقد أو استرداد مبلغ غير مستحق → Q500: وش نوع مطالبتك المدنية؟ ← عندي شرط جزائي أو خلاف على الإعذار والتعويض → Q502: وش المشكلة في الإعذار أو التعويض الاتفاقي؟ ← هل لازم أعذر الطرف الآخر قبل المطالبة؟","تريد معرفة هل يلزم إعذار المدين قبل التنفيذ أو الفسخ أو التعويض.","المادتان 176–177 تحددان الحالات التي لا يشترط فيها الإعذار وطرق الإعذار، ومنها الوسيلة المتفق عليها أو وسائل التبليغ النظامية، ويشمل ذلك رفع الدعوى أو إجراء قضائيًا آخر.","المحكمة أو الجهة القضائية المختصة بحسب نوع الدعوى والمرحلة المبينة في النتيجة.","","الإعذار قبل المطالبة | إجراء سابق/جزء من الدعوى بحسب الحالة","العقد وبند الإعذار، تاريخ الاستحقاق، وأي إنذارات أو مراسلات أو إجراءات قضائية.","العقد، ما يثبت الاستحقاق، الإشعار وإثبات الإرسال/التسلم إن استُخدم.","لا مدة موحدة للإعذار في النظام؛ تتبع العقد أو النص الخاص.","رسوم خدمة صحيفة الدعوى: لا يوجد؛ وقد تنطبق التكاليف القضائية بحسب القضية.","غير منطبق ظاهرًا","إذا لم يوجد سند تنفيذي أو مسار خاص، تُعرض المطالبة على المحكمة المختصة عبر صحيفة الدعوى وتفصل وفق العقد والوقائع والأدلة.","نظام المعاملات المدنية","","المواد 176–177","هيئة الخبراء بمجلس الوزراء — نظام المعاملات المدنية","https://laws.boe.gov.sa/BoeLaws/Laws/LawDetails/655fdb42-8c96-422b-b8c4-b04f0095c94c/1","2026-09-22","ثابتة نظاميًا نسبيًا","VERIFIED","تدقيق تفصيلي ومصدر نظامي أولي فُتح وتحقق من بقائه متاحًا في هذه المرحلة.","LOW","نتيجة محدودة الأثر ومدعومة بمصدر رسمي دون مدة سقوط أو اختيار قضائي حاسم ظاهر.","اعتماد سريع","هل الجهة والمحكمة ونوع الإجراء المحددة صحيحة لكل صور الحالة والاستثناءات المحتملة؟","NEEDS REVIEW",""
"R-CIVIL-PREEMPTION","المعاملات المدنية","Q001: وش صار معك؟ ← لي مبلغ أو حق مالي عند شخص أو جهة → Q010: المبلغ سببه وش؟ ← تعويض أو إخلال بعقد أو استرداد مبلغ غير مستحق → Q500: وش نوع مطالبتك المدنية؟ ← ملكية مشتركة أو شفعة في عقار → Q513: وش المشكلة في الملكية المشتركة أو الشفعة؟ ← شريكي باع حصته في عقار وأبي آخذها بالشفعة","شريك يريد أخذ العقار المبيع بالشفعة.","تحقق فورًا من صفة الشريك، وأن انتقال الملكية تم بالبيع، ومن عدم وجود حالة تستبعد الشفعة، ثم راجع مواعيد الإعلام ورفع الدعوى. دعوى الشفعة ترفع على البائع أو المشتري، وللمحكمة أن تمهل الشفيع 15 يومًا لإيداع الثمن أو جزء منه وفق تقديرها.","المحكمة أو الجهة القضائية المختصة بحسب نوع الدعوى والمرحلة المبينة في النتيجة.","","دعوى شفعة","مستند الشراكة، بيانات البيع والبائع والمشتري والثمن، وتواريخ الإعذار والإعلام وتسجيل البيع. أرفق المستندات الداعمة بحسب تصنيف صحيفة الدعوى في ناجز.","","","","إذا لم يوجد سند تنفيذي أو مسار خاص، تُرفع المطالبة أمام المحكمة المختصة وتُفحص الوقائع والأدلة والدفوع.","إذا لم يوجد سند تنفيذي أو مسار خاص، تُرفع المطالبة أمام المحكمة المختصة وتُفحص الوقائع والأدلة والدفوع.","نظام المعاملات المدنية","","المواد 658–672","هيئة الخبراء بمجلس الوزراء — نظام المعاملات المدنية","https://laws.boe.gov.sa/BoeLaws/Laws/LawDetails/655fdb42-8c96-422b-b8c4-b04f0095c94c/1","2026-09-22","ثابتة نظاميًا نسبيًا","VERIFIED","تدقيق تفصيلي ومصدر نظامي أولي فُتح وتحقق من بقائه متاحًا في هذه المرحلة.","LOW","نتيجة محدودة الأثر ومدعومة بمصدر رسمي دون مدة سقوط أو اختيار قضائي حاسم ظاهر.","اعتماد سريع","ما مقدار المدة وبدايتها ونهايتها والاستثناءات وأثر فواتها وفق النص المطبق على هذه الحالة؟","NEEDS REVIEW",""
"R-CIVIL-PREEMPTION-DEADLINES","المعاملات المدنية","Q001: وش صار معك؟ ← لي مبلغ أو حق مالي عند شخص أو جهة → Q010: المبلغ سببه وش؟ ← تعويض أو إخلال بعقد أو استرداد مبلغ غير مستحق → Q500: وش نوع مطالبتك المدنية؟ ← ملكية مشتركة أو شفعة في عقار → Q513: وش المشكلة في الملكية المشتركة أو الشفعة؟ ← فاتت مدة أو ما أعلمت البائع والمشتري بالشفعة","يوجد احتمال سقوط حق الشفعة بسبب فوات الإشعار أو الدعوى.","تحقق من التواريخ فورًا: يسقط الحق إذا لم يُعلِم الشفيع البائع والمشتري برغبته خلال 10 أيام من الإعذار المستوفي للبيانات، أو لم يرفع دعوى الشفعة خلال 30 يومًا من تاريخ الإعلام؛ ولا تُسمع الدعوى بعد 180 يومًا من تاريخ تسجيل البيع.","المحكمة أو الجهة القضائية المختصة بحسب نوع الدعوى والمرحلة المبينة في النتيجة.","","دعوى شفعة — فحص مدة نظامية قبل التقديم","الإعذار، إشعار الرغبة، تاريخ تسجيل البيع، ما يثبت تواريخ التبليغ.","","","","إذا لم يوجد سند تنفيذي أو مسار خاص، تُرفع المطالبة أمام المحكمة المختصة وتُفحص الوقائع والأدلة والدفوع.","إذا لم يوجد سند تنفيذي أو مسار خاص، تُرفع المطالبة أمام المحكمة المختصة وتُفحص الوقائع والأدلة والدفوع.","نظام المعاملات المدنية","","المواد 666–668","هيئة الخبراء بمجلس الوزراء — نظام المعاملات المدنية","https://laws.boe.gov.sa/BoeLaws/Laws/LawDetails/655fdb42-8c96-422b-b8c4-b04f0095c94c/1","2026-09-22","ثابتة نظاميًا نسبيًا","VERIFIED","تدقيق تفصيلي ومصدر نظامي أولي فُتح وتحقق من بقائه متاحًا في هذه المرحلة.","LOW","نتيجة محدودة الأثر ومدعومة بمصدر رسمي دون مدة سقوط أو اختيار قضائي حاسم ظاهر.","اعتماد سريع","ما مقدار المدة وبدايتها ونهايتها والاستثناءات وأثر فواتها وفق النص المطبق على هذه الحالة؟","NEEDS REVIEW",""
"R-CIVIL-SALE-COSTS","المعاملات المدنية","Q001: وش صار معك؟ ← لي مبلغ أو حق مالي عند شخص أو جهة → Q010: المبلغ سببه وش؟ ← تعويض أو إخلال بعقد أو استرداد مبلغ غير مستحق → Q500: وش نوع مطالبتك المدنية؟ ← مشكلتي في عقد بيع أو مبيع → Q504: وش المشكلة في عقد البيع؟ ← خلاف على نفقات البيع أو التسجيل أو التسلم","الخلاف على من يتحمل نفقات الوفاء بالثمن أو تسلم المبيع أو عقد البيع أو تسجيله.","المادة 352 تجعل هذه النفقات على المشتري كأصل، ما لم يتفق الطرفان على خلاف ذلك.","المحكمة أو الجهة القضائية المختصة بحسب نوع الدعوى والمرحلة المبينة في النتيجة.","","مصاريف عقد البيع | دعوى/طلب مالي تابع لعقد بيع","العقد، الفواتير، بند المصروفات وأي اتفاق خاص.","عقد البيع، الفواتير والإيصالات، وإثبات السداد والمراسلات.","لا نثبت مدة موحدة؛ تتبع المطالبة الأصلية والنص المنطبق.","رسوم خدمة صحيفة الدعوى: لا يوجد؛ وقد تنطبق التكاليف القضائية بحسب القضية.","غير منطبق ظاهرًا","إذا لم يوجد سند تنفيذي أو مسار خاص، تُرفع المطالبة أمام المحكمة المختصة وتُفحص الوقائع والأدلة والدفوع.","نظام المعاملات المدنية","","أحكام البيع في نظام المعاملات المدنية هي المرجع الموضوعي، مع أولوية فحص الاتفاق المشروع بين الطرفين. | المادة 352","هيئة الخبراء بمجلس الوزراء — نظام المعاملات المدنية","https://laws.boe.gov.sa/BoeLaws/Laws/LawDetails/655fdb42-8c96-422b-b8c4-b04f0095c94c/1","2026-09-22","ثابتة نظاميًا نسبيًا","VERIFIED","تدقيق تفصيلي ومصدر نظامي أولي فُتح وتحقق من بقائه متاحًا في هذه المرحلة.","LOW","نتيجة محدودة الأثر ومدعومة بمصدر رسمي دون مدة سقوط أو اختيار قضائي حاسم ظاهر.","اعتماد سريع","ما مقدار المدة وبدايتها ونهايتها والاستثناءات وأثر فواتها وفق النص المطبق على هذه الحالة؟","NEEDS REVIEW",""
"R-CIVIL-SALE-NONPAYMENT-CLAUSE","المعاملات المدنية","Q001: وش صار معك؟ ← لي مبلغ أو حق مالي عند شخص أو جهة → Q010: المبلغ سببه وش؟ ← تعويض أو إخلال بعقد أو استرداد مبلغ غير مستحق → Q500: وش نوع مطالبتك المدنية؟ ← مشكلتي في عقد بيع أو مبيع → Q504: وش المشكلة في عقد البيع؟ ← بعت بشرط عدم الدفع في الموعد وأبي الفسخ","عقد البيع يحدد موعدًا للثمن ويشترط أنه عند عدم الدفع لا بيع بين الطرفين.","المادة 350 تقرر أنه إذا تحقق الشرط ولم يدفع المشتري في الموعد عُد البيع مفسوخًا إذا اختار البائع ذلك، دون حاجة إلى إعذار، ما لم يتفق على خلافه.","المحكمة أو الجهة القضائية المختصة بحسب نوع الدعوى والمرحلة المبينة في النتيجة.","","شرط مرتبط بعدم دفع ثمن المبيع | دعوى/دفع عقدي بحسب صياغة الشرط والإخلال","العقد ونص الشرط، تاريخ الاستحقاق، كشف السداد وأي اتفاق لاحق.","عقد البيع، جدول السداد، التحويلات، الإنذارات والمراسلات.","لا مدة خدمة خاصة؛ الاستحقاق يتبع العقد والنظام.","رسوم صحيفة الدعوى: لا يوجد؛ وقد تنطبق التكاليف القضائية بحسب القضية.","غير منطبق ظاهرًا","إذا لم يوجد سند تنفيذي أو مسار خاص، تُرفع المطالبة أمام المحكمة المختصة وتُفحص الوقائع والأدلة والدفوع.","نظام المعاملات المدنية","","أحكام البيع والفسخ في نظام المعاملات المدنية تطبق مع نص الشرط؛ الفسخ الاتفاقي لا يعفي من الإعذار إلا بنص صريح على الإعفاء وفق المادة 108. | المادة 350","هيئة الخبراء بمجلس الوزراء — نظام المعاملات المدنية","https://laws.boe.gov.sa/BoeLaws/Laws/LawDetails/655fdb42-8c96-422b-b8c4-b04f0095c94c/1","2026-09-22","ثابتة نظاميًا نسبيًا","VERIFIED","تدقيق تفصيلي ومصدر نظامي أولي فُتح وتحقق من بقائه متاحًا في هذه المرحلة.","LOW","نتيجة محدودة الأثر ومدعومة بمصدر رسمي دون مدة سقوط أو اختيار قضائي حاسم ظاهر.","اعتماد سريع","ما مقدار المدة وبدايتها ونهايتها والاستثناءات وأثر فواتها وفق النص المطبق على هذه الحالة؟","NEEDS REVIEW",""
"R-CIVIL-SALE-OTHER-OWNER","المعاملات المدنية","Q001: وش صار معك؟ ← لي مبلغ أو حق مالي عند شخص أو جهة → Q010: المبلغ سببه وش؟ ← تعويض أو إخلال بعقد أو استرداد مبلغ غير مستحق → Q500: وش نوع مطالبتك المدنية؟ ← مشكلتي في عقد بيع أو مبيع → Q504: وش المشكلة في عقد البيع؟ ← اشتريت شيئًا واتضح أن البائع لا يملكه","اشتريت مالًا معينًا ثم تبين أن البائع لم يكن مالكه ولم يكن مأذونًا بالبيع.","المادتان 359–360: البيع لا ينفذ في حق المالك ما لم يجزه، وللمشتري طلب إبطال البيع ما لم تؤول الملكية للبائع بعد العقد أو يجز المالك البيع؛ وإذا كان المشتري يجهل عدم الملكية وحكم بالإبطال فله المطالبة بالتعويض.","المحكمة أو الجهة القضائية المختصة بحسب نوع الدعوى والمرحلة المبينة في النتيجة.","","بيع مال يملكه شخص آخر/نزاع في الملكية | دعوى تتحدد بحسب الملكية والعقد","العقد، إثبات الدفع، مستندات الملكية، ما يثبت عدم علمك.","عقد البيع، سندات الملكية، الوكالات/الإجازات، إثبات الثمن والمراسلات.","لا نثبت مدة موحدة؛ تتحدد بحسب الحق والطلب النهائي.","رسوم خدمة صحيفة الدعوى: لا يوجد؛ وقد تنطبق التكاليف القضائية بحسب القضية.","غير منطبق ظاهرًا","إذا لم يوجد سند تنفيذي أو مسار خاص، تُرفع المطالبة أمام المحكمة المختصة وتُفحص الوقائع والأدلة والدفوع.","نظام المعاملات المدنية","","نظام المعاملات المدنية يحكم آثار العقد، لكن مسار النزاع قد يتغير إذا تعلق بعقار أو سجل عيني أو اختصاص خاص. | المادتان 359–360","هيئة الخبراء بمجلس الوزراء — نظام المعاملات المدنية","https://laws.boe.gov.sa/BoeLaws/Laws/LawDetails/655fdb42-8c96-422b-b8c4-b04f0095c94c/1","2026-09-22","ثابتة نظاميًا نسبيًا","VERIFIED","تدقيق تفصيلي ومصدر نظامي أولي فُتح وتحقق من بقائه متاحًا في هذه المرحلة.","LOW","نتيجة محدودة الأثر ومدعومة بمصدر رسمي دون مدة سقوط أو اختيار قضائي حاسم ظاهر.","اعتماد سريع","ما مقدار المدة وبدايتها ونهايتها والاستثناءات وأثر فواتها وفق النص المطبق على هذه الحالة؟","NEEDS REVIEW",""
"R-CIVIL-SALE-RISK","المعاملات المدنية","Q001: وش صار معك؟ ← لي مبلغ أو حق مالي عند شخص أو جهة → Q010: المبلغ سببه وش؟ ← تعويض أو إخلال بعقد أو استرداد مبلغ غير مستحق → Q500: وش نوع مطالبتك المدنية؟ ← مشكلتي في عقد بيع أو مبيع → Q504: وش المشكلة في عقد البيع؟ ← المبيع هلك أو تلف قبل التسليم","المبيع هلك أو تلف قبل أن يتم تسليمه.","المواد 327–329 تفرق بحسب سبب الهلاك: فعل المشتري، فعل البائع/الغير، أو سبب لا يد لأحد فيه. قد يثبت الفسخ أو استرداد الثمن أو التعويض بحسب السبب ومقدار الهلاك.","المحكمة أو الجهة القضائية المختصة بحسب نوع الدعوى والمرحلة المبينة في النتيجة.","","نزاع في تبعة هلاك/تلف المبيع | دعوى عقد بيع","العقد، دليل حالة المبيع، تاريخ التسليم المفترض، سبب الهلاك وتقارير الضرر.","العقد، محضر التسليم، الصور/التقارير، وثائق النقل والتأمين والمراسلات.","لا توجد مدة موحدة لهذه النتيجة؛ تتحدد بالنص والوقائع.","رسوم خدمة صحيفة الدعوى: لا يوجد؛ وقد تنطبق التكاليف القضائية بحسب القضية.","غير منطبق ظاهرًا","إذا لم يوجد سند تنفيذي أو مسار خاص، تُرفع المطالبة أمام المحكمة المختصة وتُفحص الوقائع والأدلة والدفوع.","نظام المعاملات المدنية","","أحكام البيع والتسليم في نظام المعاملات المدنية تحكم تبعة المبيع؛ لا يجوز تقرير الطرف المتحمل قبل تثبيت واقعة التسليم والسبب. | المواد 327–329","هيئة الخبراء بمجلس الوزراء — نظام المعاملات المدنية","https://laws.boe.gov.sa/BoeLaws/Laws/LawDetails/655fdb42-8c96-422b-b8c4-b04f0095c94c/1","2026-09-22","ثابتة نظاميًا نسبيًا","VERIFIED","تدقيق تفصيلي ومصدر نظامي أولي فُتح وتحقق من بقائه متاحًا في هذه المرحلة.","LOW","نتيجة محدودة الأثر ومدعومة بمصدر رسمي دون مدة سقوط أو اختيار قضائي حاسم ظاهر.","اعتماد سريع","ما مقدار المدة وبدايتها ونهايتها والاستثناءات وأثر فواتها وفق النص المطبق على هذه الحالة؟","NEEDS REVIEW",""
"R-CIVIL-SETOFF","المعاملات المدنية","Q001: وش صار معك؟ ← لي مبلغ أو حق مالي عند شخص أو جهة → Q010: المبلغ سببه وش؟ ← تعويض أو إخلال بعقد أو استرداد مبلغ غير مستحق → Q500: وش نوع مطالبتك المدنية؟ ← عندي مشكلة في الوفاء أو المقاصة أو مرور الزمن → Q503: وش المشكلة في انقضاء الالتزام أو المطالبة؟ ← كل واحد منا له دين على الثاني وأبي المقاصة","لك وللطرف الآخر ديون متقابلة وتريد إسقاطها بالمقاصة.","المواد 281–289 تنظم المقاصة. ومن شروط المقاصة النظامية في المادة 281 أن يكون الدينان مستحقي الأداء، متماثلين في المحل على الوجه المقرر، خاليين من النزاع، صالحين للمطالبة قضاءً وقابلين للحجز.","المحكمة أو الجهة القضائية المختصة بحسب نوع الدعوى والمرحلة المبينة في النتيجة.","","مقاصة بين دينين | دفع/طلب مقاصة بحسب شروط الدينين","مستند كل دين، مبالغ الاستحقاق وتواريخه، وما يثبت عدم النزاع أو أي اتفاق على المقاصة.","العقود، الإقرارات، الفواتير، التحويلات وأدلة الاستحقاق.","لا مدة خدمة خاصة؛ تفحص مدة سماع كل دين على حدة.","رسوم صحيفة الدعوى: لا يوجد؛ وقد تنطبق التكاليف القضائية بحسب القضية.","إذا لم يوجد سند تنفيذي أو مسار خاص، تُعرض المطالبة على المحكمة المختصة عبر صحيفة الدعوى وتفصل وفق العقد والوقائع والأدلة.","إذا لم يوجد سند تنفيذي أو مسار خاص، تُعرض المطالبة على المحكمة المختصة عبر صحيفة الدعوى وتفصل وفق العقد والوقائع والأدلة.","نظام المعاملات المدنية","","نظام المعاملات المدنية ينظم انقضاء الالتزام بالمقاصة؛ لا تفترض تحققها قبل فحص شروط الدينين. | المواد 281–289","هيئة الخبراء بمجلس الوزراء — نظام المعاملات المدنية","https://laws.boe.gov.sa/BoeLaws/Laws/LawDetails/655fdb42-8c96-422b-b8c4-b04f0095c94c/1","2026-09-22","ثابتة نظاميًا نسبيًا","VERIFIED","تدقيق تفصيلي ومصدر نظامي أولي فُتح وتحقق من بقائه متاحًا في هذه المرحلة.","LOW","نتيجة محدودة الأثر ومدعومة بمصدر رسمي دون مدة سقوط أو اختيار قضائي حاسم ظاهر.","اعتماد سريع","ما مقدار المدة وبدايتها ونهايتها والاستثناءات وأثر فواتها وفق النص المطبق على هذه الحالة؟","NEEDS REVIEW",""
"R-CIVIL-SUBCONTRACT","المعاملات المدنية","Q001: وش صار معك؟ ← لي مبلغ أو حق مالي عند شخص أو جهة → Q010: المبلغ سببه وش؟ ← تعويض أو إخلال بعقد أو استرداد مبلغ غير مستحق → Q500: وش نوع مطالبتك المدنية؟ ← مشكلتي في عقد مقاولة أو تنفيذ أعمال → Q505: وش المشكلة في عقد المقاولة؟ ← عندي مقاول باطن ومشكلة في المسؤولية","يوجد مقاول من الباطن وتريد تحديد من يتحمل المسؤولية أو من يطالب من.","المادتان 473–474 تجيزان الإسناد من الباطن ما لم يمنعه النظام أو الاتفاق أو طبيعة العمل، مع بقاء مسؤولية المقاول تجاه صاحب العمل؛ ولا يطالب المقاول من الباطن صاحب العمل مباشرة إلا إذا أحاله عليه المقاول.","المحكمة أو الجهة القضائية المختصة بحسب نوع الدعوى والمرحلة المبينة في النتيجة.","","نزاع مقاول من الباطن | دعوى مقاولة من الباطن بحسب أطراف العقد","العقد الأصلي، عقد الباطن، شرط منع الإسناد إن وجد، الحوالات والمطالبات.","عقد المقاولة من الباطن، المستخلصات ومحاضر الإنجاز، المراسلات، وأي حوالة على صاحب العمل.","لا نثبت مدة دعوى موحدة هنا.","رسوم خدمة صحيفة الدعوى: لا يوجد؛ وقد تنطبق التكاليف القضائية بحسب القضية.","غير منطبق ظاهرًا","إذا لم يوجد سند تنفيذي أو مسار خاص، تُرفع المطالبة أمام المحكمة المختصة وتُفحص الوقائع والأدلة والدفوع.","نظام المعاملات المدنية","","المادة 473 تجيز إسناد العمل للباطن ما لم يمنع النظام/الاتفاق/طبيعة العمل وتبقي مسؤولية المقاول تجاه صاحب العمل؛ المادة 474 تمنع المقاول من الباطن من مطالبة صاحب العمل لنفسه بما يستحقه المقاول إلا إذا أحاله عليه. | المادتان 473–474","هيئة الخبراء بمجلس الوزراء — نظام المعاملات المدنية","https://laws.boe.gov.sa/BoeLaws/Laws/LawDetails/655fdb42-8c96-422b-b8c4-b04f0095c94c/1","2026-09-22","ثابتة نظاميًا نسبيًا","VERIFIED","تدقيق تفصيلي ومصدر نظامي أولي فُتح وتحقق من بقائه متاحًا في هذه المرحلة.","LOW","نتيجة محدودة الأثر ومدعومة بمصدر رسمي دون مدة سقوط أو اختيار قضائي حاسم ظاهر.","اعتماد سريع","ما مقدار المدة وبدايتها ونهايتها والاستثناءات وأثر فواتها وفق النص المطبق على هذه الحالة؟","NEEDS REVIEW",""
"R-CIVIL-UNDUE-PAYMENT","المعاملات المدنية","Q001: وش صار معك؟ ← لي مبلغ أو حق مالي عند شخص أو جهة → Q010: المبلغ سببه وش؟ ← تعويض أو إخلال بعقد أو استرداد مبلغ غير مستحق → Q500: وش نوع مطالبتك المدنية؟ ← دفعت مبلغًا غير مستحق وأبي أسترده","دفعت أو حُوّل منك مال لشخص على أنه مستحق ثم تبيّن أنك تطلب استرداده لعدم الاستحقاق.","المواد 145 وما بعدها تنظم دفع غير المستحق؛ والأصل أن من تسلم وفاءً ما ليس مستحقًا له يرده، مع الاستثناءات الواردة في النظام.","المحكمة أو الجهة القضائية المختصة بحسب نوع الدعوى والمرحلة المبينة في النتيجة.","","استرداد دفع غير مستحق | دعوى رد غير المستحق","إثبات التحويل أو الدفع، سبب الدفع، وما يثبت عدم الاستحقاق أو زوال سببه.","إثبات التحويل/الدفع، سبب الدفع، العقد أو المستندات المرتبطة، والمراسلات بطلب الرد.","تُحدد بحسب النص الموضوعي والوقائع؛ لا توجد مدة خدمة موحدة لهذه المطالبة.","رسوم خدمة صحيفة الدعوى: لا يوجد؛ وقد تنطبق التكاليف القضائية.","غير منطبق ظاهرًا","إذا كانت مطالبة قضائية، تُقدّم عبر صحيفة الدعوى بالتصنيف المناسب وتُراجع المحكمة الوقائع والأدلة والطلبات.","نظام المعاملات المدنية","","المادة 145: من تسلم على سبيل الوفاء ما ليس مستحقًا وجب عليه رده؛ ولا محل للرد إذا كان الموفي يعلم أنه يدفع غير المستحق إلا إذا كان ناقص الأهلية أو مكرهًا.","هيئة الخبراء بمجلس الوزراء — نظام المعاملات المدنية","https://laws.boe.gov.sa/BoeLaws/Laws/LawDetails/655fdb42-8c96-422b-b8c4-b04f0095c94c/1","2026-09-22","ثابتة نظاميًا نسبيًا","VERIFIED","تدقيق تفصيلي ومصدر نظامي أولي فُتح وتحقق من بقائه متاحًا في هذه المرحلة.","LOW","نتيجة محدودة الأثر ومدعومة بمصدر رسمي دون مدة سقوط أو اختيار قضائي حاسم ظاهر.","اعتماد سريع","ما مقدار المدة وبدايتها ونهايتها والاستثناءات وأثر فواتها وفق النص المطبق على هذه الحالة؟","NEEDS REVIEW",""
"R-CIVIL-UNJUST-ENRICHMENT","المعاملات المدنية","Q001: وش صار معك؟ ← لي مبلغ أو حق مالي عند شخص أو جهة → Q010: المبلغ سببه وش؟ ← تعويض أو إخلال بعقد أو استرداد مبلغ غير مستحق → Q500: وش نوع مطالبتك المدنية؟ ← شخص استفاد من مالي بلا سبب مشروع","شخص أثرى على حسابك دون سبب مشروع وتطلب رد ما أثرى به أو التعويض في حدوده.","المادة 144 تقرر أن من يثري دون سبب مشروع على حساب غيره يلزمه في حدود ما أثرى به تعويضه عما لحقه من خسارة.","المحكمة أو الجهة القضائية المختصة بحسب نوع الدعوى والمرحلة المبينة في النتيجة.","","إثراء بلا سبب | دعوى تعويض عن إثراء بلا سبب","ما يثبت حصول المنفعة للطرف الآخر، الخسارة التي لحقت بك، وعدم وجود سبب مشروع يبرر انتقال المنفعة.","إثباتات التحويل أو المنفعة، مستندات قيمة الخسارة، والعقود/المراسلات التي تساعد على تحديد وجود السبب أو غيابه.","تُحدد بحسب النص الموضوعي والوقائع؛ لا توجد مدة خدمة موحدة لهذه المطالبة.","رسوم خدمة صحيفة الدعوى: لا يوجد؛ وقد تنطبق التكاليف القضائية.","غير منطبق ظاهرًا","إذا كانت مطالبة قضائية، تُقدّم عبر صحيفة الدعوى بالتصنيف المناسب وتُراجع المحكمة الوقائع والأدلة والطلبات.","نظام المعاملات المدنية","","المادة 144: من يثري دون سبب مشروع على حساب آخر يلزمه -في حدود ما أثرى به- تعويضه عما لحقه من خسارة، ويبقى الالتزام ولو زال الإثراء لاحقًا.","هيئة الخبراء بمجلس الوزراء — نظام المعاملات المدنية","https://laws.boe.gov.sa/BoeLaws/Laws/LawDetails/655fdb42-8c96-422b-b8c4-b04f0095c94c/1","2026-09-22","ثابتة نظاميًا نسبيًا","VERIFIED","تدقيق تفصيلي ومصدر نظامي أولي فُتح وتحقق من بقائه متاحًا في هذه المرحلة.","LOW","نتيجة محدودة الأثر ومدعومة بمصدر رسمي دون مدة سقوط أو اختيار قضائي حاسم ظاهر.","اعتماد سريع","ما مقدار المدة وبدايتها ونهايتها والاستثناءات وأثر فواتها وفق النص المطبق على هذه الحالة؟","NEEDS REVIEW",""
"R-MOMRA-CONTRACTOR","المعاملات المدنية","Q001: وش صار معك؟ ← بنك/تمويل/تأمين/زكاة/ضريبة/اتصالات/جهة حكومية → Q110: مشكلتك مع أي جهة أو خدمة؟ ← خصوصية أو طيران أو تعليم أو بلدية → Q269: وش نوع المشكلة المتخصصة الأخرى؟ ← صناعة / مقاولات / إعلام / تدريب / منشأة صحية → Q318: وش نوع الترخيص أو الخدمة المهنية للمنشأة؟ ← تصنيف / خدمات مقاولين","تريد معرفة مسار تصنيف أو تأهيل منشأة مقاولات.","ابدأ من خدمات تصنيف المقاولين لدى وزارة البلديات والإسكان وتحقق من الفئة/المجال والمتطلبات التي تنطبق على منشأتك.","وزارة البلديات والإسكان","","منصة بلدي","بيانات المنشأة والقدرات المالية والفنية والسجل والخبرات وفق متطلبات التصنيف.","","","","غير منطبق ظاهرًا","تتم دراسة الطلب وتظهر نتيجة التصنيف أو متطلبات الاستكمال إلكترونيًا.","","","","وزارة البلديات والإسكان — تصنيف المقاولين","https://contractors.momah.gov.sa/","2026-09-21","قابلة للتغير","INFERENCE","النتيجة تحليل إجرائي مرتبط بمصدر رسمي، لكن لا يوجد تحقق قانوني Result-by-Result لها.","LOW","نتيجة محدودة الأثر ومدعومة بمصدر رسمي دون مدة سقوط أو اختيار قضائي حاسم ظاهر.","نعم","هل يدعم المصدر الرسمي جميع الادعاءات العملية في النتيجة، أم يلزم تقييدها أو تقسيمها؟","NEEDS REVIEW",""
"R-QIWA-CONTRACT","المعاملات المدنية","Q001: وش صار معك؟ ← مشكلة عمل أو راتب أو فصل → Q050: أنت تشتغل عند مين؟ ← شركة أو مؤسسة في القطاع الخاص → Q054: وش صفتك أو وش الخدمة العمالية اللي تحتاجها؟ ← خدمة عقد / نقل موظف / رخصة عمل / حماية أجور → Q314: وش تحتاج بخصوص عقد العمل أو خدمات الموظف في القطاع الخاص؟ ← توثيق / قبول عقد العمل","تريد إنشاء أو توثيق عقد عمل إلكتروني في القطاع الخاص.","استخدم خدمة إدارة وتوثيق العقود في قوى، وأكمل بيانات العقد ثم أرسله للطرف الآخر للمراجعة والقبول أو الرفض.","وزارة الموارد البشرية والتنمية الاجتماعية","","قوى","بيانات المنشأة والموظف وبنود العقد المطلوبة في المنصة.","","","","غير منطبق ظاهرًا","يظهر العقد للطرف الآخر لاتخاذ الإجراء، وتتحدث حالته في قوى بعد الإجراء.","","","","وزارة الموارد البشرية والتنمية الاجتماعية — إدارة وتوثيق العقود عبر قوى","https://www.hrsd.gov.sa/ministry-services/services/إدارة-وتوثيق-العقود","2026-09-21","ثابتة نظاميًا نسبيًا","INFERENCE","النتيجة تحليل إجرائي مرتبط بمصدر رسمي، لكن لا يوجد تحقق قانوني Result-by-Result لها.","LOW","نتيجة محدودة الأثر ومدعومة بمصدر رسمي دون مدة سقوط أو اختيار قضائي حاسم ظاهر.","نعم","هل يدعم المصدر الرسمي جميع الادعاءات العملية في النتيجة، أم يلزم تقييدها أو تقسيمها؟","NEEDS REVIEW",""
"R-SP-MOTOR-SALE","المعاملات المدنية","Q001: وش صار معك؟ ← بنك/تمويل/تأمين/زكاة/ضريبة/اتصالات/جهة حكومية → Q110: مشكلتك مع أي جهة أو خدمة؟ ← خصوصية أو طيران أو تعليم أو بلدية → Q269: وش نوع المشكلة المتخصصة الأخرى؟ ← سيارة / حادث / لوحة مركبة → Q282: وش موضوع السيارة أو المرور؟ ← بيع / شراء / تفويض / تجديد استمارة أو رخصة → Q283: وش الخدمة اللي تحتاجها للمركبة أو الرخصة؟ ← أبيع أو أشتري سيارة وأنقل الملكية","تريد بيع أو شراء مركبة ونقل ملكيتها إلكترونيًا بين الأفراد.","ابدأ خدمة مبايعة المركبات في أبشر بعد معاينة المركبة والاتفاق مع الطرف الآخر، وأكمل المبايعة والدفع عبر مسار الخدمة.","منصة أبشر — وزارة الداخلية","","أبشر","حساب أبشر مفعل لكل من البائع والمشتري وحساب بنكي لكل منهما، مع استيفاء شروط المركبة والمبايعة الظاهرة في الخدمة.","","","","غير منطبق ظاهرًا","بعد استكمال خطوات المبايعة واختيار تسليم المركبة تُنقل الملكية ويُحوّل الثمن وفق آلية الخدمة.","","","","منصة أبشر — وزارة الداخلية — مبايعة المركبات","https://www.absher.sa/wps/portal/individuals/static/vot/","2026-09-20","قابلة للتغير","HUMAN DECISION","المصدر غير موجود أو ليس على نطاق حكومي/رسمي يمكن الاعتماد عليه آليًا.","LOW","نتيجة محدودة الأثر ومدعومة بمصدر رسمي دون مدة سقوط أو اختيار قضائي حاسم ظاهر.","نعم","هل يدعم المصدر الرسمي جميع الادعاءات العملية في النتيجة، أم يلزم تقييدها أو تقسيمها؟","NEEDS REVIEW",""
"R-SPECIAL-PRIVACY-FOLLOW","حماية البيانات","Q001: وش صار معك؟ ← بنك/تمويل/تأمين/زكاة/ضريبة/اتصالات/جهة حكومية → Q110: مشكلتك مع أي جهة أو خدمة؟ ← خصوصية أو طيران أو تعليم أو بلدية → Q269: وش نوع المشكلة المتخصصة الأخرى؟ ← خصوصية / بيانات شخصية / استخدام أو إفصاح غير مشروع → Q251: وين وصلت في شكوى الخصوصية؟ ← قدمت شكوى وما زالت قائمة","قدمت شكوى خصوصية أو بيانات شخصية وما زالت قائمة.","تابع الشكوى من القناة التي قدمتها عبرها واحتفظ برقمها وأي طلب استكمال.","الهيئة السعودية للبيانات والذكاء الاصطناعي (سدايا)","","","للمتابعة احتفظ برقم الشكوى وتاريخ تقديمها وأي طلب استكمال أو مراسلات لاحقة. هذه معلومات متابعة، والمرفقات الإضافية تُقدّم إذا طلبتها الجهة أو كانت لازمة لتوضيح الشكوى.","","","","غير منطبق ظاهرًا","تستمر معالجة الشكوى لدى الجهة التي استقبلتها، وقد يطلب منك استكمال بيانات أو مستندات قبل إغلاقها أو اتخاذ الإجراء المناسب.","نظام حماية البيانات الشخصية","اللائحة التنفيذية لنظام حماية البيانات الشخصية","","الهيئة السعودية للبيانات والذكاء الاصطناعي (سدايا) — اللائحة التنفيذية لنظام حماية البيانات الشخصية — تقديم ومعالجة الشكاوى","https://dgp.sdaia.gov.sa/wps/portal/pdp/knowledgecenter/details/PDPL2","2026-09-20","ثابتة نظاميًا نسبيًا","INFERENCE","النتيجة تحليل إجرائي مرتبط بمصدر رسمي، لكن لا يوجد تحقق قانوني Result-by-Result لها.","LOW","نتيجة محدودة الأثر ومدعومة بمصدر رسمي دون مدة سقوط أو اختيار قضائي حاسم ظاهر.","نعم","هل الجهة والمحكمة ونوع الإجراء المحددة صحيحة لكل صور الحالة والاستثناءات المحتملة؟","NEEDS REVIEW",""
"R-SPECIAL-PRIVACY-RESPONSE-REVIEW","حماية البيانات","Q001: وش صار معك؟ ← بنك/تمويل/تأمين/زكاة/ضريبة/اتصالات/جهة حكومية → Q110: مشكلتك مع أي جهة أو خدمة؟ ← خصوصية أو طيران أو تعليم أو بلدية → Q269: وش نوع المشكلة المتخصصة الأخرى؟ ← خصوصية / بيانات شخصية / استخدام أو إفصاح غير مشروع → Q251: وين وصلت في شكوى الخصوصية؟ ← صدر رد وأبي التصعيد","صدر رد في موضوع الخصوصية وتريد معرفة الخطوة التالية.","اقرأ رد الجهة وحدد هل عالج طلبك أم رفضه أو لم يستجب له. إذا كان اعتراضك متعلقًا بمخالفة أحكام نظام حماية البيانات الشخصية أو اللائحة، استخدم قناة تقديم الشكاوى لدى الجهة المختصة بحماية البيانات وأرفق الرد والمستندات المؤيدة.","الهيئة السعودية للبيانات والذكاء الاصطناعي (سدايا)","","","نسخة الطلب الأصلي + رد الجهة إن وجد + ما يثبت تاريخ الرد أو عدم الاستجابة + وصف المخالفة والبيانات محلها + المستندات المؤيدة.","","","","تُدرس الشكوى وفق إجراءات الجهة المختصة، وقد يُطلب منك استكمال معلومات أو مستندات. احتفظ برقم الشكوى لمتابعتها.","تُدرس الشكوى وفق إجراءات الجهة المختصة، وقد يُطلب منك استكمال معلومات أو مستندات. احتفظ برقم الشكوى لمتابعتها.","نظام حماية البيانات الشخصية","اللائحة التنفيذية لنظام حماية البيانات الشخصية","","الهيئة السعودية للبيانات والذكاء الاصطناعي (سدايا) — اللائحة التنفيذية لنظام حماية البيانات الشخصية — تقديم ومعالجة الشكاوى","https://dgp.sdaia.gov.sa/wps/portal/pdp/knowledgecenter/details/PDPL2","2026-09-20","ثابتة نظاميًا نسبيًا","INFERENCE","النتيجة تحليل إجرائي مرتبط بمصدر رسمي، لكن لا يوجد تحقق قانوني Result-by-Result لها.","LOW","نتيجة محدودة الأثر ومدعومة بمصدر رسمي دون مدة سقوط أو اختيار قضائي حاسم ظاهر.","نعم","ما مقدار المدة وبدايتها ونهايتها والاستثناءات وأثر فواتها وفق النص المطبق على هذه الحالة؟","NEEDS REVIEW",""
"R-SPECIAL-PRIVACY-START","حماية البيانات","Q001: وش صار معك؟ ← بنك/تمويل/تأمين/زكاة/ضريبة/اتصالات/جهة حكومية → Q110: مشكلتك مع أي جهة أو خدمة؟ ← خصوصية أو طيران أو تعليم أو بلدية → Q269: وش نوع المشكلة المتخصصة الأخرى؟ ← خصوصية / بيانات شخصية / استخدام أو إفصاح غير مشروع → Q251: وين وصلت في شكوى الخصوصية؟ ← ما قدمت شكوى أو مو متأكد من المرحلة","لم تبدأ شكوى حماية البيانات بعد.","ابدأ أولًا بطلب ممارسة الحق أو الشكوى لدى الجهة التي تعالج بياناتك، واحتفظ برقم الطلب والرد قبل التصعيد للجهة المختصة.","الهيئة السعودية للبيانات والذكاء الاصطناعي (سدايا)","","شكوى أولية قبل التصعيد","للمتابعة احتفظ برقم الشكوى وتاريخ تقديمها وأي طلب استكمال أو مراسلات لاحقة. هذه معلومات متابعة، والمرفقات الإضافية تُقدّم إذا طلبتها الجهة أو كانت لازمة لتوضيح الشكوى.","","","","غير منطبق ظاهرًا","تستمر معالجة الشكوى لدى الجهة التي استقبلتها، وقد يطلب منك استكمال بيانات أو مستندات قبل إغلاقها أو اتخاذ الإجراء المناسب.","نظام حماية البيانات الشخصية","اللائحة التنفيذية لنظام حماية البيانات الشخصية","","الهيئة السعودية للبيانات والذكاء الاصطناعي (سدايا) — اللائحة التنفيذية لنظام حماية البيانات الشخصية — تقديم ومعالجة الشكاوى","https://dgp.sdaia.gov.sa/wps/portal/pdp/knowledgecenter/details/PDPL2","2026-09-23","ثابتة نظاميًا نسبيًا","INFERENCE","النتيجة تحليل إجرائي مرتبط بمصدر رسمي، لكن لا يوجد تحقق قانوني Result-by-Result لها.","LOW","نتيجة محدودة الأثر ومدعومة بمصدر رسمي دون مدة سقوط أو اختيار قضائي حاسم ظاهر.","نعم","هل الجهة والمحكمة ونوع الإجراء المحددة صحيحة لكل صور الحالة والاستثناءات المحتملة؟","NEEDS REVIEW",""
"R-BALADY-BUILDING-INQUIRY","عام ومتعدد القطاعات","Q001: وش صار معك؟ ← بنك/تمويل/تأمين/زكاة/ضريبة/اتصالات/جهة حكومية → Q110: مشكلتك مع أي جهة أو خدمة؟ ← خصوصية أو طيران أو تعليم أو بلدية → Q269: وش نوع المشكلة المتخصصة الأخرى؟ ← مشكلة بلدية أو مخالفة أو ترخيص بلدي → Q265: وش نوع مشكلتك مع البلدية؟ ← استعلام عن رخصة بناء","تريد التحقق من بيانات أو حالة رخصة بناء.","ادخل بلدي ومن قائمة الاستعلامات اختر «استعلام عن رخصة بناء» ثم ابدأ الخدمة وأدخل بيانات الاستعلام المطلوبة.","منصة بلدي — وزارة البلديات والإسكان","","منصة بلدي","بيانات الرخصة أو البيانات التي يطلبها نموذج الاستعلام الرسمي.","","","","تظهر لك بيانات الرخصة المتاحة إلكترونيًا دون مراجعة الجهة.","تظهر لك بيانات الرخصة المتاحة إلكترونيًا دون مراجعة الجهة.","","","","منصة بلدي — وزارة البلديات والإسكان — استعلام عن رخصة بناء","https://balady.gov.sa/ar/services/استعلام-عن-رخصة-بناء","2026-09-21","قابلة للتغير","INFERENCE","النتيجة تحليل إجرائي مرتبط بمصدر رسمي، لكن لا يوجد تحقق قانوني Result-by-Result لها.","LOW","نتيجة محدودة الأثر ومدعومة بمصدر رسمي دون مدة سقوط أو اختيار قضائي حاسم ظاهر.","نعم","ما مقدار المدة وبدايتها ونهايتها والاستثناءات وأثر فواتها وفق النص المطبق على هذه الحالة؟","NEEDS REVIEW",""
"R-BALADY-BUILDING-LICENSE","عام ومتعدد القطاعات","Q001: وش صار معك؟ ← بنك/تمويل/تأمين/زكاة/ضريبة/اتصالات/جهة حكومية → Q110: مشكلتك مع أي جهة أو خدمة؟ ← خصوصية أو طيران أو تعليم أو بلدية → Q269: وش نوع المشكلة المتخصصة الأخرى؟ ← مشكلة بلدية أو مخالفة أو ترخيص بلدي → Q265: وش نوع مشكلتك مع البلدية؟ ← إصدار رخصة بناء / رخصة إنشائية جديدة","تريد إصدار رخصة بناء جديدة عبر منصة بلدي.","من بلدي افتح الطلبات، اختر تقديم جديد ثم طلب إصدار، وبعدها الرخص الإنشائية ← إصدار رخصة بناء. اختر نوع الرخصة وتابع القرار المساحي والمكتب الهندسي داخل الطلب.","منصة بلدي — وزارة البلديات والإسكان","","منصة بلدي","حدد المالك ومقدم الطلب ونوع الرخصة، ثم اختر القرار المساحي المتاح أو مسار إصداره عبر المكتب الهندسي. بقية الرسومات والمستندات والموافقات تظهر بحسب نوع وموقع البناء.","","","","غير منطبق ظاهرًا","يُستكمل الطلب إلكترونيًا مع المكتب الهندسي والرسومات والمستندات والموافقات المطلوبة بحسب الحالة، ثم تصدر الرخصة بعد استيفاء المتطلبات واعتماد الطلب.","","","","منصة بلدي — وزارة البلديات والإسكان — إصدار رخصة بناء — الرخص الإنشائية","https://balady.gov.sa/ar/services/10472","2026-09-21","قابلة للتغير","INFERENCE","النتيجة تحليل إجرائي مرتبط بمصدر رسمي، لكن لا يوجد تحقق قانوني Result-by-Result لها.","LOW","نتيجة محدودة الأثر ومدعومة بمصدر رسمي دون مدة سقوط أو اختيار قضائي حاسم ظاهر.","نعم","هل يدعم المصدر الرسمي جميع الادعاءات العملية في النتيجة، أم يلزم تقييدها أو تقسيمها؟","NEEDS REVIEW",""
"R-BALADY-BUILDING-RENEW","عام ومتعدد القطاعات","Q001: وش صار معك؟ ← بنك/تمويل/تأمين/زكاة/ضريبة/اتصالات/جهة حكومية → Q110: مشكلتك مع أي جهة أو خدمة؟ ← خصوصية أو طيران أو تعليم أو بلدية → Q269: وش نوع المشكلة المتخصصة الأخرى؟ ← مشكلة بلدية أو مخالفة أو ترخيص بلدي → Q265: وش نوع مشكلتك مع البلدية؟ ← تجديد رخصة بناء","لديك رخصة بناء وتريد تجديدها.","افتح خدمة «تجديد رخصة بناء» في بلدي، اختر الرخصة المطلوب تجديدها وأكمل المتطلبات التي تعرضها الخدمة.","منصة بلدي — وزارة البلديات والإسكان","","منصة بلدي","بيانات رخصة البناء الحالية، وأي متطلبات أو مرفقات تعرضها الخدمة بحسب حالة الرخصة.","","","","غير منطبق ظاهرًا","يُعالج طلب التجديد إلكترونيًا، وبعد استيفاء المتطلبات والسداد عند وجود رسوم تصدر الرخصة المجددة.","","","","منصة بلدي — وزارة البلديات والإسكان — تجديد رخصة بناء","https://balady.gov.sa/ar/services/تجديد-رخصة-بناء","2026-09-21","قابلة للتغير","INFERENCE","النتيجة تحليل إجرائي مرتبط بمصدر رسمي، لكن لا يوجد تحقق قانوني Result-by-Result لها.","LOW","نتيجة محدودة الأثر ومدعومة بمصدر رسمي دون مدة سقوط أو اختيار قضائي حاسم ظاهر.","نعم","هل الجهة والمحكمة ونوع الإجراء المحددة صحيحة لكل صور الحالة والاستثناءات المحتملة؟","NEEDS REVIEW",""
"R-BALADY-LICENSE-INQUIRY","عام ومتعدد القطاعات","Q001: وش صار معك؟ ← بنك/تمويل/تأمين/زكاة/ضريبة/اتصالات/جهة حكومية → Q110: مشكلتك مع أي جهة أو خدمة؟ ← خصوصية أو طيران أو تعليم أو بلدية → Q269: وش نوع المشكلة المتخصصة الأخرى؟ ← رخصة نشاط تجاري / إصدار أو تجديد أو استعلام في بلدي → Q308: وش تحتاج بخصوص الرخصة التجارية في بلدي؟ ← الاستعلام عن رخصة نشاط تجاري","تريد التحقق من بيانات أو حالة رخصة نشاط تجاري.","استخدم خدمة الاستعلام عن رخصة نشاط تجاري في بلدي وأدخل بيانات البحث المطلوبة.","وزارة البلديات والإسكان — بلدي","","منصة بلدي","بيانات الرخصة وصاحبها والبلدية بحسب حقول خدمة الاستعلام.","","","","غير منطبق ظاهرًا","تظهر لك بيانات الرخصة الأساسية وحالتها والنشاط المسجل في نتيجة الاستعلام.","","","","وزارة البلديات والإسكان — بلدي — استعلام عن رخصة نشاط تجاري","https://apps.balady.gov.sa/Eservices/Inquiries/vocational","2026-09-21","قابلة للتغير","INFERENCE","النتيجة تحليل إجرائي مرتبط بمصدر رسمي، لكن لا يوجد تحقق قانوني Result-by-Result لها.","LOW","نتيجة محدودة الأثر ومدعومة بمصدر رسمي دون مدة سقوط أو اختيار قضائي حاسم ظاهر.","نعم","هل يدعم المصدر الرسمي جميع الادعاءات العملية في النتيجة، أم يلزم تقييدها أو تقسيمها؟","NEEDS REVIEW",""
"R-BALADY-LICENSE-ISSUE","عام ومتعدد القطاعات","Q001: وش صار معك؟ ← بنك/تمويل/تأمين/زكاة/ضريبة/اتصالات/جهة حكومية → Q110: مشكلتك مع أي جهة أو خدمة؟ ← خصوصية أو طيران أو تعليم أو بلدية → Q269: وش نوع المشكلة المتخصصة الأخرى؟ ← رخصة نشاط تجاري / إصدار أو تجديد أو استعلام في بلدي → Q308: وش تحتاج بخصوص الرخصة التجارية في بلدي؟ ← إصدار رخصة نشاط تجاري","تريد إصدار رخصة تجارية لنشاط عبر منصة بلدي.","ادخل بلدي واختر خدمات رخص الأنشطة التجارية ثم خدمة إصدار رخصة تجارية وأكمل بيانات الطلب.","وزارة البلديات والإسكان — بلدي","","منصة بلدي","جهّز بيانات المنشأة والنشاط والموقع، ثم أكمل المتطلبات والموافقات التي تظهر لك بحسب النشاط.","","","","غير منطبق ظاهرًا","تتابع الطلب من بلدي وتستكمل أي متطلبات مرتبطة به حتى صدور الرخصة.","","","","وزارة البلديات والإسكان — بلدي — إصدار رخصة تجارية","https://www.balady.gov.sa/ar/services/11010","2026-09-21","قابلة للتغير","INFERENCE","النتيجة تحليل إجرائي مرتبط بمصدر رسمي، لكن لا يوجد تحقق قانوني Result-by-Result لها.","LOW","نتيجة محدودة الأثر ومدعومة بمصدر رسمي دون مدة سقوط أو اختيار قضائي حاسم ظاهر.","نعم","هل يدعم المصدر الرسمي جميع الادعاءات العملية في النتيجة، أم يلزم تقييدها أو تقسيمها؟","NEEDS REVIEW",""
"R-BALADY-LICENSE-RENEW","عام ومتعدد القطاعات","Q001: وش صار معك؟ ← بنك/تمويل/تأمين/زكاة/ضريبة/اتصالات/جهة حكومية → Q110: مشكلتك مع أي جهة أو خدمة؟ ← خصوصية أو طيران أو تعليم أو بلدية → Q269: وش نوع المشكلة المتخصصة الأخرى؟ ← رخصة نشاط تجاري / إصدار أو تجديد أو استعلام في بلدي → Q308: وش تحتاج بخصوص الرخصة التجارية في بلدي؟ ← تجديد رخصة نشاط تجاري","لديك رخصة نشاط تجاري وتريد تجديدها عبر منصة بلدي.","ادخل بلدي واختر خدمات رخص الأنشطة التجارية ثم تجديد رخصة نشاط تجاري وحدد الرخصة وأكمل الطلب.","وزارة البلديات والإسكان — بلدي","","منصة بلدي","بيانات الرخصة الحالية وأي متطلبات أو تحديثات يطلبها النظام بحسب النشاط.","","","","غير منطبق ظاهرًا","تتابع طلب التجديد في بلدي وتستكمل المتطلبات حتى تحديث حالة الرخصة.","","","","وزارة البلديات والإسكان — بلدي — تجديد رخصة نشاط تجاري","https://www.balady.gov.sa/ar/services/10485","2026-09-21","قابلة للتغير","INFERENCE","النتيجة تحليل إجرائي مرتبط بمصدر رسمي، لكن لا يوجد تحقق قانوني Result-by-Result لها.","LOW","نتيجة محدودة الأثر ومدعومة بمصدر رسمي دون مدة سقوط أو اختيار قضائي حاسم ظاهر.","نعم","هل يدعم المصدر الرسمي جميع الادعاءات العملية في النتيجة، أم يلزم تقييدها أو تقسيمها؟","NEEDS REVIEW",""
"R-BALADY-OCCUPANCY","عام ومتعدد القطاعات","Q001: وش صار معك؟ ← بنك/تمويل/تأمين/زكاة/ضريبة/اتصالات/جهة حكومية → Q110: مشكلتك مع أي جهة أو خدمة؟ ← خصوصية أو طيران أو تعليم أو بلدية → Q269: وش نوع المشكلة المتخصصة الأخرى؟ ← مشكلة بلدية أو مخالفة أو ترخيص بلدي → Q265: وش نوع مشكلتك مع البلدية؟ ← اكتمل البناء وأحتاج شهادة إشغال","اكتمل البناء وتريد إصدار شهادة إشغال للمبنى القائم.","من منتج الرخص الإنشائية في بلدي اختر «إصدار شهادة إشغال» وابدأ الطلب للرخصة والمبنى المعني.","منصة بلدي — وزارة البلديات والإسكان","","منصة بلدي","بيانات رخصة البناء والمبنى، ثم المتطلبات والمرفقات التي تظهر في مسار شهادة الإشغال بحسب الحالة.","","","","غير منطبق ظاهرًا","بعد استكمال الطلب واعتماده تصدر شهادة الإشغال، وتذكر بلدي أن شهادة الامتثال تصدر بعدها بشكل استباقي.","","","","منصة بلدي — وزارة البلديات والإسكان — الرخص الإنشائية — إصدار شهادة إشغال","https://balady.gov.sa/ar/products/الرخص-الإنشائية?page=1","2026-09-21","قابلة للتغير","INFERENCE","النتيجة تحليل إجرائي مرتبط بمصدر رسمي، لكن لا يوجد تحقق قانوني Result-by-Result لها.","LOW","نتيجة محدودة الأثر ومدعومة بمصدر رسمي دون مدة سقوط أو اختيار قضائي حاسم ظاهر.","نعم","هل الجهة والمحكمة ونوع الإجراء المحددة صحيحة لكل صور الحالة والاستثناءات المحتملة؟","NEEDS REVIEW",""
"R-CA-APPEAL","عام ومتعدد القطاعات","Q001: وش صار معك؟ ← بنك/تمويل/تأمين/زكاة/ضريبة/اتصالات/جهة حكومية → Q110: مشكلتك مع أي جهة أو خدمة؟ ← جهة حكومية أو تنظيمية → Q266: وش نوع الجهة الحكومية أو التنظيمية؟ ← حساب المواطن / أهلية أو دفعة → Q298: وش مشكلتك في حساب المواطن؟ ← قرار عدم أهلية / إيقاف / إنقاص الدعم وأبي أعترض","عندك قرار في حساب المواطن وتريد الاعتراض عليه.","ادخل حساب المواطن وافتح الاعتراض على القرار وأكمل النموذج الإلكتروني والمستندات الداعمة.","برنامج حساب المواطن","","","سبب القرار وما يدعم تصحيح البيانات أو الاعتراض.","","","","يُقيد الاعتراض ويُعرض وفق إجراءات لجنة الاعتراضات.","يُقيد الاعتراض ويُعرض وفق إجراءات لجنة الاعتراضات.","","","","برنامج حساب المواطن — ضوابط الدعم المقدم من خلال برنامج حساب المواطن","https://portal.ca.gov.sa/sites/default/files/لوائح وأنظمة ضوابط الدعم المقدم من خلال برنامج حساب المواطن.pdf","2026-09-21","ثابتة نظاميًا نسبيًا","INFERENCE","النتيجة تحليل إجرائي مرتبط بمصدر رسمي، لكن لا يوجد تحقق قانوني Result-by-Result لها.","LOW","نتيجة محدودة الأثر ومدعومة بمصدر رسمي دون مدة سقوط أو اختيار قضائي حاسم ظاهر.","نعم","ما مقدار المدة وبدايتها ونهايتها والاستثناءات وأثر فواتها وفق النص المطبق على هذه الحالة؟","NEEDS REVIEW",""
"R-CA-IBAN","عام ومتعدد القطاعات","Q001: وش صار معك؟ ← بنك/تمويل/تأمين/زكاة/ضريبة/اتصالات/جهة حكومية → Q110: مشكلتك مع أي جهة أو خدمة؟ ← جهة حكومية أو تنظيمية → Q266: وش نوع الجهة الحكومية أو التنظيمية؟ ← حساب المواطن / أهلية أو دفعة → Q298: وش مشكلتك في حساب المواطن؟ ← الحساب البنكي غير فعال والدفعة ما وصلت","الدعم مستحق لكن الحساب البنكي غير فعال.","فعّل الحساب البنكي باسمك ثم استخدم «تأكيد الحساب البنكي» في بوابة حساب المواطن.","برنامج حساب المواطن","","","حساب بنكي فعال باسم المستفيد الرئيسي.","","","","بعد معالجة الحساب البنكي وتأكيده يمكن استكمال صرف المبلغ وفق إجراءات البرنامج.","بعد معالجة الحساب البنكي وتأكيده يمكن استكمال صرف المبلغ وفق إجراءات البرنامج.","","","","برنامج حساب المواطن — مقدار الدعم المقدم من خلال حساب المواطن","https://portal.ca.gov.sa/sites/default/files/مقدار الدعم المقدم من خلال حساب المواطن_0.pdf","2026-09-21","ثابتة نظاميًا نسبيًا","INFERENCE","النتيجة تحليل إجرائي مرتبط بمصدر رسمي، لكن لا يوجد تحقق قانوني Result-by-Result لها.","LOW","نتيجة محدودة الأثر ومدعومة بمصدر رسمي دون مدة سقوط أو اختيار قضائي حاسم ظاهر.","نعم","ما مقدار المدة وبدايتها ونهايتها والاستثناءات وأثر فواتها وفق النص المطبق على هذه الحالة؟","NEEDS REVIEW",""
"R-CA-PAYMENT-COMPLAINT","عام ومتعدد القطاعات","Q001: وش صار معك؟ ← بنك/تمويل/تأمين/زكاة/ضريبة/اتصالات/جهة حكومية → Q110: مشكلتك مع أي جهة أو خدمة؟ ← جهة حكومية أو تنظيمية → Q266: وش نوع الجهة الحكومية أو التنظيمية؟ ← حساب المواطن / أهلية أو دفعة → Q298: وش مشكلتك في حساب المواطن؟ ← قيمة الدفعة ناقصة وأبي أشتكي","قيمة دفعة حساب المواطن أقل مما تتوقع.","إدارة الحساب ← ملخص الدفعات المالية ← «شكوى» أمام مبلغ الاستحقاق.","برنامج حساب المواطن","","","بيانات الدفعة وسبب الشكوى وما يدعمها عند الحاجة.","","","","تُراجع الشكوى، وتوضح وثيقة البرنامج أن المستفيد يعوض عن الدفعة محل الشكوى عند قبولها.","تُراجع الشكوى، وتوضح وثيقة البرنامج أن المستفيد يعوض عن الدفعة محل الشكوى عند قبولها.","","","","برنامج حساب المواطن — مقدار الدعم المقدم من خلال حساب المواطن","https://portal.ca.gov.sa/sites/default/files/مقدار الدعم المقدم من خلال حساب المواطن_0.pdf","2026-09-21","ثابتة نظاميًا نسبيًا","INFERENCE","النتيجة تحليل إجرائي مرتبط بمصدر رسمي، لكن لا يوجد تحقق قانوني Result-by-Result لها.","LOW","نتيجة محدودة الأثر ومدعومة بمصدر رسمي دون مدة سقوط أو اختيار قضائي حاسم ظاهر.","نعم","ما مقدار المدة وبدايتها ونهايتها والاستثناءات وأثر فواتها وفق النص المطبق على هذه الحالة؟","NEEDS REVIEW",""
"R-GCAM-MEDIA","عام ومتعدد القطاعات","Q001: وش صار معك؟ ← بنك/تمويل/تأمين/زكاة/ضريبة/اتصالات/جهة حكومية → Q110: مشكلتك مع أي جهة أو خدمة؟ ← خصوصية أو طيران أو تعليم أو بلدية → Q269: وش نوع المشكلة المتخصصة الأخرى؟ ← صناعة / مقاولات / إعلام / تدريب / منشأة صحية → Q318: وش نوع الترخيص أو الخدمة المهنية للمنشأة؟ ← ترخيص إعلامي / موثوق","تريد ممارسة نشاط إعلامي أو إعلاني من الأنشطة التي تنظمها الهيئة.","حدد نوع النشاط أولًا في منصة الخدمات الإعلامية للهيئة العامة لتنظيم الإعلام ثم قدّم على الترخيص أو التصريح المناسب.","الهيئة العامة لتنظيم الإعلام","","","بيانات الفرد أو المنشأة والنشاط والحسابات/الوسائل والمتطلبات الخاصة بالخدمة.","","","","غير منطبق ظاهرًا","تراجع الهيئة الطلب وتصدر الترخيص/التصريح أو تطلب استكمال المتطلبات.","","","","الهيئة العامة لتنظيم الإعلام — الخدمات والتراخيص الإعلامية","https://gmedia.gov.sa/","2026-09-21","ثابتة نظاميًا نسبيًا","INFERENCE","النتيجة تحليل إجرائي مرتبط بمصدر رسمي، لكن لا يوجد تحقق قانوني Result-by-Result لها.","LOW","نتيجة محدودة الأثر ومدعومة بمصدر رسمي دون مدة سقوط أو اختيار قضائي حاسم ظاهر.","نعم","هل يدعم المصدر الرسمي جميع الادعاءات العملية في النتيجة، أم يلزم تقييدها أو تقسيمها؟","NEEDS REVIEW",""
"R-HAJ-COMPLAINT","عام ومتعدد القطاعات","Q001: وش صار معك؟ ← بنك/تمويل/تأمين/زكاة/ضريبة/اتصالات/جهة حكومية → Q110: مشكلتك مع أي جهة أو خدمة؟ ← خصوصية أو طيران أو تعليم أو بلدية → Q269: وش نوع المشكلة المتخصصة الأخرى؟ ← حج / عمرة / نسك / تصريح عمرة أو زيارة الروضة → Q305: وش تحتاج بخصوص الحج أو العمرة أو الزيارة؟ ← شكوى أو بلاغ على خدمة حج أو عمرة","لديك شكوى أو بلاغ متعلق بخدمة حج أو عمرة أو زيارة.","قدّم تفاصيل الشكوى عبر قنوات خدمات المستفيدين الرسمية للوزارة.","وزارة الحج والعمرة","","","تفاصيل الواقعة والخدمة ومقدمها والأدلة المتاحة.","","","","غير منطبق ظاهرًا","تستقبل الوزارة الشكوى أو البلاغ وتتعامل معه ضمن آلية خدمات المستفيدين.","","","","وزارة الحج والعمرة — دليل آلية التعامل مع شكاوى وبلاغات ضيوف الرحمن","https://media1.haj.gov.sa/Uploads/Files/CRMGuide.pdf","2026-09-21","ثابتة نظاميًا نسبيًا","INFERENCE","النتيجة تحليل إجرائي مرتبط بمصدر رسمي، لكن لا يوجد تحقق قانوني Result-by-Result لها.","LOW","نتيجة محدودة الأثر ومدعومة بمصدر رسمي دون مدة سقوط أو اختيار قضائي حاسم ظاهر.","نعم","هل يدعم المصدر الرسمي جميع الادعاءات العملية في النتيجة، أم يلزم تقييدها أو تقسيمها؟","NEEDS REVIEW",""
"R-HAJ-NUSUK-GUIDANCE","عام ومتعدد القطاعات","Q001: وش صار معك؟ ← بنك/تمويل/تأمين/زكاة/ضريبة/اتصالات/جهة حكومية → Q110: مشكلتك مع أي جهة أو خدمة؟ ← خصوصية أو طيران أو تعليم أو بلدية → Q269: وش نوع المشكلة المتخصصة الأخرى؟ ← حج / عمرة / نسك / تصريح عمرة أو زيارة الروضة → Q305: وش تحتاج بخصوص الحج أو العمرة أو الزيارة؟ ← أبي معلومات وإرشادات رسمية عن الحج والعمرة والزيارة","تحتاج معلومات رسمية عن الحج أو العمرة أو الزيارة.","ابدأ من بوابة الوزارة أو نسك واختر الخدمة أو الدليل المطابق لحالتك.","وزارة الحج والعمرة","","نسك","تحديد نوع الخدمة أو المرحلة المطلوبة.","","","","غير منطبق ظاهرًا","تصل إلى الخدمة أو الإرشاد الرسمي المطابق لحالتك.","","","","وزارة الحج والعمرة — وزارة الحج والعمرة — البوابة الرسمية","https://haj.gov.sa/ar","2026-09-21","ثابتة نظاميًا نسبيًا","INFERENCE","النتيجة تحليل إجرائي مرتبط بمصدر رسمي، لكن لا يوجد تحقق قانوني Result-by-Result لها.","LOW","نتيجة محدودة الأثر ومدعومة بمصدر رسمي دون مدة سقوط أو اختيار قضائي حاسم ظاهر.","نعم","هل يدعم المصدر الرسمي جميع الادعاءات العملية في النتيجة، أم يلزم تقييدها أو تقسيمها؟","NEEDS REVIEW",""
"R-HAJ-NUSUK-PERMIT","عام ومتعدد القطاعات","Q001: وش صار معك؟ ← بنك/تمويل/تأمين/زكاة/ضريبة/اتصالات/جهة حكومية → Q110: مشكلتك مع أي جهة أو خدمة؟ ← خصوصية أو طيران أو تعليم أو بلدية → Q269: وش نوع المشكلة المتخصصة الأخرى؟ ← حج / عمرة / نسك / تصريح عمرة أو زيارة الروضة → Q305: وش تحتاج بخصوص الحج أو العمرة أو الزيارة؟ ← تصريح عمرة أو موعد الروضة عبر نسك","تريد تصريح عمرة أو موعدًا للصلاة في الروضة الشريفة.","سجّل الدخول إلى نسك واختر خدمة التصريح المناسبة ثم الموعد المتاح.","وزارة الحج والعمرة","","نسك","التسجيل في نسك والبيانات المطلوبة للخدمة.","","","","غير منطبق ظاهرًا","يتم إصدار التصريح وفق الخدمة والموعد المتاح في نسك.","","","","وزارة الحج والعمرة — دليل حقوق وواجبات ضيف الرحمن","https://haj.gov.sa/s-core/-/media/Project/HAJJ/PDF-and-FILES/Document-Library/AR-Guide-to-the-Rights-and-Duties-of-the-Guests-of-Allah.pdf","2026-09-21","ثابتة نظاميًا نسبيًا","INFERENCE","النتيجة تحليل إجرائي مرتبط بمصدر رسمي، لكن لا يوجد تحقق قانوني Result-by-Result لها.","LOW","نتيجة محدودة الأثر ومدعومة بمصدر رسمي دون مدة سقوط أو اختيار قضائي حاسم ظاهر.","نعم","هل يدعم المصدر الرسمي جميع الادعاءات العملية في النتيجة، أم يلزم تقييدها أو تقسيمها؟","NEEDS REVIEW",""
"R-HRSD-FREELANCE","عام ومتعدد القطاعات","Q001: وش صار معك؟ ← بنك/تمويل/تأمين/زكاة/ضريبة/اتصالات/جهة حكومية → Q110: مشكلتك مع أي جهة أو خدمة؟ ← خصوصية أو طيران أو تعليم أو بلدية → Q269: وش نوع المشكلة المتخصصة الأخرى؟ ← عمل حر / تستر تجاري → Q317: وش الخدمة التجارية الإضافية؟ ← وثيقة عمل حر","تريد إصدار وثيقة عمل حر لممارسة نشاط مؤهل.","ادخل منصة العمل الحر وتحقق من المهنة/النشاط ثم قدّم طلب إصدار الوثيقة وفق متطلبات المنصة.","وزارة الموارد البشرية والتنمية الاجتماعية","","","هوية المستفيد ومتطلبات المهنة أو النشاط كما تظهر في المنصة.","","","","غير منطبق ظاهرًا","بعد استيفاء المتطلبات تصدر الوثيقة إلكترونيًا ويمكن إدارتها من حسابك.","","","","وزارة الموارد البشرية والتنمية الاجتماعية — منصة العمل الحر","https://freelance.sa/","2026-09-21","قابلة للتغير","HUMAN DECISION","المصدر غير موجود أو ليس على نطاق حكومي/رسمي يمكن الاعتماد عليه آليًا.","LOW","نتيجة محدودة الأثر ومدعومة بمصدر رسمي دون مدة سقوط أو اختيار قضائي حاسم ظاهر.","نعم","هل يدعم المصدر الرسمي جميع الادعاءات العملية في النتيجة، أم يلزم تقييدها أو تقسيمها؟","NEEDS REVIEW",""
"R-IQAMA-RENEW","عام ومتعدد القطاعات","Q001: وش صار معك؟ ← بنك/تمويل/تأمين/زكاة/ضريبة/اتصالات/جهة حكومية → Q110: مشكلتك مع أي جهة أو خدمة؟ ← خصوصية أو طيران أو تعليم أو بلدية → Q269: وش نوع المشكلة المتخصصة الأخرى؟ ← جوازات / إقامة / تأشيرة خروج وعودة أو خروج نهائي → Q276: وش تحتاج من الجوازات؟ ← تجديد هوية مقيم","تبي تجدد الإقامة / هوية مقيم.","من خدمات هوية مقيم اختر المستفيد ثم «تجديد هوية مقيم».","منصة أبشر","","أبشر","استوفِ شروط الخدمة المعروضة لفئة المستفيد، ومنها الرسوم وصلاحية الجواز والمتطلبات المسجلة.","","","","غير منطبق ظاهرًا","يتم التجديد إلكترونيًا عند تحقق الشروط.","","","","منصة أبشر — تجديد هوية مقيم","https://www.absher.sa/wps/portal/individuals/static/guide/service-contents/!ut/p/z1/jVNbc6IwFP4rvvRph8lJgACPCJRYdBexaOHFoRI66SpSiOzuv9_oujOtTqV5OrfvfOcWlKMnlNdFL14KKfZ1sVV6ltM1xr7NSAhT-O67QCMwg6UzxYBNtPoYYJu-DnMviJiPQ32eAso_uKPEV-6Y4kfGdHv8Hw-fPPcCP8x_RXDEw8QwGDZIBEkyBtd1nEXIFgA_yBlverE3sWc6DuPUAnJvGQ8ejcIlWF_jv0HwJTwlUw8zW-GXVNUfkNg27zGBCR2qf4myMcr6LP7WuJfDuGbLb896hfKLfV2vcyjHv4BbAz0F3Op46GYWvEaZatX6tFVG0aoX_BdK6327U3e8OGZdebP1PA0ShW1a3vFans78ke-abSE5yjre9mLDRyWXhdgeIc1GlCizwNSJww1t4xCqGdWzrhVVpWuVrkNZEUoriyMG6GFo2-o7ide3t9xF-WZfS_5boqeTUMvuDkRdil6Uh2KrFH4uphsdlDR6OYiSv7PeQVN0XbNvpXZhamW3PptM1OzS06v_aD-ToPLHM_5szzr3L9DMMpw!!/dz/d5/L0lHSkovd0RNQUZrQUVnQSEhLzROVkUvYXI!/","2026-09-20","قابلة للتغير","HUMAN DECISION","المصدر غير موجود أو ليس على نطاق حكومي/رسمي يمكن الاعتماد عليه آليًا.","LOW","نتيجة محدودة الأثر ومدعومة بمصدر رسمي دون مدة سقوط أو اختيار قضائي حاسم ظاهر.","نعم","هل يدعم المصدر الرسمي جميع الادعاءات العملية في النتيجة، أم يلزم تقييدها أو تقسيمها؟","NEEDS REVIEW",""
"R-MC-CONCEALMENT","عام ومتعدد القطاعات","Q001: وش صار معك؟ ← بنك/تمويل/تأمين/زكاة/ضريبة/اتصالات/جهة حكومية → Q110: مشكلتك مع أي جهة أو خدمة؟ ← خصوصية أو طيران أو تعليم أو بلدية → Q269: وش نوع المشكلة المتخصصة الأخرى؟ ← عمل حر / تستر تجاري → Q317: وش الخدمة التجارية الإضافية؟ ← التستر التجاري / بلاغ أو اشتباه","لديك بلاغ أو اشتباه في ممارسة تستر تجاري.","استخدم قنوات وزارة التجارة الرسمية للإبلاغ عن حالة التستر وأرفق المعلومات والأدلة المتاحة دون مواجهة الأطراف أو تعريض نفسك للخطر.","وزارة التجارة","","","تفاصيل المنشأة والأشخاص والوقائع وأي مستندات أو معلومات تدعم البلاغ.","","","","غير منطبق ظاهرًا","تتولى الجهة المختصة دراسة البلاغ واتخاذ إجراءات التحقق والضبط وفق الأنظمة.","","","","وزارة التجارة — البرنامج الوطني لمكافحة التستر التجاري","https://mc.gov.sa/ar/anticoncealment/","2026-09-21","ثابتة نظاميًا نسبيًا","INFERENCE","النتيجة تحليل إجرائي مرتبط بمصدر رسمي، لكن لا يوجد تحقق قانوني Result-by-Result لها.","LOW","نتيجة محدودة الأثر ومدعومة بمصدر رسمي دون مدة سقوط أو اختيار قضائي حاسم ظاهر.","نعم","هل يدعم المصدر الرسمي جميع الادعاءات العملية في النتيجة، أم يلزم تقييدها أو تقسيمها؟","NEEDS REVIEW",""
"R-MC-VEHICLE-RECALL","عام ومتعدد القطاعات","Q001: وش صار معك؟ ← بنك/تمويل/تأمين/زكاة/ضريبة/اتصالات/جهة حكومية → Q110: مشكلتك مع أي جهة أو خدمة؟ ← خصوصية أو طيران أو تعليم أو بلدية → Q269: وش نوع المشكلة المتخصصة الأخرى؟ ← سيارة / حادث / لوحة مركبة → Q282: وش موضوع السيارة أو المرور؟ ← أبي أتحقق هل السيارة عليها استدعاء مصنعي","تبي تعرف هل سيارتك عليها استدعاء بسبب عيب مصنعي.","ادخل خدمة وزارة التجارة للاستعلام عن المنتجات المعيبة، أدخل رقم الهيكل (VIN)، ثم راجع تفاصيل الحملة إن ظهرت.","وزارة التجارة","","","رقم هيكل المركبة (VIN).","","","","غير منطبق ظاهرًا","إذا كانت المركبة مشمولة، تظهر تفاصيل الحملة وتتواصل مع الوكيل أو المصنع لتنفيذ الإجراء المطلوب.","","","","وزارة التجارة — الاستعلام عن المنتجات المعيبة","https://mc.gov.sa/ar/eservices/Pages/ServiceDetails.aspx?sID=30","2026-09-21","ثابتة نظاميًا نسبيًا","INFERENCE","النتيجة تحليل إجرائي مرتبط بمصدر رسمي، لكن لا يوجد تحقق قانوني Result-by-Result لها.","LOW","نتيجة محدودة الأثر ومدعومة بمصدر رسمي دون مدة سقوط أو اختيار قضائي حاسم ظاهر.","نعم","هل الجهة والمحكمة ونوع الإجراء المحددة صحيحة لكل صور الحالة والاستثناءات المحتملة؟","NEEDS REVIEW",""
"R-MEWA-AGRI-LICENSE","عام ومتعدد القطاعات","Q001: وش صار معك؟ ← بنك/تمويل/تأمين/زكاة/ضريبة/اتصالات/جهة حكومية → Q110: مشكلتك مع أي جهة أو خدمة؟ ← جهة حكومية أو تنظيمية → Q266: وش نوع الجهة الحكومية أو التنظيمية؟ ← وزارة البيئة والمياه والزراعة / منصة نما → Q306: وش تحتاج من وزارة البيئة والمياه والزراعة؟ ← ترخيص نشاط زراعي أو حيواني أو سمكي","تحتاج إصدار رخصة لممارسة نشاط زراعي أو حيواني أو سمكي.","افتح خدمات التراخيص في نما، حدد القطاع والنشاط، ثم راجع بطاقة الخدمة وابدأ الطلب.","وزارة البيئة والمياه والزراعة","","","المتطلبات والمسوغات الموضحة في بطاقة الترخيص المطابق للنشاط.","","","","غير منطبق ظاهرًا","يُرفع طلب الترخيص إلكترونيًا ويعالج وفق نوع النشاط ومتطلباته.","","","","وزارة البيئة والمياه والزراعة — خدمة إصدار رخصة النشاط الزراعي عبر منصة نما","https://www.mewa.gov.sa/ar/MediaCenter/News/Pages/News13232020.aspx","2026-09-21","قابلة للتغير","INFERENCE","النتيجة تحليل إجرائي مرتبط بمصدر رسمي، لكن لا يوجد تحقق قانوني Result-by-Result لها.","LOW","نتيجة محدودة الأثر ومدعومة بمصدر رسمي دون مدة سقوط أو اختيار قضائي حاسم ظاهر.","نعم","هل يدعم المصدر الرسمي جميع الادعاءات العملية في النتيجة، أم يلزم تقييدها أو تقسيمها؟","NEEDS REVIEW",""
"R-MEWA-AGRI-REGISTER","عام ومتعدد القطاعات","Q001: وش صار معك؟ ← بنك/تمويل/تأمين/زكاة/ضريبة/اتصالات/جهة حكومية → Q110: مشكلتك مع أي جهة أو خدمة؟ ← جهة حكومية أو تنظيمية → Q266: وش نوع الجهة الحكومية أو التنظيمية؟ ← وزارة البيئة والمياه والزراعة / منصة نما → Q306: وش تحتاج من وزارة البيئة والمياه والزراعة؟ ← إصدار سجل زراعي","تريد إصدار سجل زراعي.","في نما ابحث عن «إصدار سجل زراعي»، افتح بطاقة الخدمة ثم ابدأ الطلب.","وزارة البيئة والمياه والزراعة","","منصة نما","المتطلبات والمسوغات المعروضة في بطاقة الخدمة بحسب الحالة.","","","","غير منطبق ظاهرًا","يُقدّم الطلب إلكترونيًا عبر منصة نما وتتم معالجته ضمن خدمة السجل الزراعي.","","","","وزارة البيئة والمياه والزراعة — الأسئلة الشائعة — إصدار السجل الزراعي المطور","https://www.mewa.gov.sa/ar/HowWeCanHelp/Help/FAQ/Pages/default.aspx","2026-09-21","قابلة للتغير","INFERENCE","النتيجة تحليل إجرائي مرتبط بمصدر رسمي، لكن لا يوجد تحقق قانوني Result-by-Result لها.","LOW","نتيجة محدودة الأثر ومدعومة بمصدر رسمي دون مدة سقوط أو اختيار قضائي حاسم ظاهر.","نعم","هل يدعم المصدر الرسمي جميع الادعاءات العملية في النتيجة، أم يلزم تقييدها أو تقسيمها؟","NEEDS REVIEW",""
"R-MEWA-COMPLAINT","عام ومتعدد القطاعات","Q001: وش صار معك؟ ← بنك/تمويل/تأمين/زكاة/ضريبة/اتصالات/جهة حكومية → Q110: مشكلتك مع أي جهة أو خدمة؟ ← جهة حكومية أو تنظيمية → Q266: وش نوع الجهة الحكومية أو التنظيمية؟ ← وزارة البيئة والمياه والزراعة / منصة نما → Q306: وش تحتاج من وزارة البيئة والمياه والزراعة؟ ← شكوى أو استفسار عن خدمة الوزارة أو منصة نما","لديك شكوى أو استفسار عن خدمة الوزارة أو منصة نما.","افتح قناة الشكاوى والاستفسارات في نما وقدّم تفاصيل الطلب.","وزارة البيئة والمياه والزراعة","","","بيانات الطلب ووصف واضح للمشكلة والمعلومات الداعمة المتاحة.","","","","يصل الطلب إلى قناة خدمات المستفيدين لمعالجته وفق موضوعه.","يصل الطلب إلى قناة خدمات المستفيدين لمعالجته وفق موضوعه.","","","","وزارة البيئة والمياه والزراعة — تواصل معنا — منصة نما للشكاوى والاستفسارات","https://www.mewa.gov.sa/ar/Ministry/AboutMinistry/ContactUs/Pages/default.aspx","2026-09-21","قابلة للتغير","INFERENCE","النتيجة تحليل إجرائي مرتبط بمصدر رسمي، لكن لا يوجد تحقق قانوني Result-by-Result لها.","LOW","نتيجة محدودة الأثر ومدعومة بمصدر رسمي دون مدة سقوط أو اختيار قضائي حاسم ظاهر.","نعم","ما مقدار المدة وبدايتها ونهايتها والاستثناءات وأثر فواتها وفق النص المطبق على هذه الحالة؟","NEEDS REVIEW",""
"R-MEWA-NAAMA","عام ومتعدد القطاعات","Q001: وش صار معك؟ ← بنك/تمويل/تأمين/زكاة/ضريبة/اتصالات/جهة حكومية → Q110: مشكلتك مع أي جهة أو خدمة؟ ← جهة حكومية أو تنظيمية → Q266: وش نوع الجهة الحكومية أو التنظيمية؟ ← وزارة البيئة والمياه والزراعة / منصة نما → Q306: وش تحتاج من وزارة البيئة والمياه والزراعة؟ ← أبحث عن خدمة زراعية أو بيئية أو مياه في نما","تبحث عن خدمة تابعة لمنظومة البيئة والمياه والزراعة.","افتح نما واختر القطاع أو ابحث باسم الخدمة ثم استعرض بطاقتها.","وزارة البيئة والمياه والزراعة","","","بحسب بطاقة الخدمة المختارة.","","","","غير منطبق ظاهرًا","تنتقل إلى الخدمة الإلكترونية المطابقة لقطاعك ونوع طلبك.","","","","وزارة البيئة والمياه والزراعة — منصة نما للخدمات الإلكترونية","https://www.mewa.gov.sa/","2026-09-21","قابلة للتغير","INFERENCE","النتيجة تحليل إجرائي مرتبط بمصدر رسمي، لكن لا يوجد تحقق قانوني Result-by-Result لها.","LOW","نتيجة محدودة الأثر ومدعومة بمصدر رسمي دون مدة سقوط أو اختيار قضائي حاسم ظاهر.","نعم","هل يدعم المصدر الرسمي جميع الادعاءات العملية في النتيجة، أم يلزم تقييدها أو تقسيمها؟","NEEDS REVIEW",""
"R-MIM-INDUSTRIAL-LICENSE","عام ومتعدد القطاعات","Q001: وش صار معك؟ ← بنك/تمويل/تأمين/زكاة/ضريبة/اتصالات/جهة حكومية → Q110: مشكلتك مع أي جهة أو خدمة؟ ← خصوصية أو طيران أو تعليم أو بلدية → Q269: وش نوع المشكلة المتخصصة الأخرى؟ ← صناعة / مقاولات / إعلام / تدريب / منشأة صحية → Q318: وش نوع الترخيص أو الخدمة المهنية للمنشأة؟ ← ترخيص صناعي","تريد بدء نشاط صناعي يحتاج ترخيصًا صناعيًا.","ابدأ من منصة صناعي وحدد خدمة الترخيص الصناعي، ثم أكمل بيانات المشروع والمنتجات والموقع والمتطلبات الظاهرة.","وزارة الصناعة والثروة المعدنية","","","بيانات المنشأة والمشروع الصناعي والموقع والمنتجات والمتطلبات الفنية التي تطلبها الخدمة.","","","","غير منطبق ظاهرًا","تتم معالجة الطلب وتظهر حالة الترخيص والمتطلبات اللاحقة عبر منصة صناعي.","","","","وزارة الصناعة والثروة المعدنية — منصة صناعي","https://senaei.mc.gov.sa/","2026-09-21","قابلة للتغير","INFERENCE","النتيجة تحليل إجرائي مرتبط بمصدر رسمي، لكن لا يوجد تحقق قانوني Result-by-Result لها.","LOW","نتيجة محدودة الأثر ومدعومة بمصدر رسمي دون مدة سقوط أو اختيار قضائي حاسم ظاهر.","نعم","هل يدعم المصدر الرسمي جميع الادعاءات العملية في النتيجة، أم يلزم تقييدها أو تقسيمها؟","NEEDS REVIEW",""
"R-MOE-TAWASUL-GENERAL","عام ومتعدد القطاعات","Q001: وش صار معك؟ ← بنك/تمويل/تأمين/زكاة/ضريبة/اتصالات/جهة حكومية → Q110: مشكلتك مع أي جهة أو خدمة؟ ← خصوصية أو طيران أو تعليم أو بلدية → Q269: وش نوع المشكلة المتخصصة الأخرى؟ ← تعليم عام / مدرسة / إدارة تعليم / شكوى تعليمية → Q304: وش نوع مشكلتك مع التعليم العام؟ ← شكوى أو ملاحظة على مدرسة أو إدارة تعليم","لديك شكوى أو ملاحظة مرتبطة بالتعليم العام أو مدرسة أو إدارة تعليم.","ادخل خدمة تواصل وحدد نوع التذكرة والجهة ثم اشرح المشكلة وأرفق ما يدعمها.","وزارة التعليم","","","بيانات الطلب وتفاصيل المشكلة والمرفقات المتاحة بحسب النموذج.","","","","غير منطبق ظاهرًا","تُحال التذكرة للجهة المختصة بحسب نوع الطلب والجهة المحددة في الخدمة.","","","","وزارة التعليم — تواصل — الشكاوى والاستفسارات للجامعات وقطاعات التعليم","https://www.moe.gov.sa/ar/contactus/Pages/Tawasul.aspx","2026-09-21","ثابتة نظاميًا نسبيًا","INFERENCE","النتيجة تحليل إجرائي مرتبط بمصدر رسمي، لكن لا يوجد تحقق قانوني Result-by-Result لها.","LOW","نتيجة محدودة الأثر ومدعومة بمصدر رسمي دون مدة سقوط أو اختيار قضائي حاسم ظاهر.","نعم","هل يدعم المصدر الرسمي جميع الادعاءات العملية في النتيجة، أم يلزم تقييدها أو تقسيمها؟","NEEDS REVIEW",""
"R-MOE-TAWASUL-INQUIRY","عام ومتعدد القطاعات","Q001: وش صار معك؟ ← بنك/تمويل/تأمين/زكاة/ضريبة/اتصالات/جهة حكومية → Q110: مشكلتك مع أي جهة أو خدمة؟ ← خصوصية أو طيران أو تعليم أو بلدية → Q269: وش نوع المشكلة المتخصصة الأخرى؟ ← تعليم عام / مدرسة / إدارة تعليم / شكوى تعليمية → Q304: وش نوع مشكلتك مع التعليم العام؟ ← استفسار أو طلب مساعدة من وزارة التعليم","تحتاج استفسارًا أو مساعدة من وزارة التعليم.","ادخل تواصل واختر نوع الطلب والجهة ثم اكتب استفسارك بوضوح.","وزارة التعليم","","","بيانات الطلب ووصف الاستفسار والمرفقات ذات الصلة إن وجدت.","","","","توجّه التذكرة إلى الجهة المختصة للمعالجة والرد بحسب نوعها.","توجّه التذكرة إلى الجهة المختصة للمعالجة والرد بحسب نوعها.","","","","وزارة التعليم — تواصل — الشكاوى والاستفسارات للجامعات وقطاعات التعليم","https://www.moe.gov.sa/ar/contactus/Pages/Tawasul.aspx","2026-09-21","ثابتة نظاميًا نسبيًا","INFERENCE","النتيجة تحليل إجرائي مرتبط بمصدر رسمي، لكن لا يوجد تحقق قانوني Result-by-Result لها.","LOW","نتيجة محدودة الأثر ومدعومة بمصدر رسمي دون مدة سقوط أو اختيار قضائي حاسم ظاهر.","نعم","ما مقدار المدة وبدايتها ونهايتها والاستثناءات وأثر فواتها وفق النص المطبق على هذه الحالة؟","NEEDS REVIEW",""
"R-MOH-SEHHATY-APPOINTMENT","عام ومتعدد القطاعات","Q001: وش صار معك؟ ← بنك/تمويل/تأمين/زكاة/ضريبة/اتصالات/جهة حكومية → Q110: مشكلتك مع أي جهة أو خدمة؟ ← اتصالات أو مستهلك أو صحة أو خدمات → Q268: وش نوع الخدمة أو الشكوى؟ ← صحتي / موعد / تقرير طبي / خدمة صحية رقمية → Q303: وش تحتاج من الخدمات الصحية الرقمية؟ ← حجز أو تعديل أو إلغاء موعد صحي","تريد حجز موعد صحي أو تعديل موعد قائم أو إلغاءه.","من منصة صحتي افتح المواعيد واختر حجز موعد، أو عدّل/ألغِ موعدك القائم بحسب حاجتك.","وزارة الصحة","","صحتي","تسجيل الدخول واستكمال معلومات الحجز المطلوبة.","","","","غير منطبق ظاهرًا","تتيح الخدمة حجز الموعد وتعديله وإلغاءه إلكترونيًا.","","","","وزارة الصحة — منصة صحتي — خدمة حجز المواعيد","https://www.moh.gov.sa/eservices/sehhaty/pages/appointment-booking-on-sehhaty.aspx","2026-09-21","قابلة للتغير","INFERENCE","النتيجة تحليل إجرائي مرتبط بمصدر رسمي، لكن لا يوجد تحقق قانوني Result-by-Result لها.","LOW","نتيجة محدودة الأثر ومدعومة بمصدر رسمي دون مدة سقوط أو اختيار قضائي حاسم ظاهر.","نعم","هل يدعم المصدر الرسمي جميع الادعاءات العملية في النتيجة، أم يلزم تقييدها أو تقسيمها؟","NEEDS REVIEW",""
"R-MOH-SEHHATY-REPORT","عام ومتعدد القطاعات","Q001: وش صار معك؟ ← بنك/تمويل/تأمين/زكاة/ضريبة/اتصالات/جهة حكومية → Q110: مشكلتك مع أي جهة أو خدمة؟ ← اتصالات أو مستهلك أو صحة أو خدمات → Q268: وش نوع الخدمة أو الشكوى؟ ← صحتي / موعد / تقرير طبي / خدمة صحية رقمية → Q303: وش تحتاج من الخدمات الصحية الرقمية؟ ← استعراض إجازة مرضية أو تقرير طبي","تريد الوصول إلى إجازة مرضية أو تقرير طبي متاح في صحتي.","من الملف الصحي في صحتي اختر التقارير الطبية ثم افتح التقرير المطلوب.","وزارة الصحة","","صحتي","تسجيل الدخول ووجود التقرير الصادر في حسابك.","","","","غير منطبق ظاهرًا","يمكن استعراض التقرير المتاح، ومشاركة الإجازة المرضية أو طباعتها بعد إصدارها.","","","","وزارة الصحة — منصة صحتي — خدمة التقارير الطبية","https://www.moh.gov.sa/eservices/sehhaty/pages/sick-leaves.aspx","2026-09-21","قابلة للتغير","INFERENCE","النتيجة تحليل إجرائي مرتبط بمصدر رسمي، لكن لا يوجد تحقق قانوني Result-by-Result لها.","LOW","نتيجة محدودة الأثر ومدعومة بمصدر رسمي دون مدة سقوط أو اختيار قضائي حاسم ظاهر.","نعم","هل يدعم المصدر الرسمي جميع الادعاءات العملية في النتيجة، أم يلزم تقييدها أو تقسيمها؟","NEEDS REVIEW",""
"R-MONSHAT-SUPPORT","عام ومتعدد القطاعات","Q001: وش صار معك؟ ← بنك/تمويل/تأمين/زكاة/ضريبة/اتصالات/جهة حكومية → Q110: مشكلتك مع أي جهة أو خدمة؟ ← خصوصية أو طيران أو تعليم أو بلدية → Q269: وش نوع المشكلة المتخصصة الأخرى؟ ← منشآت / دعم أو تمويل منشأة صغيرة ومتوسطة → Q319: وش تحتاج بخصوص المنشآت الصغيرة والمتوسطة؟ ← برامج دعم وتمكين المنشأة","لديك منشأة صغيرة أو متوسطة وتبحث عن برامج دعم وتمكين.","ابدأ من بوابة منشآت واستعرض البرامج والخدمات بحسب مرحلة منشأتك واحتياجها، ثم تحقق من أهلية كل برنامج قبل التقديم.","الهيئة العامة للمنشآت الصغيرة والمتوسطة","","","بيانات المنشأة وحجمها ونشاطها والمتطلبات الخاصة بالبرنامج الذي تختاره.","","","","غير منطبق ظاهرًا","تنتقل إلى البرنامج المناسب وتتابع التقديم أو الاستفادة بحسب شروطه.","","","","الهيئة العامة للمنشآت الصغيرة والمتوسطة — منشآت — البرامج والخدمات","https://www.monshaat.gov.sa/","2026-09-21","ثابتة نظاميًا نسبيًا","INFERENCE","النتيجة تحليل إجرائي مرتبط بمصدر رسمي، لكن لا يوجد تحقق قانوني Result-by-Result لها.","LOW","نتيجة محدودة الأثر ومدعومة بمصدر رسمي دون مدة سقوط أو اختيار قضائي حاسم ظاهر.","نعم","هل يدعم المصدر الرسمي جميع الادعاءات العملية في النتيجة، أم يلزم تقييدها أو تقسيمها؟","NEEDS REVIEW",""
"R-MOT-TOURISM-LICENSE","عام ومتعدد القطاعات","Q001: وش صار معك؟ ← بنك/تمويل/تأمين/زكاة/ضريبة/اتصالات/جهة حكومية → Q110: مشكلتك مع أي جهة أو خدمة؟ ← خصوصية أو طيران أو تعليم أو بلدية → Q269: وش نوع المشكلة المتخصصة الأخرى؟ ← ترخيص منشأة / فال / سياحة / نقل / فوترة إلكترونية → Q313: وش نوع الترخيص أو الالتزام المهني للمنشأة؟ ← نشاط سياحي / ترخيص مرفق أو نشاط","تريد ترخيص نشاط أو مرفق سياحي.","حدد نوع النشاط السياحي أولًا ثم قدّم طلب الترخيص من بوابة تراخيص الأنشطة السياحية بوزارة السياحة.","وزارة السياحة","","","بيانات المنشأة والنشاط والموقع والمتطلبات الخاصة بنوع الترخيص كما تظهر في البوابة.","","","","غير منطبق ظاهرًا","تتم معالجة الطلب وفق نوع النشاط، وتتابع حالته حتى إصدار الترخيص أو طلب استكمال.","","","","وزارة السياحة — بوابة تراخيص الأنشطة السياحية","https://tlg.mt.gov.sa/","2026-09-21","ثابتة نظاميًا نسبيًا","INFERENCE","النتيجة تحليل إجرائي مرتبط بمصدر رسمي، لكن لا يوجد تحقق قانوني Result-by-Result لها.","LOW","نتيجة محدودة الأثر ومدعومة بمصدر رسمي دون مدة سقوط أو اختيار قضائي حاسم ظاهر.","نعم","هل يدعم المصدر الرسمي جميع الادعاءات العملية في النتيجة، أم يلزم تقييدها أو تقسيمها؟","NEEDS REVIEW",""
"R-MOVABLE-DAMAGE-CLAIM","عام ومتعدد القطاعات","Q001: وش صار معك؟ ← أحتاج توثيق أو خدمة بدون نزاع → Q100: وش الخدمة اللي تبيها؟ ← إقرار استلام / تنازل عن منقول → Q234: وش تبي توثّق عن المنقول؟ ← يوجد نزاع على المنقول أو الملكية → Q242: وش معك بخصوص نزاع المنقول؟ ← ما عندي حكم أو سند تنفيذي → Q243: وش نوع نزاع المنقول؟ ← تلف أو ضرر بالمنقول","عندك تلف أو ضرر في منقول وتريد المطالبة بحقه.","وثّق الضرر وسببه وتكلفته، وحدد هل المطالبة مرتبطة بعقد أو بضرر مستقل قبل رفعها.","المحكمة المختصة بحسب طبيعة العلاقة والمطالبة.","","","وثّق الضرر بما يتاح بحسب الحالة، مثل الصور أو التقرير الفني أو تقدير الإصلاح، وراجع العقد إن وجد وما يثبت سبب الضرر. هذه أدلة داعمة وليست قائمة مرفقات إلزامية موحدة.","","","","غير منطبق ظاهرًا","بعد توثيق الضرر وسببه وتكلفته، يتحدد ما إذا كان المسار مطالبة عقدية أو مطالبة بضرر مستقل والجهة المختصة به.","نظام المعاملات المدنية","","","هيئة الخبراء بمجلس الوزراء — نظام المعاملات المدنية","https://laws.boe.gov.sa/BoeLaws/Laws/LawDetails/655fdb42-8c96-422b-b8c4-b04f0095c94c/1","2026-09-20","ثابتة نظاميًا نسبيًا","INFERENCE","النتيجة تحليل إجرائي مرتبط بمصدر رسمي، لكن لا يوجد تحقق قانوني Result-by-Result لها.","LOW","نتيجة محدودة الأثر ومدعومة بمصدر رسمي دون مدة سقوط أو اختيار قضائي حاسم ظاهر.","نعم","هل الجهة والمحكمة ونوع الإجراء المحددة صحيحة لكل صور الحالة والاستثناءات المحتملة؟","NEEDS REVIEW",""
"R-MUDAD-WPS","عام ومتعدد القطاعات","Q001: وش صار معك؟ ← مشكلة عمل أو راتب أو فصل → Q050: أنت تشتغل عند مين؟ ← شركة أو مؤسسة في القطاع الخاص → Q054: وش صفتك أو وش الخدمة العمالية اللي تحتاجها؟ ← خدمة عقد / نقل موظف / رخصة عمل / حماية أجور → Q314: وش تحتاج بخصوص عقد العمل أو خدمات الموظف في القطاع الخاص؟ ← حماية الأجور / ملف الرواتب","لديك منشأة وتريد الالتزام ببرنامج حماية الأجور ورفع بيانات الرواتب.","استخدم منصة مُدد لإدارة ملف حماية الأجور ورفع/معالجة بيانات الرواتب وفق متطلبات البرنامج.","وزارة الموارد البشرية والتنمية الاجتماعية","","","بيانات المنشأة والموظفين وملف الأجور وفق الصيغة والمتطلبات المعتمدة.","","","","غير منطبق ظاهرًا","تظهر حالة الالتزام والملاحظات لتصحيحها عند وجود مخالفات أو أخطاء في الملف.","","","","وزارة الموارد البشرية والتنمية الاجتماعية — برنامج حماية الأجور","https://www.hrsd.gov.sa/knowledge-centre/articles/64398","2026-09-21","ثابتة نظاميًا نسبيًا","INFERENCE","النتيجة تحليل إجرائي مرتبط بمصدر رسمي، لكن لا يوجد تحقق قانوني Result-by-Result لها.","LOW","نتيجة محدودة الأثر ومدعومة بمصدر رسمي دون مدة سقوط أو اختيار قضائي حاسم ظاهر.","نعم","هل يدعم المصدر الرسمي جميع الادعاءات العملية في النتيجة، أم يلزم تقييدها أو تقسيمها؟","NEEDS REVIEW",""
"R-MUN-BALAG-940","عام ومتعدد القطاعات","Q001: وش صار معك؟ ← بنك/تمويل/تأمين/زكاة/ضريبة/اتصالات/جهة حكومية → Q110: مشكلتك مع أي جهة أو خدمة؟ ← خصوصية أو طيران أو تعليم أو بلدية → Q269: وش نوع المشكلة المتخصصة الأخرى؟ ← مشكلة بلدية أو مخالفة أو ترخيص بلدي → Q265: وش نوع مشكلتك مع البلدية؟ ← بلاغ خدمي: نظافة أو حفريات أو إنارة أو تشوه بصري","عندك ملاحظة خدمية بلدية تحتاج معالجة ميدانية.","افتح بلدي وقدّم بلاغًا، حدد الموقع والتصنيف وأضف صورة ووصفًا واضحًا ثم احتفظ برقم البلاغ.","وزارة البلديات والإسكان — منصة بلدي","","منصة بلدي","الموقع + وصف المشكلة + صورة عند توفرها.","","","","يُسجل البلاغ ويُحال للجهة البلدية المختصة ويمكن متابعة حالته برقم البلاغ.","يُسجل البلاغ ويُحال للجهة البلدية المختصة ويمكن متابعة حالته برقم البلاغ.","","","","وزارة البلديات والإسكان — منصة بلدي — البلاغات البلدية","https://balady.gov.sa/ar/services/البلاغات-البلدية","2026-09-21","قابلة للتغير","INFERENCE","النتيجة تحليل إجرائي مرتبط بمصدر رسمي، لكن لا يوجد تحقق قانوني Result-by-Result لها.","LOW","نتيجة محدودة الأثر ومدعومة بمصدر رسمي دون مدة سقوط أو اختيار قضائي حاسم ظاهر.","نعم","ما مقدار المدة وبدايتها ونهايتها والاستثناءات وأثر فواتها وفق النص المطبق على هذه الحالة؟","NEEDS REVIEW",""
"R-MUN-LICENSE-DAMAGE","عام ومتعدد القطاعات","Q001: وش صار معك؟ ← بنك/تمويل/تأمين/زكاة/ضريبة/اتصالات/جهة حكومية → Q110: مشكلتك مع أي جهة أو خدمة؟ ← خصوصية أو طيران أو تعليم أو بلدية → Q269: وش نوع المشكلة المتخصصة الأخرى؟ ← مشكلة بلدية أو مخالفة أو ترخيص بلدي → Q265: وش نوع مشكلتك مع البلدية؟ ← لدي شكوى عن ضرر ناشئ من الانتفاع بترخيص بلدي","تذكر وجود ضرر ناشئ من الانتفاع بترخيص بلدي.","قدّم الشكوى إلى لجنة التظلمات والشكاوى في الأمانة أو البلدية، وأرفق ما يثبت الترخيص والضرر وعلاقته بالانتفاع به.","لجنة التظلمات والشكاوى المختصة في الأمانة أو البلدية.","","منصة بلدي","جهّز ما يثبت الترخيص والضرر وعلاقته بالانتفاع، مثل التقارير أو الفواتير أو الصور والمراسلات بحسب الحالة. وصف الضرر والتواريخ معلومات لازمة لعرض الواقعة وليست مستندات مستقلة.","","","","تفحص اللجنة الشكوى وفق نطاق اختصاصها؛ ولا يحدد المحرك تحقق الضرر أو مقدار أي تعويض.","تفحص اللجنة الشكوى وفق نطاق اختصاصها؛ ولا يحدد المحرك تحقق الضرر أو مقدار أي تعويض.","نظام إجراءات التراخيص البلدية","","","هيئة الخبراء بمجلس الوزراء — نظام إجراءات التراخيص البلدية","https://laws.boe.gov.sa/BoeLaws/Laws/LawDetails/1dd4c3d4-f4e9-4c15-852f-a9a700f21cab/1","2026-09-20","قابلة للتغير","INFERENCE","النتيجة تحليل إجرائي مرتبط بمصدر رسمي، لكن لا يوجد تحقق قانوني Result-by-Result لها.","LOW","نتيجة محدودة الأثر ومدعومة بمصدر رسمي دون مدة سقوط أو اختيار قضائي حاسم ظاهر.","نعم","ما مقدار المدة وبدايتها ونهايتها والاستثناءات وأثر فواتها وفق النص المطبق على هذه الحالة؟","NEEDS REVIEW",""
"R-MUN-LICENSE-GRIEVANCE","عام ومتعدد القطاعات","Q001: وش صار معك؟ ← بنك/تمويل/تأمين/زكاة/ضريبة/اتصالات/جهة حكومية → Q110: مشكلتك مع أي جهة أو خدمة؟ ← خصوصية أو طيران أو تعليم أو بلدية → Q269: وش نوع المشكلة المتخصصة الأخرى؟ ← مشكلة بلدية أو مخالفة أو ترخيص بلدي → Q265: وش نوع مشكلتك مع البلدية؟ ← إيقاف أو رفض أو إلغاء الترخيص","النزاع عن عدم منح ترخيص بلدي أو إيقافه أو عدم تجديده أو تعديله أو إلغائه.","قدّم التظلم إلى لجنة التظلمات والشكاوى المختصة في الأمانة أو البلدية عبر المنصة المخصصة، وراعِ مهلة الستين يومًا من تاريخ العلم بالقرار.","لجنة التظلمات والشكاوى المختصة في الأمانة أو البلدية.","","منصة بلدي","جهّز القرار أو إشعاره والمستندات المؤيدة للتظلم. تاريخ العلم وبيانات الترخيص أو الطلب وأسباب التظلم تُستخدم لتحديد المدة وتعبئة الطلب، وليست كلها مستندات مستقلة.","","","","تنظر اللجنة البلدية في التظلم، ويكون قرارها قابلًا للتظلم أمام المحكمة الإدارية وفق النظام.","تنظر اللجنة البلدية في التظلم، ويكون قرارها قابلًا للتظلم أمام المحكمة الإدارية وفق النظام.","نظام إجراءات التراخيص البلدية","","","هيئة الخبراء بمجلس الوزراء — نظام إجراءات التراخيص البلدية","https://laws.boe.gov.sa/BoeLaws/Laws/LawDetails/1dd4c3d4-f4e9-4c15-852f-a9a700f21cab/1","2026-09-20","قابلة للتغير","INFERENCE","النتيجة تحليل إجرائي مرتبط بمصدر رسمي، لكن لا يوجد تحقق قانوني Result-by-Result لها.","LOW","نتيجة محدودة الأثر ومدعومة بمصدر رسمي دون مدة سقوط أو اختيار قضائي حاسم ظاهر.","نعم","ما مقدار المدة وبدايتها ونهايتها والاستثناءات وأثر فواتها وفق النص المطبق على هذه الحالة؟","NEEDS REVIEW",""
"R-POSTAL-COMPLAINT","عام ومتعدد القطاعات","Q001: وش صار معك؟ ← بنك/تمويل/تأمين/زكاة/ضريبة/اتصالات/جهة حكومية → Q110: مشكلتك مع أي جهة أو خدمة؟ ← خصوصية أو طيران أو تعليم أو بلدية → Q269: وش نوع المشكلة المتخصصة الأخرى؟ ← بريد / شحنة / طرد / شركة توصيل → Q278: وش صار على الشحنة / الطرد؟ ← الشحنة متأخرة أو لم تصل","شحنتك متأخرة أو ما وصلت.","قدّم الشكوى وخذ رقمها المرجعي وتاريخها واحتفظ برقم التتبع والإيصال.","الهيئة العامة للنقل","","","رقم التتبع أو البوليصة وبيانات الطلب تُستخدم لتحديد الشحنة والشكوى. احتفظ بما يثبت الخدمة وخذ الرقم المرجعي للشكوى بعد تقديمها؛ رقم الشكوى ليس مستندًا مطلوبًا قبل بدء الشكوى الأولى.","","","","غير منطبق ظاهرًا","مقدم الخدمة يعالج الشكوى خلال مدة لا تتجاوز 7 أيام عمل، وبعدها يمكن التصعيد للهيئة إذا لم تُحل.","","","","الهيئة العامة للنقل — حقوقك والتزاماتك مع شركات الطرود البريدية — الشكاوى والتصعيد","https://www.tga.gov.sa/ar/WebSiteFile/bd07e77a-640e-4dd7-a24d-23ca361e8ea6","2026-09-20","ثابتة نظاميًا نسبيًا","INFERENCE","النتيجة تحليل إجرائي مرتبط بمصدر رسمي، لكن لا يوجد تحقق قانوني Result-by-Result لها.","LOW","نتيجة محدودة الأثر ومدعومة بمصدر رسمي دون مدة سقوط أو اختيار قضائي حاسم ظاهر.","نعم","ما مقدار المدة وبدايتها ونهايتها والاستثناءات وأثر فواتها وفق النص المطبق على هذه الحالة؟","NEEDS REVIEW",""
"R-POSTAL-DAMAGE","عام ومتعدد القطاعات","Q001: وش صار معك؟ ← بنك/تمويل/تأمين/زكاة/ضريبة/اتصالات/جهة حكومية → Q110: مشكلتك مع أي جهة أو خدمة؟ ← خصوصية أو طيران أو تعليم أو بلدية → Q269: وش نوع المشكلة المتخصصة الأخرى؟ ← بريد / شحنة / طرد / شركة توصيل → Q278: وش صار على الشحنة / الطرد؟ ← الشحنة مفقودة أو تالفة أو ناقصة أو سُلّمت خطأ","الشحنة مفقودة أو تالفة أو ناقصة أو تسليمها صار خطأ.","قدّم الشكوى رسميًا وخذ رقمًا مرجعيًا؛ ثم صعّد للهيئة عند تحقق سبب التصعيد.","الهيئة العامة للنقل","","","للمطالبة جهّز رقم التتبع أو البوليصة، وما يتاح من إثبات المحتوى والقيمة وصور التلف أو النقص. رقم الشكوى يصبح معلومة متابعة بعد تقديمها، وليس مستندًا مطلوبًا لبدء الشكوى.","","","","غير منطبق ظاهرًا","تُطبق سياسة التعويض المعتمدة بحسب الواقعة.","","","","الهيئة العامة للنقل — حقوقك والتزاماتك مع شركات الطرود البريدية — الشكاوى والتصعيد","https://www.tga.gov.sa/ar/WebSiteFile/bd07e77a-640e-4dd7-a24d-23ca361e8ea6","2026-09-20","ثابتة نظاميًا نسبيًا","INFERENCE","النتيجة تحليل إجرائي مرتبط بمصدر رسمي، لكن لا يوجد تحقق قانوني Result-by-Result لها.","LOW","نتيجة محدودة الأثر ومدعومة بمصدر رسمي دون مدة سقوط أو اختيار قضائي حاسم ظاهر.","نعم","هل الجهة والمحكمة ونوع الإجراء المحددة صحيحة لكل صور الحالة والاستثناءات المحتملة؟","NEEDS REVIEW",""
"R-POSTAL-ESCALATE","عام ومتعدد القطاعات","Q001: وش صار معك؟ ← بنك/تمويل/تأمين/زكاة/ضريبة/اتصالات/جهة حكومية → Q110: مشكلتك مع أي جهة أو خدمة؟ ← خصوصية أو طيران أو تعليم أو بلدية → Q269: وش نوع المشكلة المتخصصة الأخرى؟ ← بريد / شحنة / طرد / شركة توصيل → Q278: وش صار على الشحنة / الطرد؟ ← قدمت شكوى لمقدم الخدمة ولم تُحل أو لم أرضَ بالنتيجة","شكوت للشركة وما انحلت أو ما رضيت بالنتيجة.","أرفق رقم الشكوى الأصلية وتاريخها ورد الشركة ورقم التتبع.","الهيئة العامة للنقل","","","جهّز رقم الشكوى السابقة وتاريخها ورقم التتبع أو البوليصة ورد مقدم الخدمة إن وجد، وأرفق المستندات المؤيدة بحسب الحالة. أرقام المتابعة بيانات لربط التصعيد وليست مستندات مستقلة.","","","","غير منطبق ظاهرًا","تنظر الهيئة في التصعيد وقد تطلب مستندات إضافية.","","","","الهيئة العامة للنقل — حقوقك والتزاماتك مع شركات الطرود البريدية — الشكاوى والتصعيد","https://www.tga.gov.sa/ar/WebSiteFile/bd07e77a-640e-4dd7-a24d-23ca361e8ea6","2026-09-20","ثابتة نظاميًا نسبيًا","INFERENCE","النتيجة تحليل إجرائي مرتبط بمصدر رسمي، لكن لا يوجد تحقق قانوني Result-by-Result لها.","LOW","نتيجة محدودة الأثر ومدعومة بمصدر رسمي دون مدة سقوط أو اختيار قضائي حاسم ظاهر.","نعم","هل الجهة والمحكمة ونوع الإجراء المحددة صحيحة لكل صور الحالة والاستثناءات المحتملة؟","NEEDS REVIEW",""
"R-PRO-SCE","عام ومتعدد القطاعات","Q001: وش صار معك؟ ← بنك/تمويل/تأمين/زكاة/ضريبة/اتصالات/جهة حكومية → Q110: مشكلتك مع أي جهة أو خدمة؟ ← خصوصية أو طيران أو تعليم أو بلدية → Q269: وش نوع المشكلة المتخصصة الأخرى؟ ← تصنيف أو تسجيل مهني / ممارس صحي / مهندس / محاسب → Q307: وش نوع التسجيل أو الاعتماد المهني اللي تحتاجه؟ ← مهندس / اعتماد أو تسجيل مهني","تحتاج تسجيلًا أو اعتمادًا مهنيًا هندسيًا.","حدد فئتك المهنية لدى الهيئة السعودية للمهندسين ثم اتبع إجراءات التسجيل والاعتماد.","الهيئة السعودية للمهندسين","","","المؤهل والخبرة والمستندات المطلوبة بحسب الفئة المهنية.","","","","غير منطبق ظاهرًا","تتحقق الهيئة من المؤهلات والخبرات وتطبق إجراءات التسجيل والتصنيف والاعتماد بحسب الفئة.","","","","الهيئة السعودية للمهندسين — دليل الاعتماد المهني","https://www.saudieng.sa/Admin/DepartmentsDocuments/ProfessionalAccreditationGuide.pdf","2026-09-21","ثابتة نظاميًا نسبيًا","HUMAN DECISION","المصدر غير موجود أو ليس على نطاق حكومي/رسمي يمكن الاعتماد عليه آليًا.","LOW","نتيجة محدودة الأثر ومدعومة بمصدر رسمي دون مدة سقوط أو اختيار قضائي حاسم ظاهر.","نعم","هل يدعم المصدر الرسمي جميع الادعاءات العملية في النتيجة، أم يلزم تقييدها أو تقسيمها؟","NEEDS REVIEW",""
"R-PRO-SCFHS","عام ومتعدد القطاعات","Q001: وش صار معك؟ ← بنك/تمويل/تأمين/زكاة/ضريبة/اتصالات/جهة حكومية → Q110: مشكلتك مع أي جهة أو خدمة؟ ← خصوصية أو طيران أو تعليم أو بلدية → Q269: وش نوع المشكلة المتخصصة الأخرى؟ ← تصنيف أو تسجيل مهني / ممارس صحي / مهندس / محاسب → Q307: وش نوع التسجيل أو الاعتماد المهني اللي تحتاجه؟ ← ممارس صحي / تصنيف أو تسجيل مهني / ممارس بلس","تحتاج تصنيفًا أو تسجيلًا مهنيًا لدى الهيئة السعودية للتخصصات الصحية.","ادخل ممارس بلس واختر الخدمة المطابقة لمرحلتك المهنية.","الهيئة السعودية للتخصصات الصحية","","","المؤهلات والوثائق المطلوبة بحسب الفئة والحالة في ممارس بلس.","","","","غير منطبق ظاهرًا","تراجع الهيئة الطلب وتحدد الإجراء أو القرار وفق الخدمة والمتطلبات.","","","","الهيئة السعودية للتخصصات الصحية — الأسئلة الشائعة للممارس — التصنيف والتسجيل المهني","https://scfhs.org.sa/ar/FAQ/Practitioner","2026-09-21","ثابتة نظاميًا نسبيًا","HUMAN DECISION","المصدر غير موجود أو ليس على نطاق حكومي/رسمي يمكن الاعتماد عليه آليًا.","LOW","نتيجة محدودة الأثر ومدعومة بمصدر رسمي دون مدة سقوط أو اختيار قضائي حاسم ظاهر.","نعم","هل يدعم المصدر الرسمي جميع الادعاءات العملية في النتيجة، أم يلزم تقييدها أو تقسيمها؟","NEEDS REVIEW",""
"R-PRO-SOCPA","عام ومتعدد القطاعات","Q001: وش صار معك؟ ← بنك/تمويل/تأمين/زكاة/ضريبة/اتصالات/جهة حكومية → Q110: مشكلتك مع أي جهة أو خدمة؟ ← خصوصية أو طيران أو تعليم أو بلدية → Q269: وش نوع المشكلة المتخصصة الأخرى؟ ← تصنيف أو تسجيل مهني / ممارس صحي / مهندس / محاسب → Q307: وش نوع التسجيل أو الاعتماد المهني اللي تحتاجه؟ ← محاسب / عضوية أو تسجيل مهني","تحتاج عضوية أو تسجيلًا مهنيًا في مجال المحاسبة.","راجع دليل العضويات وحدد الفئة المناسبة ثم انتقل لخدمات الهيئة لإكمال الطلب.","الهيئة السعودية للمراجعين والمحاسبين","","","المؤهل وشروط وضوابط فئة العضوية المختارة.","","","","غير منطبق ظاهرًا","تُراجع أهلية الطلب وفق فئة العضوية وشروطها المعتمدة.","","","","الهيئة السعودية للمراجعين والمحاسبين — دليل العضويات","https://socpa.org.sa/CMSPages/GetFile.aspx?guid=fb9e4ef9-296e-4c92-96a6-a94a89a26ce0","2026-09-21","ثابتة نظاميًا نسبيًا","HUMAN DECISION","المصدر غير موجود أو ليس على نطاق حكومي/رسمي يمكن الاعتماد عليه آليًا.","LOW","نتيجة محدودة الأثر ومدعومة بمصدر رسمي دون مدة سقوط أو اختيار قضائي حاسم ظاهر.","نعم","هل يدعم المصدر الرسمي جميع الادعاءات العملية في النتيجة، أم يلزم تقييدها أو تقسيمها؟","NEEDS REVIEW",""
"R-PRODUCT-BODILY-HARM","عام ومتعدد القطاعات","Q001: وش صار معك؟ ← بنك/تمويل/تأمين/زكاة/ضريبة/اتصالات/جهة حكومية → Q110: مشكلتك مع أي جهة أو خدمة؟ ← اتصالات أو مستهلك أو صحة أو خدمات → Q268: وش نوع الخدمة أو الشكوى؟ ← متجر إلكتروني / محل / حماية مستهلك → Q221: وش المشكلة مع المتجر أو المحل؟ ← منتج معيب أو رفض استبداله أو استرجاعه → Q264: وش الضرر الناتج عن عيب المنتج؟ ← سبب المنتج إصابة أو ضررًا جسديًا أو صحيًا","تذكر أن المنتج المعيب سبب إصابة أو ضررًا جسديًا أو صحيًا.","أوقف استخدام المنتج، واطلب الرعاية الطبية عند الحاجة، واحتفظ بالمنتج والعبوة والفاتورة والتقارير، وقدّم البلاغ للجهة الرقابية المختصة بنوع المنتج، ثم اطلب تقييمًا قانونيًا لمسار التعويض.","الجهة الرقابية المختصة بنوع المنتج، والمحكمة المختصة عند المطالبة بالتعويض.","","","احتفظ بما يثبت الشراء والمنتج والعبوة ورقم التشغيلة إن وجد، والتقارير الطبية والصور والمراسلات المتاحة. وصف الإصابة والواقعة معلومات لعرض الحالة، بينما المستندات الطبية وأدلة المنتج تدعم إثبات الضرر والسببية.","","","","غير منطبق ظاهرًا","تتعامل الجهة الرقابية مع سلامة المنتج، ويُقيّم مسار التعويض بصورة مستقلة وفق الأدلة والوقائع.","نظام المعاملات المدنية","","","هيئة الخبراء بمجلس الوزراء — نظام المعاملات المدنية","https://laws.boe.gov.sa/BoeLaws/Laws/LawDetails/655fdb42-8c96-422b-b8c4-b04f0095c94c/1","2026-09-20","ثابتة نظاميًا نسبيًا","INFERENCE","النتيجة تحليل إجرائي مرتبط بمصدر رسمي، لكن لا يوجد تحقق قانوني Result-by-Result لها.","LOW","نتيجة محدودة الأثر ومدعومة بمصدر رسمي دون مدة سقوط أو اختيار قضائي حاسم ظاهر.","نعم","هل الجهة والمحكمة ونوع الإجراء المحددة صحيحة لكل صور الحالة والاستثناءات المحتملة؟","NEEDS REVIEW",""
"R-QIWA-WORK-PERMIT","عام ومتعدد القطاعات","Q001: وش صار معك؟ ← مشكلة عمل أو راتب أو فصل → Q050: أنت تشتغل عند مين؟ ← شركة أو مؤسسة في القطاع الخاص → Q054: وش صفتك أو وش الخدمة العمالية اللي تحتاجها؟ ← خدمة عقد / نقل موظف / رخصة عمل / حماية أجور → Q314: وش تحتاج بخصوص عقد العمل أو خدمات الموظف في القطاع الخاص؟ ← إصدار أو تجديد رخصة عمل","تحتاج إصدار أو تجديد رخصة عمل لعامل وافد.","استخدم خدمة رخص العمل عبر قوى وحدد العامل ثم أكمل متطلبات الإصدار أو التجديد.","وزارة الموارد البشرية والتنمية الاجتماعية","","قوى","بيانات العامل والمنشأة واستيفاء شروط الخدمة والمقابل المالي إن انطبق.","","","","غير منطبق ظاهرًا","بعد إتمام المتطلبات يتم تحديث حالة رخصة العمل ضمن الأنظمة المرتبطة.","","","","وزارة الموارد البشرية والتنمية الاجتماعية — إصدار وتجديد رخص العمل","https://www.hrsd.gov.sa/ministry-services/services/إصدار-تجديد-رخص-العمل","2026-09-21","ثابتة نظاميًا نسبيًا","INFERENCE","النتيجة تحليل إجرائي مرتبط بمصدر رسمي، لكن لا يوجد تحقق قانوني Result-by-Result لها.","LOW","نتيجة محدودة الأثر ومدعومة بمصدر رسمي دون مدة سقوط أو اختيار قضائي حاسم ظاهر.","نعم","هل يدعم المصدر الرسمي جميع الادعاءات العملية في النتيجة، أم يلزم تقييدها أو تقسيمها؟","NEEDS REVIEW",""
"R-REGA-FAL","عام ومتعدد القطاعات","Q001: وش صار معك؟ ← بنك/تمويل/تأمين/زكاة/ضريبة/اتصالات/جهة حكومية → Q110: مشكلتك مع أي جهة أو خدمة؟ ← خصوصية أو طيران أو تعليم أو بلدية → Q269: وش نوع المشكلة المتخصصة الأخرى؟ ← ترخيص منشأة / فال / سياحة / نقل / فوترة إلكترونية → Q313: وش نوع الترخيص أو الالتزام المهني للمنشأة؟ ← وساطة عقارية / رخصة فال","تريد ممارسة نشاط وساطة أو خدمة عقارية تتطلب ترخيصًا.","تحقق من نوع رخصة فال المناسبة لنشاطك وقدّم عليها من منصة الهيئة العامة للعقار.","الهيئة العامة للعقار","","","بيانات مقدم الطلب أو المنشأة واستيفاء متطلبات نوع الرخصة التي تختارها.","","","","غير منطبق ظاهرًا","بعد استيفاء المتطلبات ومعالجة الطلب تصدر الرخصة وفق نوع النشاط.","","","","الهيئة العامة للعقار — تراخيص فال","https://eservices.rega.gov.sa/","2026-09-21","ثابتة نظاميًا نسبيًا","INFERENCE","النتيجة تحليل إجرائي مرتبط بمصدر رسمي، لكن لا يوجد تحقق قانوني Result-by-Result لها.","LOW","نتيجة محدودة الأثر ومدعومة بمصدر رسمي دون مدة سقوط أو اختيار قضائي حاسم ظاهر.","نعم","هل يدعم المصدر الرسمي جميع الادعاءات العملية في النتيجة، أم يلزم تقييدها أو تقسيمها؟","NEEDS REVIEW",""
"R-SBC-BENEFICIAL-OWNER","عام ومتعدد القطاعات","Q001: وش صار معك؟ ← بنك/تمويل/تأمين/زكاة/ضريبة/اتصالات/جهة حكومية → Q110: مشكلتك مع أي جهة أو خدمة؟ ← خصوصية أو طيران أو تعليم أو بلدية → Q269: وش نوع المشكلة المتخصصة الأخرى؟ ← سجل تجاري / إصدار أو تحديث أو مستخرج → Q310: وش تحتاج بخصوص السجل التجاري؟ ← المستفيد الحقيقي أو نقل ملكية المؤسسة → Q320: وش تحتاج بخصوص بيانات المنشأة التجارية؟ ← الإفصاح / تحديث بيانات المستفيد الحقيقي","تريد استكمال أو تحديث بيانات المستفيد الحقيقي للمنشأة.","ادخل منصة الأعمال وابحث عن خدمة المستفيد الحقيقي للكيان، ثم راجع بيانات الملكية والسيطرة وأكمل الإفصاح المطلوب.","المركز السعودي للأعمال","","","بيانات الكيان والأشخاص ذوي الملكية أو السيطرة والمستندات التي تطلبها الخدمة.","","","","غير منطبق ظاهرًا","تُحدّث بيانات المستفيد الحقيقي وفق الإجراء الإلكتروني والمتطلبات النظامية.","","","","المركز السعودي للأعمال — خدمات المستفيد الحقيقي","https://business.sa/","2026-09-21","ثابتة نظاميًا نسبيًا","HUMAN DECISION","المصدر غير موجود أو ليس على نطاق حكومي/رسمي يمكن الاعتماد عليه آليًا.","LOW","نتيجة محدودة الأثر ومدعومة بمصدر رسمي دون مدة سقوط أو اختيار قضائي حاسم ظاهر.","نعم","هل يدعم المصدر الرسمي جميع الادعاءات العملية في النتيجة، أم يلزم تقييدها أو تقسيمها؟","NEEDS REVIEW",""
"R-SBC-CR-ANNUAL","عام ومتعدد القطاعات","Q001: وش صار معك؟ ← بنك/تمويل/تأمين/زكاة/ضريبة/اتصالات/جهة حكومية → Q110: مشكلتك مع أي جهة أو خدمة؟ ← خصوصية أو طيران أو تعليم أو بلدية → Q269: وش نوع المشكلة المتخصصة الأخرى؟ ← سجل تجاري / إصدار أو تحديث أو مستخرج → Q310: وش تحتاج بخصوص السجل التجاري؟ ← أحجز اسمًا تجاريًا أو أؤكد بيانات السجل سنويًا → Q311: وش تحتاج بخصوص الاسم التجاري أو التأكيد السنوي؟ ← أؤكد بيانات السجل التجاري سنويًا","حل موعد التأكيد السنوي لبيانات سجلك التجاري.","ادخل منصة الأعمال واختر خدمة التأكيد السنوي لبيانات السجل التجاري، راجع البيانات وحدّث ما يلزم ثم قدّم الطلب.","وزارة التجارة","","","أن يكون السجل مستوفيًا لشروط الخدمة، مع استكمال متطلبات التحديث إن عدّلت بيانات السجل.","","","","غير منطبق ظاهرًا","بعد إتمام الطلب يتم تسجيل التأكيد السنوي؛ عدم تقديمه خلال 90 يومًا من تاريخ الاستحقاق يؤدي إلى تعليق القيد والخدمات المرتبطة به.","","","","وزارة التجارة — التأكيد السنوي لبيانات السجل التجاري","https://mc.gov.sa/ar/eservices/Pages/ServiceDetails.aspx?sID=15","2026-09-21","ثابتة نظاميًا نسبيًا","INFERENCE","النتيجة تحليل إجرائي مرتبط بمصدر رسمي، لكن لا يوجد تحقق قانوني Result-by-Result لها.","LOW","نتيجة محدودة الأثر ومدعومة بمصدر رسمي دون مدة سقوط أو اختيار قضائي حاسم ظاهر.","نعم","ما مقدار المدة وبدايتها ونهايتها والاستثناءات وأثر فواتها وفق النص المطبق على هذه الحالة؟","NEEDS REVIEW",""
"R-SBC-CR-CANCEL","عام ومتعدد القطاعات","Q001: وش صار معك؟ ← بنك/تمويل/تأمين/زكاة/ضريبة/اتصالات/جهة حكومية → Q110: مشكلتك مع أي جهة أو خدمة؟ ← خصوصية أو طيران أو تعليم أو بلدية → Q269: وش نوع المشكلة المتخصصة الأخرى؟ ← سجل تجاري / إصدار أو تحديث أو مستخرج → Q310: وش تحتاج بخصوص السجل التجاري؟ ← تأسيس شركة أو شطب السجل → Q312: وش تحتاج في تأسيس أو إنهاء منشأتك؟ ← شطب سجل تجاري","تريد شطب قيد سجل تجاري لم تعد بحاجة إليه.","ادخل منصة الأعمال وابحث عن خدمة شطب السجل التجاري، وحدد السجل المطلوب واتبع المتطلبات الظاهرة للحالة.","المركز السعودي للأعمال","","","بيانات السجل واستيفاء المتطلبات والارتباطات التي تعرضها الخدمة قبل إتمام الشطب.","","","","غير منطبق ظاهرًا","بعد استيفاء المتطلبات يتم تنفيذ طلب الشطب وتحديث حالة القيد.","","","","المركز السعودي للأعمال — شطب السجل التجاري","https://business.sa/","2026-09-21","ثابتة نظاميًا نسبيًا","HUMAN DECISION","المصدر غير موجود أو ليس على نطاق حكومي/رسمي يمكن الاعتماد عليه آليًا.","LOW","نتيجة محدودة الأثر ومدعومة بمصدر رسمي دون مدة سقوط أو اختيار قضائي حاسم ظاهر.","نعم","هل الجهة والمحكمة ونوع الإجراء المحددة صحيحة لكل صور الحالة والاستثناءات المحتملة؟","NEEDS REVIEW",""
"R-SBC-CR-EXTRACT","عام ومتعدد القطاعات","Q001: وش صار معك؟ ← بنك/تمويل/تأمين/زكاة/ضريبة/اتصالات/جهة حكومية → Q110: مشكلتك مع أي جهة أو خدمة؟ ← خصوصية أو طيران أو تعليم أو بلدية → Q269: وش نوع المشكلة المتخصصة الأخرى؟ ← سجل تجاري / إصدار أو تحديث أو مستخرج → Q310: وش تحتاج بخصوص السجل التجاري؟ ← أحتاج مستخرجًا من السجل التجاري","تحتاج مستخرجًا رسميًا لبيانات سجل تجاري.","استخدم خدمة إصدار مستخرج سجل تجاري في منصة الأعمال وحدد السجل والبيانات المطلوبة.","المركز السعودي للأعمال","","","بيانات السجل التجاري والبيانات التي تطلبها الخدمة لإصدار المستخرج.","","","","غير منطبق ظاهرًا","يصدر المستخرج إلكترونيًا وفق البيانات المحددة في الطلب.","","","","المركز السعودي للأعمال — دليل المستخدم لخدمة إصدار مستخرج سجل تجاري","https://business.sa/media/files/e71345d4-526b-40a5-8c65-b663e375f388.pdf","2026-09-21","قابلة للتغير","HUMAN DECISION","المصدر غير موجود أو ليس على نطاق حكومي/رسمي يمكن الاعتماد عليه آليًا.","LOW","نتيجة محدودة الأثر ومدعومة بمصدر رسمي دون مدة سقوط أو اختيار قضائي حاسم ظاهر.","نعم","هل يدعم المصدر الرسمي جميع الادعاءات العملية في النتيجة، أم يلزم تقييدها أو تقسيمها؟","NEEDS REVIEW",""
"R-SBC-CR-ISSUE","عام ومتعدد القطاعات","Q001: وش صار معك؟ ← بنك/تمويل/تأمين/زكاة/ضريبة/اتصالات/جهة حكومية → Q110: مشكلتك مع أي جهة أو خدمة؟ ← خصوصية أو طيران أو تعليم أو بلدية → Q269: وش نوع المشكلة المتخصصة الأخرى؟ ← سجل تجاري / إصدار أو تحديث أو مستخرج → Q310: وش تحتاج بخصوص السجل التجاري؟ ← أبدأ نشاط وأصدر سجلًا تجاريًا","تريد بدء نشاط تجاري وإصدار سجل تجاري.","ابدأ من منصة الأعمال واختر خدمة إصدار السجل التجاري المناسبة للشكل النظامي لنشاطك، ثم أكمل بيانات المنشأة والنشاط.","المركز السعودي للأعمال","","","بيانات مقدم الطلب والمنشأة والنشاط وأي متطلبات تظهر بحسب الشكل النظامي المختار.","","","","غير منطبق ظاهرًا","تستكمل رحلة بدء النشاط وما يرتبط بها من تسجيلات أو تراخيص بحسب طبيعة النشاط.","","","","المركز السعودي للأعمال — رحلة المستثمر — إصدار السجلات التجارية وبدء النشاط","https://business.sa/","2026-09-21","ثابتة نظاميًا نسبيًا","HUMAN DECISION","المصدر غير موجود أو ليس على نطاق حكومي/رسمي يمكن الاعتماد عليه آليًا.","LOW","نتيجة محدودة الأثر ومدعومة بمصدر رسمي دون مدة سقوط أو اختيار قضائي حاسم ظاهر.","نعم","هل يدعم المصدر الرسمي جميع الادعاءات العملية في النتيجة، أم يلزم تقييدها أو تقسيمها؟","NEEDS REVIEW",""
"R-SBC-CR-UPDATE","عام ومتعدد القطاعات","Q001: وش صار معك؟ ← بنك/تمويل/تأمين/زكاة/ضريبة/اتصالات/جهة حكومية → Q110: مشكلتك مع أي جهة أو خدمة؟ ← خصوصية أو طيران أو تعليم أو بلدية → Q269: وش نوع المشكلة المتخصصة الأخرى؟ ← سجل تجاري / إصدار أو تحديث أو مستخرج → Q310: وش تحتاج بخصوص السجل التجاري؟ ← أحدّث بيانات السجل التجاري","تريد تحديث بيانات مرتبطة بسجلك التجاري.","ادخل منصة الأعمال واختر خدمة تحديث بيانات السجل التجاري وأكمل التحديث المطلوب.","المركز السعودي للأعمال","","","بيانات السجل والمعلومة المطلوب تحديثها وأي مستندات أو تحقق تطلبه الخدمة.","","","","غير منطبق ظاهرًا","تُحدّث البيانات بعد استكمال الإجراء والتحقق المطلوب في المنصة.","","","","المركز السعودي للأعمال — دليل المستخدم لخدمة تحديث بيانات السجل التجاري","https://business.sa/media/files/7f4f9558-ed62-4eca-9511-aed25d922b79.pdf","2026-09-21","قابلة للتغير","HUMAN DECISION","المصدر غير موجود أو ليس على نطاق حكومي/رسمي يمكن الاعتماد عليه آليًا.","LOW","نتيجة محدودة الأثر ومدعومة بمصدر رسمي دون مدة سقوط أو اختيار قضائي حاسم ظاهر.","نعم","هل يدعم المصدر الرسمي جميع الادعاءات العملية في النتيجة، أم يلزم تقييدها أو تقسيمها؟","NEEDS REVIEW",""
"R-SBC-SOLE-TRANSFER","عام ومتعدد القطاعات","Q001: وش صار معك؟ ← بنك/تمويل/تأمين/زكاة/ضريبة/اتصالات/جهة حكومية → Q110: مشكلتك مع أي جهة أو خدمة؟ ← خصوصية أو طيران أو تعليم أو بلدية → Q269: وش نوع المشكلة المتخصصة الأخرى؟ ← سجل تجاري / إصدار أو تحديث أو مستخرج → Q310: وش تحتاج بخصوص السجل التجاري؟ ← المستفيد الحقيقي أو نقل ملكية المؤسسة → Q320: وش تحتاج بخصوص بيانات المنشأة التجارية؟ ← نقل ملكية مؤسسة فردية","تريد نقل ملكية مؤسسة فردية إلى مالك جديد.","ابدأ من منصة الأعمال وابحث عن خدمة نقل ملكية السجل/المؤسسة الفردية وتحقق من أهلية الطرفين والارتباطات القائمة قبل تقديم الطلب.","المركز السعودي للأعمال","","","بيانات المالك الحالي والجديد والسجل والالتزامات والمتطلبات التي تظهرها الخدمة.","","","","غير منطبق ظاهرًا","يمر الطلب بإجراءات موافقة الأطراف والتحقق ثم تُحدّث الملكية عند اكتماله.","","","","المركز السعودي للأعمال — خدمات السجل التجاري","https://business.sa/","2026-09-21","ثابتة نظاميًا نسبيًا","HUMAN DECISION","المصدر غير موجود أو ليس على نطاق حكومي/رسمي يمكن الاعتماد عليه آليًا.","LOW","نتيجة محدودة الأثر ومدعومة بمصدر رسمي دون مدة سقوط أو اختيار قضائي حاسم ظاهر.","نعم","هل يدعم المصدر الرسمي جميع الادعاءات العملية في النتيجة، أم يلزم تقييدها أو تقسيمها؟","NEEDS REVIEW",""
"R-SBC-TRADE-NAME","عام ومتعدد القطاعات","Q001: وش صار معك؟ ← بنك/تمويل/تأمين/زكاة/ضريبة/اتصالات/جهة حكومية → Q110: مشكلتك مع أي جهة أو خدمة؟ ← خصوصية أو طيران أو تعليم أو بلدية → Q269: وش نوع المشكلة المتخصصة الأخرى؟ ← سجل تجاري / إصدار أو تحديث أو مستخرج → Q310: وش تحتاج بخصوص السجل التجاري؟ ← أحجز اسمًا تجاريًا أو أؤكد بيانات السجل سنويًا → Q311: وش تحتاج بخصوص الاسم التجاري أو التأكيد السنوي؟ ← أحجز اسمًا تجاريًا","تريد حجز اسم تجاري قبل قيده في السجل التجاري.","ادخل منصة الأعمال واختر «حجز اسم تجاري»، وحدد لغة الاسم وأدخل الأسماء المقترحة ثم قدّم الطلب.","وزارة التجارة","","","أن يكون مقدم الطلب مستفيدًا من الاسم أو مفوضًا عنه، وأن يستوفي الاسم ضوابط نظام الأسماء التجارية والخدمة.","","","","غير منطبق ظاهرًا","بعد قبول الطلب وسداد المقابل يُنشر الاسم التجاري ويصبح الطلب مكتملًا، ويكون الحجز لمدة تصل إلى 60 يومًا لحين إصدار السجل التجاري.","","","","وزارة التجارة — حجز اسم تجاري","https://mc.gov.sa/ar/eservices/Pages/ServiceDetails.aspx?sID=1","2026-09-21","ثابتة نظاميًا نسبيًا","INFERENCE","النتيجة تحليل إجرائي مرتبط بمصدر رسمي، لكن لا يوجد تحقق قانوني Result-by-Result لها.","LOW","نتيجة محدودة الأثر ومدعومة بمصدر رسمي دون مدة سقوط أو اختيار قضائي حاسم ظاهر.","نعم","هل يدعم المصدر الرسمي جميع الادعاءات العملية في النتيجة، أم يلزم تقييدها أو تقسيمها؟","NEEDS REVIEW",""
"R-SFDA-COSMETIC","عام ومتعدد القطاعات","Q001: وش صار معك؟ ← بنك/تمويل/تأمين/زكاة/ضريبة/اتصالات/جهة حكومية → Q110: مشكلتك مع أي جهة أو خدمة؟ ← جهة حكومية أو تنظيمية → Q266: وش نوع الجهة الحكومية أو التنظيمية؟ ← الغذاء والدواء / دواء أو تجميل أو تسمم أو جهاز طبي → Q302: وش نوع البلاغ المرتبط بالغذاء والدواء؟ ← عرض جانبي من مستحضر تجميل","ظهر عرض جانبي غير مرغوب بعد استخدام منتج تجميلي.","ادخل نظام تيقظ واختر الأدوية ومنتجات التجميل ثم أكمل بلاغ الأعراض الجانبية لمنتجات التجميل.","الهيئة العامة للغذاء والدواء","","","اسم المنتج وصورته ووصف العرض ومدى خطورته وحالة المستخدم وبيانات التواصل المطلوبة.","","","","غير منطبق ظاهرًا","يستقبل نظام تيقظ البلاغ وتتعامل معه الجهة المختصة في الهيئة بحسب نوعه.","نظام تيقظ","","","الهيئة العامة للغذاء والدواء — نظام تيقظ — بلاغات أعراض جانبية لمنتجات التجميل","https://www.sfda.gov.sa/ar/eservices/%D9%86%D8%B8%D8%A7%D9%85-%D8%AA%D9%8A%D9%82%D8%B8-%D8%A8%D9%84%D8%A7%D8%BA%D8%A7%D8%AA-%D8%A3%D8%B9%D8%B1%D8%A7%D8%B6-%D8%AC%D8%A7%D9%86%D8%A8%D9%8A%D8%A9-%D9%84%D9%85%D9%86%D8%AA%D8%AC%D8%A7%D8%AA-%D8%A7%D9%84%D8%AA%D8%AC%D9%85%D9%8A%D9%84","2026-09-21","ثابتة نظاميًا نسبيًا","INFERENCE","النتيجة تحليل إجرائي مرتبط بمصدر رسمي، لكن لا يوجد تحقق قانوني Result-by-Result لها.","LOW","نتيجة محدودة الأثر ومدعومة بمصدر رسمي دون مدة سقوط أو اختيار قضائي حاسم ظاهر.","نعم","هل يدعم المصدر الرسمي جميع الادعاءات العملية في النتيجة، أم يلزم تقييدها أو تقسيمها؟","NEEDS REVIEW",""
"R-SFDA-DRUG-ADVERSE","عام ومتعدد القطاعات","Q001: وش صار معك؟ ← بنك/تمويل/تأمين/زكاة/ضريبة/اتصالات/جهة حكومية → Q110: مشكلتك مع أي جهة أو خدمة؟ ← جهة حكومية أو تنظيمية → Q266: وش نوع الجهة الحكومية أو التنظيمية؟ ← الغذاء والدواء / دواء أو تجميل أو تسمم أو جهاز طبي → Q302: وش نوع البلاغ المرتبط بالغذاء والدواء؟ ← عرض جانبي أو خطأ دوائي بعد استخدام دواء","ظهر عرض جانبي أو وقع خطأ دوائي مرتبط بدواء أو مستحضر صيدلاني.","استخدم نظام تيقظ واختر مسار بلاغات الأدوية للأعراض الجانبية وأكمل نموذج البلاغ المناسب لفئة المبلّغ.","الهيئة العامة للغذاء والدواء","","","بيانات الدواء أو المستحضر، ووصف العرض أو الخطأ، والمعلومات الداعمة المتاحة بحسب النموذج.","","","","غير منطبق ظاهرًا","يصل البلاغ إلى نظام تيقظ وتتعامل معه الجهة المختصة في الهيئة.","نظام تيقظ","","","الهيئة العامة للغذاء والدواء — نظام تيقظ — بلاغات الأدوية للأعراض الجانبية","https://www.sfda.gov.sa/ar/eservices/338","2026-09-21","ثابتة نظاميًا نسبيًا","INFERENCE","النتيجة تحليل إجرائي مرتبط بمصدر رسمي، لكن لا يوجد تحقق قانوني Result-by-Result لها.","LOW","نتيجة محدودة الأثر ومدعومة بمصدر رسمي دون مدة سقوط أو اختيار قضائي حاسم ظاهر.","نعم","هل يدعم المصدر الرسمي جميع الادعاءات العملية في النتيجة، أم يلزم تقييدها أو تقسيمها؟","NEEDS REVIEW",""
"R-SFDA-DRUG-QUALITY","عام ومتعدد القطاعات","Q001: وش صار معك؟ ← بنك/تمويل/تأمين/زكاة/ضريبة/اتصالات/جهة حكومية → Q110: مشكلتك مع أي جهة أو خدمة؟ ← جهة حكومية أو تنظيمية → Q266: وش نوع الجهة الحكومية أو التنظيمية؟ ← الغذاء والدواء / دواء أو تجميل أو تسمم أو جهاز طبي → Q302: وش نوع البلاغ المرتبط بالغذاء والدواء؟ ← خلل في جودة دواء أو مستحضر صيدلاني","لديك ملاحظة عن خلل جودة في مستحضر صيدلاني.","ادخل خدمة بلاغات خلل جودة مستحضر صيدلاني واتبع المسار المطابق لصفتك.","الهيئة العامة للغذاء والدواء","","","بيانات المستحضر ووصف خلل الجودة والمعلومات الداعمة التي يطلبها النموذج.","","","","غير منطبق ظاهرًا","تستقبل الهيئة البلاغ وتراجعه ضمن مسار جودة المستحضرات الصيدلانية.","نظام تيقظ","","","الهيئة العامة للغذاء والدواء — نظام تيقظ — بلاغات خلل جودة مستحضر صيدلاني","https://www.sfda.gov.sa/ar/eservices/341","2026-09-21","ثابتة نظاميًا نسبيًا","INFERENCE","النتيجة تحليل إجرائي مرتبط بمصدر رسمي، لكن لا يوجد تحقق قانوني Result-by-Result لها.","LOW","نتيجة محدودة الأثر ومدعومة بمصدر رسمي دون مدة سقوط أو اختيار قضائي حاسم ظاهر.","نعم","هل يدعم المصدر الرسمي جميع الادعاءات العملية في النتيجة، أم يلزم تقييدها أو تقسيمها؟","NEEDS REVIEW",""
"R-SFDA-FOOD-POISON","عام ومتعدد القطاعات","Q001: وش صار معك؟ ← بنك/تمويل/تأمين/زكاة/ضريبة/اتصالات/جهة حكومية → Q110: مشكلتك مع أي جهة أو خدمة؟ ← جهة حكومية أو تنظيمية → Q266: وش نوع الجهة الحكومية أو التنظيمية؟ ← الغذاء والدواء / دواء أو تجميل أو تسمم أو جهاز طبي → Q302: وش نوع البلاغ المرتبط بالغذاء والدواء؟ ← حالة تسمم غذائي","عندك حالة تسمم غذائي تريد إبلاغ هيئة الغذاء والدواء عنها.","ادخل نظام تيقظ واختر مسار التسمم الغذائي وأكمل بيانات البلاغ المتاحة.","الهيئة العامة للغذاء والدواء","","","تفاصيل الحالة والغذاء المرتبط بها وأي معلومات يطلبها نموذج البلاغ.","","","","غير منطبق ظاهرًا","يستقبل نظام تيقظ البلاغ وتتعامل معه الجهة المختصة في الهيئة بحسب نوعه.","نظام تيقظ","","","الهيئة العامة للغذاء والدواء — الدليل الإرشادي للإبلاغ عبر نظام تيقظ","https://www.sfda.gov.sa/sites/default/files/2023-05/Dfhj78ht67.pdf","2026-09-21","ثابتة نظاميًا نسبيًا","INFERENCE","النتيجة تحليل إجرائي مرتبط بمصدر رسمي، لكن لا يوجد تحقق قانوني Result-by-Result لها.","LOW","نتيجة محدودة الأثر ومدعومة بمصدر رسمي دون مدة سقوط أو اختيار قضائي حاسم ظاهر.","نعم","هل يدعم المصدر الرسمي جميع الادعاءات العملية في النتيجة، أم يلزم تقييدها أو تقسيمها؟","NEEDS REVIEW",""
"R-SFDA-MEDDEVICE","عام ومتعدد القطاعات","Q001: وش صار معك؟ ← بنك/تمويل/تأمين/زكاة/ضريبة/اتصالات/جهة حكومية → Q110: مشكلتك مع أي جهة أو خدمة؟ ← جهة حكومية أو تنظيمية → Q266: وش نوع الجهة الحكومية أو التنظيمية؟ ← الغذاء والدواء / دواء أو تجميل أو تسمم أو جهاز طبي → Q302: وش نوع البلاغ المرتبط بالغذاء والدواء؟ ← خلل أو حادثة مرتبطة بجهاز أو مستلزم طبي","عندك خلل أو مشكلة سلامة مرتبطة بجهاز أو مستلزم طبي.","ادخل نظام تيقظ واختر الأجهزة الطبية وأكمل نموذج البلاغ.","الهيئة العامة للغذاء والدواء","","","بيانات الجهاز أو المستلزم ووصف الخلل أو الواقعة وأي معلومات أو صور يطلبها النموذج.","","","","غير منطبق ظاهرًا","يستقبل نظام تيقظ البلاغ وتتعامل معه الجهة المختصة في الهيئة بحسب نوعه.","","","","الهيئة العامة للغذاء والدواء — المركز الوطني لبلاغات الأجهزة والمستلزمات الطبية","https://www.sfda.gov.sa/ar/eservices/%D8%A7%D9%84%D9%85%D8%B1%D9%83%D8%B2-%D8%A7%D9%84%D9%88%D8%B7%D9%86%D9%8A-%D9%84%D8%A8%D9%84%D8%A7%D8%BA%D8%A7%D8%AA-%D8%A7%D9%84%D8%A3%D8%AC%D9%87%D8%B2%D8%A9-%D9%88%D8%A7%D9%84%D9%85%D8%B3%D8%AA%D9%84%D8%B2%D9%85%D8%A7%D8%AA-%D8%A7%D9%84%D8%B7%D8%A8%D9%8A%D8%A9","2026-09-21","ثابتة نظاميًا نسبيًا","INFERENCE","النتيجة تحليل إجرائي مرتبط بمصدر رسمي، لكن لا يوجد تحقق قانوني Result-by-Result لها.","LOW","نتيجة محدودة الأثر ومدعومة بمصدر رسمي دون مدة سقوط أو اختيار قضائي حاسم ظاهر.","نعم","هل يدعم المصدر الرسمي جميع الادعاءات العملية في النتيجة، أم يلزم تقييدها أو تقسيمها؟","NEEDS REVIEW",""
"R-SP-CREDIT-CARD-DISPUTE","عام ومتعدد القطاعات","Q001: وش صار معك؟ ← بنك/تمويل/تأمين/زكاة/ضريبة/اتصالات/جهة حكومية → Q110: مشكلتك مع أي جهة أو خدمة؟ ← بنك أو تمويل أو تأمين أو سوق مالية → Q267: وش نوع المشكلة المالية أو التأمينية؟ ← بنك / مصرف / شركة تمويل → Q285: وش المشكلة البنكية اللي صارت؟ ← تحويل معلق / صراف / حساب / سداد مبكر → Q286: وش نوع المشكلة البنكية الأخرى؟ ← رسوم / حد / إغلاق / رصيد بطاقة ائتمانية","لديك خلاف على رسوم بطاقة ائتمانية أو حدها أو إغلاقها أو رصيدها، وليس مجرد عملية احتيالية مجهولة.","اطلب من البنك كشفًا يوضح الرصيد والرسوم والحد أو سبب الإغلاق، واعترض رسميًا على البند المختلف عليه.","البنك المركزي السعودي","","","كشف البطاقة، العقد أو الشروط، الرسوم أو الرصيد محل الاعتراض، والمراسلات أو رقم طلب الإغلاق إن وجد.","","","","يراجع البنك حساب البطاقة والاعتراض، ثم يمكن تصعيد الشكوى إذا بقي الخلاف.","يراجع البنك حساب البطاقة والاعتراض، ثم يمكن تصعيد الشكوى إذا بقي الخلاف.","","","","البنك المركزي السعودي — مبادئ وقواعد حماية عملاء المؤسسات المالية","https://rulebook.sama.gov.sa/ar/entiresection/5847","2026-09-20","ثابتة نظاميًا نسبيًا","INFERENCE","النتيجة تحليل إجرائي مرتبط بمصدر رسمي، لكن لا يوجد تحقق قانوني Result-by-Result لها.","LOW","نتيجة محدودة الأثر ومدعومة بمصدر رسمي دون مدة سقوط أو اختيار قضائي حاسم ظاهر.","نعم","ما مقدار المدة وبدايتها ونهايتها والاستثناءات وأثر فواتها وفق النص المطبق على هذه الحالة؟","NEEDS REVIEW",""
"R-SP-CYBER-REG-VIOLATION","عام ومتعدد القطاعات","Q001: وش صار معك؟ ← بنك/تمويل/تأمين/زكاة/ضريبة/اتصالات/جهة حكومية → Q110: مشكلتك مع أي جهة أو خدمة؟ ← جهة حكومية أو تنظيمية → Q266: وش نوع الجهة الحكومية أو التنظيمية؟ ← مخالفة متطلبات أو ضوابط الأمن السيبراني لدى جهة","عندك بلاغ عن مخالفة لضوابط أو متطلبات الأمن السيبراني لدى جهة، وليس مجرد جريمة إلكترونية ضدك.","إذا كانت ضمن اختصاص الهيئة، استخدم خدمة «الإبلاغ عن مخالفة للأمن السيبراني».","الهيئة الوطنية للأمن السيبراني","","","بيانات الواقعة والجهة وأي معلومات أو مرفقات تدعم البلاغ.","","","","غير منطبق ظاهرًا","تستقبل الهيئة البلاغ وتتحقق من اكتمال بياناته وتحلله وفق نطاق اختصاصها. مدة تنفيذ الخدمة المنشورة 3 أيام عمل، وهي مدة تنفيذ للخدمة وليست مهلة نظامية لتقديم البلاغ.","","","","الهيئة الوطنية للأمن السيبراني — الإبلاغ عن مخالفة للأمن السيبراني","https://nca.gov.sa/ar/services/report-a-cybersecurity-violation/","2026-09-20","ثابتة نظاميًا نسبيًا","INFERENCE","النتيجة تحليل إجرائي مرتبط بمصدر رسمي، لكن لا يوجد تحقق قانوني Result-by-Result لها.","LOW","نتيجة محدودة الأثر ومدعومة بمصدر رسمي دون مدة سقوط أو اختيار قضائي حاسم ظاهر.","نعم","ما مقدار المدة وبدايتها ونهايتها والاستثناءات وأثر فواتها وفق النص المطبق على هذه الحالة؟","NEEDS REVIEW",""
"R-SP-DRIVING-LICENSE-RENEW","عام ومتعدد القطاعات","Q001: وش صار معك؟ ← بنك/تمويل/تأمين/زكاة/ضريبة/اتصالات/جهة حكومية → Q110: مشكلتك مع أي جهة أو خدمة؟ ← خصوصية أو طيران أو تعليم أو بلدية → Q269: وش نوع المشكلة المتخصصة الأخرى؟ ← سيارة / حادث / لوحة مركبة → Q282: وش موضوع السيارة أو المرور؟ ← بيع / شراء / تفويض / تجديد استمارة أو رخصة → Q283: وش الخدمة اللي تحتاجها للمركبة أو الرخصة؟ ← أجدد رخصة القيادة","تريد تجديد رخصة القيادة إلكترونيًا.","من أبشر: خدماتي ثم خدمات ثم المرور ثم تجديد رخصة القيادة، واستكمل المتطلبات الظاهرة.","منصة أبشر — وزارة الداخلية","","أبشر","فحص طبي عبر مركز معتمد، وسداد رسوم التجديد والمخالفات إن وجدت، وأن تكون الرخصة ضمن المدة المسموح فيها بالتجديد.","","","","غير منطبق ظاهرًا","تتحقق أبشر من الأهلية والمتطلبات ثم تكمل طلب التجديد إلكترونيًا.","","","","منصة أبشر — وزارة الداخلية — تجديد رخصة القيادة","https://www.absher.sa/wps/wcm/connect/individuals/contents/individuals%2BAR/eServices%2BUser%2BGuide/eServices/Traffic-Services/","2026-09-20","قابلة للتغير","HUMAN DECISION","المصدر غير موجود أو ليس على نطاق حكومي/رسمي يمكن الاعتماد عليه آليًا.","LOW","نتيجة محدودة الأثر ومدعومة بمصدر رسمي دون مدة سقوط أو اختيار قضائي حاسم ظاهر.","نعم","هل يدعم المصدر الرسمي جميع الادعاءات العملية في النتيجة، أم يلزم تقييدها أو تقسيمها؟","NEEDS REVIEW",""
"R-SP-MOTOR-ACCIDENT-OBJECTION","عام ومتعدد القطاعات","Q001: وش صار معك؟ ← بنك/تمويل/تأمين/زكاة/ضريبة/اتصالات/جهة حكومية → Q110: مشكلتك مع أي جهة أو خدمة؟ ← خصوصية أو طيران أو تعليم أو بلدية → Q269: وش نوع المشكلة المتخصصة الأخرى؟ ← سيارة / حادث / لوحة مركبة → Q282: وش موضوع السيارة أو المرور؟ ← أبي أعترض على نسبة حادث مروري","تريد الاعتراض على نسبة المسؤولية في حادث مروري مسجل.","من أبشر: خدماتي ← المرور ← الاعتراض والتنازل عن حادث، ثم اختر الحادث وقدّم الاعتراض.","الجهة القضائية أو الرسمية المحددة في المصدر المرتبط بالنتيجة.","","أبشر | اعتراض على حكم/قرار قضائي بطريق الاستئناف بحسب المرحلة.","حساب أبشر مفعل والحادث المسجل محل الاعتراض.","","","","يُرفع الاعتراض على الحادث المسجل وتتابع معالجة الطلب من خلال الخدمة.","يُرفع الاعتراض على الحادث المسجل وتتابع معالجة الطلب من خلال الخدمة.","","","","منصة أبشر — وزارة الداخلية — الاعتراض على الحوادث المرورية","https://www.absher.sa/wps/portal/individuals/Home/homepublic/contents/!ut/p/z1/lVDLbsIwEPwVeuCIvHZUAkcnSOYpnhHBl8hKTLQVmEKctPw9VsQBhBTaPc2OZh8zRJKYSKMqzJXFk1EH1-9kN-myaUiHPTaZbwZ9WE58H2ZsQQGAbGsBPBWHYMUCD0DMGZH_n3_c9Lf5BoFsXr_WhozfHXEp4Nf5LDmR6clY_WtJXANjizagybDCrFQH1-hCXypMddEqHWrlJWb6gW2Dvaj9HtPOC5PcmYT1nStZ_yQo5UMmYCrEisEy5NTzeUB79PMuaAr-nfXvYxTFP1cPcPRxA47Mm9w!/dz/d5/L0lHSkovd0RNQUprQUVnQSEhLzROVkUvYXI!/","2026-09-20","قابلة للتغير","HUMAN DECISION","المصدر غير موجود أو ليس على نطاق حكومي/رسمي يمكن الاعتماد عليه آليًا.","LOW","نتيجة محدودة الأثر ومدعومة بمصدر رسمي دون مدة سقوط أو اختيار قضائي حاسم ظاهر.","نعم","ما مقدار المدة وبدايتها ونهايتها والاستثناءات وأثر فواتها وفق النص المطبق على هذه الحالة؟","NEEDS REVIEW",""
"R-SP-MOTOR-AUTH","عام ومتعدد القطاعات","Q001: وش صار معك؟ ← بنك/تمويل/تأمين/زكاة/ضريبة/اتصالات/جهة حكومية → Q110: مشكلتك مع أي جهة أو خدمة؟ ← خصوصية أو طيران أو تعليم أو بلدية → Q269: وش نوع المشكلة المتخصصة الأخرى؟ ← سيارة / حادث / لوحة مركبة → Q282: وش موضوع السيارة أو المرور؟ ← بيع / شراء / تفويض / تجديد استمارة أو رخصة → Q283: وش الخدمة اللي تحتاجها للمركبة أو الرخصة؟ ← أفوض شخص يقود سيارتي","تريد تفويض شخص آخر لقيادة مركبتك داخل المملكة أو خارجها.","من أبشر افتح المركبات ثم إدارة المركبات واختر المركبة ثم التفويض على المركبات وأصدر التفويض وحدد نوعه.","منصة أبشر — وزارة الداخلية","","أبشر","حساب أبشر للمفوض والمفوض له، ورخصة سير وتأمين ساريان، مع استيفاء شروط رخصة قيادة المفوض له والتأشيرة عند التفويض الخارجي.","","","","غير منطبق ظاهرًا","يصدر التفويض إلكترونيًا بعد استيفاء الشروط وإكمال البيانات المطلوبة.","","","","منصة أبشر — وزارة الداخلية — تفويض مركبة","https://www.absher.sa/wps/portal/individuals/static/guide/service-contents/","2026-09-20","قابلة للتغير","HUMAN DECISION","المصدر غير موجود أو ليس على نطاق حكومي/رسمي يمكن الاعتماد عليه آليًا.","LOW","نتيجة محدودة الأثر ومدعومة بمصدر رسمي دون مدة سقوط أو اختيار قضائي حاسم ظاهر.","نعم","هل يدعم المصدر الرسمي جميع الادعاءات العملية في النتيجة، أم يلزم تقييدها أو تقسيمها؟","NEEDS REVIEW",""
"R-SP-MOTOR-CLAIM","عام ومتعدد القطاعات","Q001: وش صار معك؟ ← بنك/تمويل/تأمين/زكاة/ضريبة/اتصالات/جهة حكومية → Q110: مشكلتك مع أي جهة أو خدمة؟ ← بنك أو تمويل أو تأمين أو سوق مالية → Q267: وش نوع المشكلة المالية أو التأمينية؟ ← حادث مروري / أضرار مركبة / مطالبة تأمين → Q227: وش تحتاج بعد الحادث؟ ← عندي التقرير/التقدير وأبي أطالب شركة التأمين","عندك تقرير الحادث/التقدير وتريد تقديم مطالبة تأمينية.","قدّم مطالبة حادث المركبة عبر القناة المتاحة لدى شركة التأمين أو الخدمة الرقمية المخصصة للحادث، وأرفق تقرير الحادث والتقدير والمستندات المطلوبة بحسب نوع الوثيقة والحالة.","هيئة التأمين","","","أرفق تقرير الحادث وتقدير الأضرار والمستندات التي تطلبها شركة التأمين بحسب نوع الوثيقة والحالة. بيانات المطالبة تُعبأ داخل نموذج المطالبة ولا تُعامل كمستند مستقل.","","","","غير منطبق ظاهرًا","تدرس شركة التأمين المطالبة؛ وإذا حصل رفض أو تأخير أو نقص غير مقبول ينتقل المسار إلى الشكوى التأمينية.","","","","هيئة التأمين — الخدمات الرقمية لتأمين المركبات والحوادث المرورية","https://www.ia.gov.sa/ar/media-center/news/6","2026-09-20","ثابتة نظاميًا نسبيًا","INFERENCE","النتيجة تحليل إجرائي مرتبط بمصدر رسمي، لكن لا يوجد تحقق قانوني Result-by-Result لها.","LOW","نتيجة محدودة الأثر ومدعومة بمصدر رسمي دون مدة سقوط أو اختيار قضائي حاسم ظاهر.","نعم","هل يدعم المصدر الرسمي جميع الادعاءات العملية في النتيجة، أم يلزم تقييدها أو تقسيمها؟","NEEDS REVIEW",""
"R-SP-MOTOR-ESTIMATE","عام ومتعدد القطاعات","Q001: وش صار معك؟ ← بنك/تمويل/تأمين/زكاة/ضريبة/اتصالات/جهة حكومية → Q110: مشكلتك مع أي جهة أو خدمة؟ ← بنك أو تمويل أو تأمين أو سوق مالية → Q267: وش نوع المشكلة المالية أو التأمينية؟ ← حادث مروري / أضرار مركبة / مطالبة تأمين → Q227: وش تحتاج بعد الحادث؟ ← عندي تقرير الحادث وأحتاج تقدير أضرار المركبة","عندك تقرير حادث وتحتاج تقدير أضرار المركبة.","بعد تقرير الحادث، استخدم منظومة «تقدير» أو القناة المعتمدة المتاحة لحالتك وموقعك لتقييم أضرار المركبة قبل الانتقال للمطالبة.","الهيئة السعودية للمقيّمين المعتمدين","","","تقرير الحادث وبيانات المركبة وما تطلبه خدمة التقدير.","","","","غير منطبق ظاهرًا","يصدر تقرير تقدير لأضرار المركبة يمكن استخدامه في المطالبة والإجراءات اللاحقة بحسب الحالة.","","","","الهيئة السعودية للمقيّمين المعتمدين — تقييم أضرار المركبات ومنظومة تقدير","https://taqeem.gov.sa/sector/vehicle","2026-09-20","ثابتة نظاميًا نسبيًا","INFERENCE","النتيجة تحليل إجرائي مرتبط بمصدر رسمي، لكن لا يوجد تحقق قانوني Result-by-Result لها.","LOW","نتيجة محدودة الأثر ومدعومة بمصدر رسمي دون مدة سقوط أو اختيار قضائي حاسم ظاهر.","نعم","هل يدعم المصدر الرسمي جميع الادعاءات العملية في النتيجة، أم يلزم تقييدها أو تقسيمها؟","NEEDS REVIEW",""
"R-SP-MOTOR-PLATE-LOST","عام ومتعدد القطاعات","Q001: وش صار معك؟ ← بنك/تمويل/تأمين/زكاة/ضريبة/اتصالات/جهة حكومية → Q110: مشكلتك مع أي جهة أو خدمة؟ ← خصوصية أو طيران أو تعليم أو بلدية → Q269: وش نوع المشكلة المتخصصة الأخرى؟ ← سيارة / حادث / لوحة مركبة → Q282: وش موضوع السيارة أو المرور؟ ← لوحة السيارة ضاعت أو انسرقت","لوحة المركبة مفقودة أو مسروقة.","من خدمات المرور في أبشر اختر الإبلاغ عن سرقة أو فقدان لوحة مركبة وأكمل الطلب.","منصة أبشر — وزارة الداخلية","","أبشر","بيانات المركبة واللوحة وإكمال الطلب والتعهد وفق الخدمة.","","","","غير منطبق ظاهرًا","يُسجل البلاغ إلكترونيًا ثم تتبع تعليمات الخدمة لاستكمال الإجراء.","","","","منصة أبشر — وزارة الداخلية — خدمات المرور الإلكترونية","https://absher.sa/wps/wcm/connect/individuals/contents/individuals%2BAR/eServices%2BUser%2BGuide/eServices/Traffic-Services/","2026-09-20","قابلة للتغير","HUMAN DECISION","المصدر غير موجود أو ليس على نطاق حكومي/رسمي يمكن الاعتماد عليه آليًا.","LOW","نتيجة محدودة الأثر ومدعومة بمصدر رسمي دون مدة سقوط أو اختيار قضائي حاسم ظاهر.","نعم","هل يدعم المصدر الرسمي جميع الادعاءات العملية في النتيجة، أم يلزم تقييدها أو تقسيمها؟","NEEDS REVIEW",""
"R-SP-MOTOR-PLATE-REPLACE","عام ومتعدد القطاعات","Q001: وش صار معك؟ ← بنك/تمويل/تأمين/زكاة/ضريبة/اتصالات/جهة حكومية → Q110: مشكلتك مع أي جهة أو خدمة؟ ← خصوصية أو طيران أو تعليم أو بلدية → Q269: وش نوع المشكلة المتخصصة الأخرى؟ ← سيارة / حادث / لوحة مركبة → Q282: وش موضوع السيارة أو المرور؟ ← أبي أستبدل لوحة السيارة","تريد استبدال لوحة مركبتك.","افتح خدمات المرور في أبشر ثم خدمة استبدال لوحات المركبة وأكمل الطلب.","منصة أبشر — وزارة الداخلية","","أبشر","بيانات المركبة واستيفاء شروط الخدمة الظاهرة في أبشر.","","","","غير منطبق ظاهرًا","تتابع طلب الاستبدال إلكترونيًا وفق حالة الطلب والتعليمات الظاهرة.","","","","منصة أبشر — وزارة الداخلية — خدمات المرور الإلكترونية","https://absher.sa/wps/wcm/connect/individuals/contents/individuals%2BAR/eServices%2BUser%2BGuide/eServices/Traffic-Services/","2026-09-20","قابلة للتغير","HUMAN DECISION","المصدر غير موجود أو ليس على نطاق حكومي/رسمي يمكن الاعتماد عليه آليًا.","LOW","نتيجة محدودة الأثر ومدعومة بمصدر رسمي دون مدة سقوط أو اختيار قضائي حاسم ظاهر.","نعم","هل يدعم المصدر الرسمي جميع الادعاءات العملية في النتيجة، أم يلزم تقييدها أو تقسيمها؟","NEEDS REVIEW",""
"R-SP-MOTOR-REG-RENEW","عام ومتعدد القطاعات","Q001: وش صار معك؟ ← بنك/تمويل/تأمين/زكاة/ضريبة/اتصالات/جهة حكومية → Q110: مشكلتك مع أي جهة أو خدمة؟ ← خصوصية أو طيران أو تعليم أو بلدية → Q269: وش نوع المشكلة المتخصصة الأخرى؟ ← سيارة / حادث / لوحة مركبة → Q282: وش موضوع السيارة أو المرور؟ ← بيع / شراء / تفويض / تجديد استمارة أو رخصة → Q283: وش الخدمة اللي تحتاجها للمركبة أو الرخصة؟ ← أجدد استمارة السيارة / رخصة السير","تريد تجديد رخصة سير المركبة (الاستمارة).","استخدم خدمة تجديد رخصة السير في أبشر بعد استيفاء شروط التجديد.","منصة أبشر — وزارة الداخلية","","أبشر","سداد الرسوم الحكومية، وفحص دوري وتأمين ساريان، وسداد المخالفات المرورية، وأن تكون المدة المتبقية ضمن المدة التي تسمح بها الخدمة.","","","","غير منطبق ظاهرًا","تتحقق المنصة آليًا من الأهلية ثم تؤكد التجديد عند اكتمال المتطلبات.","","","","منصة أبشر — وزارة الداخلية — تجديد رخصة السير","https://www.absher.sa/wps/wcm/connect/individuals/contents/individuals%2BAR/eServices%2BUser%2BGuide/eServices/Traffic-Services/","2026-09-20","قابلة للتغير","HUMAN DECISION","المصدر غير موجود أو ليس على نطاق حكومي/رسمي يمكن الاعتماد عليه آليًا.","LOW","نتيجة محدودة الأثر ومدعومة بمصدر رسمي دون مدة سقوط أو اختيار قضائي حاسم ظاهر.","نعم","هل يدعم المصدر الرسمي جميع الادعاءات العملية في النتيجة، أم يلزم تقييدها أو تقسيمها؟","NEEDS REVIEW",""
"R-SP-MOTOR-REPORT","عام ومتعدد القطاعات","Q001: وش صار معك؟ ← بنك/تمويل/تأمين/زكاة/ضريبة/اتصالات/جهة حكومية → Q110: مشكلتك مع أي جهة أو خدمة؟ ← بنك أو تمويل أو تأمين أو سوق مالية → Q267: وش نوع المشكلة المالية أو التأمينية؟ ← حادث مروري / أضرار مركبة / مطالبة تأمين → Q227: وش تحتاج بعد الحادث؟ ← الحادث توه صار وأحتاج مباشرة/تقرير حادث","الحادث المروري ما زال في مرحلة إثبات الواقعة وتحديد المسؤولية.","ابدأ بإثبات الحادث لدى الجهة التي تباشر حالتك، واحصل على تقرير الحادث وتحديد المسؤولية. إذا وجدت إصابات أو وفاة أو حالة طارئة فاتبع مسار المرور/الطوارئ بدل مسار الأضرار البسيطة.","هيئة التأمين","","","بيانات الأطراف والمركبات والتأمين وموقع ووقت الحادث تُجمع لتسجيل الواقعة وتحديدها، وليست كلها مستندات. قد تطلب الجهة المباشرة مستندات أو إثباتات إضافية بحسب حالة الحادث؛ اتبع ما يظهر في القناة المختصة.","","","","غير منطبق ظاهرًا","ينتج تقرير للحادث وتحديد للمسؤولية يُستخدم في الخطوات اللاحقة مثل التقدير والمطالبة.","","","","هيئة التأمين — الخدمات الرقمية لتأمين المركبات والحوادث المرورية","https://www.ia.gov.sa/ar/media-center/news/6","2026-09-20","ثابتة نظاميًا نسبيًا","INFERENCE","النتيجة تحليل إجرائي مرتبط بمصدر رسمي، لكن لا يوجد تحقق قانوني Result-by-Result لها.","LOW","نتيجة محدودة الأثر ومدعومة بمصدر رسمي دون مدة سقوط أو اختيار قضائي حاسم ظاهر.","نعم","هل يدعم المصدر الرسمي جميع الادعاءات العملية في النتيجة، أم يلزم تقييدها أو تقسيمها؟","NEEDS REVIEW",""
"R-SP-NAZAHA-CORRUPTION","عام ومتعدد القطاعات","Q001: وش صار معك؟ ← بنك/تمويل/تأمين/زكاة/ضريبة/اتصالات/جهة حكومية → Q110: مشكلتك مع أي جهة أو خدمة؟ ← جهة حكومية أو تنظيمية → Q266: وش نوع الجهة الحكومية أو التنظيمية؟ ← نزاهة / بلاغ فساد إداري أو مالي","عندك واقعة تشتبه أنها فساد إداري أو مالي وتريد إيصالها للجهة المختصة.","افتح خدمة الإبلاغ عن الفساد، أدخل بيانات البلاغ والجهة وتفاصيل الواقعة، وأرفق الأدلة المتاحة إن وجدت.","هيئة الرقابة ومكافحة الفساد (نزاهة)","","","تفاصيل الواقعة والجهة المبلّغ عنها وبيانات التواصل، والمستندات المؤيدة إن وجدت.","","","","تستلم الهيئة البلاغ وتتحقق من الواقعة واختصاصها، وقد تعالج البلاغ ضمن اختصاصها أو تحيله إلى الجهة المختصة.","تستلم الهيئة البلاغ وتتحقق من الواقعة واختصاصها، وقد تعالج البلاغ ضمن اختصاصها أو تحيله إلى الجهة المختصة.","","","","هيئة الرقابة ومكافحة الفساد (نزاهة) — الإبلاغ عن فساد مالي أو إداري","https://my.gov.sa/en/services/21629","2026-09-21","ثابتة نظاميًا نسبيًا","INFERENCE","النتيجة تحليل إجرائي مرتبط بمصدر رسمي، لكن لا يوجد تحقق قانوني Result-by-Result لها.","LOW","نتيجة محدودة الأثر ومدعومة بمصدر رسمي دون مدة سقوط أو اختيار قضائي حاسم ظاهر.","نعم","ما مقدار المدة وبدايتها ونهايتها والاستثناءات وأثر فواتها وفق النص المطبق على هذه الحالة؟","NEEDS REVIEW",""
"R-TGA-LICENSE","عام ومتعدد القطاعات","Q001: وش صار معك؟ ← بنك/تمويل/تأمين/زكاة/ضريبة/اتصالات/جهة حكومية → Q110: مشكلتك مع أي جهة أو خدمة؟ ← خصوصية أو طيران أو تعليم أو بلدية → Q269: وش نوع المشكلة المتخصصة الأخرى؟ ← ترخيص منشأة / فال / سياحة / نقل / فوترة إلكترونية → Q313: وش نوع الترخيص أو الالتزام المهني للمنشأة؟ ← نشاط نقل / لوجستيات","تريد ترخيص نشاط نقل أو لوجستيات خاضع لتنظيم الهيئة العامة للنقل.","حدد النشاط الذي ستمارسه ثم استخدم بوابة الهيئة العامة للنقل للخدمات الإلكترونية والتراخيص المناسبة له.","الهيئة العامة للنقل","","","بيانات المنشأة والنشاط والمركبات أو التجهيزات والمستندات التي يطلبها نوع الترخيص.","","","","غير منطبق ظاهرًا","تتابع الطلب لدى الهيئة وتستكمل المتطلبات حتى صدور الترخيص أو القرار.","","","","الهيئة العامة للنقل — الخدمات الإلكترونية والتراخيص","https://eservices.tga.gov.sa/","2026-09-21","ثابتة نظاميًا نسبيًا","INFERENCE","النتيجة تحليل إجرائي مرتبط بمصدر رسمي، لكن لا يوجد تحقق قانوني Result-by-Result لها.","LOW","نتيجة محدودة الأثر ومدعومة بمصدر رسمي دون مدة سقوط أو اختيار قضائي حاسم ظاهر.","نعم","هل يدعم المصدر الرسمي جميع الادعاءات العملية في النتيجة، أم يلزم تقييدها أو تقسيمها؟","NEEDS REVIEW",""
"R-TOURISM-BOOKING-PRICE","عام ومتعدد القطاعات","Q001: وش صار معك؟ ← بنك/تمويل/تأمين/زكاة/ضريبة/اتصالات/جهة حكومية → Q110: مشكلتك مع أي جهة أو خدمة؟ ← خصوصية أو طيران أو تعليم أو بلدية → Q269: وش نوع المشكلة المتخصصة الأخرى؟ ← سياحة / فندق / شقة مخدومة / مرفق ضيافة → Q279: وش صار مع الفندق / مرفق الضيافة؟ ← السعر أو الرسوم أو الحجز أو الإلغاء مختلف عما تم الاتفاق عليه","صار اختلاف في السعر أو الرسوم أو شروط الحجز/الإلغاء.","اطلب التصحيح من المرفق، وإن لم تُحل المشكلة ارفعها لوزارة السياحة.","وزارة السياحة","","","احتفظ بتأكيد الحجز والسعر أو الشروط المعروضة والفاتورة والمراسلات كأدلة داعمة للشكوى. متطلبات البلاغ الفعلية تتحدد في قناة وزارة السياحة.","","","","غير منطبق ظاهرًا","تُراجع الشكوى ضمن اختصاص الرقابة السياحية.","","","","وزارة السياحة — حقوق وواجبات السائح — مرافق الضيافة السياحية والشكاوى","https://mt.gov.sa/tic/Pages/Rights-and-Duties.aspx","2026-09-20","ثابتة نظاميًا نسبيًا","INFERENCE","النتيجة تحليل إجرائي مرتبط بمصدر رسمي، لكن لا يوجد تحقق قانوني Result-by-Result لها.","LOW","نتيجة محدودة الأثر ومدعومة بمصدر رسمي دون مدة سقوط أو اختيار قضائي حاسم ظاهر.","نعم","هل الجهة والمحكمة ونوع الإجراء المحددة صحيحة لكل صور الحالة والاستثناءات المحتملة؟","NEEDS REVIEW",""
"R-TOURISM-HOSPITALITY-COMPLAINT","عام ومتعدد القطاعات","Q001: وش صار معك؟ ← بنك/تمويل/تأمين/زكاة/ضريبة/اتصالات/جهة حكومية → Q110: مشكلتك مع أي جهة أو خدمة؟ ← خصوصية أو طيران أو تعليم أو بلدية → Q269: وش نوع المشكلة المتخصصة الأخرى؟ ← سياحة / فندق / شقة مخدومة / مرفق ضيافة → Q279: وش صار مع الفندق / مرفق الضيافة؟ ← عندي شكوى على فندق أو شقة مخدومة أو مرفق ضيافة","عندك شكوى على فندق أو مرفق ضيافة.","جهّز الحجز والفاتورة والصور والمراسلات، واستخدم قناة الوزارة الرسمية مثل 930.","وزارة السياحة","","","اسم المرفق وموقعه وتاريخ الإقامة ورقم الحجز بيانات لتحديد الشكوى. أرفق تأكيد الحجز أو الفاتورة والصور أو المراسلات المتاحة بحسب الحالة؛ ولا تُعامل بيانات النموذج كمستندات مستقلة.","","","","غير منطبق ظاهرًا","تتابع وزارة السياحة البلاغ ضمن اختصاصها.","","","","وزارة السياحة — حقوق وواجبات السائح — مرافق الضيافة السياحية والشكاوى","https://mt.gov.sa/tic/Pages/Rights-and-Duties.aspx","2026-09-20","ثابتة نظاميًا نسبيًا","INFERENCE","النتيجة تحليل إجرائي مرتبط بمصدر رسمي، لكن لا يوجد تحقق قانوني Result-by-Result لها.","LOW","نتيجة محدودة الأثر ومدعومة بمصدر رسمي دون مدة سقوط أو اختيار قضائي حاسم ظاهر.","نعم","هل الجهة والمحكمة ونوع الإجراء المحددة صحيحة لكل صور الحالة والاستثناءات المحتملة؟","NEEDS REVIEW",""
"R-TOURISM-SERVICE-QUALITY","عام ومتعدد القطاعات","Q001: وش صار معك؟ ← بنك/تمويل/تأمين/زكاة/ضريبة/اتصالات/جهة حكومية → Q110: مشكلتك مع أي جهة أو خدمة؟ ← خصوصية أو طيران أو تعليم أو بلدية → Q269: وش نوع المشكلة المتخصصة الأخرى؟ ← سياحة / فندق / شقة مخدومة / مرفق ضيافة → Q279: وش صار مع الفندق / مرفق الضيافة؟ ← الخدمة أو مستوى النظافة أو المرفق لا يطابق ما عُرض أو صُنّف","الخدمة أو النظافة أو المرفق ما يطابق المعروض أو المتوقع من تصنيفه.","احتفظ بالحجز والفاتورة والصور ووصف الخدمة، واطلب المعالجة من المنشأة. إذا لم تُحل، استخدم قناة وزارة السياحة الرسمية وقدّم بيانات المنشأة والأدلة.","وزارة السياحة","","","الحجز + الفاتورة + الصور/المراسلات + وصف الخدمة + بيانات المنشأة.","","","","غير منطبق ظاهرًا","يُراجع البلاغ رقابيًا وقد يطلب استكمال معلومات؛ أي مطالبة تعويضية مستقلة تتحدد بحسب الوقائع والمسار المختص.","","","","وزارة السياحة — حقوق وواجبات السائح — مرافق الضيافة السياحية والشكاوى","https://mt.gov.sa/tic/Pages/Rights-and-Duties.aspx","2026-09-20","ثابتة نظاميًا نسبيًا","INFERENCE","النتيجة تحليل إجرائي مرتبط بمصدر رسمي، لكن لا يوجد تحقق قانوني Result-by-Result لها.","LOW","نتيجة محدودة الأثر ومدعومة بمصدر رسمي دون مدة سقوط أو اختيار قضائي حاسم ظاهر.","نعم","هل الجهة والمحكمة ونوع الإجراء المحددة صحيحة لكل صور الحالة والاستثناءات المحتملة؟","NEEDS REVIEW",""
"R-TVTC-TRAINING-LICENSE","عام ومتعدد القطاعات","Q001: وش صار معك؟ ← بنك/تمويل/تأمين/زكاة/ضريبة/اتصالات/جهة حكومية → Q110: مشكلتك مع أي جهة أو خدمة؟ ← خصوصية أو طيران أو تعليم أو بلدية → Q269: وش نوع المشكلة المتخصصة الأخرى؟ ← صناعة / مقاولات / إعلام / تدريب / منشأة صحية → Q318: وش نوع الترخيص أو الخدمة المهنية للمنشأة؟ ← ترخيص منشأة تدريب أهلية","تريد إنشاء أو ترخيص منشأة تدريب أهلية.","استخدم خدمات التدريب الأهلي بالمؤسسة العامة للتدريب التقني والمهني وحدد نوع المنشأة والبرنامج ثم أكمل متطلبات الترخيص.","المؤسسة العامة للتدريب التقني والمهني","","","بيانات المنشأة والمقر والبرامج والكادر والمتطلبات الفنية والتنظيمية حسب نوع الترخيص.","","","","غير منطبق ظاهرًا","يُراجع الطلب وتُستكمل متطلبات الترخيص قبل السماح بممارسة النشاط.","","","","المؤسسة العامة للتدريب التقني والمهني — التدريب الأهلي","https://tadreeb.tvtc.gov.sa/","2026-09-21","ثابتة نظاميًا نسبيًا","INFERENCE","النتيجة تحليل إجرائي مرتبط بمصدر رسمي، لكن لا يوجد تحقق قانوني Result-by-Result لها.","LOW","نتيجة محدودة الأثر ومدعومة بمصدر رسمي دون مدة سقوط أو اختيار قضائي حاسم ظاهر.","نعم","هل يدعم المصدر الرسمي جميع الادعاءات العملية في النتيجة، أم يلزم تقييدها أو تقسيمها؟","NEEDS REVIEW",""
"R-UNI-ADMISSION","عام ومتعدد القطاعات","Q001: وش صار معك؟ ← بنك/تمويل/تأمين/زكاة/ضريبة/اتصالات/جهة حكومية → Q110: مشكلتك مع أي جهة أو خدمة؟ ← خصوصية أو طيران أو تعليم أو بلدية → Q269: وش نوع المشكلة المتخصصة الأخرى؟ ← جامعة / كلية / قرار أو قبول جامعي → Q277: وش تحتاج بخصوص الجامعة؟ ← مشكلتي في القبول الجامعي أو طلب الالتحاق","مشكلتك في القبول الجامعي أو طلب الالتحاق.","ادخل منصة القبول الموحد، راجع بياناتك ورتب الرغبات ثم تابع حالة الطلب. إذا ظهر لك قبول أو إجراء تأكيد فنفذه وفق الموعد الظاهر في المنصة.","وزارة التعليم","","","بيانات الطلب + ترتيب الرغبات؛ صفحة الخدمة الرسمية الحالية لا تسرد مستندات مطلوبة.","","","","تظهر نتائج الفرز وحالة الطلب داخل المنصة، وقد يظهر لك تأكيد قبول أو إجراء لاحق.","تظهر نتائج الفرز وحالة الطلب داخل المنصة، وقد يظهر لك تأكيد قبول أو إجراء لاحق.","","","","وزارة التعليم — القبول الموحد في الجامعات والجهات التعليمية","https://www.moe.gov.sa/ar/knowledgecenter/eservices/pages/unified-admission.aspx","2026-09-21","ثابتة نظاميًا نسبيًا","INFERENCE","النتيجة تحليل إجرائي مرتبط بمصدر رسمي، لكن لا يوجد تحقق قانوني Result-by-Result لها.","LOW","نتيجة محدودة الأثر ومدعومة بمصدر رسمي دون مدة سقوط أو اختيار قضائي حاسم ظاهر.","نعم","ما مقدار المدة وبدايتها ونهايتها والاستثناءات وأثر فواتها وفق النص المطبق على هذه الحالة؟","NEEDS REVIEW",""
"R-UNI-COMPLAINT","عام ومتعدد القطاعات","Q001: وش صار معك؟ ← بنك/تمويل/تأمين/زكاة/ضريبة/اتصالات/جهة حكومية → Q110: مشكلتك مع أي جهة أو خدمة؟ ← خصوصية أو طيران أو تعليم أو بلدية → Q269: وش نوع المشكلة المتخصصة الأخرى؟ ← جامعة / كلية / قرار أو قبول جامعي → Q277: وش تحتاج بخصوص الجامعة؟ ← عندي شكوى أو ملاحظة على جامعة أو كلية","عندك شكوى أو ملاحظة على جامعة أو كلية.","ادخل «تواصل» لوزارة التعليم، اختر شكوى وحدد الجامعة/القطاع، اكتب الوقائع وأرفق القرار أو رقم المعاملة وما يدعم طلبك.","وزارة التعليم","","","الجهة + وصف الموضوع + رقم المعاملة/القرار إن وجد + المرفقات.","","","","تحصل على رقم تذكرة وتتابع الحل، ويمكن الاعتراض على الحل من الخدمة.","تحصل على رقم تذكرة وتتابع الحل، ويمكن الاعتراض على الحل من الخدمة.","","","","وزارة التعليم — تواصل — الشكاوى والاستفسارات للجامعات وقطاعات التعليم","https://www.moe.gov.sa/ar/contactus/Pages/Tawasul.aspx","2026-09-21","ثابتة نظاميًا نسبيًا","INFERENCE","النتيجة تحليل إجرائي مرتبط بمصدر رسمي، لكن لا يوجد تحقق قانوني Result-by-Result لها.","LOW","نتيجة محدودة الأثر ومدعومة بمصدر رسمي دون مدة سقوط أو اختيار قضائي حاسم ظاهر.","نعم","ما مقدار المدة وبدايتها ونهايتها والاستثناءات وأثر فواتها وفق النص المطبق على هذه الحالة؟","NEEDS REVIEW",""