"result_id","package","risk","authority","court","service","platform","deadline","costs","articles","source_id","source_authority","source_title","source_url","last_verified","automated_review","human_status","human_notes"
"R-LABOR-WAGE-DIRECT-EXEC","02-القضاء-والتنفيذ-والأحوال","LOW","وزارة الموارد البشرية للتسوية الودية ثم المحكمة العمالية عند تعذر الصلح.","المحكمة العمالية","فحص هل مطالبة الأجر قابلة للتنفيذ مباشرة","ناجز","عند عدم وجود سند: مدة التسوية المهنية 21 يوم عمل من أول جلسة.","التسوية المهنية مجانية وفق HRSD؛ لا تكلفة قضائية موحدة مثبتة لهذه النتيجة.","""""","SRC83-LABSET","وزارة الموارد البشرية والتنمية الاجتماعية","التسوية الودية للخلافات العمالية","https://www.hrsd.gov.sa/ministry-services/services/269970","2026-09-21","REVIEWED","NEEDS_REVIEW",""
"R-MONEY-EXEC-APPLY","02-القضاء-والتنفيذ-والأحوال","LOW","المحكمة أو الجهة القضائية المختصة بحسب نوع الدعوى والمرحلة المبينة في النتيجة.","","تقديم طلب تنفيذ","ناجز","مدة الخدمة المنشورة لا تُعامل كمهلة سقوط.","رسوم الخدمة: لا يوجد وفق صفحة الخدمة الحالية.","""""","SRC73-EXEC","وزارة العدل","تقديم طلب تنفيذ","https://www.moj.gov.sa/ar/eservices/pages/1c719954-3463-4754-85e1-1b319b937b86.aspx","2026-09-20","REVIEWED","NEEDS_REVIEW",""
"R-MONEY-CLAIM-FIRST","01-القائد-القانوني-العام","LOW","المحكمة أو الجهة القضائية المختصة بحسب نوع الدعوى والمرحلة المبينة في النتيجة.","","صحيفة دعوى","ناجز","لا نضع مهلة موحدة؛ المدد تتحدد بحسب الحق والنظام.","تخضع الدعوى للتكاليف القضائية عند انطباق النظام؛ لا مبلغ موحد.","""""","SRC73-CASE","وزارة العدل","رحلة القضية في وزارة العدل","https://www.moj.gov.sa/ar/Ministry/Pages/CaseTripInMOJ.aspx","2026-09-20","REVIEWED","NEEDS_REVIEW",""
"R-MONEY-DEBTOR-STATUS","01-القائد-القانوني-العام","LOW","المحكمة أو الجهة القضائية المختصة بحسب نوع الدعوى والمرحلة المبينة في النتيجة.","","استعلام عن طلب تنفيذ","ناجز","مدة تنفيذ الخدمة المنشورة قصيرة/إلكترونية وليست مهلة حق.","لا رسوم مثبتة لهذه الخطوة المعلوماتية.","""""","SRC73-INQ","وزارة العدل","استعلام عن طلب تنفيذ","https://www.moj.gov.sa/ar/eServices/pages/9bd2e276-3110-4e32-a00e-330de0fec9a4.aspx","2026-09-20","REVIEWED","NEEDS_REVIEW",""
"R-EXEC-QUERY","02-القضاء-والتنفيذ-والأحوال","LOW","وزارة العدل — قضاء التنفيذ/ناجز.","","استعلام عن طلب تنفيذ / التحقق من طلب التنفيذ","","","","""""","SRC-RBR-QUERY","وزارة العدل","استعلام عن طلب تنفيذ","https://www.moj.gov.sa/ar/eServices/pages/9bd2e276-3110-4e32-a00e-330de0fec9a4.aspx","2026-09-20","REVIEWED","NEEDS_REVIEW",""
"R-EXEC-PROOF-PAYMENT","02-القضاء-والتنفيذ-والأحوال","LOW","وزارة العدل — قضاء التنفيذ/ناجز.","","إثبات السداد","ناجز","","","""""","SRC-RBR-PAY","وزارة العدل","إثبات السداد","https://www.moj.gov.sa/ar/eServices/pages/0fabf9ed-05ba-497e-9e4e-1e227103fc00.aspx","2026-09-22","REVIEWED","NEEDS_REVIEW",""
"R-EXEC-TRANSFER-SEIZED","02-القضاء-والتنفيذ-والأحوال","LOW","وزارة العدل — قضاء التنفيذ/ناجز.","","طلب تحويل مبلغ محجوز","ناجز","","رسوم الخدمة الإلكترونية: لا يوجد. مدة الخدمة المنشورة 7 أيام وليست مهلة سقوط للحق.","""""","SRC-RBR-TRANSFER","وزارة العدل","طلب تحويل مبلغ محجوز","https://www.moj.gov.sa/ar/eServices/Pages/9bc63703-4291-4cc6-9615-ac15a3cfce36.aspx","2026-09-22","REVIEWED","NEEDS_REVIEW",""
"R-EXEC-GRACE","02-القضاء-والتنفيذ-والأحوال","LOW","وزارة العدل — قضاء التنفيذ/ناجز.","","طلب إمهال - تأجيل السند التنفيذي","ناجز","","رسوم الخدمة الإلكترونية: لا يوجد. لا تخلط ذلك بالتكاليف القضائية التي قد تتعلق بطلب التنفيذ الأصلي.","""""","SRC-RBR-GRACE","وزارة العدل","طلب إمهال - تأجيل السند التنفيذي","https://www.moj.gov.sa/ar/eServices/Pages/a7eef02b-d9ad-4d3f-9ad0-7b9a67399313.aspx","2026-09-22","REVIEWED","NEEDS_REVIEW",""
"R-EXEC-WAIT-GRACE","02-القضاء-والتنفيذ-والأحوال","LOW","وزارة العدل — قضاء التنفيذ/ناجز.","","طلب إمهال - تأجيل السند التنفيذي","ناجز","","","""""","SRC66-GRACE","وزارة العدل","طلب إمهال - تأجيل السند التنفيذي","https://www.moj.gov.sa/ar/eServices/Pages/a7eef02b-d9ad-4d3f-9ad0-7b9a67399313.aspx","2026-09-20","REVIEWED","NEEDS_REVIEW",""
"R-EXEC-REACTIVATE","02-القضاء-والتنفيذ-والأحوال","LOW","وزارة العدل — قضاء التنفيذ/ناجز.","","طلب إعادة تفعيل طلب تنفيذ بعد انتهاء مدة الإمهال","ناجز","","رسوم الخدمة الإلكترونية: لا يوجد.","""""","SRC-RBR-REACT","وزارة العدل","طلب إعادة تفعيل طلب تنفيذ بعد انتهاء مدة الإمهال","https://www.moj.gov.sa/ar/eServices/Pages/42bc9d16-70e4-43ad-bb8d-0a8e156ffb72.aspx","2026-09-22","REVIEWED","NEEDS_REVIEW",""
"R-EXEC-END","02-القضاء-والتنفيذ-والأحوال","LOW","وزارة العدل — قضاء التنفيذ/ناجز.","","إنهاء طلب التنفيذ","ناجز","","رسوم الخدمة الإلكترونية: لا يوجد.","""""","SRC-RBR-END","وزارة العدل","إنهاء طلب التنفيذ","https://www.moj.gov.sa/ar/eServices/Pages/152ff72e-0c8d-42b2-9f16-3f81e5cf38d2.aspx","2026-09-22","REVIEWED","NEEDS_REVIEW",""
"R-EXEC-NOT-END-ACTION","02-القضاء-والتنفيذ-والأحوال","LOW","وزارة العدل — قضاء التنفيذ/ناجز.","","إنهاء طلب التنفيذ","ناجز","","","""""","SRC66-END","وزارة العدل","إنهاء طلب التنفيذ","https://www.moj.gov.sa/ar/eServices/Pages/152ff72e-0c8d-42b2-9f16-3f81e5cf38d2.aspx","2026-09-20","REVIEWED","NEEDS_REVIEW",""
"R-EXEC-ADD-HEIR","02-القضاء-والتنفيذ-والأحوال","LOW","وزارة العدل — قضاء التنفيذ/ناجز.","","إضافة وارث في طلبات تنفيذ مورثه","ناجز","","رسوم الخدمة: لا يوجد.","""""","SRC-RBR-HEIR65","وزارة العدل","إضافة وارث في طلبات تنفيذ مورثه","https://www.moj.gov.sa/ar/eservices/pages/d3061fe4-6bad-4bc1-b38d-63217c7a76b3.aspx","2026-09-22","REVIEWED","NEEDS_REVIEW",""
"R-EXEC-PERSONAL-FINANCIAL","02-القضاء-والتنفيذ-والأحوال","LOW","وزارة العدل — قضاء التنفيذ/ناجز.","","تنفيذ الاستقطاع","ناجز","","رسوم الخدمة: لا يوجد.","""""","SRC-RBR-EXEC-DEDUCT","وزارة العدل","تنفيذ الاستقطاع","https://www.moj.gov.sa/ar/eServices/pages/0756dde6-14de-481a-a6e6-ec9bd642b284.aspx","2026-09-22","REVIEWED","NEEDS_REVIEW",""
"R-EXEC-CUSTODY-VISIT","02-القضاء-والتنفيذ-والأحوال","LOW","وزارة العدل — قضاء التنفيذ/ناجز.","","طلب إصدار خطاب زيارة","ناجز","","","""""","SRC-RBR-EXEC-VISIT","وزارة العدل","طلب إصدار خطاب زيارة","https://www.moj.gov.sa/sites/knowledgebase/Documents02/CRM_CCTS_a4dccf2e-bd5c-4bcc-8320-9add6037e783.pdf","2026-09-22","REVIEWED","NEEDS_REVIEW",""
"R-EXEC-INSPECT-ACTION","02-القضاء-والتنفيذ-والأحوال","LOW","وزارة العدل — قضاء التنفيذ/ناجز.","","التحقق من طلب التنفيذ","ناجز","خدمة تحقق إلكترونية وليست مهلة قانونية.","لا رسوم مثبتة لهذه الخطوة.","""""","SRC73-VERIFY","وزارة العدل","التحقق من طلب التنفيذ","https://www.moj.gov.sa/ar/eServices/Pages/8cc249d5-9f9c-464f-a772-25192e8fdf3b.aspx","2026-09-20","REVIEWED","NEEDS_REVIEW",""
"R-NAJIZ-WAIT-AUDIT","02-القضاء-والتنفيذ-والأحوال","LOW","المحكمة أو الجهة القضائية المختصة بحسب نوع الدعوى والمرحلة المبينة في النتيجة.","","تدقيق طلب القضية","ناجز","لا نضع مدة سقوط لمجرد مرحلة التدقيق.","لا رسوم مستقلة لمتابعة التدقيق.","""""","SRC73-CASE","وزارة العدل","رحلة القضية في وزارة العدل","https://www.moj.gov.sa/ar/Ministry/Pages/CaseTripInMOJ.aspx","2026-09-20","REVIEWED","NEEDS_REVIEW",""
"R-NAJIZ-COMPLETE-DEFICIENCY","02-القضاء-والتنفيذ-والأحوال","LOW","المحكمة أو الجهة القضائية المختصة بحسب نوع الدعوى والمرحلة المبينة في النتيجة.","","استكمال نواقص طلب القضية","","التزم بأي مدة تظهر في الطلب/الإشعار؛ لا نخترع مدة عامة.","لا رسوم مستقلة لمجرد استكمال النقص.","""""","SRC73-CASE","وزارة العدل","رحلة القضية في وزارة العدل","https://www.moj.gov.sa/ar/Ministry/Pages/CaseTripInMOJ.aspx","2026-09-20","REVIEWED","NEEDS_REVIEW",""
"R-NAJIZ-READ-REASON","02-القضاء-والتنفيذ-والأحوال","LOW","المحكمة أو الجهة القضائية المختصة بحسب نوع الدعوى والمرحلة المبينة في النتيجة.","","قراءة سبب إعادة الطلب","ناجز","أي مهلة تظهر في الطلب يجب الالتزام بها؛ لا مدة موحدة هنا.","لا رسوم لمجرد قراءة الحالة.","""""","SRC73-CASE","وزارة العدل","رحلة القضية في وزارة العدل","https://www.moj.gov.sa/ar/Ministry/Pages/CaseTripInMOJ.aspx","2026-09-20","REVIEWED","NEEDS_REVIEW",""
"R-CASE-MONITOR","01-القائد-القانوني-العام","LOW","المحكمة أو الجهة القضائية المختصة بحسب نوع الدعوى والمرحلة المبينة في النتيجة.","","متابعة القضية في ناجز","ناجز","لا توجد مدة سقوط لمجرد الاستعراض؛ يجب الالتزام بالمواعيد والمهل التي تظهر أو يقررها النظام/الدائرة.","لا رسوم مستقلة لمجرد متابعة القضية.","""""","SRC72-CASETRIP","وزارة العدل","رحلة القضية في وزارة العدل","https://www.moj.gov.sa/ar/Ministry/Pages/CaseTripInMOJ.aspx","2026-09-20","REVIEWED","NEEDS_REVIEW",""
"R-CASE-HEARING","01-القائد-القانوني-العام","LOW","المحكمة أو الجهة القضائية المختصة بحسب نوع الدعوى والمرحلة المبينة في النتيجة.","","متابعة موعد الجلسة","ناجز","موعد الجلسة هو الموعد المحدد في القضية؛ وعند التأجيل ترسل الوزارة إشعارًا بالموعد القادم.","لا رسوم مستقلة لمتابعة موعد الجلسة.","""""","SRC72-CASETRIP","وزارة العدل","رحلة القضية في وزارة العدل","https://www.moj.gov.sa/ar/Ministry/Pages/CaseTripInMOJ.aspx","2026-09-22","REVIEWED","NEEDS_REVIEW",""
"R-CASE-FIRST-DEFENSE-MEMO","01-القائد-القانوني-العام","LOW","المحكمة أو الجهة القضائية المختصة بحسب نوع الدعوى والمرحلة المبينة في النتيجة.","","طلب مذكرة الدفاع الأولى","ناجز","صفحة الخدمة تشترط قبل الجلسة الأولى؛ SLA يذكر خلال 5 أيام من قيد الدعوى كمدة خدمة/إطار منشور ويجب عدم خلطهما.","رسوم الخدمة: لا يوجد.","""""","SRC68-DEFENSE","وزارة العدل","طلب مذكرة الدفاع الأولى","https://www.moj.gov.sa/ar/eServices/pages/bcdcda2b-1b77-428b-ae80-0dfc04bf07fa.aspx","2026-09-22","REVIEWED","NEEDS_REVIEW",""
"R-CASE-DEPOSIT-MEMO","01-القائد-القانوني-العام","LOW","المحكمة أو الجهة القضائية المختصة بحسب نوع الدعوى والمرحلة المبينة في النتيجة.","","طلب إيداع مذكرة","ناجز","SLA فوري؛ لا توجد مهلة سقوط عامة منشورة للخدمة.","رسوم الخدمة: لا يوجد.","""""","SRC68-MEMO","وزارة العدل","طلب إيداع مذكرة","https://www.moj.gov.sa/ar/eservices/pages/d37abd59-ae3b-4881-9a13-4322bac124e1.aspx","2026-09-22","REVIEWED","NEEDS_REVIEW",""
"R-JUDGMENT-CHECK-STAGE","02-القضاء-والتنفيذ-والأحوال","LOW","المحكمة أو الجهة القضائية المختصة بحسب نوع الدعوى والمرحلة المبينة في النتيجة.","","تحديد مرحلة الحكم","ناجز","المدد الاعتراضية نظامية وتختلف حسب الطريق؛ لا تُستنتج من SLA.","التكاليف تختلف حسب طريق الاعتراض؛ لا مبلغ موحد للبوابة.","""""","SRC73-CASE","وزارة العدل","رحلة القضية في وزارة العدل","https://www.moj.gov.sa/ar/Ministry/Pages/CaseTripInMOJ.aspx","2026-09-20","REVIEWED","NEEDS_REVIEW",""
"R-JUDGMENT-OBJECT","02-القضاء-والتنفيذ-والأحوال","LOW","المحكمة أو الجهة القضائية المختصة بحسب نوع الدعوى والمرحلة المبينة في النتيجة.","","الاعتراض على الحكم","ناجز","30 يومًا للاستئناف/التدقيق، و10 أيام للأحكام المستعجلة وفق المادة 187.","يخضع لنظام التكاليف القضائية عند انطباقه.","""""","SRC74-CPL","هيئة الخبراء بمجلس الوزراء","نظام المرافعات الشرعية","https://laws.boe.gov.sa/BoeLaws/Laws/LawDetails/f0eaae46-9f84-40ee-815e-a9a700f268b3/1","2026-09-22","REVIEWED","NEEDS_REVIEW",""
"R-JUDGMENT-DEADLINE-REVIEW","02-القضاء-والتنفيذ-والأحوال","LOW","المحكمة أو الجهة القضائية المختصة بحسب نوع الدعوى والمرحلة المبينة في النتيجة.","","مراجعة مدة الاعتراض","","الاستئناف 30 يومًا و10 للمستعجل؛ النقض 30 يومًا و15 للمستعجل.","لا تكلفة مستقلة لمجرد حساب المدة.","""""","SRC74-CPL","هيئة الخبراء بمجلس الوزراء","نظام المرافعات الشرعية","https://laws.boe.gov.sa/BoeLaws/Laws/LawDetails/f0eaae46-9f84-40ee-815e-a9a700f268b3/1","2026-09-20","REVIEWED","NEEDS_REVIEW",""
"R-JUDGMENT-OPPONENT-APPEAL","02-القضاء-والتنفيذ-والأحوال","LOW","المحكمة أو الجهة القضائية المختصة بحسب نوع الدعوى والمرحلة المبينة في النتيجة.","","الاعتراض على الحكم","ناجز","","إذا كان طلب الاستئناف خاضعًا لنظام التكاليف القضائية: 5,000 ريال وفق المادة السادسة من اللائحة التنفيذية، مع مراعاة الاستثناءات والإعفاءات.","""""","SRC-MOJ-CASE-TRIP","وزارة العدل","رحلة القضية في وزارة العدل","https://www.moj.gov.sa/ar/Ministry/Pages/CaseTripInMOJ.aspx","2026-09-20","REVIEWED","NEEDS_REVIEW",""
"R-JUDGMENT-APPEAL-STATUS","02-القضاء-والتنفيذ-والأحوال","LOW","المحكمة أو الجهة القضائية المختصة بحسب نوع الدعوى والمرحلة المبينة في النتيجة.","محكمة الاستئناف","متابعة طلب الاعتراض على الحكم","ناجز","المتابعة مستمرة بعد تقديم الاعتراض؛ رحلة القضية تذكر الإحالة للاستئناف بعد انتهاء المدة الاعتراضية.","لا رسوم مستقلة لمجرد متابعة حالة طلب سبق تقديمه.","""""","SRC72-CASETRIP","وزارة العدل","رحلة القضية في وزارة العدل","https://www.moj.gov.sa/ar/Ministry/Pages/CaseTripInMOJ.aspx","2026-09-20","REVIEWED","NEEDS_REVIEW",""
"R-JUDGMENT-CASSATION","02-القضاء-والتنفيذ-والأحوال","LOW","المحكمة أو الجهة القضائية المختصة بحسب نوع الدعوى والمرحلة المبينة في النتيجة.","","طلب النقض","ناجز","30 يومًا للنقض، و15 يومًا للأحكام المستعجلة وفق المادة 194.","طلب النقض يخضع للتكاليف القضائية عند انطباق النظام؛ لا نكرر مبلغًا دون تحقق مستقل في هذه الدفعة.","""""","SRC74-CASS","وزارة العدل","طلب النقض","https://www.moj.gov.sa/ar/eServices/pages/aee148d0-b7f7-43eb-b1cf-8eabf4d8b10d.aspx","2026-09-20","REVIEWED","NEEDS_REVIEW",""
"R-JUDGMENT-SUPREME-STATUS","02-القضاء-والتنفيذ-والأحوال","LOW","المحكمة أو الجهة القضائية المختصة بحسب نوع الدعوى والمرحلة المبينة في النتيجة.","المحكمة العليا","متابعة طلب النقض","ناجز","المتابعة بعد تقديم النقض؛ رحلة القضية تذكر الإحالة للمحكمة العليا بعد انتهاء المدة الاعتراضية.","لا رسوم مستقلة لمجرد متابعة طلب قائم.","""""","SRC72-CASETRIP","وزارة العدل","رحلة القضية في وزارة العدل","https://www.moj.gov.sa/ar/Ministry/Pages/CaseTripInMOJ.aspx","2026-09-20","REVIEWED","NEEDS_REVIEW",""
"R-JUDGMENT-NO-EXEC","02-القضاء-والتنفيذ-والأحوال","LOW","المحكمة أو الجهة القضائية المختصة بحسب نوع الدعوى والمرحلة المبينة في النتيجة.","","الحكم غير قابل للتنفيذ في مرحلته الحالية","ناجز","لا توجد مدة موحدة لهذه البوابة؛ تتبع المدد الاعتراضية ذات الصلة.","لا رسوم لمجرد فحص الحالة.","""""","SRC74-CASE","وزارة العدل","رحلة القضية في وزارة العدل","https://www.moj.gov.sa/ar/Ministry/Pages/CaseTripInMOJ.aspx","2026-09-20","REVIEWED","NEEDS_REVIEW",""
"R-JUDGMENT-RECONSIDERATION-REVIEW","02-القضاء-والتنفيذ-والأحوال","LOW","المحكمة أو الجهة القضائية المختصة بحسب نوع الدعوى والمرحلة المبينة في النتيجة.","","التماس إعادة النظر","ناجز","","إذا كان الطلب خاضعًا لنظام التكاليف القضائية: 10,000 ريال لطلب التماس إعادة النظر وفق المادة السادسة من اللائحة التنفيذية، مع مراعاة الاستثناءات والإعفاءات. ويُمهل طالب الالتماس 30 يومًا من تاريخ قيد الطلب لسداد التكاليف المحددة وفق المادة 12 من النظام؛ وهذه مهلة سداد مستقلة عن مهلة تقديم الالتماس.","""""","SRC-MOJ-RECONSIDERATION","وزارة العدل","التماس إعادة النظر","https://www.moj.gov.sa/ar/eServices/pages/34a53f98-57e0-4f8b-9bad-78a095ebae4b.aspx","2026-09-20","REVIEWED","NEEDS_REVIEW",""
"R-LAWYER-JUDGMENT-STRATEGY","02-القضاء-والتنفيذ-والأحوال","LOW","الجهة القضائية أو الرسمية المحددة في المصدر المرتبط بالنتيجة.","","","","","","""""","SRC-MOJ-JUDGMENT-OBJECT","وزارة العدل","الاعتراض على الحكم","https://www.moj.gov.sa/ar/eServices/Pages/cba332a0-28b8-4ce0-ab00-ef4ddeb9ab64.aspx","2026-09-20","REVIEWED","NEEDS_REVIEW",""
"R-LABOR-START-SETTLEMENT","03-الإداري-والعمالي-والتجاري","LOW","وزارة الموارد البشرية للتسوية الودية ثم المحكمة العمالية عند تعذر الصلح.","المحكمة العمالية","التسوية الودية للخلافات العمالية","","21 يوم عمل من تاريخ أول جلسة للوصول لتسوية أو الإحالة وفق وصف الخدمة.","الخدمة مجانية.","""""","SRC75-HRSD","وزارة الموارد البشرية والتنمية الاجتماعية","التسوية الودية للخلافات العمالية","https://www.hrsd.gov.sa/ministry-services/services/269970","2026-09-20","REVIEWED","NEEDS_REVIEW",""
"R-LABOR-WAIT-SETTLEMENT","03-الإداري-والعمالي-والتجاري","LOW","وزارة الموارد البشرية للتسوية الودية ثم المحكمة العمالية عند تعذر الصلح.","المحكمة العمالية","متابعة التسوية الودية","","21 يوم عمل من تاريخ أول جلسة هي المدة المنشورة لمسار التسوية.","مجانية.","""""","SRC75-HRSD","وزارة الموارد البشرية والتنمية الاجتماعية","التسوية الودية للخلافات العمالية","https://www.hrsd.gov.sa/ministry-services/services/269970","2026-09-20","REVIEWED","NEEDS_REVIEW",""
"R-LABOR-SETTLED","03-الإداري-والعمالي-والتجاري","LOW","وزارة الموارد البشرية للتسوية الودية ثم المحكمة العمالية عند تعذر الصلح.","المحكمة العمالية","محضر الصلح في التسوية الودية","","ضمن مسار التسوية المنشور 21 يوم عمل من أول جلسة.","الخدمة مجانية.","""""","SRC75-HRSD","وزارة الموارد البشرية والتنمية الاجتماعية","التسوية الودية للخلافات العمالية","https://www.hrsd.gov.sa/ministry-services/services/269970","2026-09-20","REVIEWED","NEEDS_REVIEW",""
"R-LABOR-READ-REASON","03-الإداري-والعمالي-والتجاري","LOW","وزارة الموارد البشرية للتسوية الودية ثم المحكمة العمالية عند تعذر الصلح.","المحكمة العمالية","قراءة سبب رفض طلب التسوية","","لا توجد مهلة موحدة لهذه الخطوة المعلوماتية؛ التزم بما يظهر في الطلب.","لا رسوم.","""""","SRC75-HRSD","وزارة الموارد البشرية والتنمية الاجتماعية","التسوية الودية للخلافات العمالية","https://www.hrsd.gov.sa/ministry-services/services/269970","2026-09-20","REVIEWED","NEEDS_REVIEW",""
"R-LABOR-FILE-COURT","02-القضاء-والتنفيذ-والأحوال","LOW","وزارة الموارد البشرية للتسوية الودية ثم المحكمة العمالية عند تعذر الصلح.","المحكمة العمالية","صحيفة دعوى أمام المحكمة العمالية بعد تعذر التسوية","ناجز","بعد تعذر التسوية؛ لا نضع مهلة موضوعية موحدة لكل المطالبات العمالية في هذه النتيجة.","العامل المطالب بحقوق ناشئة عن عقد العمل معفى من التكاليف القضائية وفق الاستثناء النظامي؛ وقد تختلف المعالجة إذا كان مقدم الدعوى صاحب العمل أو كان الطلب خارج نطاق الإعفاء.","""""","SRC75-HRSD","وزارة الموارد البشرية والتنمية الاجتماعية","التسوية الودية للخلافات العمالية","https://www.hrsd.gov.sa/ministry-services/services/269970","2026-09-20","REVIEWED","NEEDS_REVIEW",""
"R-LABOR-LAWYER-MERITS","03-الإداري-والعمالي-والتجاري","LOW","وزارة الموارد البشرية للتسوية الودية ثم المحكمة العمالية عند تعذر الصلح.","المحكمة العمالية","تجهيز مطالبة التسوية الودية","","التسوية تستهدف الحل أو الإحالة خلال 21 يوم عمل من تاريخ أول جلسة.","التسوية المهنية مجانية وفق HRSD؛ لا تكلفة قضائية موحدة مثبتة لهذه النتيجة.","""""","SRC83-LABSET","وزارة الموارد البشرية والتنمية الاجتماعية","التسوية الودية للخلافات العمالية","https://www.hrsd.gov.sa/ministry-services/services/269970","2026-09-20","REVIEWED","NEEDS_REVIEW",""
"R-DOMESTIC-START-SETTLEMENT","01-القائد-القانوني-العام","LOW","وزارة الموارد البشرية للتسوية ثم المحكمة العمالية عند تعذرها.","المحكمة العمالية","تسوية خلافات العمالة المنزلية ومن في حكمهم","","تطبق المدد والإجراءات المحددة في قواعد تسوية خلافات العمالة المنزلية؛ لا نستخدم تلقائيًا مدة التسوية المهنية العادية لكل حالة.","لا نثبت رسمًا دون نص خاص؛ المسار تسوية إدارية قبل المحكمة.","""""","SRC75-DOM","وزارة الموارد البشرية والتنمية الاجتماعية","القواعد والإجراءات المنظمة لتسوية خلافات العمالة المنزلية ومن في حكمهم","https://www.hrsd.gov.sa/knowledge-centre/decisions-and-regulations/regulation-and-procedures/%D8%A7%D9%84%D9%82%D9%88%D8%A7%D8%B9%D8%AF-%D9%88%D8%A7%D9%84%D8%A5%D8%AC%D8%B1%D8%A7%D8%A1%D8%A7%D8%AA-%D8%A7%D9%84%D9%85%D9%86%D8%B8%D9%85%D8%A9-%D9%84%D8%AA%D8%B3%D9%88%D9%8A%D8%A9-%D8%AE%D9%84%D8%A7%D9%81%D8%A7%D8%AA-%D8%A7%D9%84%D8%B9%D9%85%D8%A7%D9%84%D8%A9","2026-09-20","REVIEWED","NEEDS_REVIEW",""
"R-DOMESTIC-WAIT","01-القائد-القانوني-العام","LOW","وزارة الموارد البشرية للتسوية ثم المحكمة العمالية عند تعذرها.","المحكمة العمالية","متابعة تسوية خلاف العمالة المنزلية","","بحسب القواعد المنظمة الحالية؛ لا نخلطها تلقائيًا بمدة 21 يومًا المنشورة للتسوية المهنية العامة.","لا نثبت رسومًا غير منشورة.","""""","SRC75-DOM","وزارة الموارد البشرية والتنمية الاجتماعية","القواعد والإجراءات المنظمة لتسوية خلافات العمالة المنزلية ومن في حكمهم","https://www.hrsd.gov.sa/knowledge-centre/decisions-and-regulations/regulation-and-procedures/%D8%A7%D9%84%D9%82%D9%88%D8%A7%D8%B9%D8%AF-%D9%88%D8%A7%D9%84%D8%A5%D8%AC%D8%B1%D8%A7%D8%A1%D8%A7%D8%AA-%D8%A7%D9%84%D9%85%D9%86%D8%B8%D9%85%D8%A9-%D9%84%D8%AA%D8%B3%D9%88%D9%8A%D8%A9-%D8%AE%D9%84%D8%A7%D9%81%D8%A7%D8%AA-%D8%A7%D9%84%D8%B9%D9%85%D8%A7%D9%84%D8%A9","2026-09-20","REVIEWED","NEEDS_REVIEW",""
"R-DOMESTIC-SETTLED","01-القائد-القانوني-العام","LOW","وزارة الموارد البشرية للتسوية ثم المحكمة العمالية عند تعذرها.","المحكمة العمالية","محضر صلح عمالة منزلية","","وفق إجراءات التسوية المنظمة؛ لا نضع مدة سقوط للحق من عندنا.","لا نثبت رسومًا غير منشورة.","""""","SRC75-DOM","وزارة الموارد البشرية والتنمية الاجتماعية","القواعد والإجراءات المنظمة لتسوية خلافات العمالة المنزلية ومن في حكمهم","https://www.hrsd.gov.sa/knowledge-centre/decisions-and-regulations/regulation-and-procedures/%D8%A7%D9%84%D9%82%D9%88%D8%A7%D8%B9%D8%AF-%D9%88%D8%A7%D9%84%D8%A5%D8%AC%D8%B1%D8%A7%D8%A1%D8%A7%D8%AA-%D8%A7%D9%84%D9%85%D9%86%D8%B8%D9%85%D8%A9-%D9%84%D8%AA%D8%B3%D9%88%D9%8A%D8%A9-%D8%AE%D9%84%D8%A7%D9%81%D8%A7%D8%AA-%D8%A7%D9%84%D8%B9%D9%85%D8%A7%D9%84%D8%A9","2026-09-20","REVIEWED","NEEDS_REVIEW",""
"R-DOMESTIC-AFTER-FAIL","01-القائد-القانوني-العام","LOW","وزارة الموارد البشرية للتسوية ثم المحكمة العمالية عند تعذرها.","المحكمة العمالية","صحيفة دعوى عمالية بعد تعذر تسوية العمالة المنزلية","","القواعد تنص على الانتقال للمحكمة عند تعذر التسوية؛ المهل الموضوعية لكل مطالبة لا نعممها هنا.","العامل المنزلي المطالب بحقوق ناشئة عن عقد العمل معفى من التكاليف القضائية وفق الاستثناء النظامي؛ وقد تختلف المعالجة للطلبات الأخرى أو إذا كان المدعي صاحب العمل.","""""","SRC75-DOM","وزارة الموارد البشرية والتنمية الاجتماعية","القواعد والإجراءات المنظمة لتسوية خلافات العمالة المنزلية ومن في حكمهم","https://www.hrsd.gov.sa/knowledge-centre/decisions-and-regulations/regulation-and-procedures/%D8%A7%D9%84%D9%82%D9%88%D8%A7%D8%B9%D8%AF-%D9%88%D8%A7%D9%84%D8%A5%D8%AC%D8%B1%D8%A7%D8%A1%D8%A7%D8%AA-%D8%A7%D9%84%D9%85%D9%86%D8%B8%D9%85%D8%A9-%D9%84%D8%AA%D8%B3%D9%88%D9%8A%D8%A9-%D8%AE%D9%84%D8%A7%D9%81%D8%A7%D8%AA-%D8%A7%D9%84%D8%B9%D9%85%D8%A7%D9%84%D8%A9","2026-09-20","REVIEWED","NEEDS_REVIEW",""
"R-GOV-EMPLOYEE-ADMIN","03-الإداري-والعمالي-والتجاري","MEDIUM","ديوان المظالم","","","منصة معين الرقمية","","","""""","SRC-BOG-MOEEN","ديوان المظالم","منصة معين الرقمية","https://www.bog.gov.sa/EServices/Pages/moen.aspx","2026-09-20","REVIEWED","NEEDS_REVIEW",""
"R-GOV-CASE-MOEN","03-الإداري-والعمالي-والتجاري","LOW","الجهة القضائية أو الرسمية المحددة في المصدر المرتبط بالنتيجة.","","","منصة معين الرقمية","","","""""","SRC-BOG-MOEEN","ديوان المظالم","منصة معين الرقمية","https://www.bog.gov.sa/EServices/Pages/moen.aspx","2026-09-20","REVIEWED","NEEDS_REVIEW",""
"R-FAM-DIVORCE-DOC","02-القضاء-والتنفيذ-والأحوال","LOW","وزارة العدل — محكمة الأحوال الشخصية/ناجز بحسب نوع الإجراء.","محكمة الأحوال الشخصية","توثيق طلاق","ناجز","يومان كمدة تنفيذ خدمة منشورة، وليست مهلة سقوط.","الدعاوى والطلبات التي تختص بها محاكم الأحوال الشخصية مستثناة من نظام التكاليف القضائية، عدا طلب النقض والتماس إعادة النظر.","""""","SRC70-MOJ","وزارة العدل","الخدمات الإلكترونية - الحالات الاجتماعية","https://www.moj.gov.sa/ar/Pages/default.aspx","2026-09-20","REVIEWED","NEEDS_REVIEW",""
"R-FAM-RETURN-DOC","02-القضاء-والتنفيذ-والأحوال","LOW","وزارة العدل — محكمة الأحوال الشخصية/ناجز بحسب نوع الإجراء.","محكمة الأحوال الشخصية","توثيق رجعة","ناجز","يومان كمدة تنفيذ خدمة منشورة، وليست مهلة سقوط.","الدعاوى والطلبات التي تختص بها محاكم الأحوال الشخصية مستثناة من نظام التكاليف القضائية، عدا طلب النقض والتماس إعادة النظر.","""""","SRC70-RETURN","وزارة العدل","الدليل الإرشادي لخدمة توثيق رجعة","https://www.moj.gov.sa/sites/knowledgebase/Documents02/CRM_CCTS_bf9d7039-0ff7-452f-abdb-3dd87a05dd82.pdf","2026-09-20","REVIEWED","NEEDS_REVIEW",""
"R-FAM-CUSTODY-DOC","02-القضاء-والتنفيذ-والأحوال","LOW","وزارة العدل — محكمة الأحوال الشخصية/ناجز بحسب نوع الإجراء.","محكمة الأحوال الشخصية","طلب تنفيذ حضانة عبر الجمعيات","ناجز","","رسوم الخدمة: لا يوجد.","""""","SRC-RBR-CUSTODY65","وزارة العدل","طلب خدمة حضانة","https://www.moj.gov.sa/ar/eservices/pages/739b4d6e-c736-4d27-ba3e-a6d17dd561aa.aspx","2026-09-22","REVIEWED","NEEDS_REVIEW",""
"R-FAM-CUSTODY-EXEC","02-القضاء-والتنفيذ-والأحوال","LOW","وزارة العدل — محكمة الأحوال الشخصية/ناجز بحسب نوع الإجراء.","محكمة الأحوال الشخصية","طلب خدمة حضانة","ناجز","لا مهلة سقوط موحدة للخدمة منشورة؛ مدة تنفيذ الخدمة التشغيلية ليست مهلة حق.","لا مبلغ موحد مثبت لهذه النتيجة.","""""","SRC82-CUSTEXEC","وزارة العدل","طلب خدمة حضانة","https://www.moj.gov.sa/ar/eservices/pages/739b4d6e-c736-4d27-ba3e-a6d17dd561aa.aspx","2026-09-22","REVIEWED","NEEDS_REVIEW",""
"R-FAM-VISIT-EXEC","02-القضاء-والتنفيذ-والأحوال","LOW","وزارة العدل — محكمة الأحوال الشخصية/ناجز بحسب نوع الإجراء.","محكمة الأحوال الشخصية","طلب إصدار خطاب زيارة","ناجز","","الدعاوى والطلبات التي تختص بها محاكم الأحوال الشخصية مستثناة من نظام التكاليف القضائية، عدا طلب النقض والتماس إعادة النظر.","""""","SRC-RBR-VISIT65","وزارة العدل","طلب إصدار خطاب زيارة","https://www.moj.gov.sa/sites/knowledgebase/Documents02/CRM_CCTS_a4dccf2e-bd5c-4bcc-8320-9add6037e783.pdf","2026-09-22","REVIEWED","NEEDS_REVIEW",""
"R-FAM-MAINT-DEDUCTION","02-القضاء-والتنفيذ-والأحوال","LOW","وزارة العدل — محكمة الأحوال الشخصية/ناجز بحسب نوع الإجراء.","محكمة الأحوال الشخصية","تنفيذ الاستقطاع","ناجز","شرط الخدمة الحالي: 7 أيام لتقديم طلب إجراء من النوع نفسه؛ هذا شرط تشغيلي للخدمة وليس مدة سقوط أصل النفقة.","لا مبلغ موحد مثبت لهذه النتيجة.","""""","SRC82-DEDUCT","وزارة العدل","تنفيذ الاستقطاع","https://www.moj.gov.sa/ar/eServices/pages/0756dde6-14de-481a-a6e6-ec9bd642b284.aspx","2026-09-20","REVIEWED","NEEDS_REVIEW",""
"R-FAM-PRECOURT","02-القضاء-والتنفيذ-والأحوال","LOW","وزارة العدل — محكمة الأحوال الشخصية/ناجز بحسب نوع الإجراء.","محكمة الأحوال الشخصية","تحديد هل الحالة توثيق أم دعوى","ناجز","لا توجد مهلة خدمة موحدة؛ المدد الموضوعية تتبع كل حالة.","لا رسوم لهذه البوابة؛ الخدمات/الدعاوى اللاحقة لها أحكامها.","""""","SRC76-INHAAT","وزارة العدل","الخدمات الإنهائية والحالات الاجتماعية","https://inhaatportal.moj.gov.sa/tabsnew.aspx","2026-09-20","REVIEWED","NEEDS_REVIEW",""
"R-FAM-WILL-WAQF","02-القضاء-والتنفيذ-والأحوال","LOW","وزارة العدل — محكمة الأحوال الشخصية/ناجز بحسب نوع الإجراء.","محكمة الأحوال الشخصية","توثيق وصية أو وقف","ناجز","لا نضع مهلة سقوط؛ توثيق الوصية والوقف خدمات إلكترونية مستقلة.","لا نثبت رسمًا دون مصدر صريح لكل خدمة.","""""","SRC76-INHAAT","وزارة العدل","الخدمات الإنهائية والحالات الاجتماعية","https://inhaatportal.moj.gov.sa/tabsnew.aspx","2026-09-20","REVIEWED","NEEDS_REVIEW",""
"R-FAM-HEIRS-DISPUTE","02-القضاء-والتنفيذ-والأحوال","LOW","وزارة العدل — محكمة الأحوال الشخصية/ناجز بحسب نوع الإجراء.","محكمة الأحوال الشخصية","صحيفة دعوى في نزاع تركة/ورثة","ناجز","لا نضع مهلة موضوعية موحدة لكل نزاعات التركات.","تخضع الدعوى للتكاليف القضائية عند انطباق النظام؛ لا مبلغ موحد.","""""","SRC76-INHAAT","وزارة العدل","الخدمات الإنهائية والحالات الاجتماعية","https://inhaatportal.moj.gov.sa/tabsnew.aspx","2026-09-20","REVIEWED","NEEDS_REVIEW",""
"R-FAM-LAWYER-MERITS","02-القضاء-والتنفيذ-والأحوال","LOW","وزارة العدل — محكمة الأحوال الشخصية/ناجز بحسب نوع الإجراء.","محكمة الأحوال الشخصية","نزاع على أتعاب محاماة أو طلب تحميل الخصم مصروفات التقاضي في قضية مرتبطة بالأحوال الشخصية","","لا مدة خاصة موحدة لهذه النتيجة؛ المدة تتبع تكييف الدعوى الأصلية/المطالبة.","الدعاوى والطلبات التي تختص بها محاكم الأحوال الشخصية مستثناة من نظام التكاليف القضائية، عدا طلب النقض والتماس إعادة النظر.","""المادة 26 من نظام المحاماة: الأتعاب وطريقة دفعها باتفاق المحامي وموكله، وعند عدم الاتفاق أو اختلافهما أو بطلانه تقدرها المحكمة التي نظرت القضية بما يتناسب مع الجهد والنفع. مطالبة الخصم بمصاريف التقاضي ليست تلقائيًا مساوية لعقد الموكل مع محاميه.""","SRC147-LAWYER","وزارة العدل","تقدير أتعاب المحاماة - المادة 26 من نظام المحاماة","https://adlm.moj.gov.sa/alqadaeya/attach/896.pdf","2026-09-20","REVIEWED","NEEDS_REVIEW",""
"R-REAL-LEASE-NONSTANDARD","04-القطاعات-التنظيمية","LOW","المحكمة أو الجهة القضائية المختصة بحسب نوع الدعوى والمرحلة المبينة في النتيجة.","","نزاع عقد إيجار غير صالح للتنفيذ المباشر","إيجار","لا نضع مدة موحدة لكل النزاعات الإيجارية.","تخضع الدعوى للتكاليف القضائية عند انطباق النظام؛ لا مبلغ موحد.","""""","SRC77-EJAR","إيجار","الأسئلة الشائعة - عقد إيجار الموحد سند تنفيذي","https://www.ejar.sa/ar/faqs","2026-09-20","REVIEWED","NEEDS_REVIEW",""
"R-REAL-LEASE-DISPUTE","04-القطاعات-التنظيمية","LOW","المحكمة أو الجهة القضائية المختصة بحسب نوع الدعوى والمرحلة المبينة في النتيجة.","","تصنيف نزاع الإيجار قبل الإجراء","إيجار","لا مدة موحدة لهذه البوابة.","لا رسوم لمجرد تصنيف المسار.","""""","SRC77-EJAR","إيجار","الأسئلة الشائعة - عقد إيجار الموحد سند تنفيذي","https://www.ejar.sa/ar/faqs","2026-09-20","REVIEWED","NEEDS_REVIEW",""
"R-REAL-GENERAL-COURT","02-القضاء-والتنفيذ-والأحوال","LOW","المحكمة أو الجهة القضائية المختصة بحسب نوع الدعوى والمرحلة المبينة في النتيجة.","","صحيفة دعوى عقارية/إيجارية عند عدم وجود تنفيذ مباشر","ناجز","لا نضع مهلة واحدة لكل الدعاوى العقارية.","تخضع للتكاليف القضائية عند انطباق النظام؛ لا مبلغ موحد هنا.","""""","SRC77-EJAR","إيجار","الأسئلة الشائعة - عقد إيجار الموحد سند تنفيذي","https://www.ejar.sa/ar/faqs","2026-09-20","REVIEWED","NEEDS_REVIEW",""
"R-REAL-COOWNERS-DISPUTE","04-القطاعات-التنظيمية","LOW","المحكمة أو الجهة القضائية المختصة بحسب نوع الدعوى والمرحلة المبينة في النتيجة.","","تحديد مسار نزاع الشركاء في العقار","","لا مدة موحدة مثبتة لكل منازعات الشيوع؛ تفحص المدة حسب نوع المطالبة.","لا مبلغ قضائي موحد مثبت.","""""","SRC90-MOJ-SLA","وزارة العدل","اتفاقية مستوى الخدمات الإلكترونية","https://www.moj.gov.sa/ar/Ministry/Pages/SLA.aspx","2026-09-20","REVIEWED","NEEDS_REVIEW",""
"R-REAL-FIRST-REG","04-القطاعات-التنظيمية","LOW","المحكمة أو الجهة القضائية المختصة بحسب نوع الدعوى والمرحلة المبينة في النتيجة.","","التسجيل العيني الأول للعقار","","لا توجد مدة موحدة مثبتة من SLA لهذه النتيجة.","لا مبلغ قضائي موحد مثبت.","""""","SRC86-SLA","وزارة العدل","اتفاقية مستوى الخدمات الإلكترونية","https://www.moj.gov.sa/ar/Ministry/Pages/SLA.aspx","2026-09-20","REVIEWED","NEEDS_REVIEW",""
"R-REAL-TRANSFER","04-القطاعات-التنظيمية","LOW","المحكمة أو الجهة القضائية المختصة بحسب نوع الدعوى والمرحلة المبينة في النتيجة.","","إدراج صفقة عقارية (نقل الملكية العقارية)","","SLA يصف تنفيذ الخدمة بأنه فوري؛ هذه مدة خدمة وليست مهلة نظامية.","لا مبلغ قضائي موحد مثبت.","""""","SRC86-SLA","وزارة العدل","اتفاقية مستوى الخدمات الإلكترونية","https://www.moj.gov.sa/ar/Ministry/Pages/SLA.aspx","2026-09-20","REVIEWED","NEEDS_REVIEW",""
"R-REAL-RIGHTS-RESTRICTIONS","04-القطاعات-التنظيمية","LOW","المحكمة أو الجهة القضائية المختصة بحسب نوع الدعوى والمرحلة المبينة في النتيجة.","","التحقق من القيد/الحق العقاري المناسب","","لا مدة نظامية موحدة مثبتة.","لا مبلغ قضائي موحد مثبت.","""""","SRC86-SLA","وزارة العدل","اتفاقية مستوى الخدمات الإلكترونية","https://www.moj.gov.sa/ar/Ministry/Pages/SLA.aspx","2026-09-20","REVIEWED","NEEDS_REVIEW",""
"R-REAL-SPLIT-MERGE","04-القطاعات-التنظيمية","LOW","المحكمة أو الجهة القضائية المختصة بحسب نوع الدعوى والمرحلة المبينة في النتيجة.","","فرز/تجزئة/دمج الأراضي","","SLA الحالي يذكر يومين لفرز المخططات وتجزئة الأراضي ودمج الأراضي؛ مدة خدمة لا مهلة حق.","لا مبلغ قضائي موحد مثبت.","""""","SRC86-SLA","وزارة العدل","اتفاقية مستوى الخدمات الإلكترونية","https://www.moj.gov.sa/ar/Ministry/Pages/SLA.aspx","2026-09-20","REVIEWED","NEEDS_REVIEW",""
"R-REAL-RELEASE-MORTGAGE","04-القطاعات-التنظيمية","LOW","المحكمة أو الجهة القضائية المختصة بحسب نوع الدعوى والمرحلة المبينة في النتيجة.","","إنشاء طلب فك رهن عقاري","","SLA الحالي يصف الخدمة بأنها فورية؛ مدة خدمة لا مهلة نظامية.","لا مبلغ قضائي موحد مثبت.","""""","SRC86-SLA","وزارة العدل","اتفاقية مستوى الخدمات الإلكترونية","https://www.moj.gov.sa/ar/Ministry/Pages/SLA.aspx","2026-09-20","REVIEWED","NEEDS_REVIEW",""
"R-REAL-FINANCE-SPECIAL","04-القطاعات-التنظيمية","LOW","المحكمة أو الجهة القضائية المختصة بحسب نوع الدعوى والمرحلة المبينة في النتيجة.","","تحديد أثر التمويل/الرهن على الإجراء العقاري","","لا مهلة موحدة مثبتة؛ مدة الخدمة تختلف بحسب الإجراء.","لا مبلغ قضائي موحد مثبت.","""""","SRC90-MOJ-SLA","وزارة العدل","اتفاقية مستوى الخدمات الإلكترونية","https://www.moj.gov.sa/ar/Ministry/Pages/SLA.aspx","2026-09-20","REVIEWED","NEEDS_REVIEW",""
"R-COMM-COURT","02-القضاء-والتنفيذ-والأحوال","LOW","وزارة العدل — المحكمة التجارية عند انطباق اختصاصها النظامي.","المحكمة التجارية","صحيفة دعوى أمام المحكمة التجارية","ناجز","لا توجد مدة موحدة؛ تتبع نوع الدعوى والإجراء.","تطبق التكاليف القضائية عند انطباق النظام؛ لا مبلغ موحد هنا.","""""","SRC78-TCL","هيئة الخبراء بمجلس الوزراء","نظام المحاكم التجارية","https://laws.boe.gov.sa/Files/Download/?attId=d0d4fbe5-e571-4ecb-8b81-adbb01263651","2026-09-20","REVIEWED","NEEDS_REVIEW",""
"R-COMM-RELATION-GATE","03-الإداري-والعمالي-والتجاري","LOW","وزارة العدل — المحكمة التجارية عند انطباق اختصاصها النظامي.","المحكمة التجارية","تحديد طبيعة العلاقة التجارية","","لا توجد مدة موحدة؛ تتبع نوع الدعوى والإجراء.","تطبق التكاليف القضائية عند انطباق النظام؛ لا مبلغ موحد هنا.","""""","SRC78-TCL","هيئة الخبراء بمجلس الوزراء","نظام المحاكم التجارية","https://laws.boe.gov.sa/Files/Download/?attId=d0d4fbe5-e571-4ecb-8b81-adbb01263651","2026-09-20","REVIEWED","NEEDS_REVIEW",""
"R-COMM-PARTNERS-DISPUTE","03-الإداري-والعمالي-والتجاري","LOW","وزارة العدل — المحكمة التجارية عند انطباق اختصاصها النظامي.","المحكمة التجارية","نزاع الشركاء في شركة","ناجز","لا توجد مدة موحدة؛ تتبع نوع الدعوى والإجراء.","تطبق التكاليف القضائية عند انطباق النظام؛ لا مبلغ موحد هنا.","""""","SRC78-TCL","هيئة الخبراء بمجلس الوزراء","نظام المحاكم التجارية","https://laws.boe.gov.sa/Files/Download/?attId=d0d4fbe5-e571-4ecb-8b81-adbb01263651","2026-09-20","REVIEWED","NEEDS_REVIEW",""
"R-COMM-FRAUD-GATE","03-الإداري-والعمالي-والتجاري","LOW","النيابة العامة تتولى التحقيق والادعاء في جرائم نظام مكافحة الاحتيال المالي وخيانة الأمانة؛ وتبقى المطالبة الخاصة أمام الجهة القضائية المختصة بحسب طبيعتها.","","","","","","""""","SRC-BOE-FRAUD-BREACH-TRUST","هيئة الخبراء بمجلس الوزراء","نظام مكافحة الاحتيال المالي وخيانة الأمانة","https://laws.boe.gov.sa/BoeLaws/Laws/LawDetails/905e11b3-4d66-496c-9c1b-ad240106367f/1","2026-09-23","REVIEWED","NEEDS_REVIEW",""
"R-COMM-LAWYER-MERITS","03-الإداري-والعمالي-والتجاري","LOW","وزارة العدل — المحكمة التجارية عند انطباق اختصاصها النظامي.","المحكمة التجارية","لديك قضية تجارية وتريد معرفة أثر التمثيل بمحام والإجراء الدفاعي","","خدمة مذكرة الدفاع الأولى تشترط التقديم قبل عقد الجلسة الأولى؛ ولا أضع مهلة أخرى بلا نص.","","""اللائحة التنفيذية تضمنت حصرية الترافع من محام في أنواع من الدعاوى، وصفحة وزارة العدل لخدمة مذكرة الدفاع الأولى توضح شروطها وقنواتها وأنها بلا رسوم.""","SRC155-COMM","وزارة العدل","نظام المحاكم التجارية ولائحته التنفيذية","https://www.moj.gov.sa/Documents/Regulations/pdf/87.pdf","2026-09-20","REVIEWED","NEEDS_REVIEW",""
"R-COMM-BANKRUPTCY","03-الإداري-والعمالي-والتجاري","LOW","وزارة العدل — المحكمة التجارية عند انطباق اختصاصها النظامي.","المحكمة التجارية","طلبات الإفلاس عبر بوابة نظام القضاء التجاري","","المحكمة تحدد موعد النظر في طلب افتتاح التسوية الوقائية أو إعادة التنظيم المالي أو التصفية خلال مدة لا تزيد على 40 يومًا من تاريخ قيد الطلب؛ وهذه ليست مدة سقوط للمطالبة.","لا مبلغ موحد مثبت لهذه النتيجة.","""""","SRC85-BFAQ","لجنة الإفلاس","دليل الأسئلة الشائعة","https://bankruptcy.gov.sa/ar/KnowledgeCenter/Publications/Documents/B5.pdf","2026-09-20","REVIEWED","NEEDS_REVIEW",""
"R-COMM-NEGOTIABLE-CHECK","03-الإداري-والعمالي-والتجاري","LOW","وزارة العدل — المحكمة التجارية عند انطباق اختصاصها النظامي.","المحكمة التجارية","فحص منازعة الورقة التجارية","","لا توجد مدة موحدة؛ تتبع نوع الدعوى والإجراء.","تطبق التكاليف القضائية عند انطباق النظام؛ لا مبلغ موحد هنا.","""""","SRC78-TCL","هيئة الخبراء بمجلس الوزراء","نظام المحاكم التجارية","https://laws.boe.gov.sa/Files/Download/?attId=d0d4fbe5-e571-4ecb-8b81-adbb01263651","2026-09-20","REVIEWED","NEEDS_REVIEW",""
"R-COMM-NEGOTIABLE-DISPUTE","03-الإداري-والعمالي-والتجاري","LOW","وزارة العدل — المحكمة التجارية عند انطباق اختصاصها النظامي.","المحكمة التجارية","دعوى منازعة أوراق تجارية","ناجز","لا توجد مدة موحدة؛ تتبع نوع الدعوى والإجراء.","تطبق التكاليف القضائية عند انطباق النظام؛ لا مبلغ موحد هنا.","""""","SRC78-TCL","هيئة الخبراء بمجلس الوزراء","نظام المحاكم التجارية","https://laws.boe.gov.sa/Files/Download/?attId=d0d4fbe5-e571-4ecb-8b81-adbb01263651","2026-09-20","REVIEWED","NEEDS_REVIEW",""
"R-COMM-ARBITRATION-CLAUSE","03-الإداري-والعمالي-والتجاري","LOW","وزارة العدل — المحكمة التجارية عند انطباق اختصاصها النظامي.","المحكمة التجارية","الدفع بوجود اتفاق تحكيم","","يجب إثارة الدفع قبل أي طلب أو دفاع في الدعوى.","لا مبلغ قضائي موحد مثبت لهذه النتيجة.","""""","SRC84-ARB","هيئة الخبراء بمجلس الوزراء","نظام التحكيم","https://laws.boe.gov.sa/BoeLaws/Laws/LawDetails/7e95b5f8-5f24-4d6a-8f39-a9a700f16e0b/1","2026-09-20","REVIEWED","NEEDS_REVIEW",""
"R-COMM-ARBITRATION-ACTIVE","03-الإداري-والعمالي-والتجاري","LOW","وزارة العدل — المحكمة التجارية عند انطباق اختصاصها النظامي.","المحكمة التجارية","الاستمرار في إجراءات التحكيم","","المدة تتبع اتفاق التحكيم والنظام وإجراءات الهيئة؛ لا نضع مدة موحدة لهذه النتيجة.","لا مبلغ قضائي موحد مثبت لهذه النتيجة.","""""","SRC84-ARB","هيئة الخبراء بمجلس الوزراء","نظام التحكيم","https://laws.boe.gov.sa/BoeLaws/Laws/LawDetails/7e95b5f8-5f24-4d6a-8f39-a9a700f16e0b/1","2026-09-20","REVIEWED","NEEDS_REVIEW",""
"R-COMM-ARBITRATION-AWARD-EXEC","02-القضاء-والتنفيذ-والأحوال","LOW","وزارة العدل — المحكمة التجارية عند انطباق اختصاصها النظامي.","المحكمة التجارية","تنفيذ حكم التحكيم","","لا يقدم طلب تنفيذ الحكم إلا بعد انقضاء ميعاد دعوى البطلان وفق المادة 55.","لا مبلغ قضائي موحد مثبت لهذه النتيجة.","""""","SRC84-ARB","هيئة الخبراء بمجلس الوزراء","نظام التحكيم","https://laws.boe.gov.sa/BoeLaws/Laws/LawDetails/7e95b5f8-5f24-4d6a-8f39-a9a700f16e0b/1","2026-09-20","REVIEWED","NEEDS_REVIEW",""
"R-COMM-ARBITRATION-ANNUL","03-الإداري-والعمالي-والتجاري","LOW","وزارة العدل — المحكمة التجارية عند انطباق اختصاصها النظامي.","المحكمة التجارية","دعوى بطلان حكم التحكيم","","ترفع دعوى بطلان حكم التحكيم خلال 60 يومًا من اليوم التالي لتاريخ تبليغ حكم التحكيم للطرف الذي يطلب البطلان.","لا مبلغ قضائي موحد مثبت لهذه النتيجة.","""""","SRC84-ARB","هيئة الخبراء بمجلس الوزراء","نظام التحكيم","https://laws.boe.gov.sa/BoeLaws/Laws/LawDetails/7e95b5f8-5f24-4d6a-8f39-a9a700f16e0b/1","2026-09-20","REVIEWED","NEEDS_REVIEW",""
"R-COMM-FRANCHISE-REGISTER","03-الإداري-والعمالي-والتجاري","LOW","وزارة العدل — المحكمة التجارية عند انطباق اختصاصها النظامي.","المحكمة التجارية","وقعت اتفاقية امتياز وتحتاج قيدها","","خلال 90 يومًا من تاريخ توقيع الاتفاقية.","","""وزارة التجارة توجب قيد كل اتفاقية ووثيقة الإفصاح خلال 90 يومًا، ورسوم القيد 500 ريال والخدمة فورية.""","SRC153-FR","وزارة التجارة","قيد الامتياز التجاري","https://mc.gov.sa/ar/eservices/pages/ServiceDetails.aspx?sID=24","2026-09-20","REVIEWED","NEEDS_REVIEW",""
"R-COMM-FRANCHISE-MANAGE","03-الإداري-والعمالي-والتجاري","LOW","وزارة العدل — المحكمة التجارية عند انطباق اختصاصها النظامي.","المحكمة التجارية","لديك قيد امتياز وتريد تعديله أو إلغاءه","","تعديل طرف أو مدة يقيد خلال 90 يومًا من التعديل؛ ووزارة التجارة أكدت طلب إلغاء القيد خلال 90 يومًا من الانتهاء/الانقضاء أو الحكم.","","""رسوم تعديل القيد 100 ريال وفق صفحة الخدمة؛ الإلغاء بحسب ما تعرضه الخدمة.""","SRC153-FR","وزارة التجارة","قيد الامتياز التجاري","https://mc.gov.sa/ar/eservices/pages/ServiceDetails.aspx?sID=24","2026-09-20","REVIEWED","NEEDS_REVIEW",""
"R-COMM-FRANCHISE-DISPUTE","03-الإداري-والعمالي-والتجاري","LOW","وزارة العدل — المحكمة التجارية عند انطباق اختصاصها النظامي.","المحكمة التجارية","يوجد نزاع ناشئ عن اتفاقية امتياز تجاري","","لا مدة دعوى عامة أضيفها هنا دون تحديد نوع المطالبة.","","""نظام الامتياز يسري على اتفاقيات الامتياز المنفذة داخل المملكة ويستثني ترتيبات محددة، والاتفاقية يجب أن تتضمن آلية تسوية النزاعات.""","SRC153-FR","وزارة التجارة","قيد الامتياز التجاري","https://mc.gov.sa/ar/eservices/pages/ServiceDetails.aspx?sID=24","2026-09-20","REVIEWED","NEEDS_REVIEW",""
"R-COMM-IP-SERVICE","03-الإداري-والعمالي-والتجاري","LOW","وزارة العدل — المحكمة التجارية عند انطباق اختصاصها النظامي.","المحكمة التجارية","","الخدمات الإلكترونية للهيئة السعودية للملكية الفكرية","لا مدة أو رسم موحد لكل خدمات الملكية الفكرية.","","""موقع الهيئة يصف خدمات متكاملة تبدأ بالإرشاد والحماية ثم الإدارة والإنفاذ، مع فصل المجالات والخدمات.""","SRC154-SAIP-SYS","الهيئة السعودية للملكية الفكرية","الأنظمة واللوائح","https://www.saip.gov.sa/ar/resources/lows-and-regulations/systems-and-regulations","2026-09-20","REVIEWED","NEEDS_REVIEW",""
"R-COMM-IP-ENFORCEMENT","03-الإداري-والعمالي-والتجاري","LOW","وزارة العدل — المحكمة التجارية عند انطباق اختصاصها النظامي.","المحكمة التجارية","","","مدة تنفيذ الخدمة ليست مدة سقوط؛ مثال تنفيذ حكم نهائي لحق المؤلف 10 أيام عمل بلا رسوم.","","""الهيئة مختصة بحماية وإنفاذ الحقوق، وتنشر مسارات التقاضي؛ وخدمة تنفيذ حكم حق المؤلف تشترط حكمًا نهائيًا مكتسب القطعية وواجب النفاذ.""","SRC154-SAIP-SYS","الهيئة السعودية للملكية الفكرية","الأنظمة واللوائح","https://www.saip.gov.sa/ar/resources/lows-and-regulations/systems-and-regulations","2026-09-20","REVIEWED","NEEDS_REVIEW",""
"R-CRIM-REPORT-FOLLOW","01-القائد-القانوني-العام","LOW","الشرطة/النيابة العامة قبل الإحالة، والمحكمة الجزائية بعد الإحالة بحسب المرحلة.","","قدمت بلاغًا جنائيًا وتريد معرفة ما جرى عليه","ناجز","لا مدة موحدة لكل البلاغات.","","""نظام الإجراءات الجزائية يفصل بين جمع الاستدلال والتحقيق ثم الإحالة للمحكمة؛ لذلك جهة المتابعة تتغير بحسب المرحلة.""","SRC150-CRIM","وزارة العدل","نظام الإجراءات الجزائية ولائحته التنفيذية","https://www.moj.gov.sa/Documents/Regulations/pdf/LawOfCriminalProcedureAndItsExecutiveRegulations.pdf","2026-09-20","REVIEWED","NEEDS_REVIEW",""
"R-CRIM-VICTIM-INVESTIGATION","01-القائد-القانوني-العام","LOW","الشرطة/النيابة العامة قبل الإحالة، والمحكمة الجزائية بعد الإحالة بحسب المرحلة.","","أنت مجني عليه/متضرر والقضية في التحقيق","","لا مدة موحدة لكل مرحلة؛ بعض الحقوق قد تخضع لمدد خاصة.","","""النظام ينظم الاستدلال والتحقيق والادعاء بالحق الخاص بصورة مستقلة.""","SRC150-CRIM","وزارة العدل","نظام الإجراءات الجزائية ولائحته التنفيذية","https://www.moj.gov.sa/Documents/Regulations/pdf/LawOfCriminalProcedureAndItsExecutiveRegulations.pdf","2026-09-20","REVIEWED","NEEDS_REVIEW",""
"R-CRIM-REPORT-GENERAL","01-القائد-القانوني-العام","LOW","الشرطة/النيابة العامة قبل الإحالة، والمحكمة الجزائية بعد الإحالة بحسب المرحلة.","","تقديم بلاغ للجهة المختصة","","لا توجد مدة خدمة موحدة لكل البلاغات الجزائية؛ المدد النظامية إن وجدت تتبع نوع الواقعة.","لا مبلغ موحد.","""""","SRC101-COURTS","وزارة العدل","محاكم الدرجة الأولى - اختصاص المحاكم الجزائية","https://moj.gov.sa/ar/Ministry/Courts/Pages/FirstCourts.aspx","2026-09-20","REVIEWED","NEEDS_REVIEW",""
"R-CRIM-CIVIL-GATE","01-القائد-القانوني-العام","LOW","الشرطة/النيابة العامة قبل الإحالة، والمحكمة الجزائية بعد الإحالة بحسب المرحلة.","","تحديد الحق الخاص في المسار الجزائي","","لا نضع مدة عامة؛ الميعاد والاختصاص يتحددان بحسب نوع الحق ومرحلة الدعوى.","تتحدد بحسب المسار النهائي؛ لا مبلغ موحد.","""""","SRC101-COURTS","وزارة العدل","محاكم الدرجة الأولى - اختصاص المحاكم الجزائية","https://moj.gov.sa/ar/Ministry/Courts/Pages/FirstCourts.aspx","2026-09-20","REVIEWED","NEEDS_REVIEW",""
"R-CRIM-SUMMONS","01-القائد-القانوني-العام","LOW","الشرطة/النيابة العامة قبل الإحالة، والمحكمة الجزائية بعد الإحالة بحسب المرحلة.","","وصل استدعاء للحضور في قضية جزائية","","الميعاد هو المحدد في الاستدعاء؛ لا أضع مدة موحدة لكل الاستدعاءات.","","""نظام الإجراءات الجزائية ينظم حضور الخصوم وإجراءات التحقيق، مع ضمان حق المتهم في المحامي.""","SRC149-CRIM","وزارة العدل","نظام الإجراءات الجزائية ولائحته التنفيذية","https://www.moj.gov.sa/Documents/Regulations/pdf/LawOfCriminalProcedureAndItsExecutiveRegulations.pdf","2026-09-20","REVIEWED","NEEDS_REVIEW",""
"R-CRIM-SUMMONS-CHECK","01-القائد-القانوني-العام","LOW","الشرطة/النيابة العامة قبل الإحالة، والمحكمة الجزائية بعد الإحالة بحسب المرحلة.","","وصلتك رسالة/إشعار استدعاء وتريد التحقق منه","ناجز","الموعد هو المبين في الاستدعاء.","","""النظام ينظم حضور الخصوم، وناجز يتيح الخدمات القضائية للأطراف.""","SRC150-CRIM","وزارة العدل","نظام الإجراءات الجزائية ولائحته التنفيذية","https://www.moj.gov.sa/Documents/Regulations/pdf/LawOfCriminalProcedureAndItsExecutiveRegulations.pdf","2026-09-20","REVIEWED","NEEDS_REVIEW",""
"R-CRIM-DETAINED","01-القائد-القانوني-العام","LOW","الشرطة/النيابة العامة قبل الإحالة، والمحكمة الجزائية بعد الإحالة بحسب المرحلة.","","الشخص موقوف على ذمة قضية جزائية","","التوقيف مقيد بالمدد والتمديدات النظامية ولا يجوز تجاوزه دون سند نظامي.","","""المادة 2 تمنع التوقيف إلا نظامًا؛ المادة 4 تقر حق المحامي؛ اللائحة توجب تعريف الموقوف بسبب التوقيف وحق المحامي والاتصال بمن يرى إبلاغه.""","SRC149-CRIM","وزارة العدل","نظام الإجراءات الجزائية ولائحته التنفيذية","https://www.moj.gov.sa/Documents/Regulations/pdf/LawOfCriminalProcedureAndItsExecutiveRegulations.pdf","2026-09-20","REVIEWED","NEEDS_REVIEW",""
"R-CRIM-ARRESTED","01-القائد-القانوني-العام","LOW","الشرطة/النيابة العامة قبل الإحالة، والمحكمة الجزائية بعد الإحالة بحسب المرحلة.","","تم القبض على الشخص في قضية جزائية","","لا يجوز إبقاء المقبوض عليه خارج الحدود والمدد النظامية المقررة للقبض والعرض.","","""المادة 2؛ المادة 4؛ واللائحة التنفيذية المادة 22: تعريف المقبوض عليه بسبب القبض وحق المحامي والاتصال بمن يرى إبلاغه.""","SRC149-CRIM","وزارة العدل","نظام الإجراءات الجزائية ولائحته التنفيذية","https://www.moj.gov.sa/Documents/Regulations/pdf/LawOfCriminalProcedureAndItsExecutiveRegulations.pdf","2026-09-20","REVIEWED","NEEDS_REVIEW",""
"R-CRIM-ARCHIVED","01-القائد-القانوني-العام","LOW","الشرطة/النيابة العامة قبل الإحالة، والمحكمة الجزائية بعد الإحالة بحسب المرحلة.","","أُبلغت بحفظ/أرشفة البلاغ أو التحقيق","","لا مدة واحدة لكل صور الحفظ والاعتراض عليها؛ تحدد بحسب نوع القرار.","","""الفصل العاشر من إجراءات التحقيق ينظم إنهاء التحقيق والتصرف في الدعوى، وهو مختلف عن مجرد جمع الاستدلال.""","SRC150-CRIM","وزارة العدل","نظام الإجراءات الجزائية ولائحته التنفيذية","https://www.moj.gov.sa/Documents/Regulations/pdf/LawOfCriminalProcedureAndItsExecutiveRegulations.pdf","2026-09-20","REVIEWED","NEEDS_REVIEW",""
"R-CRIM-RELEASE-NOT-END","01-القائد-القانوني-العام","LOW","الشرطة/النيابة العامة قبل الإحالة، والمحكمة الجزائية بعد الإحالة بحسب المرحلة.","","صدر إفراج مؤقت عن المتهم لكن القضية لم تنته","","لا مدة موحدة لانتهاء القضية بسبب الإفراج؛ الدعوى تستمر حتى التصرف النظامي فيها.","","""نظام الإجراءات الجزائية يفرد فصلًا للإفراج المؤقت ضمن إجراءات التحقيق، ثم فصلًا مستقلًا لإنهاء التحقيق والتصرف في الدعوى.""","SRC149-CRIM","وزارة العدل","نظام الإجراءات الجزائية ولائحته التنفيذية","https://www.moj.gov.sa/Documents/Regulations/pdf/LawOfCriminalProcedureAndItsExecutiveRegulations.pdf","2026-09-20","REVIEWED","NEEDS_REVIEW",""
"R-CRIM-COURT","02-القضاء-والتنفيذ-والأحوال","LOW","الشرطة/النيابة العامة قبل الإحالة، والمحكمة الجزائية بعد الإحالة بحسب المرحلة.","المحكمة الجزائية","المحكمة الجزائية","","مواعيد الجلسات والاعتراضات تتحدد بحسب القضية والإجراء؛ لا توجد مدة موحدة لهذه النتيجة.","قضايا الحق العام مستثناة من التكاليف القضائية وفق رحلة القضية.","""""","SRC101-COURTS","وزارة العدل","محاكم الدرجة الأولى - اختصاص المحاكم الجزائية","https://moj.gov.sa/ar/Ministry/Courts/Pages/FirstCourts.aspx","2026-09-20","REVIEWED","NEEDS_REVIEW",""
"R-CRIM-JUDGMENT-PROCEDURE","02-القضاء-والتنفيذ-والأحوال","LOW","الشرطة/النيابة العامة قبل الإحالة، والمحكمة الجزائية بعد الإحالة بحسب المرحلة.","","الاعتراض على الحكم عند انطباقه","","لا نثبت رقمًا موحدًا هنا دون مطابقة نوع الحكم؛ رحلة القضية تؤكد انتقال اعتراض أحكام الدرجة الأولى إلى الاستئناف.","تتحدد بحسب نوع القضية؛ قضايا الحق العام مستثناة من التكاليف القضائية وفق رحلة القضية.","""""","SRC101-TRIP","وزارة العدل","رحلة القضية في وزارة العدل","https://www.moj.gov.sa/ar/Ministry/Pages/CaseTripInMOJ.aspx","2026-09-20","REVIEWED","NEEDS_REVIEW",""
"R-CRIM-LAWYER-MERITS","01-القائد-القانوني-العام","LOW","الشرطة/النيابة العامة قبل الإحالة، والمحكمة الجزائية بعد الإحالة بحسب المرحلة.","","تريد محاميًا في قضية جزائية أو لا تستطيع تحمل أتعابه","","يطلب في الوقت المناسب أثناء نظر الدعوى؛ لا مدة رقمية عامة.","","""المادة 4 تقر حق المحامي، ووزارة العدل توضح أن طلب تكليف محام لمتهم في الجرائم الكبيرة يرفع من المحكمة ناظرة الدعوى وفق المادة 139.""","SRC150-CRIM","وزارة العدل","نظام الإجراءات الجزائية ولائحته التنفيذية","https://www.moj.gov.sa/Documents/Regulations/pdf/LawOfCriminalProcedureAndItsExecutiveRegulations.pdf","2026-09-20","REVIEWED","NEEDS_REVIEW",""
"R-CRIM-INVESTIGATION-PROCEDURE","02-القضاء-والتنفيذ-والأحوال","LOW","الشرطة/النيابة العامة قبل الإحالة، والمحكمة الجزائية بعد الإحالة بحسب المرحلة.","","القضية في مرحلة التحقيق لدى النيابة العامة","","توجد مدد تفصيلية لبعض إجراءات التحقيق والتوقيف، ولا يجوز اختزالها في رقم واحد لكل التحقيق.","","""الباب الرابع ينظم الاستجواب والمواجهة، أمر التوقيف، الإفراج المؤقت، وإنهاء التحقيق والتصرف في الدعوى.""","SRC149-CRIM","وزارة العدل","نظام الإجراءات الجزائية ولائحته التنفيذية","https://www.moj.gov.sa/Documents/Regulations/pdf/LawOfCriminalProcedureAndItsExecutiveRegulations.pdf","2026-09-20","REVIEWED","NEEDS_REVIEW",""
"R-CRIM-LAWYER-DEFENSE","01-القائد-القانوني-العام","LOW","الشرطة/النيابة العامة قبل الإحالة، والمحكمة الجزائية بعد الإحالة بحسب المرحلة.","","المتهم يريد الاستعانة بمحام في التحقيق أو المحاكمة","","الحق قائم في مرحلتي التحقيق والمحاكمة ولا يرتبط بمدة طلب عامة.","","""المادة 4/1: لكل متهم حق الاستعانة بوكيل أو محام للدفاع عنه في مرحلتي التحقيق والمحاكمة؛ واللائحة توجب تعريفه بهذا الحق عند القبض أو التوقيف.""","SRC149-CRIM","وزارة العدل","نظام الإجراءات الجزائية ولائحته التنفيذية","https://www.moj.gov.sa/Documents/Regulations/pdf/LawOfCriminalProcedureAndItsExecutiveRegulations.pdf","2026-09-20","REVIEWED","NEEDS_REVIEW",""
"R-CRIM-CYBER-REPORT","01-القائد-القانوني-العام","LOW","الشرطة/النيابة العامة قبل الإحالة، والمحكمة الجزائية بعد الإحالة بحسب المرحلة.","","بلاغات الجرائم المعلوماتية","","المنصة الوطنية تعرض مدة خدمة 10 أيام عمل؛ وهي مدة خدمة وليست مهلة سقوط للحق.","مجانية.","""""","SRC101-CYBER","المنصة الوطنية الموحدة / وزارة الداخلية","بلاغات الجرائم المعلوماتية","https://my.gov.sa/.well-known/services/398352","2026-09-20","REVIEWED","NEEDS_REVIEW",""
"R-CRIM-PRIVATE-RIGHT","01-القائد-القانوني-العام","LOW","الشرطة/النيابة العامة قبل الإحالة، والمحكمة الجزائية بعد الإحالة بحسب المرحلة.","","للمجني عليه مطالبة بحق خاص ناشئ عن الجريمة","","تراجع المدة بحسب نوع الحق والمرحلة؛ لا أضيف رقمًا عامًا.","","""نظام الإجراءات الجزائية يفصل بين الدعوى الجزائية العامة والادعاء بالحق الخاص وينظم الدعاء بالحق الخاص أثناء المحاكمة.""","SRC148-CRIM","وزارة العدل","نظام الإجراءات الجزائية ولائحته التنفيذية","https://www.moj.gov.sa/Documents/Regulations/pdf/LawOfCriminalProcedureAndItsExecutiveRegulations.pdf","2026-09-22","REVIEWED","NEEDS_REVIEW",""
"R-DOC-POWER-ISSUE","01-القائد-القانوني-العام","LOW","المحكمة أو الجهة القضائية المختصة بحسب نوع الدعوى والمرحلة المبينة في النتيجة.","","إصدار وكالة","ناجز","مدة الوكالة الإلكترونية لا تتجاوز سنة؛ هذه صلاحية للوكالة وليست مهلة اعتراض.","تتحدد بحسب الإجراء النهائي؛ لا مبلغ موحد.","""""","SRC96-POA","وزارة العدل","إصدار وكالة","https://www.moj.gov.sa/ar/eServices/Pages/3472d517-7cb4-4cd5-a6bc-2abc9751eea3.aspx","2026-09-20","REVIEWED","NEEDS_REVIEW",""
"R-DOC-POWER-REVOKE","01-القائد-القانوني-العام","LOW","المحكمة أو الجهة القضائية المختصة بحسب نوع الدعوى والمرحلة المبينة في النتيجة.","","فسخ وكالة","ناجز","فوري للوكالة الداخلية، ويومان للخارجية أو بالصفات الاعتبارية؛ SLA لا مهلة سقوط.","لا تكاليف قضائية مثبتة للخدمة نفسها.","""""","SRC88-SLA","وزارة العدل","اتفاقية مستوى الخدمات الإلكترونية","https://www.moj.gov.sa/ar/Ministry/Pages/SLA.aspx","2026-09-20","REVIEWED","NEEDS_REVIEW",""
"R-DOC-POWER-VERIFY","01-القائد-القانوني-العام","LOW","المحكمة أو الجهة القضائية المختصة بحسب نوع الدعوى والمرحلة المبينة في النتيجة.","","التحقق من وكالة","","فوري وفق SLA؛ ليست مهلة نظامية.","لا تكاليف قضائية مثبتة للخدمة نفسها.","""""","SRC88-SLA","وزارة العدل","اتفاقية مستوى الخدمات الإلكترونية","https://www.moj.gov.sa/ar/Ministry/Pages/SLA.aspx","2026-09-20","REVIEWED","NEEDS_REVIEW",""
"R-DOC-DEBT-ACK","01-القائد-القانوني-العام","LOW","المحكمة أو الجهة القضائية المختصة بحسب نوع الدعوى والمرحلة المبينة في النتيجة.","","الإقرار بدين","ناجز","يومان وفق SLA؛ مدة خدمة لا سقوط حق.","لا تكاليف قضائية مثبتة للخدمة نفسها.","""""","SRC88-SLA","وزارة العدل","اتفاقية مستوى الخدمات الإلكترونية","https://www.moj.gov.sa/ar/Ministry/Pages/SLA.aspx","2026-09-20","REVIEWED","NEEDS_REVIEW",""
"R-DOC-PAYMENT-ACK","01-القائد-القانوني-العام","LOW","المحكمة أو الجهة القضائية المختصة بحسب نوع الدعوى والمرحلة المبينة في النتيجة.","","الإقرار بسداد دين","ناجز","2–4 بحسب مدة تنفيذ الخدمة المعروضة؛ SLA وليست مهلة سقوط.","رسوم الخدمة: لا يوجد","""""","SRC87-PAY","وزارة العدل","الإقرار بسداد دين","https://www.moj.gov.sa/ar/eServices/pages/20f22820-099f-49c2-b43d-42db8db0ac86.aspx","2026-09-20","REVIEWED","NEEDS_REVIEW",""
"R-DOC-PAYMENT-EXEC-GATE","02-القضاء-والتنفيذ-والأحوال","LOW","المحكمة أو الجهة القضائية المختصة بحسب نوع الدعوى والمرحلة المبينة في النتيجة.","","تحديد: إقرار أم تنفيذ","","لا توجد مهلة موحدة لكل السندات في صفحة الخدمة؛ تتحدد بالنظام ونوع السند.","تتحدد بحسب الإجراء النهائي؛ لا مبلغ موحد.","""""","SRC96-EXEC","وزارة العدل","تقديم طلب تنفيذ","https://www.moj.gov.sa/ar/eservices/pages/1c719954-3463-4754-85e1-1b319b937b86.aspx","2026-09-20","REVIEWED","NEEDS_REVIEW",""
"R-DOC-OTHER-ACK","01-القائد-القانوني-العام","LOW","المحكمة أو الجهة القضائية المختصة بحسب نوع الدعوى والمرحلة المبينة في النتيجة.","","التحقق من إقرار / اختيار نوع الإقرار","ناجز","مدة تنفيذ التحقق 0–1؛ تشغيلية وليست مهلة سقوط.","تتحدد بحسب الإجراء النهائي؛ لا مبلغ موحد.","""""","SRC96-ACK","وزارة العدل","التحقق من إقرار","https://www.moj.gov.sa/ar/eServices/Pages/ea04c420-0602-4045-80a0-070063feb122.aspx","2026-09-20","REVIEWED","NEEDS_REVIEW",""
"R-SP-ADMIN-START","03-الإداري-والعمالي-والتجاري","LOW","الجهة القضائية أو الرسمية المحددة في المصدر المرتبط بالنتيجة.","","","","","","""""","SRC-BOE-BOG-PLEADINGS","هيئة الخبراء بمجلس الوزراء","نظام المرافعات أمام ديوان المظالم","https://laws.boe.gov.sa/BoeLaws/Laws/LawDetails/f2f7b465-b576-4f47-a8e7-a9a700f27202/1","2026-09-20","REVIEWED","NEEDS_REVIEW",""
"R-SP-ADMIN-CASE","03-الإداري-والعمالي-والتجاري","LOW","الجهة القضائية أو الرسمية المحددة في المصدر المرتبط بالنتيجة.","","","منصة معين الرقمية","","","""""","SRC-BOG-REQUESTS","ديوان المظالم","تقديم الطلبات القضائية","https://www.bog.gov.sa/EServices/Pages/submit-judicial-requests.aspx","2026-09-20","REVIEWED","NEEDS_REVIEW",""
"R-SP-ADMIN-JUDGMENT","02-القضاء-والتنفيذ-والأحوال","LOW","الجهة القضائية أو الرسمية المحددة في المصدر المرتبط بالنتيجة.","المحكمة الإدارية","","منصة معين الرقمية","","","""""","SRC-BOG-MOEEN","ديوان المظالم","منصة معين الرقمية","https://www.bog.gov.sa/EServices/Pages/moen.aspx","2026-09-20","REVIEWED","NEEDS_REVIEW",""
"R-SP-FIN-COMPLAINT","04-القطاعات-التنظيمية","MEDIUM","البنك المركزي السعودي","","","","","","""""","SRC-SAMA-COMPLAINT","البنك المركزي السعودي","تقديم شكوى على المؤسسات المالية","https://sama.gov.sa/ar-sa/Pages/LandingServices.aspx","2026-09-20","REVIEWED","NEEDS_REVIEW",""
"R-SP-FIN-COMPLAINT-FOLLOW","04-القطاعات-التنظيمية","MEDIUM","البنك المركزي السعودي","","","","","","""""","SRC-SAMA-COMPLAINT","البنك المركزي السعودي","تقديم شكوى على المؤسسات المالية","https://sama.gov.sa/ar-sa/Pages/LandingServices.aspx","2026-09-20","REVIEWED","NEEDS_REVIEW",""
"R-SP-BANKING-COMMITTEE","03-الإداري-والعمالي-والتجاري","MEDIUM","الأمانة العامة للجان المنازعات والمخالفات المصرفية والتمويلية","","","","","","""""","SRC-BFC-CLAIM","الأمانة العامة للجان المنازعات والمخالفات المصرفية والتمويلية","طريقة تقديم الدعوى والخدمات الإلكترونية","https://www.bfc.gov.sa/ar-sa/eServices/pages/appellatecommittee.aspx","2026-09-20","REVIEWED","NEEDS_REVIEW",""
"R-SP-FINANCE-COMMITTEE","03-الإداري-والعمالي-والتجاري","LOW","الجهة القضائية أو الرسمية المحددة في المصدر المرتبط بالنتيجة.","","","","","","""""","SRC-SAMA-REAL-ESTATE-FINANCE-JURISDICTION","البنك المركزي السعودي","نظام التمويل العقاري — المادة الثالثة عشرة","https://rulebook.sama.gov.sa/ar/المادة-الثالثة-عشرة-13","2026-09-20","REVIEWED","NEEDS_REVIEW",""
"R-SP-INS-COMPLAINT","04-القطاعات-التنظيمية","MEDIUM","هيئة التأمين","","","","","","""""","SRC-IA-COMPLAINT","هيئة التأمين","شكوى جديدة أو متابعة شكوى ضد شركة التأمين","https://www.ia.gov.sa/ar/eservices-ia/service-details/Complaint-against-an-insurance-company","2026-09-20","REVIEWED","NEEDS_REVIEW",""
"R-SP-INS-FOLLOW","04-القطاعات-التنظيمية","MEDIUM","هيئة التأمين","","","","","","""""","SRC-IA-COMPLAINT","هيئة التأمين","شكوى جديدة أو متابعة شكوى ضد شركة التأمين","https://www.ia.gov.sa/ar/eservices-ia/service-details/Complaint-against-an-insurance-company","2026-09-20","REVIEWED","NEEDS_REVIEW",""
"R-SP-INS-DISPUTE","04-القطاعات-التنظيمية","MEDIUM","هيئة التأمين","","","","","","""""","SRC-IA-DISPUTE","هيئة التأمين","الاعتراض على نتائج الشكاوى - الإحالة لقنوات لجان الفصل التأمينية","https://www.ia.gov.sa/ar/faqs","2026-09-20","REVIEWED","NEEDS_REVIEW",""
"R-SP-CMA-COMPLAINT","01-القائد-القانوني-العام","LOW","الجهة القضائية أو الرسمية المحددة في المصدر المرتبط بالنتيجة.","","","","","","""""","SRC-CMA-CRSD","الأمانة العامة للجان الفصل في منازعات الأوراق المالية","الدليل الإرشادي — الدعاوى المدنية والتظلمات الإدارية","https://crsd.org.sa/ar/Guidelines/Documents/%D8%A7%D9%84%D8%AF%D9%84%D9%8A%D9%84%20%D8%A7%D9%84%D8%A5%D8%B1%D8%B4%D8%A7%D8%AF%D9%8A.pdf","2026-09-20","REVIEWED","NEEDS_REVIEW",""
"R-SP-CMA-WAIT","01-القائد-القانوني-العام","LOW","الجهة القضائية أو الرسمية المحددة في المصدر المرتبط بالنتيجة.","","","","","","""""","SRC-CMA-CRSD","الأمانة العامة للجان الفصل في منازعات الأوراق المالية","الدليل الإرشادي — الدعاوى المدنية والتظلمات الإدارية","https://crsd.org.sa/ar/Guidelines/Documents/%D8%A7%D9%84%D8%AF%D9%84%D9%8A%D9%84%20%D8%A7%D9%84%D8%A5%D8%B1%D8%B4%D8%A7%D8%AF%D9%8A.pdf","2026-09-20","REVIEWED","NEEDS_REVIEW",""
"R-SP-CRSD-FILE","01-القائد-القانوني-العام","LOW","الجهة القضائية أو الرسمية المحددة في المصدر المرتبط بالنتيجة.","","","","","","""""","SRC-CMA-CRSD","الأمانة العامة للجان الفصل في منازعات الأوراق المالية","الدليل الإرشادي — الدعاوى المدنية والتظلمات الإدارية","https://crsd.org.sa/ar/Guidelines/Documents/%D8%A7%D9%84%D8%AF%D9%84%D9%8A%D9%84%20%D8%A7%D9%84%D8%A5%D8%B1%D8%B4%D8%A7%D8%AF%D9%8A.pdf","2026-09-20","REVIEWED","NEEDS_REVIEW",""
"R-SP-ZATCA-OBJECT","04-القطاعات-التنظيمية","LOW","الجهة القضائية أو الرسمية المحددة في المصدر المرتبط بالنتيجة.","","","","","","""""","SRC-ZATCA-OBJECT","هيئة الزكاة والضريبة والجمارك","خدمات الاعتراض","https://zatca.gov.sa/ar/eServices/Pages/eServices-021.aspx","2026-09-20","REVIEWED","NEEDS_REVIEW",""
"R-SP-ZATCA-WAIT","04-القطاعات-التنظيمية","LOW","الجهة القضائية أو الرسمية المحددة في المصدر المرتبط بالنتيجة.","","","","","","""""","SRC-ZATCA-OBJECT","هيئة الزكاة والضريبة والجمارك","خدمات الاعتراض","https://zatca.gov.sa/ar/eServices/Pages/eServices-021.aspx","2026-09-20","REVIEWED","NEEDS_REVIEW",""
"R-SP-GSTC-ESCALATE","01-القائد-القانوني-العام","LOW","الجهة القضائية أو الرسمية المحددة في المصدر المرتبط بالنتيجة.","","","","","","""""","SRC-ZATCA-GSTC","هيئة الزكاة والضريبة والجمارك","رفع الاعتراض للأمانة العامة للجان الزكوية والضريبية والجمركية","https://zatca.gov.sa/ar/eServices/Pages/eServices-028.aspx","2026-09-20","REVIEWED","NEEDS_REVIEW",""
"R-SP-GSTC-CHECK","01-القائد-القانوني-العام","LOW","الجهة القضائية أو الرسمية المحددة في المصدر المرتبط بالنتيجة.","","","","","","""""","SRC-ZATCA-GSTC","هيئة الزكاة والضريبة والجمارك","رفع الاعتراض للأمانة العامة للجان الزكوية والضريبية والجمركية","https://zatca.gov.sa/ar/eServices/Pages/eServices-028.aspx","2026-09-20","REVIEWED","NEEDS_REVIEW",""
"R-SP-CST-FIRST-COMPLAINT","04-القطاعات-التنظيمية","MEDIUM","هيئة الاتصالات والفضاء والتقنية","","","","","","""""","SRC-CST-ESCALATE","هيئة الاتصالات والفضاء والتقنية","تصعيد شكاوى الاتصالات","https://www.cst.gov.sa/services/Telecom-Complaints-Escalation","2026-09-20","REVIEWED","NEEDS_REVIEW",""
"R-SP-CST-WAIT-PROVIDER","04-القطاعات-التنظيمية","MEDIUM","هيئة الاتصالات والفضاء والتقنية","","","","","","""""","SRC-CST-ESCALATE","هيئة الاتصالات والفضاء والتقنية","تصعيد شكاوى الاتصالات","https://www.cst.gov.sa/services/Telecom-Complaints-Escalation","2026-09-20","REVIEWED","NEEDS_REVIEW",""
"R-SP-CST-ESCALATE","04-القطاعات-التنظيمية","MEDIUM","هيئة الاتصالات والفضاء والتقنية","","","","","","""""","SRC-CST-ESCALATE","هيئة الاتصالات والفضاء والتقنية","تصعيد شكاوى الاتصالات","https://www.cst.gov.sa/services/Telecom-Complaints-Escalation","2026-09-20","REVIEWED","NEEDS_REVIEW",""
"R-SP-CST-DEADLINE-CHECK","04-القطاعات-التنظيمية","MEDIUM","هيئة الاتصالات والفضاء والتقنية","","","","","","""""","SRC-CST-ESCALATE","هيئة الاتصالات والفضاء والتقنية","تصعيد شكاوى الاتصالات","https://www.cst.gov.sa/services/Telecom-Complaints-Escalation","2026-09-20","REVIEWED","NEEDS_REVIEW",""
"R-EXEC-PARTIAL-PAYMENT","02-القضاء-والتنفيذ-والأحوال","LOW","وزارة العدل — قضاء التنفيذ/ناجز.","","إثبات السداد","ناجز","لا نضع مهلة سقوط من صفحة الخدمة.","لا رسوم ثابتة مثبتة لهذه الخطوة.","""""","SRC73-PAY","وزارة العدل","إثبات السداد","https://www.moj.gov.sa/ar/eServices/pages/0fabf9ed-05ba-497e-9e4e-1e227103fc00.aspx","2026-09-20","REVIEWED","NEEDS_REVIEW",""
"R-EXEC-ACTION-TEXT-REVIEW","02-القضاء-والتنفيذ-والأحوال","LOW","وزارة العدل — قضاء التنفيذ/ناجز.","","قراءة قرار وإجراء التنفيذ","","لا توجد مهلة موحدة لمجرد قراءة القرار؛ أي مهلة تتبع القرار نفسه.","لا مبلغ موحد مثبت لهذه النتيجة.","""""","SRC80-EXEC-LAW","هيئة الخبراء بمجلس الوزراء","نظام التنفيذ","https://laws.boe.gov.sa/BoeLaws/Laws/LawDetails/c81ba2f1-1bf1-443b-9b1c-a9a700f27110/1","2026-09-20","REVIEWED","NEEDS_REVIEW",""
"R-SP-ECOM-DELAY","04-القطاعات-التنظيمية","LOW","الجهة القضائية أو الرسمية المحددة في المصدر المرتبط بالنتيجة.","","","","","","""""","SRC-MC-ECOM-RIGHTS","وزارة التجارة","نظام التجارة الإلكترونية وحقوق المستهلك","https://mc.gov.sa/ar/ecc/pages/default.aspx","2026-09-20","REVIEWED","NEEDS_REVIEW",""
"R-SP-ECOM-RETURN","04-القطاعات-التنظيمية","MEDIUM","وزارة التجارة","","","","","","""""","SRC-MC-ECOM-RIGHTS","وزارة التجارة","نظام التجارة الإلكترونية وحقوق المستهلك","https://mc.gov.sa/ar/ecc/pages/default.aspx","2026-09-20","REVIEWED","NEEDS_REVIEW",""
"R-SP-ECOM-REFUND","04-القطاعات-التنظيمية","MEDIUM","وزارة التجارة","","","","","","""""","SRC-MC-ECOM-RIGHTS","وزارة التجارة","نظام التجارة الإلكترونية وحقوق المستهلك","https://mc.gov.sa/ar/ecc/pages/default.aspx","2026-09-20","REVIEWED","NEEDS_REVIEW",""
"R-SP-CONSUMER-REPORT","04-القطاعات-التنظيمية","MEDIUM","وزارة التجارة","","","","","","""""","SRC-MC-CONSUMER-REPORT","وزارة التجارة","استقبال بلاغ تجاري","https://mc.gov.sa/ar/eservices/Pages/ServiceDetails.aspx?sID=55","2026-09-20","REVIEWED","NEEDS_REVIEW",""
"R-SP-HEALTH-COMPLAINT","04-القطاعات-التنظيمية","MEDIUM","وزارة الصحة","","","","","","""""","SRC-MOH-937-COMPLAINT","وزارة الصحة","خدمات 937 للشكاوى والبلاغات","https://www.moh.gov.sa/937/pages/default.aspx","2026-09-20","REVIEWED","NEEDS_REVIEW",""
"R-FAM-HEIRS-ISSUE","02-القضاء-والتنفيذ-والأحوال","LOW","وزارة العدل — محكمة الأحوال الشخصية/ناجز بحسب نوع الإجراء.","محكمة الأحوال الشخصية","توثيق ورثة متوفى","ناجز","لا نثبت مهلة سقوط؛ زمن المعالجة يتبع الخدمة.","لا نثبت رسمًا دون صفحة حالية صريحة.","""""","SRC76-HEIRS","وزارة العدل","توثيق ورثة متوفى","https://www.moj.gov.sa/Documents/Sharing/ElectronicJudicialServices2.pdf","2026-09-20","REVIEWED","NEEDS_REVIEW",""
"R-FAM-ESTATE-INVENTORY","02-القضاء-والتنفيذ-والأحوال","LOW","وزارة العدل — محكمة الأحوال الشخصية/ناجز بحسب نوع الإجراء.","محكمة الأحوال الشخصية","إصدار حصر تركة","","مدة الخدمة المنشورة في الصفحة تعرض «14 4» بشكل غير واضح؛ لا نحولها إلى رقم زمني من عندنا.","رسوم الخدمة: لا يوجد.","""""","SRC71-ESTATE","وزارة العدل","إصدار حصر تركة","https://www.moj.gov.sa/ar/eServices/pages/2841c3bc-6aea-4ef7-9c70-934c28952fd8.aspx","2026-09-22","REVIEWED","NEEDS_REVIEW",""
"R-FAM-ESTATE-AGREED-DIVISION","02-القضاء-والتنفيذ-والأحوال","LOW","وزارة العدل — محكمة الأحوال الشخصية/ناجز بحسب نوع الإجراء.","محكمة الأحوال الشخصية","قسمة تركة اتفاقية","","صفحة الوزارة تعرض قيمة مدة غير واضحة «14 4»؛ لا نفسرها كمهلة قانونية.","رسوم الخدمة: لا يوجد.","""""","SRC76-DIVIDE","وزارة العدل","قسمة تركة اتفاقية","https://www.moj.gov.sa/ar/eServices/Pages/f49aa181-459d-4d5f-b48c-64d092b919e6.aspx","2026-09-20","REVIEWED","NEEDS_REVIEW",""
"R-REAL-CONTRACT-ARBITRATION","04-القطاعات-التنظيمية","LOW","المحكمة أو الجهة القضائية المختصة بحسب نوع الدعوى والمرحلة المبينة في النتيجة.","","فحص شرط التحكيم قبل الدعوى العقارية","","الدفع أمام المحكمة يكون قبل أي طلب أو دفاع؛ ودعوى بطلان حكم التحكيم خلال 60 يومًا من إبلاغ الحكم عند الوصول لتلك المرحلة.","تتحدد بحسب المسار؛ لا مبلغ موحد.","""""","SRC99-ARB","هيئة الخبراء بمجلس الوزراء","نظام التحكيم","https://laws.boe.gov.sa/BoeLaws/Laws/LawDetails/5535039e-13da-43f6-8f53-a9a700f26485/1","2026-09-20","REVIEWED","NEEDS_REVIEW",""
"R-SP-CONSUMER-FOLLOW","04-القطاعات-التنظيمية","MEDIUM","وزارة التجارة","","","","","","""""","SRC-MC-CONSUMER-REPORT","وزارة التجارة","استقبال بلاغ تجاري","https://mc.gov.sa/ar/eservices/Pages/ServiceDetails.aspx?sID=55","2026-09-20","REVIEWED","NEEDS_REVIEW",""
"R-SP-CONSUMER-ESCALATE","04-القطاعات-التنظيمية","MEDIUM","وزارة التجارة","","","","","","""""","SRC-MC-COMPLAINT-FOLLOW","وزارة التجارة","شكوى على بلاغ","https://mc.gov.sa/ar/Pages/ReportConfirmation.aspx","2026-09-20","REVIEWED","NEEDS_REVIEW",""
"R-SP-HEALTH-HARM","04-القطاعات-التنظيمية","MEDIUM","وزارة الصحة للشكوى الصحية، والجهة القضائية المختصة عند المطالبة بالتعويض بحسب الوقائع.","","","","","","""""","SRC-BOE-HEALTH-PRACTICE","هيئة الخبراء بمجلس الوزراء","نظام مزاولة المهن الصحية","https://laws.boe.gov.sa/BoeLaws/Laws/LawDetails/f1de206c-eef4-4a76-904a-a9a700f2899a/1","2026-09-20","REVIEWED","NEEDS_REVIEW",""
"R-SP-MOTOR-REPORT","04-القطاعات-التنظيمية","MEDIUM","هيئة التأمين","","","","","","""""","SRC-IA-MOTOR-DIGITAL","هيئة التأمين","الخدمات الرقمية لتأمين المركبات والحوادث المرورية","https://www.ia.gov.sa/ar/media-center/news/6","2026-09-20","REVIEWED","NEEDS_REVIEW",""
"R-SP-MOTOR-ESTIMATE","04-القطاعات-التنظيمية","MEDIUM","الهيئة السعودية للمقيّمين المعتمدين","","","","","","""""","SRC-TAQEEM-MOTOR","الهيئة السعودية للمقيّمين المعتمدين","تقييم أضرار المركبات ومنظومة تقدير","https://taqeem.gov.sa/sector/vehicle","2026-09-20","REVIEWED","NEEDS_REVIEW",""
"R-SP-MOTOR-CLAIM","04-القطاعات-التنظيمية","MEDIUM","هيئة التأمين","","","","","","""""","SRC-IA-MOTOR-DIGITAL","هيئة التأمين","الخدمات الرقمية لتأمين المركبات والحوادث المرورية","https://www.ia.gov.sa/ar/media-center/news/6","2026-09-20","REVIEWED","NEEDS_REVIEW",""
"R-DOMESTIC-WAGE","01-القائد-القانوني-العام","LOW","وزارة الموارد البشرية للتسوية ثم المحكمة العمالية عند تعذرها.","المحكمة العمالية","مطالبة أجر عامل منزلي","","حد أقصى 4 أيام عمل من تاريخ أول جلسة تسوية وفق المادة العاشرة من قواعد 2026.","التسوية المهنية مجانية وفق HRSD؛ لا تكلفة قضائية موحدة مثبتة لهذه النتيجة.","""""","SRC83-DOMRULE","وزارة الموارد البشرية والتنمية الاجتماعية","القواعد والإجراءات المنظمة لتسوية خلافات العمالة المنزلية ومن في حكمهم","https://www.hrsd.gov.sa/knowledge-centre/decisions-and-regulations/regulation-and-procedures/%D8%A7%D9%84%D9%82%D9%88%D8%A7%D8%B9%D8%AF-%D9%88%D8%A7%D9%84%D8%A5%D8%AC%D8%B1%D8%A7%D8%A1%D8%A7%D8%AA-%D8%A7%D9%84%D9%85%D9%86%D8%B8%D9%85%D8%A9-%D9%84%D8%AA%D8%B3%D9%88%D9%8A%D8%A9-%D8%AE%D9%84%D8%A7%D9%81%D8%A7%D8%AA-%D8%A7%D9%84%D8%B9%D9%85%D8%A7%D9%84%D8%A9","2026-09-20","REVIEWED","NEEDS_REVIEW",""
"R-SP-CYBER-REG-VIOLATION","01-القائد-القانوني-العام","MEDIUM","الهيئة الوطنية للأمن السيبراني","","","","","","""""","SRC-NCA-CYBER-VIOLATION","الهيئة الوطنية للأمن السيبراني","الإبلاغ عن مخالفة للأمن السيبراني","https://nca.gov.sa/ar/services/report-a-cybersecurity-violation/","2026-09-20","REVIEWED","NEEDS_REVIEW",""
"R-FAM-HEIRS-DIGITIZE","02-القضاء-والتنفيذ-والأحوال","LOW","وزارة العدل — محكمة الأحوال الشخصية/ناجز بحسب نوع الإجراء.","محكمة الأحوال الشخصية","توثيق ورثة متوفى / إضافة مولود","ناجز","لا نثبت مهلة سقوط؛ يتبع زمن معالجة الخدمة.","لا نثبت رسمًا دون مصدر صريح.","""""","SRC76-HEIRS","وزارة العدل","توثيق ورثة متوفى","https://www.moj.gov.sa/Documents/Sharing/ElectronicJudicialServices2.pdf","2026-09-20","REVIEWED","NEEDS_REVIEW",""
"R-SP-CMA-ADMIN-GRIEVANCE","03-الإداري-والعمالي-والتجاري","MEDIUM","الأمانة العامة للجان الفصل في منازعات الأوراق المالية","","","","","","""""","SRC-CMA-CRSD","الأمانة العامة للجان الفصل في منازعات الأوراق المالية","الدليل الإرشادي — الدعاوى المدنية والتظلمات الإدارية","https://crsd.org.sa/ar/Guidelines/Documents/%D8%A7%D9%84%D8%AF%D9%84%D9%8A%D9%84%20%D8%A7%D9%84%D8%A5%D8%B1%D8%B4%D8%A7%D8%AF%D9%8A.pdf","2026-09-20","REVIEWED","NEEDS_REVIEW",""
"R-SP-CMA-ADMIN-FOLLOWUP","03-الإداري-والعمالي-والتجاري","MEDIUM","الأمانة العامة للجان الفصل في منازعات الأوراق المالية","","","","","","""""","SRC-CMA-CRSD","الأمانة العامة للجان الفصل في منازعات الأوراق المالية","الدليل الإرشادي — الدعاوى المدنية والتظلمات الإدارية","https://crsd.org.sa/ar/Guidelines/Documents/%D8%A7%D9%84%D8%AF%D9%84%D9%8A%D9%84%20%D8%A7%D9%84%D8%A5%D8%B1%D8%B4%D8%A7%D8%AF%D9%8A.pdf","2026-09-20","REVIEWED","NEEDS_REVIEW",""
"R-DOC-POWER-REGISTER","01-القائد-القانوني-العام","LOW","المحكمة أو الجهة القضائية المختصة بحسب نوع الدعوى والمرحلة المبينة في النتيجة.","","طلب تسجيل وكالة","ناجز","مدة تنفيذ الخدمة 0–1؛ تشغيلية وليست مهلة سقوط.","تتحدد بحسب الإجراء النهائي؛ لا مبلغ موحد.","""""","SRC96-REG","وزارة العدل","طلب تسجيل وكالة","https://www.moj.gov.sa/ar/eServices/Pages/40e619cb-a221-44c2-ba99-af7b70c37bd8.aspx","2026-09-20","REVIEWED","NEEDS_REVIEW",""
"R-DOC-POWER-FIRST65","01-القائد-القانوني-العام","LOW","المحكمة أو الجهة القضائية المختصة بحسب نوع الدعوى والمرحلة المبينة في النتيجة.","","إصدار الوكالة الأولى لمن تجاوز 65 عامًا","ناجز","لا مهلة سقوط؛ مدة الوكالة الإلكترونية بعد الإصدار لا تتجاوز سنة.","تتحدد بحسب الإجراء النهائي؛ لا مبلغ موحد.","""""","SRC96-POA","وزارة العدل","إصدار وكالة","https://www.moj.gov.sa/ar/eServices/Pages/3472d517-7cb4-4cd5-a6bc-2abc9751eea3.aspx","2026-09-20","REVIEWED","NEEDS_REVIEW",""
"R-DOC-MONEY-RECEIPT-ACK","01-القائد-القانوني-العام","LOW","المحكمة أو الجهة القضائية المختصة بحسب نوع الدعوى والمرحلة المبينة في النتيجة.","","الإقرار باستلام مبلغ مالي","ناجز","2–4 بحسب مدة تنفيذ الخدمة المعروضة؛ SLA وليست مهلة سقوط.","رسوم الخدمة: لا يوجد","""""","SRC87-REC","وزارة العدل","الإقرار باستلام مبلغ مالي","https://www.moj.gov.sa/ar/eservices/pages/1d20b5c0-3f84-4374-92d1-0976a99322d5.aspx","2026-09-20","REVIEWED","NEEDS_REVIEW",""
"R-FAM-MARRIAGE-NEW","02-القضاء-والتنفيذ-والأحوال","LOW","وزارة العدل — محكمة الأحوال الشخصية/ناجز بحسب نوع الإجراء.","محكمة الأحوال الشخصية","إنشاء عقد زواج","ناجز","يومان كمدة تنفيذ خدمة منشورة، وليست مهلة سقوط.","الدعاوى والطلبات التي تختص بها محاكم الأحوال الشخصية مستثناة من نظام التكاليف القضائية، عدا طلب النقض والتماس إعادة النظر.","""""","SRC70-MOJ","وزارة العدل","الخدمات الإلكترونية - الحالات الاجتماعية","https://www.moj.gov.sa/ar/Pages/default.aspx","2026-09-22","REVIEWED","NEEDS_REVIEW",""
"R-FAM-MARRIAGE-PAPER-ATTEST","02-القضاء-والتنفيذ-والأحوال","LOW","وزارة العدل — محكمة الأحوال الشخصية/ناجز بحسب نوع الإجراء.","محكمة الأحوال الشخصية","تصديق عقد زواج","ناجز","4 أيام كمدة تنفيذ خدمة منشورة، وليست مهلة سقوط.","الدعاوى والطلبات التي تختص بها محاكم الأحوال الشخصية مستثناة من نظام التكاليف القضائية، عدا طلب النقض والتماس إعادة النظر.","""""","SRC70-SOCIAL","وزارة العدل","دليل خدمات الحالات الاجتماعية","https://www.moj.gov.sa/sites/knowledgebase/Documents02/CRM_CCTS_919838cc-7a15-45a8-967c-c144f1225f42.pdf","2026-09-22","REVIEWED","NEEDS_REVIEW",""
"R-FAM-MARRIAGE-NONSAUDI","02-القضاء-والتنفيذ-والأحوال","LOW","وزارة العدل — محكمة الأحوال الشخصية/ناجز بحسب نوع الإجراء.","محكمة الأحوال الشخصية","توثيق زواج أحد الزوجين غير سعودي","ناجز","3 أيام كمدة تنفيذ خدمة منشورة، وليست مهلة سقوط.","الدعاوى والطلبات التي تختص بها محاكم الأحوال الشخصية مستثناة من نظام التكاليف القضائية، عدا طلب النقض والتماس إعادة النظر.","""""","SRC70-MOJ","وزارة العدل","الخدمات الإلكترونية - الحالات الاجتماعية","https://www.moj.gov.sa/ar/Pages/default.aspx","2026-09-22","REVIEWED","NEEDS_REVIEW",""
"R-FAM-MARRIAGE-VERIFY","02-القضاء-والتنفيذ-والأحوال","LOW","وزارة العدل — محكمة الأحوال الشخصية/ناجز بحسب نوع الإجراء.","محكمة الأحوال الشخصية","التحقق من عقد زواج","ناجز","فوري كمدة تنفيذ خدمة منشورة، وليست مهلة سقوط.","الدعاوى والطلبات التي تختص بها محاكم الأحوال الشخصية مستثناة من نظام التكاليف القضائية، عدا طلب النقض والتماس إعادة النظر.","""""","SRC70-MOJ","وزارة العدل","الخدمات الإلكترونية - الحالات الاجتماعية","https://www.moj.gov.sa/ar/Pages/default.aspx","2026-09-20","REVIEWED","NEEDS_REVIEW",""
"R-FAM-KHULA-DOC","02-القضاء-والتنفيذ-والأحوال","LOW","وزارة العدل — محكمة الأحوال الشخصية/ناجز بحسب نوع الإجراء.","محكمة الأحوال الشخصية","توثيق خلع","ناجز","يومان كمدة تنفيذ خدمة منشورة، وليست مهلة سقوط.","الدعاوى والطلبات التي تختص بها محاكم الأحوال الشخصية مستثناة من نظام التكاليف القضائية، عدا طلب النقض والتماس إعادة النظر.","""""","SRC70-SOCIAL","وزارة العدل","دليل خدمات الحالات الاجتماعية","https://www.moj.gov.sa/sites/knowledgebase/Documents02/CRM_CCTS_919838cc-7a15-45a8-967c-c144f1225f42.pdf","2026-09-20","REVIEWED","NEEDS_REVIEW",""
"R-FAM-WILL-DOC","02-القضاء-والتنفيذ-والأحوال","LOW","وزارة العدل — محكمة الأحوال الشخصية/ناجز بحسب نوع الإجراء.","محكمة الأحوال الشخصية","توثيق وصية","ناجز","يومان كمدة تنفيذ خدمة منشورة، وليست مهلة سقوط.","الدعاوى والطلبات التي تختص بها محاكم الأحوال الشخصية مستثناة من نظام التكاليف القضائية، عدا طلب النقض والتماس إعادة النظر.","""""","SRC70-SOCIAL","وزارة العدل","دليل خدمات الحالات الاجتماعية","https://www.moj.gov.sa/sites/knowledgebase/Documents02/CRM_CCTS_919838cc-7a15-45a8-967c-c144f1225f42.pdf","2026-09-20","REVIEWED","NEEDS_REVIEW",""
"R-FAM-WAQF-DOC","02-القضاء-والتنفيذ-والأحوال","LOW","وزارة العدل — محكمة الأحوال الشخصية/ناجز بحسب نوع الإجراء.","محكمة الأحوال الشخصية","توثيق وقف","ناجز","3 أيام كمدة تنفيذ خدمة منشورة، وليست مهلة سقوط.","الدعاوى والطلبات التي تختص بها محاكم الأحوال الشخصية مستثناة من نظام التكاليف القضائية، عدا طلب النقض والتماس إعادة النظر.","""""","SRC70-SOCIAL","وزارة العدل","دليل خدمات الحالات الاجتماعية","https://www.moj.gov.sa/sites/knowledgebase/Documents02/CRM_CCTS_919838cc-7a15-45a8-967c-c144f1225f42.pdf","2026-09-20","REVIEWED","NEEDS_REVIEW",""
"R-FAM-INHERITANCE-RENUNCIATION","02-القضاء-والتنفيذ-والأحوال","LOW","وزارة العدل — محكمة الأحوال الشخصية/ناجز بحسب نوع الإجراء.","محكمة الأحوال الشخصية","الإقرار بالتنازل عن حصة إرثية","ناجز","لا توجد مهلة سقوط مثبتة؛ الطلب يُلغى إلكترونيًا بعد 48 ساعة إذا لم تتم المصادقة.","رسوم الخدمة: لا يوجد.","""""","SRC86-INHREN","وزارة العدل","الإقرار بالتنازل عن حصة إرثية","https://www.moj.gov.sa/ar/eServices/Pages/f67eca8c-bdfc-419e-8815-8b28a1c1d464.aspx","2026-09-20","REVIEWED","NEEDS_REVIEW",""
"R-DOC-DEBT-WAIVER","01-القائد-القانوني-العام","LOW","المحكمة أو الجهة القضائية المختصة بحسب نوع الدعوى والمرحلة المبينة في النتيجة.","","الإقرار بالتنازل عن دين","ناجز","مدة تنفيذ الخدمة المعروضة 0–1؛ SLA وليست مهلة سقوط.","رسوم الخدمة: لا يوجد","""""","SRC87-WD","وزارة العدل","الإقرار بالتنازل عن دين","https://www.moj.gov.sa/ar/eServices/Pages/77e3313f-b87b-42c9-b146-b16b51ce768c.aspx","2026-09-20","REVIEWED","NEEDS_REVIEW",""
"R-DOC-MONEY-WAIVER","01-القائد-القانوني-العام","LOW","المحكمة أو الجهة القضائية المختصة بحسب نوع الدعوى والمرحلة المبينة في النتيجة.","","الإقرار بالتنازل عن مبلغ مالي","ناجز","مدة تنفيذ الخدمة المعروضة 0–1؛ SLA وليست مهلة سقوط.","رسوم الخدمة: لا يوجد","""""","SRC87-WM","وزارة العدل","الإقرار بالتنازل عن مبلغ مالي","https://www.moj.gov.sa/ar/eServices/pages/e60fa60a-a113-4126-a1f4-be40896df5a2.aspx","2026-09-20","REVIEWED","NEEDS_REVIEW",""
"R-DOC-MOVABLE-RECEIPT","01-القائد-القانوني-العام","LOW","المحكمة أو الجهة القضائية المختصة بحسب نوع الدعوى والمرحلة المبينة في النتيجة.","","الإقرار باستلام منقول","ناجز","مدة تنفيذ الخدمة تشغيلية لا سقوط حق. رسوم الخدمة: لا يوجد.","لا تكاليف قضائية مثبتة للخدمة نفسها.","""""","SRC88-MOVREC","وزارة العدل","الإقرار باستلام منقول","https://www.moj.gov.sa/ar/eServices/pages/937727d6-914d-4cda-a04a-aaecfb0eb05e.aspx","2026-09-20","REVIEWED","NEEDS_REVIEW",""
"R-DOC-MOVABLE-WAIVER","01-القائد-القانوني-العام","LOW","المحكمة أو الجهة القضائية المختصة بحسب نوع الدعوى والمرحلة المبينة في النتيجة.","","الإقرار بالتنازل عن منقول","ناجز","مدة تنفيذ الخدمة تشغيلية وليست مهلة سقوط.","رسوم الخدمة: لا يوجد","""""","SRC89-WMOV","وزارة العدل","الإقرار بالتنازل عن منقول","https://www.moj.gov.sa/ar/eservices/pages/4a40a308-f23d-42a7-ac33-cac0debbd13f.aspx","2026-09-20","REVIEWED","NEEDS_REVIEW",""
"R-CA-APPEAL","01-القائد-القانوني-العام","MEDIUM","برنامج حساب المواطن","","","","","","""""","SRC-CA-RULES-2026","برنامج حساب المواطن","ضوابط الدعم المقدم من خلال برنامج حساب المواطن","https://portal.ca.gov.sa/sites/default/files/لوائح وأنظمة ضوابط الدعم المقدم من خلال برنامج حساب المواطن.pdf","2026-09-21","REVIEWED","NEEDS_REVIEW",""
"R-CA-PAYMENT-COMPLAINT","01-القائد-القانوني-العام","MEDIUM","برنامج حساب المواطن","","","","","","""""","SRC-CA-AMOUNT-2026","برنامج حساب المواطن","مقدار الدعم المقدم من خلال حساب المواطن","https://portal.ca.gov.sa/sites/default/files/مقدار الدعم المقدم من خلال حساب المواطن_0.pdf","2026-09-21","REVIEWED","NEEDS_REVIEW",""
"R-CA-IBAN","01-القائد-القانوني-العام","MEDIUM","برنامج حساب المواطن","","","","","","""""","SRC-CA-AMOUNT-2026","برنامج حساب المواطن","مقدار الدعم المقدم من خلال حساب المواطن","https://portal.ca.gov.sa/sites/default/files/مقدار الدعم المقدم من خلال حساب المواطن_0.pdf","2026-09-21","REVIEWED","NEEDS_REVIEW",""
"R-SS-APPLY","01-القائد-القانوني-العام","MEDIUM","وزارة الموارد البشرية والتنمية الاجتماعية","","","","","","""""","SRC-HRSD-SS-2026","وزارة الموارد البشرية والتنمية الاجتماعية","نظام الضمان الاجتماعي المطور","https://www.hrsd.gov.sa/ministry-services/services/نظام-الضمان-الاجتماعي-المطور","2026-09-21","REVIEWED","NEEDS_REVIEW",""
"R-SS-ELIGIBILITY-APPEAL","01-القائد-القانوني-العام","HIGH","وزارة الموارد البشرية والتنمية الاجتماعية — برنامج الضمان الاجتماعي المطور.","","","","","لا توجد رسوم مثبتة للاعتراض الإلكتروني على أهلية الضمان في المصدر الرسمي المرتبط بالخدمة.","""""","SRC-HRSD-SS-ELIGIBILITY-2026","وزارة الموارد البشرية والتنمية الاجتماعية","معايير وخطوات الأهلية والاعتراض والاستحقاق في الضمان الاجتماعي","https://www.hrsd.gov.sa/media-center/news/معايير وخطوات-للأهلية","2026-09-21","REVIEWED","NEEDS_REVIEW",""
"R-SS-FIN-COMPLAINT","04-القطاعات-التنظيمية","MEDIUM","وزارة الموارد البشرية والتنمية الاجتماعية","","","","","","""""","SRC-HRSD-SS-ELIGIBILITY-2026","وزارة الموارد البشرية والتنمية الاجتماعية","معايير وخطوات الأهلية والاعتراض والاستحقاق في الضمان الاجتماعي","https://www.hrsd.gov.sa/media-center/news/معايير وخطوات-للأهلية","2026-09-21","REVIEWED","NEEDS_REVIEW",""
"R-SS-SERVICE-TICKET","01-القائد-القانوني-العام","MEDIUM","وزارة الموارد البشرية والتنمية الاجتماعية","","","","","","""""","SRC-HRSD-SS-TICKET-2026","وزارة الموارد البشرية والتنمية الاجتماعية","شكاوي واستفسارات واقتراحات المستفيدين من الضمان","https://www.hrsd.gov.sa/ministry-services/services/شكاوي-واستفسارات-واقتراحات-المستفيدين-من-الضمان","2026-09-21","REVIEWED","NEEDS_REVIEW",""
"R-GOSI-SANED-APPLY","01-القائد-القانوني-العام","MEDIUM","التأمينات الاجتماعية","","","التأمينات الاجتماعية","","","""""","SRC-GOSI-SANED","التأمينات الاجتماعية","نظام التأمين ضد التعطل عن العمل (ساند)","https://beta.gosi.gov.sa/ar/saned","2026-09-21","REVIEWED","NEEDS_REVIEW",""
"R-GOSI-SANED-EXEMPTION","01-القائد-القانوني-العام","MEDIUM","التأمينات الاجتماعية","","","التأمينات الاجتماعية","","","""""","SRC-GOSI-SANED-EXEMPTION","التأمينات الاجتماعية","خدمة طلب الإعفاء من مهلة ساند","https://beta.gosi.gov.sa/ar/services/individual-services/RequestExcemption","2026-09-21","REVIEWED","NEEDS_REVIEW",""
"R-GOSI-SANED-RESUME","01-القائد-القانوني-العام","MEDIUM","التأمينات الاجتماعية","","","التأمينات الاجتماعية","","","""""","SRC-GOSI-SANED-RESUME","التأمينات الاجتماعية","خدمة استئناف صرف تعويضات التعطل عن العمل","https://beta.gosi.gov.sa/ar/services/individual-services/Resumption_of_unemployment_compensation_payments","2026-09-21","REVIEWED","NEEDS_REVIEW",""
"R-GOSI-REVIEW-IND","01-القائد-القانوني-العام","LOW","الجهة القضائية أو الرسمية المحددة في المصدر المرتبط بالنتيجة.","","","التأمينات الاجتماعية","","","""""","SRC-GOSI-REVIEW-IND","المؤسسة العامة للتأمينات الاجتماعية","طلب التماس / اعتراض بشأن قرار متخذ من المؤسسة — الأفراد","https://beta.gosi.gov.sa/ar/services/individual-services/Review_Decision1","2026-09-20","REVIEWED","NEEDS_REVIEW",""
"R-GOSI-REVIEW-BIZ","01-القائد-القانوني-العام","MEDIUM","المؤسسة العامة للتأمينات الاجتماعية","","","التأمينات الاجتماعية","","","""""","SRC-GOSI-REVIEW-BIZ","المؤسسة العامة للتأمينات الاجتماعية","طلب التماس / اعتراض بشأن قرار متخذ من المؤسسة — أصحاب العمل","https://beta.gosi.gov.sa/ar/services/business/Review_Decision2","2026-09-20","REVIEWED","NEEDS_REVIEW",""
"R-GOSI-DISABILITY-APPEAL","01-القائد-القانوني-العام","HIGH","المؤسسة العامة للتأمينات الاجتماعية — اللجنة الطبية الاستئنافية.","","","التأمينات الاجتماعية","","لا توجد رسوم قضائية مثبتة لهذه الخدمة الطبية الإدارية في المصدر الرسمي المرتبط بها.","""""","SRC-GOSI-DISABILITY-APPEAL","المؤسسة العامة للتأمينات الاجتماعية","استئناف قرار العجز","https://beta.gosi.gov.sa/ar/services/individual-services/Appeal_The_Disability_Decision_","2026-09-20","REVIEWED","NEEDS_REVIEW",""
"R-GOSI-SERVICE-COMPLAINT","01-القائد-القانوني-العام","MEDIUM","المؤسسة العامة للتأمينات الاجتماعية","","","التأمينات الاجتماعية","","","""""","SRC-GOSI-COMPLAINT","المؤسسة العامة للتأمينات الاجتماعية","تقديم شكوى","https://beta.gosi.gov.sa/ar/services/individual-services/Make-a-complaint","2026-09-20","REVIEWED","NEEDS_REVIEW",""
"R-SPECIAL-AIR-PASSENGER","04-القطاعات-التنظيمية","MEDIUM","الهيئة العامة للطيران المدني","","","","","","""""","SRC-GACA-PASSENGER-RIGHTS","الهيئة العامة للطيران المدني","لائحة حماية حقوق المسافرين — ضوابط وشروط تقديم الشكوى","https://gaca.gov.sa/-/media/Files/PDF/Content--Pages/Know-your-rights-AR.pdf","2026-09-20","REVIEWED","NEEDS_REVIEW",""
"R-MOVABLE-CIVIL-CLAIM","01-القائد-القانوني-العام","LOW","الجهة القضائية أو الرسمية المحددة في المصدر المرتبط بالنتيجة.","","","ناجز","","","""""","SRC-BOE-CIVIL-TRANSACTIONS","هيئة الخبراء بمجلس الوزراء","نظام المعاملات المدنية","https://laws.boe.gov.sa/BoeLaws/Laws/LawDetails/655fdb42-8c96-422b-b8c4-b04f0095c94c/1","2026-09-20","REVIEWED","NEEDS_REVIEW",""
"R-MOVABLE-CONTRACT-CLAIM","01-القائد-القانوني-العام","LOW","الجهة القضائية أو الرسمية المحددة في المصدر المرتبط بالنتيجة.","","","","","","""""","SRC-BOE-CIVIL-TRANSACTIONS","هيئة الخبراء بمجلس الوزراء","نظام المعاملات المدنية","https://laws.boe.gov.sa/BoeLaws/Laws/LawDetails/655fdb42-8c96-422b-b8c4-b04f0095c94c/1","2026-09-20","REVIEWED","NEEDS_REVIEW",""
"R-MOVABLE-DAMAGE-CLAIM","01-القائد-القانوني-العام","MEDIUM","المحكمة المختصة بحسب طبيعة العلاقة والمطالبة.","","","","","","""""","SRC-BOE-CIVIL-TRANSACTIONS","هيئة الخبراء بمجلس الوزراء","نظام المعاملات المدنية","https://laws.boe.gov.sa/BoeLaws/Laws/LawDetails/655fdb42-8c96-422b-b8c4-b04f0095c94c/1","2026-09-20","REVIEWED","NEEDS_REVIEW",""
"R-CONTRACTING-CIVIL-COURT","02-القضاء-والتنفيذ-والأحوال","LOW","الجهة القضائية أو الرسمية المحددة في المصدر المرتبط بالنتيجة.","","","ناجز","","","""""","SRC-MOJ-FIRST-COURTS","وزارة العدل","محاكم الدرجة الأولى واختصاصاتها","https://moj.gov.sa/ar/Ministry/Courts/Pages/FirstCourts.aspx","2026-09-20","REVIEWED","NEEDS_REVIEW",""
"R-COMM-IP-COPYRIGHT-SERVICE","03-الإداري-والعمالي-والتجاري","LOW","وزارة العدل — المحكمة التجارية عند انطباق اختصاصها النظامي.","المحكمة التجارية","لديك مصنف مكتوب وتريد توثيقه بالتسجيل لدى الهيئة","","وقت التنفيذ 7 أيام عمل وهو SLA.","","""رسوم الفحص والتسجيل تختلف للفرد والمنشأة والطلاب كما تنشر الهيئة؛ تعرض للمستخدم حسب صفته.""","SRC153-COPY","الهيئة السعودية للملكية الفكرية","تسجيل مصنف مكتوب","https://www.saip.gov.sa/ar/services/copyrights/copyr7","2026-09-20","REVIEWED","NEEDS_REVIEW",""
"R-COMM-IP-COPYRIGHT-ENFORCEMENT","03-الإداري-والعمالي-والتجاري","LOW","وزارة العدل — المحكمة التجارية عند انطباق اختصاصها النظامي.","المحكمة التجارية","لديك حكم نهائي في حق المؤلف وتريد تنفيذه لدى الهيئة","الخدمات الإلكترونية للهيئة السعودية للملكية الفكرية","وقت التنفيذ 10 أيام عمل كمدة خدمة لا مهلة سقوط.","","""الخدمة بلا رسوم وفق الهيئة.""","SRC153-COPY","الهيئة السعودية للملكية الفكرية","تسجيل مصنف مكتوب","https://www.saip.gov.sa/ar/services/copyrights/copyr7","2026-09-20","REVIEWED","NEEDS_REVIEW",""
"R-COMM-IP-PATENT-SERVICE","03-الإداري-والعمالي-والتجاري","LOW","وزارة العدل — المحكمة التجارية عند انطباق اختصاصها النظامي.","المحكمة التجارية","لديك اختراع وتريد طلب حمايته ببراءة","","وقت تنفيذ الإيداع فوري؛ وهو وقت خدمة لا مدة حق.","","""رسوم الإيداع المنشورة: 400 ريال للأفراد و800 ريال للمؤسسات.""","SRC153-PAT","الهيئة السعودية للملكية الفكرية","إيداع طلب براءة اختراع","https://www.saip.gov.sa/ar/services/patents/patent-application","2026-09-20","REVIEWED","NEEDS_REVIEW",""
"R-COMM-IP-PATENT-ENFORCEMENT","03-الإداري-والعمالي-والتجاري","LOW","وزارة العدل — المحكمة التجارية عند انطباق اختصاصها النظامي.","المحكمة التجارية","لديك حكم قضائي نهائي واجب النفاذ متعلق ببراءة اختراع وتريد تنفيذه لدى الهيئة","الهيئة السعودية للملكية الفكرية أو ناجز بحسب نوع الطلب","وقت التنفيذ المنشور 10 أيام عمل، وهو SLA للخدمة لا مهلة سقوط.","","""الخدمة بلا رسوم وفق الهيئة.""","SRC153-PAT","الهيئة السعودية للملكية الفكرية","إيداع طلب براءة اختراع","https://www.saip.gov.sa/ar/services/patents/patent-application","2026-09-20","REVIEWED","NEEDS_REVIEW",""
"R-SPECIAL-PRIVACY-FOLLOW","04-القطاعات-التنظيمية","MEDIUM","الهيئة السعودية للبيانات والذكاء الاصطناعي (سدايا)","","","","","","""""","SRC-SDAIA-PDPL-COMPLAINT","الهيئة السعودية للبيانات والذكاء الاصطناعي (سدايا)","اللائحة التنفيذية لنظام حماية البيانات الشخصية — تقديم ومعالجة الشكاوى","https://dgp.sdaia.gov.sa/wps/portal/pdp/knowledgecenter/details/PDPL2","2026-09-20","REVIEWED","NEEDS_REVIEW",""
"R-SPECIAL-PRIVACY-RESPONSE-REVIEW","04-القطاعات-التنظيمية","MEDIUM","الهيئة السعودية للبيانات والذكاء الاصطناعي (سدايا)","","","","","","""""","SRC-SDAIA-PDPL-COMPLAINT","الهيئة السعودية للبيانات والذكاء الاصطناعي (سدايا)","اللائحة التنفيذية لنظام حماية البيانات الشخصية — تقديم ومعالجة الشكاوى","https://dgp.sdaia.gov.sa/wps/portal/pdp/knowledgecenter/details/PDPL2","2026-09-20","REVIEWED","NEEDS_REVIEW",""
"R-SPECIAL-AIR-FOLLOW","04-القطاعات-التنظيمية","MEDIUM","الهيئة العامة للطيران المدني","","","","","","""""","SRC-GACA-PASSENGER-RIGHTS","الهيئة العامة للطيران المدني","لائحة حماية حقوق المسافرين — ضوابط وشروط تقديم الشكوى","https://gaca.gov.sa/-/media/Files/PDF/Content--Pages/Know-your-rights-AR.pdf","2026-09-20","REVIEWED","NEEDS_REVIEW",""
"R-SPECIAL-AIR-ESCALATE","04-القطاعات-التنظيمية","MEDIUM","الهيئة العامة للطيران المدني","","","","","","""""","SRC-GACA-PASSENGER-RIGHTS","الهيئة العامة للطيران المدني","لائحة حماية حقوق المسافرين — ضوابط وشروط تقديم الشكوى","https://gaca.gov.sa/-/media/Files/PDF/Content--Pages/Know-your-rights-AR.pdf","2026-09-20","REVIEWED","NEEDS_REVIEW",""
"R-SPECIAL-EDU-FOLLOW","01-القائد-القانوني-العام","MEDIUM","وزارة التعليم","","","","","","""""","SRC-MOE-PRIVATE-FEES","وزارة التعليم","القواعد المنظمة للرسوم الدراسية للمدارس الأهلية والعالمية","https://www.moe.gov.sa/ar/education/generaleducation/Pages/NSFeesRules.aspx","2026-09-20","REVIEWED","NEEDS_REVIEW",""
"R-SPECIAL-EDU-RESPONSE-REVIEW","01-القائد-القانوني-العام","MEDIUM","وزارة التعليم","","","","","","""""","SRC-MOE-PRIVATE-FEES","وزارة التعليم","القواعد المنظمة للرسوم الدراسية للمدارس الأهلية والعالمية","https://www.moe.gov.sa/ar/education/generaleducation/Pages/NSFeesRules.aspx","2026-09-20","REVIEWED","NEEDS_REVIEW",""
"R-SPECIAL-ELECTRICITY-FOLLOW","04-القطاعات-التنظيمية","MEDIUM","الهيئة السعودية لتنظيم الكهرباء","","","","","","""""","SRC-SERA-COMPLAINTS","الهيئة السعودية لتنظيم الكهرباء","الدليل الإرشادي لخدمة تصعيد شكاوى الخدمات الكهربائية","https://sera.gov.sa/-/media/wera/pdfs/e-service/complaint-escalation-guide.pdf","2026-09-20","REVIEWED","NEEDS_REVIEW",""
"R-SPECIAL-ELECTRICITY-ESCALATE","04-القطاعات-التنظيمية","MEDIUM","الهيئة السعودية لتنظيم الكهرباء","","","","","","""""","SRC-SERA-COMPLAINTS","الهيئة السعودية لتنظيم الكهرباء","الدليل الإرشادي لخدمة تصعيد شكاوى الخدمات الكهربائية","https://sera.gov.sa/-/media/wera/pdfs/e-service/complaint-escalation-guide.pdf","2026-09-20","REVIEWED","NEEDS_REVIEW",""
"R-SPECIAL-ELECTRICITY-COMP-REVIEW","04-القطاعات-التنظيمية","MEDIUM","الهيئة السعودية لتنظيم الكهرباء","","","","","","""""","SRC-SERA-COMPLAINTS","الهيئة السعودية لتنظيم الكهرباء","الدليل الإرشادي لخدمة تصعيد شكاوى الخدمات الكهربائية","https://sera.gov.sa/-/media/wera/pdfs/e-service/complaint-escalation-guide.pdf","2026-09-20","REVIEWED","NEEDS_REVIEW",""
"R-SPECIAL-WATER-FOLLOW","04-القطاعات-التنظيمية","MEDIUM","الهيئة السعودية للمياه","","","","","","""""","SRC-SWA-WATER-COMPLAINTS","الهيئة السعودية للمياه","تصعيد الشكاوى — الأسئلة الشائعة","https://swaprd.atit.sa/ar/faq/complaint","2026-09-20","REVIEWED","NEEDS_REVIEW",""
"R-SPECIAL-WATER-RESPONSE-REVIEW","04-القطاعات-التنظيمية","MEDIUM","الهيئة السعودية للمياه","","","","","","""""","SRC-SWA-WATER-COMPLAINTS","الهيئة السعودية للمياه","تصعيد الشكاوى — الأسئلة الشائعة","https://swaprd.atit.sa/ar/faq/complaint","2026-09-21","REVIEWED","NEEDS_REVIEW",""
"R-SPECIAL-WATER-COMP-REVIEW","04-القطاعات-التنظيمية","MEDIUM","الهيئة السعودية للمياه","","","","","","""""","SRC-SWA-WATER-COMPLAINTS","الهيئة السعودية للمياه","تصعيد الشكاوى — الأسئلة الشائعة","https://swaprd.atit.sa/ar/faq/complaint","2026-09-20","REVIEWED","NEEDS_REVIEW",""
"R-SP-ADMIN-GRIEVANCE-PENDING","03-الإداري-والعمالي-والتجاري","LOW","الجهة القضائية أو الرسمية المحددة في المصدر المرتبط بالنتيجة.","","","","","","""""","SRC-BOE-BOG-PLEADINGS","هيئة الخبراء بمجلس الوزراء","نظام المرافعات أمام ديوان المظالم","https://laws.boe.gov.sa/BoeLaws/Laws/LawDetails/f2f7b465-b576-4f47-a8e7-a9a700f27202/1","2026-09-20","REVIEWED","NEEDS_REVIEW",""
"R-SP-ADMIN-TIMING-REVIEW","03-الإداري-والعمالي-والتجاري","MEDIUM","ديوان المظالم عبر منصة معين الرقمية.","","","منصة معين الرقمية","","","""""","SRC-BOE-BOG-PLEADINGS","هيئة الخبراء بمجلس الوزراء","نظام المرافعات أمام ديوان المظالم","https://laws.boe.gov.sa/BoeLaws/Laws/LawDetails/f2f7b465-b576-4f47-a8e7-a9a700f27202/1","2026-09-20","REVIEWED","NEEDS_REVIEW",""
"R-BROKERAGE-REAL","04-القطاعات-التنظيمية","LOW","المحكمة أو الجهة القضائية المختصة بحسب نوع الدعوى والمرحلة المبينة في النتيجة.","","نزاع عمولة وساطة عقارية / بلاغ تنظيمي بحسب المطلوب","","إذا لم يتفق على مدة عقد الوساطة فتكون 90 يومًا من تاريخ إبرامه وفق المادة 7؛ وتوجب اللائحة إنهاء عقد الوساطة في المنصة خلال 5 أيام عمل من تمام الصفقة. هذه ليست مهلة سقوط موحدة للمطالبة القضائية.","لا مبلغ قضائي موحد؛ يتحدد بحسب المسار القضائي النهائي.","""""","SRC102-REGA-SYS","الهيئة العامة للعقار","نظام الوساطة العقارية","https://rega.gov.sa/الأنظمة-والقرارات/الأنظمة-واللوائح-والأدلة/الأنظمة/نظام-الوساطة-العقارية/","2026-09-20","REVIEWED","NEEDS_REVIEW",""
"R-BROKERAGE-COMMERCIAL","03-الإداري-والعمالي-والتجاري","LOW","المحكمة أو الجهة القضائية المختصة بحسب نوع الدعوى والمرحلة المبينة في النتيجة.","المحكمة التجارية","مطالبة عمولة وساطة غير عقارية ذات وصف تجاري","ناجز","لا توجد مدة موحدة لكل مطالبات الوساطة التجارية في صفحة صحيفة الدعوى؛ الميعاد يتحدد بالنظام الخاص والعلاقة.","رسوم خدمة صحيفة الدعوى: لا يوجد؛ وقد تنطبق التكاليف القضائية بحسب نوع القضية.","""""","SRC103-CLAIM","وزارة العدل","صحيفة دعوى","https://moj.gov.sa/ar/eServices/Pages/928b8f02-19a7-482b-ba0e-29a151d9a900.aspx","2026-09-20","REVIEWED","NEEDS_REVIEW",""
"R-BROKERAGE-CIVIL","01-القائد-القانوني-العام","LOW","المحكمة أو الجهة القضائية المختصة بحسب نوع الدعوى والمرحلة المبينة في النتيجة.","","مطالبة عمولة وساطة غير عقارية لا يثبت لها وصف تجاري أو اختصاص خاص","ناجز","لا توجد مدة موحدة لكل المطالبات المدنية بالعمولة في صفحة الخدمة؛ تفحص المدة بحسب أساس الحق.","رسوم خدمة صحيفة الدعوى: لا يوجد؛ وقد تنطبق التكاليف القضائية بحسب نوع القضية.","""""","SRC103-CLAIM","وزارة العدل","صحيفة دعوى","https://moj.gov.sa/ar/eServices/Pages/928b8f02-19a7-482b-ba0e-29a151d9a900.aspx","2026-09-20","REVIEWED","NEEDS_REVIEW",""
"R-LEGAL-FEES-AGREEMENT","01-القائد-القانوني-العام","LOW","الجهة القضائية أو الرسمية المحددة في المصدر المرتبط بالنتيجة.","","","","","","""""","SRC-BOE-LAW-PRACTICE","هيئة الخبراء بمجلس الوزراء","نظام المحاماة — المادة السادسة والعشرون بعد تعديل 1447هـ","https://laws.boe.gov.sa/BoeLaws/Laws/LawDetails/f42655be-79b0-4fd4-bb90-a9a700f26a3e/1","2026-09-20","REVIEWED","NEEDS_REVIEW",""
"R-LEGAL-FEES-ESTIMATE","01-القائد-القانوني-العام","LOW","الجهة القضائية أو الرسمية المحددة في المصدر المرتبط بالنتيجة.","","","","","","""""","SRC-BOE-LAW-PRACTICE","هيئة الخبراء بمجلس الوزراء","نظام المحاماة — المادة السادسة والعشرون بعد تعديل 1447هـ","https://laws.boe.gov.sa/BoeLaws/Laws/LawDetails/f42655be-79b0-4fd4-bb90-a9a700f26a3e/1","2026-09-20","REVIEWED","NEEDS_REVIEW",""
"R-DV-IMMEDIATE","01-القائد-القانوني-العام","MEDIUM","وزارة الداخلية","","","","","","""""","SRC-MOI-EMERGENCY","وزارة الداخلية","الدليل الرقمي — أرقام الطوارئ","https://www.moi.gov.sa/wps/wcm/connect/1d7766f8-b8af-40cb-a3c7-55603ee286ec/Guidance.pdf?CACHEID=ROOTWORKSPACE-1d7766f8-b8af-40cb-a3c7-55603ee286ec-o0jvZ6U&CONVERT_TO=url&MOD=AJPERES","2026-09-20","REVIEWED","NEEDS_REVIEW",""
"R-DV-PROTECTION","01-القائد-القانوني-العام","MEDIUM","وزارة الموارد البشرية والتنمية الاجتماعية","","","","","","""""","SRC-HRSD-DV-1919","وزارة الموارد البشرية والتنمية الاجتماعية","الإبلاغ عن العنف الأسري — مركز بلاغات الحماية الأسرية 1919","https://www.hrsd.gov.sa/ministry-services/services/الإبلاغ-عن-العنف-الأسري","2026-09-20","REVIEWED","NEEDS_REVIEW",""
"R-DV-CRIMINAL-PROTECTION","01-القائد-القانوني-العام","MEDIUM","مركز بلاغات العنف الأسري بوزارة الموارد البشرية، والجهة الأمنية عند وجود جريمة أو خطر مباشر.","","","","","","""""","SRC-BOE-PROTECTION-ABUSE","هيئة الخبراء بمجلس الوزراء","نظام الحماية من الإيذاء","https://laws.boe.gov.sa/BoeLaws/Laws/LawDetails/83f450eb-7985-461f-b053-a9a700f2ba08/1","2026-09-20","REVIEWED","NEEDS_REVIEW",""
"R-DV-REVIEW","01-القائد-القانوني-العام","MEDIUM","وزارة الموارد البشرية والتنمية الاجتماعية","","","","","","""""","SRC-HRSD-DV-1919","وزارة الموارد البشرية والتنمية الاجتماعية","الإبلاغ عن العنف الأسري — مركز بلاغات الحماية الأسرية 1919","https://www.hrsd.gov.sa/ministry-services/services/الإبلاغ-عن-العنف-الأسري","2026-09-20","REVIEWED","NEEDS_REVIEW",""
"R-PRODUCT-FINANCIAL-REVIEW","04-القطاعات-التنظيمية","MEDIUM","وزارة التجارة للبلاغ التجاري، والمحكمة المختصة عند المطالبة بالتعويض.","","","","","","""""","SRC-BOE-CIVIL-TRANSACTIONS","هيئة الخبراء بمجلس الوزراء","نظام المعاملات المدنية","https://laws.boe.gov.sa/BoeLaws/Laws/LawDetails/655fdb42-8c96-422b-b8c4-b04f0095c94c/1","2026-09-20","REVIEWED","NEEDS_REVIEW",""
"R-PRODUCT-BODILY-HARM","01-القائد-القانوني-العام","MEDIUM","الجهة الرقابية المختصة بنوع المنتج، والمحكمة المختصة عند المطالبة بالتعويض.","","","","","","""""","SRC-BOE-CIVIL-TRANSACTIONS","هيئة الخبراء بمجلس الوزراء","نظام المعاملات المدنية","https://laws.boe.gov.sa/BoeLaws/Laws/LawDetails/655fdb42-8c96-422b-b8c4-b04f0095c94c/1","2026-09-20","REVIEWED","NEEDS_REVIEW",""
"R-SFDA-COSMETIC","01-القائد-القانوني-العام","MEDIUM","الهيئة العامة للغذاء والدواء","","","","","","""""","SRC-SFDA-COSMETIC","الهيئة العامة للغذاء والدواء","نظام تيقظ — بلاغات أعراض جانبية لمنتجات التجميل","https://www.sfda.gov.sa/ar/eservices/%D9%86%D8%B8%D8%A7%D9%85-%D8%AA%D9%8A%D9%82%D8%B8-%D8%A8%D9%84%D8%A7%D8%BA%D8%A7%D8%AA-%D8%A3%D8%B9%D8%B1%D8%A7%D8%B6-%D8%AC%D8%A7%D9%86%D8%A8%D9%8A%D8%A9-%D9%84%D9%85%D9%86%D8%AA%D8%AC%D8%A7%D8%AA-%D8%A7%D9%84%D8%AA%D8%AC%D9%85%D9%8A%D9%84","2026-09-21","REVIEWED","NEEDS_REVIEW",""
"R-SFDA-FOOD-POISON","01-القائد-القانوني-العام","MEDIUM","الهيئة العامة للغذاء والدواء","","","","","","""""","SRC-SFDA-FOOD-POISON","الهيئة العامة للغذاء والدواء","الدليل الإرشادي للإبلاغ عبر نظام تيقظ","https://www.sfda.gov.sa/sites/default/files/2023-05/Dfhj78ht67.pdf","2026-09-21","REVIEWED","NEEDS_REVIEW",""
"R-SFDA-MEDDEVICE","01-القائد-القانوني-العام","MEDIUM","الهيئة العامة للغذاء والدواء","","","","","","""""","SRC-SFDA-MEDDEVICE","الهيئة العامة للغذاء والدواء","المركز الوطني لبلاغات الأجهزة والمستلزمات الطبية","https://www.sfda.gov.sa/ar/eservices/%D8%A7%D9%84%D9%85%D8%B1%D9%83%D8%B2-%D8%A7%D9%84%D9%88%D8%B7%D9%86%D9%8A-%D9%84%D8%A8%D9%84%D8%A7%D8%BA%D8%A7%D8%AA-%D8%A7%D9%84%D8%A3%D8%AC%D9%87%D8%B2%D8%A9-%D9%88%D8%A7%D9%84%D9%85%D8%B3%D8%AA%D9%84%D8%B2%D9%85%D8%A7%D8%AA-%D8%A7%D9%84%D8%B7%D8%A8%D9%8A%D8%A9","2026-09-21","REVIEWED","NEEDS_REVIEW",""
"R-SAKANI-ELIGIBILITY","01-القائد-القانوني-العام","MEDIUM","برنامج سكني","","","سكني","","","""""","SRC-SAKANI-ELIGIBILITY","برنامج سكني","التحقق من استحقاق الدعم السكني","https://sakani.sa/services/check-eligibility","2026-09-21","REVIEWED","NEEDS_REVIEW",""
"R-SAKANI-ELIGIBILITY-APPEAL","01-القائد-القانوني-العام","HIGH","وزارة البلديات والإسكان — برنامج سكني.","","","سكني","","لا توجد رسوم قضائية مثبتة لرفع اعتراض عدم الاستحقاق داخل سكني.","""""","SRC-SAKANI-ELIGIBILITY","برنامج سكني","التحقق من استحقاق الدعم السكني","https://sakani.sa/services/check-eligibility","2026-09-21","REVIEWED","NEEDS_REVIEW",""
"R-SAKANI-GRIEVANCE","01-القائد-القانوني-العام","MEDIUM","برنامج سكني","","","سكني","","","""""","SRC-SAKANI-POLICY","برنامج سكني","لائحة الدعم السكني","https://sakani.sa/housing-subsidy-policy","2026-09-21","REVIEWED","NEEDS_REVIEW",""
"R-SAKANI-DEVELOPMENTAL","01-القائد-القانوني-العام","MEDIUM","برنامج سكني","","","سكني","","","""""","SRC-SAKANI-DEVELOPMENTAL","برنامج سكني","طلب الاستفادة من خدمة الإسكان التنموي","https://sakani.sa/services/tanmwy","2026-09-21","REVIEWED","NEEDS_REVIEW",""
"R-DIGITAL-NAFATH-SUPPORT","01-القائد-القانوني-العام","MEDIUM","النفاذ الوطني الموحد","","","النفاذ الوطني الموحد / تطبيق نفاذ","","","""""","SRC-IAM-NAFATH","النفاذ الوطني الموحد","النفاذ الوطني الموحد","https://www.iam.gov.sa/","2026-09-21","REVIEWED","NEEDS_REVIEW",""
"R-DIGITAL-TAWAKKALNA-SUPPORT","01-القائد-القانوني-العام","MEDIUM","توكلنا","","","توكلنا","","","""""","SRC-TAWAKKALNA-SUPPORT","توكلنا","توكلنا","https://ta.sdaia.gov.sa/","2026-09-21","REVIEWED","NEEDS_REVIEW",""
"R-MUN-BALAG-940","01-القائد-القانوني-العام","MEDIUM","وزارة البلديات والإسكان — منصة بلدي","","","منصة بلدي","","","""""","SRC-BALADY-REPORTS-940","وزارة البلديات والإسكان — منصة بلدي","البلاغات البلدية","https://balady.gov.sa/ar/services/البلاغات-البلدية","2026-09-21","REVIEWED","NEEDS_REVIEW",""
"R-MUN-FINE-OBJECTION","04-القطاعات-التنظيمية","LOW","الجهة القضائية أو الرسمية المحددة في المصدر المرتبط بالنتيجة.","","","منصة بلدي","","","""""","SRC-BALADY-OBJECTION","منصة بلدي — وزارة البلديات والإسكان","منصة الاعتراضات الموحدة — الاعتراض على الغرامات البلدية","https://balady.gov.sa/ar/all-products/10634","2026-09-20","REVIEWED","NEEDS_REVIEW",""
"R-MUN-LICENSE-GRIEVANCE","01-القائد-القانوني-العام","MEDIUM","لجنة التظلمات والشكاوى المختصة في الأمانة أو البلدية.","","","منصة بلدي","","","""""","SRC-BOE-MUNICIPAL-LICENSING","هيئة الخبراء بمجلس الوزراء","نظام إجراءات التراخيص البلدية","https://laws.boe.gov.sa/BoeLaws/Laws/LawDetails/1dd4c3d4-f4e9-4c15-852f-a9a700f21cab/1","2026-09-20","REVIEWED","NEEDS_REVIEW",""
"R-MUN-LICENSE-DAMAGE","01-القائد-القانوني-العام","MEDIUM","لجنة التظلمات والشكاوى المختصة في الأمانة أو البلدية.","","","منصة بلدي","","","""""","SRC-BOE-MUNICIPAL-LICENSING","هيئة الخبراء بمجلس الوزراء","نظام إجراءات التراخيص البلدية","https://laws.boe.gov.sa/BoeLaws/Laws/LawDetails/1dd4c3d4-f4e9-4c15-852f-a9a700f21cab/1","2026-09-20","REVIEWED","NEEDS_REVIEW",""
"R-MUN-COMMITTEE-JUDICIAL","03-الإداري-والعمالي-والتجاري","LOW","الجهة القضائية أو الرسمية المحددة في المصدر المرتبط بالنتيجة.","المحكمة الإدارية","","منصة معين الرقمية","","","""""","SRC-BOE-MUNICIPAL-LICENSING","هيئة الخبراء بمجلس الوزراء","نظام إجراءات التراخيص البلدية","https://laws.boe.gov.sa/BoeLaws/Laws/LawDetails/1dd4c3d4-f4e9-4c15-852f-a9a700f21cab/1","2026-09-20","REVIEWED","NEEDS_REVIEW",""
"R-SP-ADMIN-GRIEVANCE-RESPONSE","03-الإداري-والعمالي-والتجاري","LOW","الجهة القضائية أو الرسمية المحددة في المصدر المرتبط بالنتيجة.","","","منصة معين الرقمية","","","""""","SRC-BOE-BOG-PLEADINGS","هيئة الخبراء بمجلس الوزراء","نظام المرافعات أمام ديوان المظالم","https://laws.boe.gov.sa/BoeLaws/Laws/LawDetails/f2f7b465-b576-4f47-a8e7-a9a700f27202/1","2026-09-20","REVIEWED","NEEDS_REVIEW",""
"R-SP-TRAFFIC-VIOLATION-OBJECTION","01-القائد-القانوني-العام","LOW","الجهة القضائية أو الرسمية المحددة في المصدر المرتبط بالنتيجة.","","","أبشر","","","""""","SRC-ABSHER-TRAFFIC-OBJECTION","منصة أبشر","الاعتراض على المخالفات المرورية — أبشر","https://www.absher.sa/wps/portal/individuals/static/guide/service-contents/!ut/p/z0/tY5NC4JAFEX_ii1cxntTKLa0DKUi-qJyNjHoGK9iqplR-vlZVEit2917uFwOcNgCV6KivbB0VuJU95T7O8aiIOnEOMFpFKI_Rm-47k0YMg-WQsMIeHMUjBcRzgczn62SpBv0vccLHa5XHgLPzsrKm4XtMyhrXCSVU0V5KU7GEdpFaaSuKJPGKevk7EvKZYO6aLUoCsrab_It8Gv5Z4EP2b0IY3A5xps2T1t3wDxqyA!!/","2026-09-20","REVIEWED","NEEDS_REVIEW",""
"R-NAJIZ-JUDICIAL-COSTS-OBJECTION","02-القضاء-والتنفيذ-والأحوال","LOW","المحكمة أو الجهة القضائية المختصة بحسب نوع الدعوى والمرحلة المبينة في النتيجة.","","التكاليف القضائية","ناجز","15 يومًا. صفحة الخدمة الحالية تذكر من تاريخ إنشاء الفاتورة، ونظام التكاليف القضائية م11 يقرر الاعتراض على تحديد مبلغ التكاليف خلال 15 يومًا من تاريخ التبليغ؛ عند التطبيق يعتمد الحدث النظامي المرتبط بالتقدير/التبليغ الظاهر في ناجز.","رسوم الخدمة نفسها: لا يوجد.","""""","SRC97-COST","وزارة العدل","التكاليف القضائية","https://www.moj.gov.sa/ar/eservices/pages/143507f9-e5db-4423-a0c1-9f489c6c3893.aspx","2026-09-20","REVIEWED","NEEDS_REVIEW",""
"R-CIVIL-ID-RENEW","01-القائد-القانوني-العام","LOW","وكالة وزارة الداخلية للأحوال المدنية — عبر منصة أبشر بحسب الخدمة.","","","أبشر","","","""""","SRC162-ABSHER-CIVIL","منصة أبشر — وزارة الداخلية","خدمات الأحوال المدنية: الهوية الوطنية، تسجيل المواليد، وسجل الأسرة","https://www.absher.sa/wps/wcm/connect/individuals/contents/individuals+AR/eServices+User+Guide/eServices/Civil-Affairs-Services/","2026-09-23","REVIEWED","NEEDS_REVIEW",""
"R-CIVIL-ID-LOST","01-القائد-القانوني-العام","LOW","وكالة وزارة الداخلية للأحوال المدنية — عبر منصة أبشر بحسب الخدمة.","","","أبشر","","","""""","SRC162-ABSHER-CIVIL","منصة أبشر — وزارة الداخلية","خدمات الأحوال المدنية: الهوية الوطنية، تسجيل المواليد، وسجل الأسرة","https://www.absher.sa/wps/wcm/connect/individuals/contents/individuals+AR/eServices+User+Guide/eServices/Civil-Affairs-Services/","2026-09-23","REVIEWED","NEEDS_REVIEW",""
"R-CIVIL-ID-DAMAGED","01-القائد-القانوني-العام","LOW","وكالة وزارة الداخلية للأحوال المدنية — عبر منصة أبشر بحسب الخدمة.","","","أبشر","","","""""","SRC162-ABSHER-CIVIL","منصة أبشر — وزارة الداخلية","خدمات الأحوال المدنية: الهوية الوطنية، تسجيل المواليد، وسجل الأسرة","https://www.absher.sa/wps/wcm/connect/individuals/contents/individuals+AR/eServices+User+Guide/eServices/Civil-Affairs-Services/","2026-09-23","REVIEWED","NEEDS_REVIEW",""
"R-PASSPORT-SA-RENEW","04-القطاعات-التنظيمية","MEDIUM","منصة أبشر","","","أبشر","","","""""","SRC-ABSHER-PASSPORT-SERVICES","منصة أبشر","خدمات الجواز السعودي","https://www.absher.sa/wps/wcm/connect/individuals/contents/individuals/eServices%2BUser%2BGuide/eServices/Passport-Services/","2026-09-20","REVIEWED","NEEDS_REVIEW",""
"R-PASSPORT-SA-ISSUE","04-القطاعات-التنظيمية","MEDIUM","منصة أبشر","","","أبشر","","","""""","SRC-ABSHER-PASSPORT-SERVICES","منصة أبشر","خدمات الجواز السعودي","https://www.absher.sa/wps/wcm/connect/individuals/contents/individuals/eServices%2BUser%2BGuide/eServices/Passport-Services/","2026-09-20","REVIEWED","NEEDS_REVIEW",""
"R-PASSPORT-SA-LOST","04-القطاعات-التنظيمية","MEDIUM","منصة أبشر","","","أبشر","","","""""","SRC-ABSHER-PASSPORT-SERVICES","منصة أبشر","خدمات الجواز السعودي","https://www.absher.sa/wps/wcm/connect/individuals/contents/individuals/eServices%2BUser%2BGuide/eServices/Passport-Services/","2026-09-20","REVIEWED","NEEDS_REVIEW",""
"R-IQAMA-RENEW","01-القائد-القانوني-العام","MEDIUM","منصة أبشر","","","أبشر","","","""""","SRC-ABSHER-IQAMA-RENEW","منصة أبشر","تجديد هوية مقيم","https://www.absher.sa/wps/portal/individuals/static/guide/service-contents/!ut/p/z1/jVNbc6IwFP4rvvRph8lJgACPCJRYdBexaOHFoRI66SpSiOzuv9_oujOtTqV5OrfvfOcWlKMnlNdFL14KKfZ1sVV6ltM1xr7NSAhT-O67QCMwg6UzxYBNtPoYYJu-DnMviJiPQ32eAso_uKPEV-6Y4kfGdHv8Hw-fPPcCP8x_RXDEw8QwGDZIBEkyBtd1nEXIFgA_yBlverE3sWc6DuPUAnJvGQ8ejcIlWF_jv0HwJTwlUw8zW-GXVNUfkNg27zGBCR2qf4myMcr6LP7WuJfDuGbLb896hfKLfV2vcyjHv4BbAz0F3Op46GYWvEaZatX6tFVG0aoX_BdK6327U3e8OGZdebP1PA0ShW1a3vFans78ke-abSE5yjre9mLDRyWXhdgeIc1GlCizwNSJww1t4xCqGdWzrhVVpWuVrkNZEUoriyMG6GFo2-o7ide3t9xF-WZfS_5boqeTUMvuDkRdil6Uh2KrFH4uphsdlDR6OYiSv7PeQVN0XbNvpXZhamW3PptM1OzS06v_aD-ToPLHM_5szzr3L9DMMpw!!/dz/d5/L0lHSkovd0RNQUZrQUVnQSEhLzROVkUvYXI!/","2026-09-20","REVIEWED","NEEDS_REVIEW",""
"R-PASSPORT-VISA-GUIDE","04-القطاعات-التنظيمية","MEDIUM","منصة أبشر","","","أبشر","","","""""","SRC-ABSHER-VISAS","منصة أبشر","إصدار تأشيرة الخروج والعودة أو الخروج النهائي — أبشر","https://www.absher.sa/wps/wcm/connect/individuals/contents/individuals/eServices%2BUser%2BGuide/eServices/Passport-Services/","2026-09-20","REVIEWED","NEEDS_REVIEW",""
"R-UNI-COMPLAINT","01-القائد-القانوني-العام","MEDIUM","وزارة التعليم","","","","","","""""","SRC-MOE-TAWASUL-UNI","وزارة التعليم","تواصل — الشكاوى والاستفسارات للجامعات وقطاعات التعليم","https://www.moe.gov.sa/ar/contactus/Pages/Tawasul.aspx","2026-09-21","REVIEWED","NEEDS_REVIEW",""
"R-UNI-DECISION-REVIEW","01-القائد-القانوني-العام","LOW","الجهة القضائية أو الرسمية المحددة في المصدر المرتبط بالنتيجة.","","","","","","""""","SRC-MOE-TAWASUL-UNI","وزارة التعليم","تواصل — الشكاوى والاستفسارات للجامعات وقطاعات التعليم","https://www.moe.gov.sa/ar/contactus/Pages/Tawasul.aspx","2026-09-20","REVIEWED","NEEDS_REVIEW",""
"R-UNI-ADMISSION","01-القائد-القانوني-العام","MEDIUM","وزارة التعليم","","","","","","""""","SRC-MOE-UNIFIED-ADMISSION","وزارة التعليم","القبول الموحد في الجامعات والجهات التعليمية","https://www.moe.gov.sa/ar/knowledgecenter/eservices/pages/unified-admission.aspx","2026-09-21","REVIEWED","NEEDS_REVIEW",""
"R-POSTAL-COMPLAINT","01-القائد-القانوني-العام","MEDIUM","الهيئة العامة للنقل","","","","","","""""","SRC-TGA-POSTAL-RIGHTS","الهيئة العامة للنقل","حقوقك والتزاماتك مع شركات الطرود البريدية — الشكاوى والتصعيد","https://www.tga.gov.sa/ar/WebSiteFile/bd07e77a-640e-4dd7-a24d-23ca361e8ea6","2026-09-20","REVIEWED","NEEDS_REVIEW",""
"R-POSTAL-DAMAGE","01-القائد-القانوني-العام","MEDIUM","الهيئة العامة للنقل","","","","","","""""","SRC-TGA-POSTAL-RIGHTS","الهيئة العامة للنقل","حقوقك والتزاماتك مع شركات الطرود البريدية — الشكاوى والتصعيد","https://www.tga.gov.sa/ar/WebSiteFile/bd07e77a-640e-4dd7-a24d-23ca361e8ea6","2026-09-20","REVIEWED","NEEDS_REVIEW",""
"R-POSTAL-ESCALATE","01-القائد-القانوني-العام","MEDIUM","الهيئة العامة للنقل","","","","","","""""","SRC-TGA-POSTAL-RIGHTS","الهيئة العامة للنقل","حقوقك والتزاماتك مع شركات الطرود البريدية — الشكاوى والتصعيد","https://www.tga.gov.sa/ar/WebSiteFile/bd07e77a-640e-4dd7-a24d-23ca361e8ea6","2026-09-20","REVIEWED","NEEDS_REVIEW",""
"R-TOURISM-HOSPITALITY-COMPLAINT","01-القائد-القانوني-العام","MEDIUM","وزارة السياحة","","","","","","""""","SRC-MOT-HOSPITALITY-RIGHTS","وزارة السياحة","حقوق وواجبات السائح — مرافق الضيافة السياحية والشكاوى","https://mt.gov.sa/tic/Pages/Rights-and-Duties.aspx","2026-09-20","REVIEWED","NEEDS_REVIEW",""
"R-TOURISM-BOOKING-PRICE","01-القائد-القانوني-العام","MEDIUM","وزارة السياحة","","","","","","""""","SRC-MOT-HOSPITALITY-RIGHTS","وزارة السياحة","حقوق وواجبات السائح — مرافق الضيافة السياحية والشكاوى","https://mt.gov.sa/tic/Pages/Rights-and-Duties.aspx","2026-09-20","REVIEWED","NEEDS_REVIEW",""
"R-TOURISM-SERVICE-QUALITY","01-القائد-القانوني-العام","MEDIUM","وزارة السياحة","","","","","","""""","SRC-MOT-HOSPITALITY-RIGHTS","وزارة السياحة","حقوق وواجبات السائح — مرافق الضيافة السياحية والشكاوى","https://mt.gov.sa/tic/Pages/Rights-and-Duties.aspx","2026-09-20","REVIEWED","NEEDS_REVIEW",""
"R-SALE-CHECK-CASE-STAGE","01-القائد-القانوني-العام","LOW","الجهة القضائية أو الرسمية المحددة في المصدر المرتبط بالنتيجة.","","","ناجز","","","""""","SRC-MOJ-FIRST-COURTS","وزارة العدل","محاكم الدرجة الأولى واختصاصاتها","https://moj.gov.sa/ar/Ministry/Courts/Pages/FirstCourts.aspx","2026-09-20","REVIEWED","NEEDS_REVIEW",""
"R-SP-FIN-CLEARANCE","04-القطاعات-التنظيمية","MEDIUM","البنك المركزي السعودي","","","","","","""""","SRC-SAMA-CONSUMER-PROTECTION","البنك المركزي السعودي","مبادئ وقواعد حماية عملاء المؤسسات المالية","https://rulebook.sama.gov.sa/ar/entiresection/5847","2026-09-20","REVIEWED","NEEDS_REVIEW",""
"R-SP-FIN-DEBT-BUYOUT","04-القطاعات-التنظيمية","MEDIUM","البنك المركزي السعودي","","","","","","""""","SRC-SAMA-CONSUMER-PROTECTION","البنك المركزي السعودي","مبادئ وقواعد حماية عملاء المؤسسات المالية","https://rulebook.sama.gov.sa/ar/entiresection/5847","2026-09-20","REVIEWED","NEEDS_REVIEW",""
"R-SP-CREDIT-CARD-DISPUTE","01-القائد-القانوني-العام","MEDIUM","البنك المركزي السعودي","","","","","","""""","SRC-SAMA-CONSUMER-PROTECTION","البنك المركزي السعودي","مبادئ وقواعد حماية عملاء المؤسسات المالية","https://rulebook.sama.gov.sa/ar/entiresection/5847","2026-09-20","REVIEWED","NEEDS_REVIEW",""
"R-SP-BANK-TRANSFER-DELAY","04-القطاعات-التنظيمية","MEDIUM","البنك المركزي السعودي","","","","","","""""","SRC-SAMA-CONSUMER-PROTECTION","البنك المركزي السعودي","مبادئ وقواعد حماية عملاء المؤسسات المالية","https://rulebook.sama.gov.sa/ar/entiresection/5847","2026-09-20","REVIEWED","NEEDS_REVIEW",""
"R-SP-BANK-ATM-CASH","04-القطاعات-التنظيمية","MEDIUM","البنك المركزي السعودي","","","","","","""""","SRC-SAMA-CONSUMER-PROTECTION","البنك المركزي السعودي","مبادئ وقواعد حماية عملاء المؤسسات المالية","https://rulebook.sama.gov.sa/ar/entiresection/5847","2026-09-20","REVIEWED","NEEDS_REVIEW",""
"R-SP-BANK-ATM-DEPOSIT","04-القطاعات-التنظيمية","MEDIUM","البنك المركزي السعودي","","","","","","""""","SRC-SAMA-CONSUMER-PROTECTION","البنك المركزي السعودي","مبادئ وقواعد حماية عملاء المؤسسات المالية","https://rulebook.sama.gov.sa/ar/entiresection/5847","2026-09-20","REVIEWED","NEEDS_REVIEW",""
"R-SP-BANK-ACCOUNT-OPEN-CLOSE","04-القطاعات-التنظيمية","LOW","الجهة القضائية أو الرسمية المحددة في المصدر المرتبط بالنتيجة.","","","","","","""""","SRC-SAMA-CONSUMER-PROTECTION","البنك المركزي السعودي","مبادئ وقواعد حماية عملاء المؤسسات المالية","https://rulebook.sama.gov.sa/ar/entiresection/5847","2026-09-20","REVIEWED","NEEDS_REVIEW",""
"R-SP-FIN-EARLY-SETTLEMENT","04-القطاعات-التنظيمية","MEDIUM","البنك المركزي السعودي","","","","","","""""","SRC-SAMA-CONSUMER-PROTECTION","البنك المركزي السعودي","مبادئ وقواعد حماية عملاء المؤسسات المالية","https://rulebook.sama.gov.sa/ar/entiresection/5847","2026-09-20","REVIEWED","NEEDS_REVIEW",""
"R-SP-BANK-UNAUTHORIZED","04-القطاعات-التنظيمية","MEDIUM","البنك المركزي السعودي","","","","","","""""","SRC-SAMA-FRAUD-GUIDE","البنك المركزي السعودي","التوعية بالاحتيال المالي وحماية العملاء","https://www.sama.gov.sa/ar-sa/ConsumerProtection/Pages/FraudAwareness.aspx","2026-09-20","REVIEWED","NEEDS_REVIEW",""
"R-SP-BANK-SCAM-TRANSFER","04-القطاعات-التنظيمية","MEDIUM","البنك المركزي السعودي","","","","","","""""","SRC-SAMA-FRAUD-GUIDE","البنك المركزي السعودي","التوعية بالاحتيال المالي وحماية العملاء","https://www.sama.gov.sa/ar-sa/ConsumerProtection/Pages/FraudAwareness.aspx","2026-09-20","REVIEWED","NEEDS_REVIEW",""
"R-SP-BANK-CARD-LOST","04-القطاعات-التنظيمية","MEDIUM","البنك المركزي السعودي","","","","","","""""","SRC-SAMA-FRAUD-GUIDE","البنك المركزي السعودي","التوعية بالاحتيال المالي وحماية العملاء","https://www.sama.gov.sa/ar-sa/ConsumerProtection/Pages/FraudAwareness.aspx","2026-09-20","REVIEWED","NEEDS_REVIEW",""
"R-SP-HEALTH-INS-DENIAL","04-القطاعات-التنظيمية","LOW","الجهة القضائية أو الرسمية المحددة في المصدر المرتبط بالنتيجة.","","","","","","""""","SRC-CHI-INS-COMPLAINT","مجلس الضمان الصحي","تقديم شكوى ضد شركة التأمين وحقوق المستفيد","https://www.chi.gov.sa/ServicesDirectory/Pages/ComplaintAgaistICFIC.aspx","2026-09-20","REVIEWED","NEEDS_REVIEW",""
"R-SP-HEALTH-EMPLOYER-NOINS","04-القطاعات-التنظيمية","MEDIUM","مجلس الضمان الصحي","","","","","","""""","SRC-CHI-EMPLOYER-COMPLAINT","مجلس الضمان الصحي","تقديم شكوى ضد صاحب العمل","https://www.chi.gov.sa/ServicesDirectory/pages/complaintagaistemployerfinsured.aspx","2026-09-20","REVIEWED","NEEDS_REVIEW",""
"R-SP-HEALTH-INS-CHECK","04-القطاعات-التنظيمية","MEDIUM","مجلس الضمان الصحي","","","","","","""""","SRC-CHI-INS-CHECK","مجلس الضمان الصحي","الاستعلام عن معلومات التأمين الصحي","https://www.chi.gov.sa/ServicesDirectory/Pages/CheckInsurance.aspx","2026-09-20","REVIEWED","NEEDS_REVIEW",""
"R-SP-HEALTH-INS-LINK","04-القطاعات-التنظيمية","MEDIUM","مجلس الضمان الصحي","","","","","","""""","SRC-CHI-INS-LINK","مجلس الضمان الصحي","طلب عدم اكتمال البيانات للربط - أفراد","https://www.chi.gov.sa/ServicesDirectory/Pages/UploadComplaintResVisFTPAIndi.aspx?cat=1&sub=4","2026-09-20","REVIEWED","NEEDS_REVIEW",""
"R-SP-MOTOR-SALE","04-القطاعات-التنظيمية","MEDIUM","منصة أبشر — وزارة الداخلية","","","أبشر","","","""""","SRC-ABSHER-MOTOR-SALE","منصة أبشر — وزارة الداخلية","مبايعة المركبات","https://www.absher.sa/wps/portal/individuals/static/vot/","2026-09-20","REVIEWED","NEEDS_REVIEW",""
"R-SP-MOTOR-AUTH","04-القطاعات-التنظيمية","MEDIUM","منصة أبشر — وزارة الداخلية","","","أبشر","","","""""","SRC-ABSHER-MOTOR-AUTH","منصة أبشر — وزارة الداخلية","تفويض مركبة","https://www.absher.sa/wps/portal/individuals/static/guide/service-contents/","2026-09-20","REVIEWED","NEEDS_REVIEW",""
"R-SP-MOTOR-REG-RENEW","04-القطاعات-التنظيمية","MEDIUM","منصة أبشر — وزارة الداخلية","","","أبشر","","","""""","SRC-ABSHER-REG-RENEW","منصة أبشر — وزارة الداخلية","تجديد رخصة السير","https://www.absher.sa/wps/wcm/connect/individuals/contents/individuals%2BAR/eServices%2BUser%2BGuide/eServices/Traffic-Services/","2026-09-20","REVIEWED","NEEDS_REVIEW",""
"R-SP-DRIVING-LICENSE-RENEW","01-القائد-القانوني-العام","MEDIUM","منصة أبشر — وزارة الداخلية","","","أبشر","","","""""","SRC-ABSHER-DL-RENEW","منصة أبشر — وزارة الداخلية","تجديد رخصة القيادة","https://www.absher.sa/wps/wcm/connect/individuals/contents/individuals%2BAR/eServices%2BUser%2BGuide/eServices/Traffic-Services/","2026-09-20","REVIEWED","NEEDS_REVIEW",""
"R-SP-MOTOR-ACCIDENT-OBJECTION","04-القطاعات-التنظيمية","LOW","الجهة القضائية أو الرسمية المحددة في المصدر المرتبط بالنتيجة.","","","أبشر","","","""""","SRC-ABSHER-ACCIDENT-OBJECTION","منصة أبشر — وزارة الداخلية","الاعتراض على الحوادث المرورية","https://www.absher.sa/wps/portal/individuals/Home/homepublic/contents/!ut/p/z1/lVDLbsIwEPwVeuCIvHZUAkcnSOYpnhHBl8hKTLQVmEKctPw9VsQBhBTaPc2OZh8zRJKYSKMqzJXFk1EH1-9kN-myaUiHPTaZbwZ9WE58H2ZsQQGAbGsBPBWHYMUCD0DMGZH_n3_c9Lf5BoFsXr_WhozfHXEp4Nf5LDmR6clY_WtJXANjizagybDCrFQH1-hCXypMddEqHWrlJWb6gW2Dvaj9HtPOC5PcmYT1nStZ_yQo5UMmYCrEisEy5NTzeUB79PMuaAr-nfXvYxTFP1cPcPRxA47Mm9w!/dz/d5/L0lHSkovd0RNQUprQUVnQSEhLzROVkUvYXI!/","2026-09-20","REVIEWED","NEEDS_REVIEW",""
"R-SP-MOTOR-PLATE-LOST","04-القطاعات-التنظيمية","MEDIUM","منصة أبشر — وزارة الداخلية","","","أبشر","","","""""","SRC-ABSHER-TRAFFIC-SERVICES","منصة أبشر — وزارة الداخلية","خدمات المرور الإلكترونية","https://absher.sa/wps/wcm/connect/individuals/contents/individuals%2BAR/eServices%2BUser%2BGuide/eServices/Traffic-Services/","2026-09-20","REVIEWED","NEEDS_REVIEW",""
"R-SP-MOTOR-PLATE-REPLACE","04-القطاعات-التنظيمية","MEDIUM","منصة أبشر — وزارة الداخلية","","","أبشر","","","""""","SRC-ABSHER-TRAFFIC-SERVICES","منصة أبشر — وزارة الداخلية","خدمات المرور الإلكترونية","https://absher.sa/wps/wcm/connect/individuals/contents/individuals%2BAR/eServices%2BUser%2BGuide/eServices/Traffic-Services/","2026-09-20","REVIEWED","NEEDS_REVIEW",""
"R-DOMESTIC-RECRUIT-START","01-القائد-القانوني-العام","LOW","وزارة الموارد البشرية والتنمية الاجتماعية — منصة مساند","","","","","","""""","SRC-HRSD-DOMESTIC-RECRUIT","وزارة الموارد البشرية والتنمية الاجتماعية","طلب تعاقد مع مكتب - شركة استقدام","https://www.hrsd.gov.sa/ministry-services/services/%D8%B7%D9%84%D8%A8-%D8%AA%D8%B9%D8%A7%D9%82%D8%AF-%D9%85%D8%B9-%D9%85%D9%83%D8%AA%D8%A8-%D8%B4%D8%B1%D9%83%D8%A9-%D8%A7%D8%B3%D8%AA%D9%82%D8%AF%D8%A7%D9%85","2026-09-20","REVIEWED","NEEDS_REVIEW",""
"R-DOMESTIC-RECRUIT-COMPLAINT","01-القائد-القانوني-العام","LOW","وزارة الموارد البشرية للتسوية ثم المحكمة العمالية عند تعذرها.","المحكمة العمالية","","","","","""""","SRC-HRSD-DOMESTIC-COMPLAINTS","وزارة الموارد البشرية والتنمية الاجتماعية","مساند قناة موحدة لشكاوى عقود التوسط في الاستقدام","https://www.hrsd.gov.sa/knowledge-centre/decisions-and-regulations/ministerial-decisions/845688","2026-09-20","REVIEWED","NEEDS_REVIEW",""
"R-DOMESTIC-RECRUIT-LICENSE","01-القائد-القانوني-العام","LOW","وزارة الموارد البشرية للتسوية ثم المحكمة العمالية عند تعذرها.","المحكمة العمالية","","","","","""""","SRC-HRSD-DOMESTIC-LICENSE","وزارة الموارد البشرية والتنمية الاجتماعية","التحقق من مقدمي خدمات الاستقدام المرخصين والتعامل عبر مساند","https://www.hrsd.gov.sa/media-center/news/%D9%86%D8%B4%D8%A7%D8%B7-%D8%A7%D9%84%D8%A7%D8%B3%D8%AA%D9%82%D8%AF%D8%A7%D9%85-%D9%88%D8%A7%D9%84%D8%AE%D8%AF%D9%85%D8%A7%D8%AA-%D8%A7%D9%84%D8%B9%D9%85%D8%A7%D9%84%D9%8A%D8%A9","2026-09-20","REVIEWED","NEEDS_REVIEW",""
"R-DOMESTIC-TRANSFER-IND","01-القائد-القانوني-العام","LOW","وزارة الموارد البشرية والتنمية الاجتماعية — منصة مساند","","","","","","""""","SRC-HRSD-DOMESTIC-TRANSFER-IND","وزارة الموارد البشرية والتنمية الاجتماعية","نقل خدمات العمالة المنزلية","https://www.hrsd.gov.sa/ministry-services/services/%D9%86%D9%82%D9%84-%D8%AE%D8%AF%D9%85%D8%A7%D8%AA-%D8%A7%D9%84%D8%B9%D9%85%D8%A7%D9%84%D8%A9-%D8%A7%D9%84%D9%85%D9%86%D8%B2%D9%84%D9%8A%D8%A9-%D9%85%D9%86-%D9%85%D9%86%D8%B4%D8%A3%D8%A9-%D8%A5%D9%84%D9%89-%D9%81%D8%B1%D8%AF","2026-09-20","REVIEWED","NEEDS_REVIEW",""
"R-DOMESTIC-TRANSFER-DISPUTE","01-القائد-القانوني-العام","LOW","وزارة الموارد البشرية والتنمية الاجتماعية — مساند، والتسوية الودية عند وجود نزاع حقوقي","","","","","","""""","SRC-HRSD-DOMESTIC-TRANSFER-IND","وزارة الموارد البشرية والتنمية الاجتماعية","نقل خدمات العمالة المنزلية","https://www.hrsd.gov.sa/ministry-services/services/%D9%86%D9%82%D9%84-%D8%AE%D8%AF%D9%85%D8%A7%D8%AA-%D8%A7%D9%84%D8%B9%D9%85%D8%A7%D9%84%D8%A9-%D8%A7%D9%84%D9%85%D9%86%D8%B2%D9%84%D9%8A%D8%A9-%D9%85%D9%86-%D9%85%D9%86%D8%B4%D8%A3%D8%A9-%D8%A5%D9%84%D9%89-%D9%81%D8%B1%D8%AF","2026-09-20","REVIEWED","NEEDS_REVIEW",""
"R-PASSPORT-EXITREENTRY-EXTEND","04-القطاعات-التنظيمية","MEDIUM","منصة أبشر","","","أبشر","","","""""","SRC-ABSHER-VISAS","منصة أبشر","إصدار تأشيرة الخروج والعودة أو الخروج النهائي — أبشر","https://www.absher.sa/wps/wcm/connect/individuals/contents/individuals/eServices%2BUser%2BGuide/eServices/Passport-Services/","2026-09-21","REVIEWED","NEEDS_REVIEW",""
"R-PASSPORT-VISA-CANCEL","04-القطاعات-التنظيمية","MEDIUM","منصة أبشر","","","أبشر","","","""""","SRC-ABSHER-VISAS","منصة أبشر","إصدار تأشيرة الخروج والعودة أو الخروج النهائي — أبشر","https://www.absher.sa/wps/wcm/connect/individuals/contents/individuals/eServices%2BUser%2BGuide/eServices/Passport-Services/","2026-09-21","REVIEWED","NEEDS_REVIEW",""
"R-PASSPORT-VISIT-EXTEND","02-القضاء-والتنفيذ-والأحوال","MEDIUM","منصة أبشر","","","أبشر","","","""""","SRC-ABSHER-VISAS","منصة أبشر","إصدار تأشيرة الخروج والعودة أو الخروج النهائي — أبشر","https://www.absher.sa/wps/wcm/connect/individuals/contents/individuals/eServices%2BUser%2BGuide/eServices/Passport-Services/","2026-09-21","REVIEWED","NEEDS_REVIEW",""
"R-PASSPORT-VISIT-DEPART","02-القضاء-والتنفيذ-والأحوال","MEDIUM","منصة أبشر","","","أبشر","","","""""","SRC-ABSHER-VISAS","منصة أبشر","إصدار تأشيرة الخروج والعودة أو الخروج النهائي — أبشر","https://www.absher.sa/wps/wcm/connect/individuals/contents/individuals/eServices%2BUser%2BGuide/eServices/Passport-Services/","2026-09-21","REVIEWED","NEEDS_REVIEW",""
"R-SP-HEALTH-PROVIDER-INS-COMPLAINT","04-القطاعات-التنظيمية","MEDIUM","مجلس الضمان الصحي","","","","","","""""","SRC-CHI-PROVIDER-COMPLAINT","مجلس الضمان الصحي","تقديم شكوى ضد مقدم خدمة — المؤمن عليه","https://www.chi.gov.sa/ServicesDirectory/Pages/ComplaintAgaistHCPFInsured.aspx?cat=1&sub=4","2026-09-21","REVIEWED","NEEDS_REVIEW",""
"R-CIVIL-BIRTH-REGISTER","01-القائد-القانوني-العام","LOW","وكالة وزارة الداخلية للأحوال المدنية — عبر منصة أبشر بحسب الخدمة.","","","أبشر","","","""""","SRC162-ABSHER-CIVIL","منصة أبشر — وزارة الداخلية","خدمات الأحوال المدنية: الهوية الوطنية، تسجيل المواليد، وسجل الأسرة","https://www.absher.sa/wps/wcm/connect/individuals/contents/individuals+AR/eServices+User+Guide/eServices/Civil-Affairs-Services/","2026-09-23","REVIEWED","NEEDS_REVIEW",""
"R-CIVIL-FAMILY-RECORD","02-القضاء-والتنفيذ-والأحوال","LOW","وكالة وزارة الداخلية للأحوال المدنية — عبر منصة أبشر بحسب الخدمة.","","","أبشر","","","""""","SRC162-ABSHER-CIVIL","منصة أبشر — وزارة الداخلية","خدمات الأحوال المدنية: الهوية الوطنية، تسجيل المواليد، وسجل الأسرة","https://www.absher.sa/wps/wcm/connect/individuals/contents/individuals+AR/eServices+User+Guide/eServices/Civil-Affairs-Services/","2026-09-23","REVIEWED","NEEDS_REVIEW",""
"R-SFDA-DRUG-ADVERSE","01-القائد-القانوني-العام","MEDIUM","الهيئة العامة للغذاء والدواء","","","","","","""""","SRC-SFDA-DRUG-ADVERSE","الهيئة العامة للغذاء والدواء","نظام تيقظ — بلاغات الأدوية للأعراض الجانبية","https://www.sfda.gov.sa/ar/eservices/338","2026-09-21","REVIEWED","NEEDS_REVIEW",""
"R-SFDA-DRUG-QUALITY","01-القائد-القانوني-العام","MEDIUM","الهيئة العامة للغذاء والدواء","","","","","","""""","SRC-SFDA-DRUG-QUALITY","الهيئة العامة للغذاء والدواء","نظام تيقظ — بلاغات خلل جودة مستحضر صيدلاني","https://www.sfda.gov.sa/ar/eservices/341","2026-09-21","REVIEWED","NEEDS_REVIEW",""
"R-MOH-SEHHATY-APPOINTMENT","01-القائد-القانوني-العام","MEDIUM","وزارة الصحة","","","صحتي","","","""""","SRC-MOH-SEHHATY-APPOINTMENT","وزارة الصحة","منصة صحتي — خدمة حجز المواعيد","https://www.moh.gov.sa/eservices/sehhaty/pages/appointment-booking-on-sehhaty.aspx","2026-09-21","REVIEWED","NEEDS_REVIEW",""
"R-MOH-SEHHATY-REPORT","01-القائد-القانوني-العام","MEDIUM","وزارة الصحة","","","صحتي","","","""""","SRC-MOH-SEHHATY-REPORT","وزارة الصحة","منصة صحتي — خدمة التقارير الطبية","https://www.moh.gov.sa/eservices/sehhaty/pages/sick-leaves.aspx","2026-09-21","REVIEWED","NEEDS_REVIEW",""
"R-MOE-TAWASUL-GENERAL","01-القائد-القانوني-العام","MEDIUM","وزارة التعليم","","","","","","""""","SRC-MOE-TAWASUL-UNI","وزارة التعليم","تواصل — الشكاوى والاستفسارات للجامعات وقطاعات التعليم","https://www.moe.gov.sa/ar/contactus/Pages/Tawasul.aspx","2026-09-21","REVIEWED","NEEDS_REVIEW",""
"R-MOE-TAWASUL-INQUIRY","01-القائد-القانوني-العام","MEDIUM","وزارة التعليم","","","","","","""""","SRC-MOE-TAWASUL-UNI","وزارة التعليم","تواصل — الشكاوى والاستفسارات للجامعات وقطاعات التعليم","https://www.moe.gov.sa/ar/contactus/Pages/Tawasul.aspx","2026-09-21","REVIEWED","NEEDS_REVIEW",""
"R-HAJ-NUSUK-PERMIT","01-القائد-القانوني-العام","MEDIUM","وزارة الحج والعمرة","","","نسك","","","""""","SRC-HAJ-RIGHTS-GUIDE","وزارة الحج والعمرة","دليل حقوق وواجبات ضيف الرحمن","https://haj.gov.sa/s-core/-/media/Project/HAJJ/PDF-and-FILES/Document-Library/AR-Guide-to-the-Rights-and-Duties-of-the-Guests-of-Allah.pdf","2026-09-21","REVIEWED","NEEDS_REVIEW",""
"R-HAJ-COMPLAINT","01-القائد-القانوني-العام","MEDIUM","وزارة الحج والعمرة","","","","","","""""","SRC-HAJ-COMPLAINT-GUIDE","وزارة الحج والعمرة","دليل آلية التعامل مع شكاوى وبلاغات ضيوف الرحمن","https://media1.haj.gov.sa/Uploads/Files/CRMGuide.pdf","2026-09-21","REVIEWED","NEEDS_REVIEW",""
"R-HAJ-NUSUK-GUIDANCE","01-القائد-القانوني-العام","MEDIUM","وزارة الحج والعمرة","","","نسك","","","""""","SRC-HAJ-OFFICIAL","وزارة الحج والعمرة","وزارة الحج والعمرة — البوابة الرسمية","https://haj.gov.sa/ar","2026-09-21","REVIEWED","NEEDS_REVIEW",""
"R-MEWA-AGRI-REGISTER","01-القائد-القانوني-العام","MEDIUM","وزارة البيئة والمياه والزراعة","","","منصة نما","","","""""","SRC-MEWA-FAQ-AGRI","وزارة البيئة والمياه والزراعة","الأسئلة الشائعة — إصدار السجل الزراعي المطور","https://www.mewa.gov.sa/ar/HowWeCanHelp/Help/FAQ/Pages/default.aspx","2026-09-21","REVIEWED","NEEDS_REVIEW",""
"R-MEWA-AGRI-LICENSE","01-القائد-القانوني-العام","MEDIUM","وزارة البيئة والمياه والزراعة","","","","","","""""","SRC-MEWA-AGRI-LICENSE","وزارة البيئة والمياه والزراعة","خدمة إصدار رخصة النشاط الزراعي عبر منصة نما","https://www.mewa.gov.sa/ar/MediaCenter/News/Pages/News13232020.aspx","2026-09-21","REVIEWED","NEEDS_REVIEW",""
"R-MEWA-COMPLAINT","01-القائد-القانوني-العام","MEDIUM","وزارة البيئة والمياه والزراعة","","","","","","""""","SRC-MEWA-CONTACT","وزارة البيئة والمياه والزراعة","تواصل معنا — منصة نما للشكاوى والاستفسارات","https://www.mewa.gov.sa/ar/Ministry/AboutMinistry/ContactUs/Pages/default.aspx","2026-09-21","REVIEWED","NEEDS_REVIEW",""
"R-MEWA-NAAMA","01-القائد-القانوني-العام","MEDIUM","وزارة البيئة والمياه والزراعة","","","","","","""""","SRC-MEWA-NAAMA","وزارة البيئة والمياه والزراعة","منصة نما للخدمات الإلكترونية","https://www.mewa.gov.sa/","2026-09-21","REVIEWED","NEEDS_REVIEW",""
"R-PRO-SCFHS","01-القائد-القانوني-العام","MEDIUM","الهيئة السعودية للتخصصات الصحية","","","","","","""""","SRC-SCFHS-PRACTITIONER-FAQ","الهيئة السعودية للتخصصات الصحية","الأسئلة الشائعة للممارس — التصنيف والتسجيل المهني","https://scfhs.org.sa/ar/FAQ/Practitioner","2026-09-21","REVIEWED","NEEDS_REVIEW",""
"R-PRO-SCE","01-القائد-القانوني-العام","MEDIUM","الهيئة السعودية للمهندسين","","","","","","""""","SRC-SCE-PRO-ACCREDITATION","الهيئة السعودية للمهندسين","دليل الاعتماد المهني","https://www.saudieng.sa/Admin/DepartmentsDocuments/ProfessionalAccreditationGuide.pdf","2026-09-21","REVIEWED","NEEDS_REVIEW",""
"R-PRO-SOCPA","01-القائد-القانوني-العام","MEDIUM","الهيئة السعودية للمراجعين والمحاسبين","","","","","","""""","SRC-SOCPA-MEMBERSHIP","الهيئة السعودية للمراجعين والمحاسبين","دليل العضويات","https://socpa.org.sa/CMSPages/GetFile.aspx?guid=fb9e4ef9-296e-4c92-96a6-a94a89a26ce0","2026-09-21","REVIEWED","NEEDS_REVIEW",""
"R-GOSI-FICTITIOUS","01-القائد-القانوني-العام","MEDIUM","التأمينات الاجتماعية","","","التأمينات الاجتماعية","","","""""","SRC-GOSI-REGISTRATION","التأمينات الاجتماعية","شكوى على سعودة وهمية (للمشترك) المربوطة بالتفتيش الإلكتروني","https://www.gosi.gov.sa/GOSIOnline/Registration","2026-09-21","REVIEWED","NEEDS_REVIEW",""
"R-DOMESTIC-DOC","01-القائد-القانوني-العام","LOW","وزارة الموارد البشرية والتنمية الاجتماعية — منصة مساند","","","","","","""""","SRC-HRSD-DOMESTIC-DOC","وزارة الموارد البشرية والتنمية الاجتماعية","توثيق بيانات العمالة المنزلية","https://www.hrsd.gov.sa/ministry-services/services/%D8%AA%D9%88%D8%AB%D9%8A%D9%82-%D8%A8%D9%8A%D8%A7%D9%86%D8%A7%D8%AA-%D8%A7%D9%84%D8%B9%D9%85%D8%A7%D9%84%D8%A9-%D8%A7%D9%84%D9%85%D9%86%D8%B2%D9%84%D9%8A%D8%A9","2026-09-21","REVIEWED","NEEDS_REVIEW",""
"R-BALADY-LICENSE-ISSUE","01-القائد-القانوني-العام","MEDIUM","وزارة البلديات والإسكان — بلدي","","","منصة بلدي","","","""""","SRC-BALADY-COMMERCIAL-ISSUE","وزارة البلديات والإسكان — بلدي","إصدار رخصة تجارية","https://www.balady.gov.sa/ar/services/11010","2026-09-21","REVIEWED","NEEDS_REVIEW",""
"R-BALADY-LICENSE-RENEW","01-القائد-القانوني-العام","MEDIUM","وزارة البلديات والإسكان — بلدي","","","منصة بلدي","","","""""","SRC-BALADY-COMMERCIAL-RENEW","وزارة البلديات والإسكان — بلدي","تجديد رخصة نشاط تجاري","https://www.balady.gov.sa/ar/services/10485","2026-09-21","REVIEWED","NEEDS_REVIEW",""
"R-BALADY-LICENSE-INQUIRY","01-القائد-القانوني-العام","MEDIUM","وزارة البلديات والإسكان — بلدي","","","منصة بلدي","","","""""","SRC-BALADY-COMMERCIAL-INQUIRY","وزارة البلديات والإسكان — بلدي","استعلام عن رخصة نشاط تجاري","https://apps.balady.gov.sa/Eservices/Inquiries/vocational","2026-09-21","REVIEWED","NEEDS_REVIEW",""
"R-SBC-ECOM-DOC","04-القطاعات-التنظيمية","MEDIUM","المركز السعودي للأعمال","","","","","","""""","SRC-SBC-ECOM-DOC","المركز السعودي للأعمال","توثيق التجارة الإلكترونية والاستعلام عن متجر إلكتروني موثق — منصة الأعمال","https://business.sa/","2026-09-21","REVIEWED","NEEDS_REVIEW",""
"R-SBC-ECOM-CHECK","04-القطاعات-التنظيمية","MEDIUM","المركز السعودي للأعمال","","","","","","""""","SRC-SBC-ECOM-DOC","المركز السعودي للأعمال","توثيق التجارة الإلكترونية والاستعلام عن متجر إلكتروني موثق — منصة الأعمال","https://business.sa/","2026-09-21","REVIEWED","NEEDS_REVIEW",""
"R-SBC-CR-ISSUE","01-القائد-القانوني-العام","MEDIUM","المركز السعودي للأعمال","","","","","","""""","SRC-SBC-CR-JOURNEY","المركز السعودي للأعمال","رحلة المستثمر — إصدار السجلات التجارية وبدء النشاط","https://business.sa/","2026-09-21","REVIEWED","NEEDS_REVIEW",""
"R-SBC-CR-EXTRACT","01-القائد-القانوني-العام","MEDIUM","المركز السعودي للأعمال","","","","","","""""","SRC-SBC-CR-EXTRACT","المركز السعودي للأعمال","دليل المستخدم لخدمة إصدار مستخرج سجل تجاري","https://business.sa/media/files/e71345d4-526b-40a5-8c65-b663e375f388.pdf","2026-09-21","REVIEWED","NEEDS_REVIEW",""
"R-SBC-CR-UPDATE","01-القائد-القانوني-العام","MEDIUM","المركز السعودي للأعمال","","","","","","""""","SRC-SBC-CR-UPDATE","المركز السعودي للأعمال","دليل المستخدم لخدمة تحديث بيانات السجل التجاري","https://business.sa/media/files/7f4f9558-ed62-4eca-9511-aed25d922b79.pdf","2026-09-21","REVIEWED","NEEDS_REVIEW",""
"R-SBC-TRADE-NAME","01-القائد-القانوني-العام","MEDIUM","وزارة التجارة","","","","","","""""","SRC-MC-TRADE-NAME","وزارة التجارة","حجز اسم تجاري","https://mc.gov.sa/ar/eservices/Pages/ServiceDetails.aspx?sID=1","2026-09-21","REVIEWED","NEEDS_REVIEW",""
"R-SBC-CR-ANNUAL","01-القائد-القانوني-العام","MEDIUM","وزارة التجارة","","","","","","""""","SRC-MC-CR-ANNUAL","وزارة التجارة","التأكيد السنوي لبيانات السجل التجاري","https://mc.gov.sa/ar/eservices/Pages/ServiceDetails.aspx?sID=15","2026-09-21","REVIEWED","NEEDS_REVIEW",""
"R-SBC-COMPANY-EST","03-الإداري-والعمالي-والتجاري","MEDIUM","المركز السعودي للأعمال","","","","","","""""","SRC-SBC-COMPANY-EST","المركز السعودي للأعمال","تأسيس الشركات عبر منصة الأعمال","https://business.sa/","2026-09-21","REVIEWED","NEEDS_REVIEW",""
"R-SBC-CR-CANCEL","01-القائد-القانوني-العام","MEDIUM","المركز السعودي للأعمال","","","","","","""""","SRC-SBC-CR-CANCEL","المركز السعودي للأعمال","شطب السجل التجاري","https://business.sa/","2026-09-21","REVIEWED","NEEDS_REVIEW",""
"R-REGA-FAL","01-القائد-القانوني-العام","MEDIUM","الهيئة العامة للعقار","","","","","","""""","SRC-REGA-FAL","الهيئة العامة للعقار","تراخيص فال","https://eservices.rega.gov.sa/","2026-09-21","REVIEWED","NEEDS_REVIEW",""
"R-MOT-TOURISM-LICENSE","01-القائد-القانوني-العام","MEDIUM","وزارة السياحة","","","","","","""""","SRC-MOT-LICENSE","وزارة السياحة","بوابة تراخيص الأنشطة السياحية","https://tlg.mt.gov.sa/","2026-09-21","REVIEWED","NEEDS_REVIEW",""
"R-TGA-LICENSE","01-القائد-القانوني-العام","MEDIUM","الهيئة العامة للنقل","","","","","","""""","SRC-TGA-E","الهيئة العامة للنقل","الخدمات الإلكترونية والتراخيص","https://eservices.tga.gov.sa/","2026-09-21","REVIEWED","NEEDS_REVIEW",""
"R-ZATCA-EINVOICE","04-القطاعات-التنظيمية","MEDIUM","هيئة الزكاة والضريبة والجمارك","","","","","","""""","SRC-ZATCA-EINVOICE","هيئة الزكاة والضريبة والجمارك","الفوترة الإلكترونية (فاتورة)","https://zatca.gov.sa/ar/E-Invoicing/Pages/default.aspx","2026-09-21","REVIEWED","NEEDS_REVIEW",""
"R-QIWA-CONTRACT","01-القائد-القانوني-العام","MEDIUM","وزارة الموارد البشرية والتنمية الاجتماعية","","","قوى","","","""""","SRC-QIWA-CONTRACT","وزارة الموارد البشرية والتنمية الاجتماعية","إدارة وتوثيق العقود عبر قوى","https://www.hrsd.gov.sa/ministry-services/services/إدارة-وتوثيق-العقود","2026-09-21","REVIEWED","NEEDS_REVIEW",""
"R-QIWA-TRANSFER","01-القائد-القانوني-العام","LOW","الجهة القضائية أو الرسمية المحددة في المصدر المرتبط بالنتيجة.","","","قوى","","","""""","SRC-QIWA-TRANSFER","وزارة الموارد البشرية والتنمية الاجتماعية","خدمة نقل الموظفين","https://www.hrsd.gov.sa/ministry-services/services/نقل-الموظفين","2026-09-21","REVIEWED","NEEDS_REVIEW",""
"R-QIWA-WORK-PERMIT","01-القائد-القانوني-العام","MEDIUM","وزارة الموارد البشرية والتنمية الاجتماعية","","","قوى","","","""""","SRC-QIWA-WORK-PERMIT","وزارة الموارد البشرية والتنمية الاجتماعية","إصدار وتجديد رخص العمل","https://www.hrsd.gov.sa/ministry-services/services/إصدار-تجديد-رخص-العمل","2026-09-21","REVIEWED","NEEDS_REVIEW",""
"R-MUDAD-WPS","01-القائد-القانوني-العام","MEDIUM","وزارة الموارد البشرية والتنمية الاجتماعية","","","","","","""""","SRC-MUDAD-WPS","وزارة الموارد البشرية والتنمية الاجتماعية","برنامج حماية الأجور","https://www.hrsd.gov.sa/knowledge-centre/articles/64398","2026-09-21","REVIEWED","NEEDS_REVIEW",""
"R-GOSI-INJURY","01-القائد-القانوني-العام","MEDIUM","المؤسسة العامة للتأمينات الاجتماعية","","","التأمينات الاجتماعية","","","""""","SRC-GOSI-OCC","المؤسسة العامة للتأمينات الاجتماعية","الأخطار المهنية","https://www.gosi.gov.sa/","2026-09-21","REVIEWED","NEEDS_REVIEW",""
"R-GOSI-PENSION","01-القائد-القانوني-العام","MEDIUM","المؤسسة العامة للتأمينات الاجتماعية","","","التأمينات الاجتماعية","","","""""","SRC-GOSI-PENSION","المؤسسة العامة للتأمينات الاجتماعية","خدمات المعاشات والتقاعد","https://www.gosi.gov.sa/","2026-09-21","REVIEWED","NEEDS_REVIEW",""
"R-GOSI-CONTRIBUTION","01-القائد-القانوني-العام","LOW","الجهة القضائية أو الرسمية المحددة في المصدر المرتبط بالنتيجة.","","","التأمينات الاجتماعية","","","""""","SRC-GOSI-CONTRIB","المؤسسة العامة للتأمينات الاجتماعية","خدمات المشترك ومدد الاشتراك","https://www.gosi.gov.sa/","2026-09-21","REVIEWED","NEEDS_REVIEW",""
"R-ZATCA-VAT-REG","04-القطاعات-التنظيمية","MEDIUM","هيئة الزكاة والضريبة والجمارك","","","","","","""""","SRC-ZATCA-VAT","هيئة الزكاة والضريبة والجمارك","ضريبة القيمة المضافة — الخدمات الإلكترونية","https://zatca.gov.sa/ar/eServices/Pages/eServices_007.aspx","2026-09-21","REVIEWED","NEEDS_REVIEW",""
"R-ZATCA-VAT-RETURN","04-القطاعات-التنظيمية","MEDIUM","هيئة الزكاة والضريبة والجمارك","","","","","","""""","SRC-ZATCA-VAT","هيئة الزكاة والضريبة والجمارك","ضريبة القيمة المضافة — الخدمات الإلكترونية","https://zatca.gov.sa/ar/eServices/Pages/eServices_007.aspx","2026-09-21","REVIEWED","NEEDS_REVIEW",""
"R-ZATCA-VAT-DEREG","04-القطاعات-التنظيمية","MEDIUM","هيئة الزكاة والضريبة والجمارك","","","","","","""""","SRC-ZATCA-VAT","هيئة الزكاة والضريبة والجمارك","ضريبة القيمة المضافة — الخدمات الإلكترونية","https://zatca.gov.sa/ar/eServices/Pages/eServices_007.aspx","2026-09-21","REVIEWED","NEEDS_REVIEW",""
"R-HRSD-FREELANCE","01-القائد-القانوني-العام","MEDIUM","وزارة الموارد البشرية والتنمية الاجتماعية","","","","","","""""","SRC-HRSD-FREELANCE","وزارة الموارد البشرية والتنمية الاجتماعية","منصة العمل الحر","https://freelance.sa/","2026-09-21","REVIEWED","NEEDS_REVIEW",""
"R-MC-CONCEALMENT","01-القائد-القانوني-العام","MEDIUM","وزارة التجارة","","","","","","""""","SRC-MC-CONCEALMENT","وزارة التجارة","البرنامج الوطني لمكافحة التستر التجاري","https://mc.gov.sa/ar/anticoncealment/","2026-09-21","REVIEWED","NEEDS_REVIEW",""
"R-MIM-INDUSTRIAL-LICENSE","01-القائد-القانوني-العام","MEDIUM","وزارة الصناعة والثروة المعدنية","","","","","","""""","SRC-MIM-INDUSTRIAL","وزارة الصناعة والثروة المعدنية","منصة صناعي","https://senaei.mc.gov.sa/","2026-09-21","REVIEWED","NEEDS_REVIEW",""
"R-MOMRA-CONTRACTOR","01-القائد-القانوني-العام","MEDIUM","وزارة البلديات والإسكان","","","منصة بلدي","","","""""","SRC-MOMRA-CONTRACTOR","وزارة البلديات والإسكان","تصنيف المقاولين","https://contractors.momah.gov.sa/","2026-09-21","REVIEWED","NEEDS_REVIEW",""
"R-GCAM-MEDIA","01-القائد-القانوني-العام","MEDIUM","الهيئة العامة لتنظيم الإعلام","","","","","","""""","SRC-GCAM-MEDIA","الهيئة العامة لتنظيم الإعلام","الخدمات والتراخيص الإعلامية","https://gmedia.gov.sa/","2026-09-21","REVIEWED","NEEDS_REVIEW",""
"R-TVTC-TRAINING-LICENSE","01-القائد-القانوني-العام","MEDIUM","المؤسسة العامة للتدريب التقني والمهني","","","","","","""""","SRC-TVTC-TRAINING","المؤسسة العامة للتدريب التقني والمهني","التدريب الأهلي","https://tadreeb.tvtc.gov.sa/","2026-09-21","REVIEWED","NEEDS_REVIEW",""
"R-MOH-HEALTH-LICENSE","04-القطاعات-التنظيمية","MEDIUM","وزارة الصحة","","","","","","""""","SRC-MOH-HEALTH-LICENSE","وزارة الصحة","التراخيص الصحية","https://www.moh.gov.sa/eServices/Pages/Licensing.aspx","2026-09-21","REVIEWED","NEEDS_REVIEW",""
"R-MONSHAT-SUPPORT","01-القائد-القانوني-العام","MEDIUM","الهيئة العامة للمنشآت الصغيرة والمتوسطة","","","","","","""""","SRC-MONSHAT","الهيئة العامة للمنشآت الصغيرة والمتوسطة","منشآت — البرامج والخدمات","https://www.monshaat.gov.sa/","2026-09-21","REVIEWED","NEEDS_REVIEW",""
"R-MONSHAT-FINANCE","04-القطاعات-التنظيمية","MEDIUM","الهيئة العامة للمنشآت الصغيرة والمتوسطة","","","","","","""""","SRC-MONSHAT","الهيئة العامة للمنشآت الصغيرة والمتوسطة","منشآت — البرامج والخدمات","https://www.monshaat.gov.sa/","2026-09-21","REVIEWED","NEEDS_REVIEW",""
"R-SBC-BENEFICIAL-OWNER","01-القائد-القانوني-العام","MEDIUM","المركز السعودي للأعمال","","","","","","""""","SRC-SBC-BO","المركز السعودي للأعمال","خدمات المستفيد الحقيقي","https://business.sa/","2026-09-21","REVIEWED","NEEDS_REVIEW",""
"R-SBC-SOLE-TRANSFER","01-القائد-القانوني-العام","MEDIUM","المركز السعودي للأعمال","","","","","","""""","SRC-SBC-SOLE-TRANSFER","المركز السعودي للأعمال","خدمات السجل التجاري","https://business.sa/","2026-09-21","REVIEWED","NEEDS_REVIEW",""
"R-SP-NAZAHA-CORRUPTION","01-القائد-القانوني-العام","MEDIUM","هيئة الرقابة ومكافحة الفساد (نزاهة)","","","","","","""""","SRC-NAZAHA-CORRUPTION","هيئة الرقابة ومكافحة الفساد (نزاهة)","الإبلاغ عن فساد مالي أو إداري","https://my.gov.sa/en/services/21629","2026-09-21","REVIEWED","NEEDS_REVIEW",""
"R-BALADY-BUILDING-LICENSE","01-القائد-القانوني-العام","MEDIUM","منصة بلدي — وزارة البلديات والإسكان","","","منصة بلدي","","","""""","SRC-BALADY-BUILDING-LICENSE","منصة بلدي — وزارة البلديات والإسكان","إصدار رخصة بناء — الرخص الإنشائية","https://balady.gov.sa/ar/services/10472","2026-09-21","REVIEWED","NEEDS_REVIEW",""
"R-LABOR-ABSENCE-PRIVATE","03-الإداري-والعمالي-والتجاري","LOW","وزارة الموارد البشرية للتسوية الودية ثم المحكمة العمالية عند تعذر الصلح.","المحكمة العمالية","صاحب العمل أنهى/هدد بإنهاء العقد بسبب الغياب","قوى","لا تُختزل المدة في رقم دون مطابقة الحالة الدقيقة للمادة 80 والنص المحدث.","التسوية الودية مجانية وفق وزارة الموارد البشرية.","""المادة 80 تحصر حالات الفسخ دون مكافأة/إشعار/تعويض وتشترط إتاحة الفرصة للعامل لإبداء أسباب معارضته.""","SRC152-LABOR","وزارة الموارد البشرية والتنمية الاجتماعية","علاقات العمل - نظام العمل المحدث","https://www.hrsd.gov.sa/علاقات-العمل","2026-09-21","REVIEWED","NEEDS_REVIEW",""
"R-DOMESTIC-ABSENCE","01-القائد-القانوني-العام","LOW","وزارة الموارد البشرية للتسوية ثم المحكمة العمالية عند تعذرها.","المحكمة العمالية","","","","","""""","SRC-HRSD-ABSENCE-DOMESTIC-2026","وزارة الموارد البشرية والتنمية الاجتماعية","الوزارة تطلق خدمة الانقطاع عن العمل للعمالة المساندة عبر مساند","https://www.hrsd.gov.sa/media-center/news/خدمة-الانقطاع-عن-العمل","2026-09-21","REVIEWED","NEEDS_REVIEW",""
"R-BALADY-BUILDING-INQUIRY","01-القائد-القانوني-العام","MEDIUM","منصة بلدي — وزارة البلديات والإسكان","","","منصة بلدي","","","""""","SRC-BALADY-BUILDING-INQUIRY","منصة بلدي — وزارة البلديات والإسكان","استعلام عن رخصة بناء","https://balady.gov.sa/ar/services/استعلام-عن-رخصة-بناء","2026-09-21","REVIEWED","NEEDS_REVIEW",""
"R-BALADY-BUILDING-RENEW","01-القائد-القانوني-العام","MEDIUM","منصة بلدي — وزارة البلديات والإسكان","","","منصة بلدي","","","""""","SRC-BALADY-BUILDING-RENEW","منصة بلدي — وزارة البلديات والإسكان","تجديد رخصة بناء","https://balady.gov.sa/ar/services/تجديد-رخصة-بناء","2026-09-21","REVIEWED","NEEDS_REVIEW",""
"R-BALADY-OCCUPANCY","01-القائد-القانوني-العام","MEDIUM","منصة بلدي — وزارة البلديات والإسكان","","","منصة بلدي","","","""""","SRC-BALADY-CONSTRUCTION-PRODUCT","منصة بلدي — وزارة البلديات والإسكان","الرخص الإنشائية — إصدار شهادة إشغال","https://balady.gov.sa/ar/products/الرخص-الإنشائية?page=1","2026-09-21","REVIEWED","NEEDS_REVIEW",""
"R-MC-VEHICLE-RECALL","01-القائد-القانوني-العام","MEDIUM","وزارة التجارة","","","","","","""""","SRC-MC-DEFECTIVE-RECALL","وزارة التجارة","الاستعلام عن المنتجات المعيبة","https://mc.gov.sa/ar/eservices/Pages/ServiceDetails.aspx?sID=30","2026-09-21","REVIEWED","NEEDS_REVIEW",""
"R-CASE-WITHDRAW","01-القائد-القانوني-العام","LOW","المحكمة أو الجهة القضائية المختصة بحسب نوع الدعوى والمرحلة المبينة في النتيجة.","","طلب ترك الخصومة","ناجز","يُقدّم قبل يوم عقد الجلسة؛ وSLA فوري وليس مهلة سقوط.","رسوم الخدمة: لا يوجد.","""""","SRC68-WITHDRAW","وزارة العدل","طلب ترك الخصومة","https://www.moj.gov.sa/ar/eServices/Pages/5ccadb53-2b3c-4f58-b898-5b0d481c903a.aspx","2026-09-22","REVIEWED","NEEDS_REVIEW",""
"R-CASE-STAY","01-القائد-القانوني-العام","LOW","المحكمة أو الجهة القضائية المختصة بحسب نوع الدعوى والمرحلة المبينة في النتيجة.","","طلب وقف السير في الدعوى","ناجز","مدة الوقف المطلوبة من شهر إلى 6 أشهر؛ SLA فوري منفصل عنها.","رسوم الخدمة: لا يوجد.","""""","SRC68-STAY","وزارة العدل","طلب وقف السير في الدعوى","https://www.moj.gov.sa/ar/eservices/pages/d1ef87c9-918d-4106-81a3-1b937f114c27.aspx","2026-09-22","REVIEWED","NEEDS_REVIEW",""
"R-CASE-RESUME","01-القائد-القانوني-العام","LOW","المحكمة أو الجهة القضائية المختصة بحسب نوع الدعوى والمرحلة المبينة في النتيجة.","","طلب استمرار السير في الدعوى","ناجز","SLA فوري؛ ليس مهلة قانونية للسير.","رسوم الخدمة الظاهرة: 100 ريال سعودي.","""""","SRC68-RESUME","وزارة العدل","طلب استمرار السير في الدعوى","https://www.moj.gov.sa/ar/eServices/pages/7f9f1f8e-a582-4268-8c55-af8a9d9761ee.aspx","2026-09-22","REVIEWED","NEEDS_REVIEW",""
"R-CASE-INTERVENTION","01-القائد-القانوني-العام","LOW","المحكمة أو الجهة القضائية المختصة بحسب نوع الدعوى والمرحلة المبينة في النتيجة.","","طلب التدخل","ناجز","SLA فوري؛ لا توجد مهلة سقوط مثبتة في صفحة الخدمة.","لا يوجد رسم خدمة ثابت ظاهر في المصدر المستخدم هنا.","""""","SRC68-INTERVENE","وزارة العدل","طلب التدخل","https://www.moj.gov.sa/ar/eServices/Pages/f0778b45-0b49-4612-aef8-42e432d3b773.aspx","2026-09-22","REVIEWED","NEEDS_REVIEW",""
"R-CASE-JOIN","01-القائد-القانوني-العام","LOW","المحكمة أو الجهة القضائية المختصة بحسب نوع الدعوى والمرحلة المبينة في النتيجة.","","طلب الإدخال","ناجز","SLA فوري؛ لا يُعامل كمهلة قانونية.","لا يوجد رسم خدمة ثابت ظاهر في المصدر المستخدم هنا.","""""","SRC68-JOIN","وزارة العدل","طلب الإدخال","https://www.moj.gov.sa/ar/eServices/pages/6d7b2dff-62e9-4d1e-b125-d6cc7d1cc1eb.aspx","2026-09-22","REVIEWED","NEEDS_REVIEW",""
"R-CASE-EXPERT","01-القائد-القانوني-العام","LOW","المحكمة أو الجهة القضائية المختصة بحسب نوع الدعوى والمرحلة المبينة في النتيجة.","","طلب الخبرة","ناجز","SLA فوري للخدمة؛ زمن إعداد الخبرة يعتمد على الطلب ولا يُحوّل إلى مهلة سقوط.","رسوم الخدمة: لا يوجد؛ أتعاب الخبير شيء مستقل ويسددها الطرف المتحمل للأتعاب وفق المسار.","""""","SRC68-EXPERT","وزارة العدل","طلب الخبرة","https://www.moj.gov.sa/ar/eservices/pages/fbe131b9-406f-4fae-9438-64e2f259e3e8.aspx","2026-09-22","REVIEWED","NEEDS_REVIEW",""
"R-CASE-STRUCK-REVIEW","01-القائد-القانوني-العام","LOW","المحكمة أو الجهة القضائية المختصة بحسب نوع الدعوى والمرحلة المبينة في النتيجة.","","طلب إعادة النظر في قضية مشطوبة","ناجز","يجب أن يكون الطلب ضمن المدة المحددة نظامًا؛ لا نحول زمن الخدمة الفوري إلى مهلة حق.","لا مبلغ موحد مثبت لهذه النتيجة.","""""","SRC79-CPL","هيئة الخبراء بمجلس الوزراء","نظام المرافعات الشرعية","https://laws.boe.gov.sa/BoeLaws/Laws/LawDetails/f0eaae46-9f84-40ee-815e-a9a700f268b3/1","2026-09-22","REVIEWED","NEEDS_REVIEW",""
"R-JUDGMENT-CORRECTION","02-القضاء-والتنفيذ-والأحوال","LOW","المحكمة أو الجهة القضائية المختصة بحسب نوع الدعوى والمرحلة المبينة في النتيجة.","","طلب تصحيح الحكم أو تفسيره","ناجز","مدة تنفيذ الخدمة المنشورة يوم واحد؛ ليست مهلة اعتراض.","رسوم الخدمة الحالية 2000 ريال سعودي.","""""","SRC72-CORRECT","وزارة العدل","طلب تصحيح الحكم أو تفسيره","https://www.moj.gov.sa/ar/eservices/pages/3f275eb8-cf00-4a70-9e1d-e7aa2256bd75.aspx","2026-09-22","REVIEWED","NEEDS_REVIEW",""
"R-JUDGMENT-INTERPRET","02-القضاء-والتنفيذ-والأحوال","LOW","المحكمة أو الجهة القضائية المختصة بحسب نوع الدعوى والمرحلة المبينة في النتيجة.","","طلب تصحيح الحكم أو تفسيره","ناجز","مدة تنفيذ الخدمة المنشورة يوم واحد؛ ليست مهلة اعتراض.","رسوم الخدمة الحالية 2000 ريال سعودي.","""""","SRC72-CORRECT","وزارة العدل","طلب تصحيح الحكم أو تفسيره","https://www.moj.gov.sa/ar/eservices/pages/3f275eb8-cf00-4a70-9e1d-e7aa2256bd75.aspx","2026-09-22","REVIEWED","NEEDS_REVIEW",""
"R-JUDGMENT-COPY","02-القضاء-والتنفيذ-والأحوال","LOW","المحكمة أو الجهة القضائية المختصة بحسب نوع الدعوى والمرحلة المبينة في النتيجة.","","الاطلاع على الحكم إلكترونيًا","ناجز","تاريخ تسليم/تبليغ الحكم قد يؤثر في مدد الاعتراض؛ لذلك يجب عدم تأخير مراجعة الحكم.","لا رسوم مستقلة لمجرد الاطلاع الإلكتروني على الحكم وفق رحلة القضية.","""""","SRC72-CASETRIP","وزارة العدل","رحلة القضية في وزارة العدل","https://www.moj.gov.sa/ar/Ministry/Pages/CaseTripInMOJ.aspx","2026-09-21","REVIEWED","NEEDS_REVIEW",""
"R-EXEC-SADAD-INVOICE","02-القضاء-والتنفيذ-والأحوال","LOW","وزارة العدل — قضاء التنفيذ/ناجز.","","تقديم طلب تنفيذ","ناجز","","","""""","SRC66-EXEC-APPLY","وزارة العدل","تقديم طلب تنفيذ","https://www.moj.gov.sa/ar/eservices/pages/1c719954-3463-4754-85e1-1b319b937b86.aspx","2026-09-22","REVIEWED","NEEDS_REVIEW",""
"R-EXEC-DECISION-NOTICE","02-القضاء-والتنفيذ-والأحوال","LOW","وزارة العدل — قضاء التنفيذ/ناجز.","","التحقق من طلب التنفيذ","ناجز","لا توجد مهلة موحدة لمجرد الاطلاع؛ المهلة تتبع القرار نفسه.","لا مبلغ موحد.","""""","SRC81-VERIFY","وزارة العدل","التحقق من طلب التنفيذ","https://www.moj.gov.sa/ar/eServices/Pages/8cc249d5-9f9c-464f-a772-25192e8fdf3b.aspx","2026-09-21","REVIEWED","NEEDS_REVIEW",""
"R-EXEC-LIFT46","02-القضاء-والتنفيذ-والأحوال","LOW","وزارة العدل — قضاء التنفيذ/ناجز.","","طلب إصدار قرار رفع 46","ناجز","لا نضع مهلة سقوط موحدة للخدمة؛ تقدم عند تحقق سبب الرفع.","لا مبلغ موحد مثبت لهذه النتيجة.","""""","SRC80-EXEC-LAW","هيئة الخبراء بمجلس الوزراء","نظام التنفيذ","https://laws.boe.gov.sa/BoeLaws/Laws/LawDetails/c81ba2f1-1bf1-443b-9b1c-a9a700f27110/1","2026-09-21","REVIEWED","NEEDS_REVIEW",""
"R-EXEC-DIRECT-DELIVERY","02-القضاء-والتنفيذ-والأحوال","LOW","وزارة العدل — قضاء التنفيذ/ناجز.","","تقديم طلب تنفيذ","ناجز","","","""""","SRC-RBR-EXEC-APPLY","وزارة العدل","تقديم طلب تنفيذ","https://www.moj.gov.sa/ar/eservices/pages/1c719954-3463-4754-85e1-1b319b937b86.aspx","2026-09-21","REVIEWED","NEEDS_REVIEW",""
"R-EXEC-DIRECT-ACT","02-القضاء-والتنفيذ-والأحوال","LOW","وزارة العدل — قضاء التنفيذ/ناجز.","","تقديم طلب تنفيذ","ناجز","","","""""","SRC-RBR-EXEC-APPLY","وزارة العدل","تقديم طلب تنفيذ","https://www.moj.gov.sa/ar/eservices/pages/1c719954-3463-4754-85e1-1b319b937b86.aspx","2026-09-21","REVIEWED","NEEDS_REVIEW",""
"R-EXEC-ISSUE34","02-القضاء-والتنفيذ-والأحوال","LOW","وزارة العدل — قضاء التنفيذ/ناجز.","","طلب إصدار قرار 34","ناجز","","","""""","SRC67-34","وزارة العدل","طلب إصدار قرار 34","https://www.moj.gov.sa/sites/knowledgebase/Documents02/CRM_CCTS_16a50df1-aa16-4f77-a61f-c11f5e459fba.pdf","2026-09-21","REVIEWED","NEEDS_REVIEW",""
"R-EXEC-ISSUE46","02-القضاء-والتنفيذ-والأحوال","LOW","وزارة العدل — قضاء التنفيذ/ناجز.","","طلب إصدار قرار 46","ناجز","","","""""","SRC-RBR-46","وزارة العدل","الدليل الإرشادي لطلب إصدار قرار 46","https://www.moj.gov.sa/sites/knowledgebase/Documents02/CRM_CCTS_1d8a2b5c-38fc-43fa-ad27-0c4a8aac7e07.pdf","2026-09-22","REVIEWED","NEEDS_REVIEW",""
"R-EXEC-AD-INVOICE","02-القضاء-والتنفيذ-والأحوال","LOW","وزارة العدل — قضاء التنفيذ/ناجز.","","طلب إصدار فاتورة إعلان","ناجز","","رسوم الخدمة الإلكترونية: لا يوجد. قيمة فاتورة الإعلان نفسها تصل للمستفيد ولا يوجد مبلغ ثابت نعممه هنا.","""""","SRC67-AD","وزارة العدل","طلب إصدار فاتورة إعلان","https://www.moj.gov.sa/ar/eServices/Pages/f05580e3-fadc-4227-bb2c-8500fabcf73f.aspx","2026-09-21","REVIEWED","NEEDS_REVIEW",""
"R-EXEC-FIN-REPORT","02-القضاء-والتنفيذ-والأحوال","LOW","وزارة العدل — قضاء التنفيذ/ناجز.","","الاستعلام عن التقرير المالي","ناجز","","رسوم الخدمة: لا يوجد.","""""","SRC67-FIN","وزارة العدل","الاستعلام عن التقرير المالي","https://www.moj.gov.sa/ar/eservices/pages/2200fd6a-d8d2-4583-a843-2d67839f5a1b.aspx","2026-09-21","REVIEWED","NEEDS_REVIEW",""
"R-FAM-VISIT-LETTER","02-القضاء-والتنفيذ-والأحوال","LOW","وزارة العدل — محكمة الأحوال الشخصية/ناجز بحسب نوع الإجراء.","محكمة الأحوال الشخصية","طلب إصدار خطاب زيارة","ناجز","لا مهلة سقوط عامة مثبتة؛ القيود التشغيلية للخدمة لا تنشئ أصل حق الزيارة.","لا نثبت مبلغًا قضائيًا موحدًا لهذه النتيجة.","""""","SRC92-SLA","وزارة العدل","اتفاقية مستوى الخدمات الإلكترونية","https://www.moj.gov.sa/ar/Ministry/Pages/SLA.aspx","2026-09-21","REVIEWED","NEEDS_REVIEW",""
"R-FAM-DECISION-CUSTODY","02-القضاء-والتنفيذ-والأحوال","LOW","وزارة العدل — محكمة الأحوال الشخصية/ناجز بحسب نوع الإجراء.","محكمة الأحوال الشخصية","طلب إصدار قرار حضانة","ناجز","SLA الحالي يذكر يومين لإصدار قرار حضانة؛ مدة خدمة وليست مهلة سقوط.","لا نثبت مبلغًا قضائيًا موحدًا لهذه النتيجة.","""""","SRC92-SLA","وزارة العدل","اتفاقية مستوى الخدمات الإلكترونية","https://www.moj.gov.sa/ar/Ministry/Pages/SLA.aspx","2026-09-21","REVIEWED","NEEDS_REVIEW",""
"R-FAM-DECISION-VISIT","02-القضاء-والتنفيذ-والأحوال","LOW","وزارة العدل — محكمة الأحوال الشخصية/ناجز بحسب نوع الإجراء.","محكمة الأحوال الشخصية","طلب إصدار قرار زيارة","ناجز","SLA الحالي: يومان لإصدار قرار زيارة؛ مدة خدمة لا مهلة سقوط. القيود 2/7 أيام شروط إجرائية للخدمة.","لا نثبت مبلغًا قضائيًا موحدًا لهذه النتيجة.","""""","SRC92-VISITDEC","وزارة العدل","دليل طلب إصدار قرار زيارة","https://www.moj.gov.sa/sites/knowledgebase/Documents02/CRM_CCTS_c5ab2283-5d8f-4b19-8dfc-25784000f01a.pdf","2026-09-21","REVIEWED","NEEDS_REVIEW",""
"R-EXEC-DIRECT-LAW","02-القضاء-والتنفيذ-والأحوال","LOW","وزارة العدل — قضاء التنفيذ/ناجز.","","تقديم طلب تنفيذ / متابعة طلب التنفيذ القائم","ناجز","","","""""","SRC-RBR-EXEC-LAW","وزارة العدل","نظام التنفيذ ولائحته","https://www.moj.gov.sa/Documents/Regulations/pdf/11.pdf","2026-09-21","REVIEWED","NEEDS_REVIEW",""
"R-EXEC-AMEND-AMOUNT","02-القضاء-والتنفيذ-والأحوال","LOW","وزارة العدل — قضاء التنفيذ/ناجز.","","تعديل مبلغ المطالبة","ناجز","","رسوم الخدمة: لا يوجد.","""""","SRC67-AMOUNT","وزارة العدل","تعديل مبلغ المطالبة","https://www.moj.gov.sa/ar/eServices/Pages/7b84d5eb-82aa-4b63-b06e-be92c72158ef.aspx","2026-09-22","REVIEWED","NEEDS_REVIEW",""
"R-EXEC-LEGAL-REP","02-القضاء-والتنفيذ-والأحوال","LOW","وزارة العدل — قضاء التنفيذ/ناجز.","","إدراج ممثل نظامي","ناجز","","رسوم الخدمة: لا يوجد.","""""","SRC67-REP","وزارة العدل","إدراج ممثل نظامي","https://www.moj.gov.sa/ar/eServices/pages/477600c3-653d-42c7-b6ae-ac5484952123.aspx","2026-09-21","REVIEWED","NEEDS_REVIEW",""
"R-FAM-SHAML","02-القضاء-والتنفيذ-والأحوال","LOW","وزارة العدل — محكمة الأحوال الشخصية/ناجز بحسب نوع الإجراء.","محكمة الأحوال الشخصية","مبادرة شمل","ناجز","لا مهلة سقوط مرتبطة باسم المبادرة؛ المدد تتبع إجراء التنفيذ المحدد.","لا نثبت مبلغًا قضائيًا موحدًا لهذه النتيجة.","""""","SRC92-SHAML","وزارة العدل","حقوق الطفل والأسرة — مبادرة شمل","https://moj.gov.sa/ar/Ministry/WeCare/Pages/ChildAndFamilyRights.aspx","2026-09-22","REVIEWED","NEEDS_REVIEW",""
"R-EXEC-AFTER34","02-القضاء-والتنفيذ-والأحوال","LOW","وزارة العدل — قضاء التنفيذ/ناجز.","","متابعة ما بعد أمر التنفيذ بالمادة 34","ناجز","20 يومًا هي مدة تعذر الإبلاغ التي بعدها يأمر القاضي بالنشر؛ ثم خمسة أيام للمادة 46 من الإبلاغ/النشر.","لا مبلغ موحد.","""""","SRC81-EXEC","هيئة الخبراء بمجلس الوزراء","نظام التنفيذ","https://laws.boe.gov.sa/BoeLaws/Laws/LawDetails/c81ba2f1-1bf1-443b-9b1c-a9a700f27110/1","2026-09-21","REVIEWED","NEEDS_REVIEW",""
"R-FAM-CUSTODY-OBSTRUCTION","02-القضاء-والتنفيذ-والأحوال","LOW","وزارة العدل — محكمة الأحوال الشخصية/ناجز بحسب نوع الإجراء.","محكمة الأحوال الشخصية","طلب خدمة حضانة","ناجز","مدة الخدمة تشغيلية، ورسومها لا يوجد؛ لا نحول SLA إلى مهلة سقوط حق.","لا نثبت مبلغًا قضائيًا موحدًا لهذه النتيجة.","""""","SRC92-CUSTODY","وزارة العدل","طلب خدمة حضانة","https://www.moj.gov.sa/ar/eservices/pages/739b4d6e-c736-4d27-ba3e-a6d17dd561aa.aspx","2026-09-22","REVIEWED","NEEDS_REVIEW",""
"R-FAM-VISIT-OBSTRUCTION","02-القضاء-والتنفيذ-والأحوال","LOW","وزارة العدل — محكمة الأحوال الشخصية/ناجز بحسب نوع الإجراء.","محكمة الأحوال الشخصية","طلب خدمة زيارة","ناجز","مدة تنفيذ الخدمة المعروضة تشغيلية؛ ورسوم الخدمة لا يوجد. شرط 7 أيام خاص بإعادة الإجراء وليس سقوطًا للحق.","لا نثبت مبلغًا قضائيًا موحدًا لهذه النتيجة.","""""","SRC92-VISIT","وزارة العدل","طلب خدمة زيارة","https://www.moj.gov.sa/ar/eServices/pages/d5e26711-4105-4ad9-8cd8-bc6d66242591.aspx","2026-09-22","REVIEWED","NEEDS_REVIEW",""
"R-FAM-MAINT-ARREARS","02-القضاء-والتنفيذ-والأحوال","LOW","وزارة العدل — محكمة الأحوال الشخصية/ناجز بحسب نوع الإجراء.","محكمة الأحوال الشخصية","مطالبة بنفقة ماضية/متأخرة بحسب وجود حكم سابق","ناجز","لا توجد مدة موحدة في خدمة صحيفة الدعوى لكل صور النفقة الماضية؛ أي قيد موضوعي على سماع المطالبة يجب أخذه من نظام الأحوال الشخصية بحسب نوع النفقة والفترة، ولا يُخمن هنا.","قضايا الأحوال الشخصية مستثناة من التكاليف القضائية وفق رحلة القضية؛ لا نضيف مبلغًا غير ثابت.","""""","SRC104-CLAIM","وزارة العدل","صحيفة دعوى","https://moj.gov.sa/ar/eServices/Pages/928b8f02-19a7-482b-ba0e-29a151d9a900.aspx","2026-09-21","REVIEWED","NEEDS_REVIEW",""
"R-FAM-MAINT-NOT-RECEIVED","02-القضاء-والتنفيذ-والأحوال","LOW","وزارة العدل — محكمة الأحوال الشخصية/ناجز بحسب نوع الإجراء.","محكمة الأحوال الشخصية","نفقة محكوم بها ولم تُستلم","ناجز","لا نضع مهلة تنفيذ موحدة هنا؛ المدد تتحدد بنظام التنفيذ وحالة الطلب.","قضايا الأحوال الشخصية مستثناة من التكاليف القضائية وفق رحلة القضية؛ لا نضيف مبلغًا غير ثابت.","""""","SRC104-EXEC","وزارة العدل","تقديم طلب تنفيذ","https://www.moj.gov.sa/ar/eservices/pages/1c719954-3463-4754-85e1-1b319b937b86.aspx","2026-09-21","REVIEWED","NEEDS_REVIEW",""
"R-EXEC-DISPUTE","02-القضاء-والتنفيذ-والأحوال","LOW","وزارة العدل — قضاء التنفيذ/ناجز.","","منازعة التنفيذ","","لا نضع مدة موحدة لكل منازعات التنفيذ دون تحديد نوع الحكم/الإجراء.","لا مبلغ موحد مثبت لهذه النتيجة.","""""","SRC80-EXEC-LAW","هيئة الخبراء بمجلس الوزراء","نظام التنفيذ","https://laws.boe.gov.sa/BoeLaws/Laws/LawDetails/c81ba2f1-1bf1-443b-9b1c-a9a700f27110/1","2026-09-22","REVIEWED","NEEDS_REVIEW",""
"R-EXEC-MERITS-NOT-DISPUTE","02-القضاء-والتنفيذ-والأحوال","LOW","وزارة العدل — قضاء التنفيذ/ناجز.","","تحديد الاعتراض على أصل الحق خارج منازعة التنفيذ","","المدة تتبع طريق الاعتراض على الحكم/السند، وليست مدة موحدة لمنازعة التنفيذ.","لا مبلغ موحد.","""""","SRC81-EXEC","هيئة الخبراء بمجلس الوزراء","نظام التنفيذ","https://laws.boe.gov.sa/BoeLaws/Laws/LawDetails/c81ba2f1-1bf1-443b-9b1c-a9a700f27110/1","2026-09-21","REVIEWED","NEEDS_REVIEW",""
"R-FAM-MAHR-RIGHTS","02-القضاء-والتنفيذ-والأحوال","LOW","وزارة العدل — محكمة الأحوال الشخصية/ناجز بحسب نوع الإجراء.","محكمة الأحوال الشخصية","صحيفة دعوى بمطالبة مهر بعد تحديد نوع الاستحقاق","","لا توجد مدة موحدة في صفحة صحيفة الدعوى لمطالبات المهر؛ القيود الموضوعية تتحدد بحسب نوع الحق والواقعة.","قضايا الأحوال الشخصية مستثناة من التكاليف القضائية وفق رحلة القضية؛ رسوم خدمة صحيفة الدعوى: لا يوجد.","""""","SRC105-CLAIM","وزارة العدل","صحيفة دعوى","https://moj.gov.sa/ar/eServices/Pages/928b8f02-19a7-482b-ba0e-29a151d9a900.aspx","2026-09-22","REVIEWED","NEEDS_REVIEW",""
"R-FAM-NAFAQA-DEEP","02-القضاء-والتنفيذ-والأحوال","LOW","وزارة العدل — محكمة الأحوال الشخصية/ناجز بحسب نوع الإجراء.","محكمة الأحوال الشخصية","نزاع نفقة يحتاج تحديد المستفيد ونوع الطلب","","المواد 44-49 تبين أصول النفقة وتقديرها وبعض آثارها؛ أما المدة والإجراء فيتحددان بحسب نوع النتيجة المتخصصة.","قضايا الأحوال الشخصية مستثناة من التكاليف القضائية؛ لا نضيف مبلغًا غير ثابت.","""المواد 44 إلى 49 من نظام الأحوال الشخصية بحسب الحالة.""","SRC106-PSL","هيئة الخبراء بمجلس الوزراء","نظام الأحوال الشخصية - المواد 44 إلى 50","https://laws.boe.gov.sa/Files/Download/?attId=e1b4e2e3-46b5-4659-a8f1-b11600da934a","2026-09-22","REVIEWED","NEEDS_REVIEW",""
"R-FAM-NAFAQA-CHANGE","02-القضاء-والتنفيذ-والأحوال","LOW","وزارة العدل — محكمة الأحوال الشخصية/ناجز بحسب نوع الإجراء.","محكمة الأحوال الشخصية","زيادة أو إنقاص نفقة محكوم بها بعد تغير الظروف","ناجز","المادة 48: لا تُسمع دعوى زيادة أو إنقاص النفقة قبل مضي سنة من تاريخ صدور حكم النفقة إلا لظروف استثنائية تقدرها المحكمة؛ وتسري الزيادة أو النقص من تاريخ صدور الحكم الجديد.","قضايا الأحوال الشخصية مستثناة من التكاليف القضائية؛ لا نضيف مبلغًا غير ثابت.","""المادة 48 من نظام الأحوال الشخصية.""","SRC106-PSL","هيئة الخبراء بمجلس الوزراء","نظام الأحوال الشخصية - المواد 44 إلى 50","https://laws.boe.gov.sa/Files/Download/?attId=e1b4e2e3-46b5-4659-a8f1-b11600da934a","2026-09-22","REVIEWED","NEEDS_REVIEW",""
"R-FAM-KHUL-DEEP","02-القضاء-والتنفيذ-والأحوال","LOW","وزارة العدل — محكمة الأحوال الشخصية/ناجز بحسب نوع الإجراء.","محكمة الأحوال الشخصية","خلع","","الخلع الرضائي لا يحتاج حكمًا قضائيًا، لكن يجب توثيقه وفق الإجراءات المنظمة.","قضايا الأحوال الشخصية مستثناة من التكاليف القضائية وفق رحلة القضية المنشورة من وزارة العدل.","""المواد 95-102: تعريف الخلع، صحته بالتراضي دون حكم، أثره كفسخ وفرقة بائنة صغرى، العوض، منع إسقاط حقوق الأولاد/الحضانة كعوض، وحكم المهر ووجوب التوثيق.""","SRC118-FAM","هيئة الخبراء بمجلس الوزراء","نظام الأحوال الشخصية","https://laws.boe.gov.sa/BoeLaws/Laws/LawDetails/4d72d829-947b-45d5-b9b5-ae5800d6bac2/1","2026-09-22","REVIEWED","NEEDS_REVIEW",""
"R-FAM-ANNUL-DEEP","02-القضاء-والتنفيذ-والأحوال","LOW","وزارة العدل — محكمة الأحوال الشخصية/ناجز بحسب نوع الإجراء.","محكمة الأحوال الشخصية","الزوجة/أحد الزوجين يطلب فسخ عقد الزواج لسبب نظامي","","المدد تختلف حسب السبب؛ لا توجد مدة موحدة. في الشقاق مدة الحكمين لا تزيد على 60 يومًا من تعيينهما، وفي فقد/غياب مجهول الموطن تحدد المحكمة مدة بين سنة وسنتين.","قضايا الأحوال الشخصية مستثناة من التكاليف القضائية.","""المواد 103-115 تنظم الفسخ وأسبابه وآثاره؛ 108 للضرر، 109-111 للشقاق، 115 للفقد/الغياب مجهول الموطن.""","SRC145-FAM","هيئة الخبراء","نظام الأحوال الشخصية","https://laws.boe.gov.sa/BoeLaws/Laws/LawDetails/4d72d829-947b-45d5-b9b5-ae5800d6bac2/1","2026-09-22","REVIEWED","NEEDS_REVIEW",""
"R-FAM-CUSTODY-DEEP","02-القضاء-والتنفيذ-والأحوال","LOW","وزارة العدل — محكمة الأحوال الشخصية/ناجز بحسب نوع الإجراء.","محكمة الأحوال الشخصية","نزاع حضانة يحتاج تحديد الأحق والشروط","","لا مدة عامة للدعوى؛ لكن السكوت عن المطالبة بالحضانة أكثر من سنة بلا عذر سبب سقوط ما لم تقتض مصلحة المحضون خلاف ذلك.","قضايا الأحوال الشخصية مستثناة من التكاليف القضائية.","""المواد 124-135 تنظم الحضانة وشروط الحاضن وترتيبها وسقوطها والسفر والزيارة واختيار المحضون عند 15 وانتهاء الحضانة عند 18 مع الاستثناءات.""","SRC121-FAM","هيئة الخبراء بمجلس الوزراء","نظام الأحوال الشخصية","https://laws.boe.gov.sa/BoeLaws/Laws/LawDetails/4d72d829-947b-45d5-b9b5-ae5800d6bac2/1","2026-09-22","REVIEWED","NEEDS_REVIEW",""
"R-FAM-VISIT-DEEP","02-القضاء-والتنفيذ-والأحوال","LOW","وزارة العدل — محكمة الأحوال الشخصية/ناجز بحسب نوع الإجراء.","محكمة الأحوال الشخصية","خلاف بين الأبوين أو الأقارب على زيارة/استزارة/استصحاب المحضون","","لا مدة موضوعية موحدة لرفع دعوى الزيارة.","قضايا الأحوال الشخصية مستثناة من التكاليف القضائية عند الدعوى.","""المادة 134: للوالد الآخر الزيارة والاستزارة والاستصحاب باتفاقهما، وعند الاختلاف تقدر المحكمة ما تراه؛ وللمحكمة تعيين مستحق زيارة من الأقارب عند وفاة/غياب أحد الوالدين أو وجود المحضون لدى غير والديه.""","SRC144-FAM","وزارة العدل","شرح نظام الأحوال الشخصية - المادة 134","https://laws-gateway.moj.gov.sa/apis/legislations/v1/ExportDocument/pdf?Serial=4DC3ARZ00YqnoqpraZMxCQ","2026-09-22","REVIEWED","NEEDS_REVIEW",""
"R-FAM-ADHL-DEEP","02-القضاء-والتنفيذ-والأحوال","LOW","وزارة العدل — محكمة الأحوال الشخصية/ناجز بحسب نوع الإجراء.","محكمة الأحوال الشخصية","ولي يمنع المرأة من الزواج ممن رضيت به مع تحقق موجب دعوى العضل","ناجز","التعميم القضائي يوجب على الدائرة الفصل خلال 30 يومًا من تاريخ إحالة الدعوى إذا كانت صالحة للحكم، ولا يؤجل الموعد إلا للضرورة ولمدة لا تزيد على 10 أيام ولا للسبب ذاته أكثر من مرة.","قضايا الأحوال الشخصية مستثناة من التكاليف القضائية.","""التعميم 1410/ت: ترفع دعوى العضل من المرأة أو أي صاحب مصلحة ولو بلا خاطب، وتوزع على دائرة محددة بالأحوال الشخصية، مع قواعد السرعة والخصوصية.""","SRC145-FAM","هيئة الخبراء","نظام الأحوال الشخصية","https://laws.boe.gov.sa/BoeLaws/Laws/LawDetails/4d72d829-947b-45d5-b9b5-ae5800d6bac2/1","2026-09-22","REVIEWED","NEEDS_REVIEW",""
"R-FAM-NAFAQA-WIFE","02-القضاء-والتنفيذ-والأحوال","LOW","وزارة العدل — محكمة الأحوال الشخصية/ناجز بحسب نوع الإجراء.","محكمة الأحوال الشخصية","مطالبة زوجة بالنفقة","","المادة 44 تقرر نفقة الزوجة على زوجها ولو كانت موسرة؛ والمادة 49 تقرر النفقة المستمرة للزوجة من تاريخ إقامة الدعوى. لا تُحوّل هذه القاعدة إلى مهلة سقوط عامة للمطالبات الماضية.","قضايا الأحوال الشخصية مستثناة من التكاليف القضائية؛ لا نضيف مبلغًا غير ثابت.","""المادتان 44 و49 من نظام الأحوال الشخصية.""","SRC106-PSL","هيئة الخبراء بمجلس الوزراء","نظام الأحوال الشخصية - المواد 44 إلى 50","https://laws.boe.gov.sa/Files/Download/?attId=e1b4e2e3-46b5-4659-a8f1-b11600da934a","2026-09-22","REVIEWED","NEEDS_REVIEW",""
"R-FAM-NAFAQA-CHILD","02-القضاء-والتنفيذ-والأحوال","LOW","وزارة العدل — محكمة الأحوال الشخصية/ناجز بحسب نوع الإجراء.","محكمة الأحوال الشخصية","مطالبة بنفقة طفل","","المادة 49 تقرر النفقة المستمرة للأولاد من تاريخ إقامة الدعوى؛ وتقدير النفقة يراعي حال المنفَق عليه وسعة المنفِق وفق المادة 46.","قضايا الأحوال الشخصية مستثناة من التكاليف القضائية؛ لا نضيف مبلغًا غير ثابت.","""المادتان 46 و49 من نظام الأحوال الشخصية.""","SRC106-PSL","هيئة الخبراء بمجلس الوزراء","نظام الأحوال الشخصية - المواد 44 إلى 50","https://laws.boe.gov.sa/Files/Download/?attId=e1b4e2e3-46b5-4659-a8f1-b11600da934a","2026-09-22","REVIEWED","NEEDS_REVIEW",""
"R-FAM-NAFAQA-TEMP","02-القضاء-والتنفيذ-والأحوال","LOW","وزارة العدل — محكمة الأحوال الشخصية/ناجز بحسب نوع الإجراء.","محكمة الأحوال الشخصية","الحاجة إلى نفقة أثناء نظر نزاع أسري","","لا نثبت مهلة سقوط موحدة لهذه النتيجة؛ الإجراء المستعجل أو الوقتي يتأثر بمرحلة القضية والنص المنطبق.","قضايا الأحوال الشخصية مستثناة من التكاليف القضائية وفق رحلة القضية؛ لا نضيف مبلغًا غير ثابت.","""""","SRC104-CLAIM","وزارة العدل","صحيفة دعوى","https://moj.gov.sa/ar/eServices/Pages/928b8f02-19a7-482b-ba0e-29a151d9a900.aspx","2026-09-22","REVIEWED","NEEDS_REVIEW",""
"R-FAM-NAFAQA-PAST-WIFE","02-القضاء-والتنفيذ-والأحوال","LOW","وزارة العدل — محكمة الأحوال الشخصية/ناجز بحسب نوع الإجراء.","محكمة الأحوال الشخصية","صحيفة دعوى بنفقة زوجة عن فترة ماضية بعد التحقق من عدم شمولها بحكم سابق","","لا نثبت مدة سماع رقمية هنا دون مطابقة النص الموضوعي الحالي؛ لا تُحوّل مدة تشغيل الخدمة إلى مدة حق.","قضايا الأحوال الشخصية مستثناة من التكاليف القضائية وفق رحلة القضية؛ رسوم خدمة صحيفة الدعوى: لا يوجد.","""""","SRC105-CLAIM","وزارة العدل","صحيفة دعوى","https://moj.gov.sa/ar/eServices/Pages/928b8f02-19a7-482b-ba0e-29a151d9a900.aspx","2026-09-22","REVIEWED","NEEDS_REVIEW",""
"R-FAM-CUSTODY-ORDER","02-القضاء-والتنفيذ-والأحوال","LOW","وزارة العدل — محكمة الأحوال الشخصية/ناجز بحسب نوع الإجراء.","محكمة الأحوال الشخصية","تحديد أحقية الحضانة بعد افتراق الوالدين","","لا مدة رقمية لهذه المطالبة، مع مراعاة حكم السكوت الوارد بالمادة 128 عند انطباقه.","قضايا الأحوال الشخصية مستثناة من التكاليف القضائية.","""المادة 127: بعد الافتراق الحضانة للأم ثم الأب ثم أم الأم ثم أم الأب ثم ما تقرره المحكمة، وللمحكمة مخالفة الترتيب بناء على مصلحة المحضون.""","SRC120-FAM","هيئة الخبراء بمجلس الوزراء","نظام الأحوال الشخصية - الحضانة","https://laws.boe.gov.sa/BoeLaws/Laws/LawDetails/4d72d829-947b-45d5-b9b5-ae5800d6bac2/1","2026-09-22","REVIEWED","NEEDS_REVIEW",""
"R-FAM-CUSTODY-LOSS","02-القضاء-والتنفيذ-والأحوال","LOW","وزارة العدل — محكمة الأحوال الشخصية/ناجز بحسب نوع الإجراء.","محكمة الأحوال الشخصية","سقوط حق الحضانة","","إذا كان السبب السكوت عن المطالبة: أكثر من سنة دون عذر، ما لم تقتض مصلحة المحضون خلاف ذلك.","قضايا الأحوال الشخصية مستثناة من التكاليف القضائية.","""المادة 128: سقوط الحضانة عند تخلف شروط 125/126، أو الانتقال بقصد الإقامة بما يفوت مصلحة المحضون، أو السكوت أكثر من سنة دون عذر مع استثناء مصلحة المحضون.""","SRC120-FAM","هيئة الخبراء بمجلس الوزراء","نظام الأحوال الشخصية - الحضانة","https://laws.boe.gov.sa/BoeLaws/Laws/LawDetails/4d72d829-947b-45d5-b9b5-ae5800d6bac2/1","2026-09-22","REVIEWED","NEEDS_REVIEW",""
"R-FAM-CUSTODY-LEFT-HOME","02-القضاء-والتنفيذ-والأحوال","LOW","وزارة العدل — محكمة الأحوال الشخصية/ناجز بحسب نوع الإجراء.","محكمة الأحوال الشخصية","ترك الأم بيت الزوجية مع وجود نزاع على الحضانة","","لا مدة خاصة لمجرد ترك بيت الزوجية؛ وقد تنطبق قاعدة السكوت أكثر من سنة في المادة 128 إذا كانت الوقائع تحققها.","قضايا الأحوال الشخصية مستثناة من التكاليف القضائية.","""المادة 133: ترك الأم بيت الزوجية لخلاف أو غيره لا يسقط حقها في الحضانة لأجل ذلك ما لم تقتض مصلحة المحضون خلاف ذلك؛ مع مراعاة المواد 125-128.""","SRC121-FAM","هيئة الخبراء بمجلس الوزراء","نظام الأحوال الشخصية","https://laws.boe.gov.sa/BoeLaws/Laws/LawDetails/4d72d829-947b-45d5-b9b5-ae5800d6bac2/1","2026-09-22","REVIEWED","NEEDS_REVIEW",""
"R-FAM-CUSTODY-VISIT-RIGHT","02-القضاء-والتنفيذ-والأحوال","LOW","وزارة العدل — محكمة الأحوال الشخصية/ناجز بحسب نوع الإجراء.","محكمة الأحوال الشخصية","حق زيارة المحضون واستزارته واستصحابه","","لا مدة رقمية للزيارة في المادة 134؛ المحكمة تقرر عند الخلاف.","قضايا الأحوال الشخصية مستثناة من التكاليف القضائية.","""المادة 134: للوالد الآخر زيارة المحضون واستزارته واستصحابه حسب الاتفاق، وعند الاختلاف تقرر المحكمة؛ وللمحكمة تعيين مستحق زيارة من الأقارب في حالات الوفاة/الغياب أو حضانة غير الوالدين.""","SRC120-FAM","هيئة الخبراء بمجلس الوزراء","نظام الأحوال الشخصية - الحضانة","https://laws.boe.gov.sa/BoeLaws/Laws/LawDetails/4d72d829-947b-45d5-b9b5-ae5800d6bac2/1","2026-09-22","REVIEWED","NEEDS_REVIEW",""
"R-FAM-ANNUL-DEFECT","02-القضاء-والتنفيذ-والأحوال","LOW","وزارة العدل — محكمة الأحوال الشخصية/ناجز بحسب نوع الإجراء.","محكمة الأحوال الشخصية","فسخ الزواج لعلة مضرة أو منفرة","","لا يضع النص مدة رقمية لهذه الدعوى، لكن العلم والرضا يؤثران في الحق.","قضايا الأحوال الشخصية مستثناة من التكاليف القضائية وفق رحلة القضية المنشورة من وزارة العدل.","""المادتان 104-105: حق كل من الزوجين في طلب الفسخ للعلة وشروطه، وإمكان الاستعانة بالخبرة، وآثار العلة على المهر بحسب توقيتها والدخول/الخلوة.""","SRC118-FAM","هيئة الخبراء بمجلس الوزراء","نظام الأحوال الشخصية","https://laws.boe.gov.sa/BoeLaws/Laws/LawDetails/4d72d829-947b-45d5-b9b5-ae5800d6bac2/1","2026-09-22","REVIEWED","NEEDS_REVIEW",""
"R-FAM-ANNUL-MAHR","02-القضاء-والتنفيذ-والأحوال","LOW","وزارة العدل — محكمة الأحوال الشخصية/ناجز بحسب نوع الإجراء.","محكمة الأحوال الشخصية","زوجة قبل الدخول لم تستلم مهرها الحال","","الأجل الذي تحدده المحكمة للأداء لا يزيد على 30 يومًا من تاريخ الطلب.","قضايا الأحوال الشخصية مستثناة من التكاليف القضائية عند رفع الدعوى.","""المادة 106: الفسخ قبل الدخول لعدم أداء المهر الحال بعد انتهاء أجل تحدده المحكمة لا يتجاوز 30 يومًا؛ وبعد الدخول لا يفسخ لهذا السبب ويبقى المهر دينًا.""","SRC138-FAM","هيئة الخبراء بمجلس الوزراء","نظام الأحوال الشخصية","https://laws.boe.gov.sa/BoeLaws/Laws/LawDetails/4d72d829-947b-45d5-b9b5-ae5800d6bac2/1","2026-09-22","REVIEWED","NEEDS_REVIEW",""
"R-FAM-ANNUL-NO-MAINT","02-القضاء-والتنفيذ-والأحوال","LOW","وزارة العدل — محكمة الأحوال الشخصية/ناجز بحسب نوع الإجراء.","محكمة الأحوال الشخصية","فسخ لامتناع الزوج عن النفقة أو تعذر استيفائها","","للزوجة طلب الفسخ فورًا أو متراخيًا في حالة ادعاء الزوج الإعسار بالنفقة الواجبة.","قضايا الأحوال الشخصية مستثناة من التكاليف القضائية وفق رحلة القضية المنشورة من وزارة العدل.","""المادة 107: تفسخ المحكمة بطلب الزوجة إذا امتنع الزوج عن الإنفاق أو تعذر الاستيفاء؛ وإذا ادعى الإعسار فلها طلب الفسخ فورًا أو متراخيًا.""","SRC118-FAM","هيئة الخبراء بمجلس الوزراء","نظام الأحوال الشخصية","https://laws.boe.gov.sa/BoeLaws/Laws/LawDetails/4d72d829-947b-45d5-b9b5-ae5800d6bac2/1","2026-09-22","REVIEWED","NEEDS_REVIEW",""
"R-FAM-ANNUL-INTERCOURSE","02-القضاء-والتنفيذ-والأحوال","LOW","وزارة العدل — محكمة الأحوال الشخصية/ناجز بحسب نوع الإجراء.","محكمة الأحوال الشخصية","زوجة تطلب الفسخ بسبب امتناع الزوج عن الجماع أو حلفه على عدم الجماع","","أكثر من أربعة أشهر وفق الحالتين بالمادة 113.","قضايا الأحوال الشخصية مستثناة من التكاليف القضائية عند رفع الدعوى.","""المادة 113: الفسخ عند الحلف على عدم الجماع مدة تزيد على أربعة أشهر ما لم يرجع قبل انقضائها، أو الامتناع عن الجماع مدة تزيد على أربعة أشهر بلا عذر مشروع.""","SRC138-FAM","هيئة الخبراء بمجلس الوزراء","نظام الأحوال الشخصية","https://laws.boe.gov.sa/BoeLaws/Laws/LawDetails/4d72d829-947b-45d5-b9b5-ae5800d6bac2/1","2026-09-22","REVIEWED","NEEDS_REVIEW",""
"R-FAM-ANNUL-ABSENCE","02-القضاء-والتنفيذ-والأحوال","LOW","وزارة العدل — محكمة الأحوال الشخصية/ناجز بحسب نوع الإجراء.","محكمة الأحوال الشخصية","غياب الزوج عن الزوجة","","إذا كان عنوان الزوج معروفًا وغيابه ليس بسبب العمل، فلا يطلب الفسخ لهذا السبب إلا بعد غياب 4 أشهر على الأقل؛ وتنذره المحكمة وقد تضرب له أجلًا لا يزيد على 180 يومًا من تاريخ الإنذار.","قضايا الأحوال الشخصية مستثناة من التكاليف القضائية وفق رحلة القضية بوزارة العدل.","""نظام الأحوال الشخصية يتضمن أسباب فسخ الزواج، ويجب مطابقة الغياب على المادة الخاصة به قبل تقرير المدة أو الأثر النهائي.""","SRC119-FAM","هيئة الخبراء بمجلس الوزراء","نظام الأحوال الشخصية","https://laws.boe.gov.sa/Files/Download/?attId=e1b4e2e3-46b5-4659-a8f1-b11600da934a","2026-09-22","REVIEWED","NEEDS_REVIEW",""
"R-FAM-MAHR-BEFORE","02-القضاء-والتنفيذ-والأحوال","LOW","وزارة العدل — محكمة الأحوال الشخصية/ناجز بحسب نوع الإجراء.","محكمة الأحوال الشخصية","مطالبة بالمهر قبل الدخول/الخلوة بحسب الواقعة","","المدة لا تُستمد من خدمة ناجز؛ أصل الاستحقاق وآثاره يتبعان نظام الأحوال الشخصية والواقعة.","قضايا الأحوال الشخصية مستثناة من التكاليف القضائية؛ لا نضيف مبلغًا غير ثابت.","""""","SRC107-PSL","هيئة الخبراء بمجلس الوزراء","نظام الأحوال الشخصية","https://laws.boe.gov.sa/BoeLaws/Laws/LawDetails/4d72d829-947b-45d5-b9b5-ae5800d6bac2/1","2026-09-22","REVIEWED","NEEDS_REVIEW",""
"R-FAM-MAHR-DEBT","02-القضاء-والتنفيذ-والأحوال","LOW","وزارة العدل — محكمة الأحوال الشخصية/ناجز بحسب نوع الإجراء.","محكمة الأحوال الشخصية","مهر مستحق لم يُدفع","","لا نثبت مهلة موحدة من صفحة الخدمة؛ تُراجع القواعد الموضوعية بحسب الواقعة.","قضايا الأحوال الشخصية مستثناة من التكاليف القضائية؛ لا نضيف مبلغًا غير ثابت.","""""","SRC107-PSL","هيئة الخبراء بمجلس الوزراء","نظام الأحوال الشخصية","https://laws.boe.gov.sa/BoeLaws/Laws/LawDetails/4d72d829-947b-45d5-b9b5-ae5800d6bac2/1","2026-09-22","REVIEWED","NEEDS_REVIEW",""
"R-FAM-MAHR-DIVORCE-BEFORE","02-القضاء-والتنفيذ-والأحوال","LOW","وزارة العدل — محكمة الأحوال الشخصية/ناجز بحسب نوع الإجراء.","محكمة الأحوال الشخصية","أثر الطلاق قبل الدخول على المهر","","الحق يتحدد بنظام الأحوال الشخصية بحسب صورة الفرقة؛ لا نضع مدة إجرائية عامة غير موثقة.","قضايا الأحوال الشخصية مستثناة من التكاليف القضائية؛ لا نضيف مبلغًا غير ثابت.","""""","SRC107-PSL","هيئة الخبراء بمجلس الوزراء","نظام الأحوال الشخصية","https://laws.boe.gov.sa/BoeLaws/Laws/LawDetails/4d72d829-947b-45d5-b9b5-ae5800d6bac2/1","2026-09-22","REVIEWED","NEEDS_REVIEW",""
"R-FAM-MAHR-EQUIVALENT","02-القضاء-والتنفيذ-والأحوال","LOW","وزارة العدل — محكمة الأحوال الشخصية/ناجز بحسب نوع الإجراء.","محكمة الأحوال الشخصية","نزاع حول مهر المثل/عدم تحديد المهر","","لا توجد مهلة موحدة في خدمة صحيفة الدعوى لهذه الصورة.","قضايا الأحوال الشخصية مستثناة من التكاليف القضائية؛ لا نضيف مبلغًا غير ثابت.","""""","SRC107-PSL","هيئة الخبراء بمجلس الوزراء","نظام الأحوال الشخصية","https://laws.boe.gov.sa/BoeLaws/Laws/LawDetails/4d72d829-947b-45d5-b9b5-ae5800d6bac2/1","2026-09-22","REVIEWED","NEEDS_REVIEW",""
"R-FAM-DIVORCE-DOCUMENT","02-القضاء-والتنفيذ-والأحوال","LOW","وزارة العدل — محكمة الأحوال الشخصية/ناجز بحسب نوع الإجراء.","محكمة الأحوال الشخصية","توثيق طلاق","ناجز","يومان وفق SLA الحالي؛ مدة خدمة وليست مهلة سقوط.","رسوم الخدمة: لا يوجد","""""","SRC93-DIV","وزارة العدل","توثيق طلاق","https://www.moj.gov.sa/ar/eServices/Pages/0205e7ab-9006-4cc5-9c42-cc279e08a831.aspx","2026-09-22","REVIEWED","NEEDS_REVIEW",""
"R-FAM-DIVORCE-NOT-DOC","02-القضاء-والتنفيذ-والأحوال","LOW","وزارة العدل — محكمة الأحوال الشخصية/ناجز بحسب نوع الإجراء.","محكمة الأحوال الشخصية","توثيق طلاق","","يومان وفق SLA الحالي؛ لا نحوله إلى مدة سقوط للحق.","رسوم الخدمة: لا يوجد","""""","SRC93-DIV","وزارة العدل","توثيق طلاق","https://www.moj.gov.sa/ar/eServices/Pages/0205e7ab-9006-4cc5-9c42-cc279e08a831.aspx","2026-09-22","REVIEWED","NEEDS_REVIEW",""
"R-FAM-RETURN-DOCUMENT","02-القضاء-والتنفيذ-والأحوال","LOW","وزارة العدل — محكمة الأحوال الشخصية/ناجز بحسب نوع الإجراء.","محكمة الأحوال الشخصية","توثيق رجعة","ناجز","يومان وفق SLA الحالي؛ مدة خدمة وليست مهلة سقوط.","رسوم الخدمة: لا يوجد","""""","SRC93-RET","وزارة العدل","توثيق رجعة","https://www.moj.gov.sa/ar/eservices/pages/8f097103-691f-438f-9a20-d492b564965e.aspx","2026-09-22","REVIEWED","NEEDS_REVIEW",""
"R-FAM-RETURN-NOT-KNOWN","02-القضاء-والتنفيذ-والأحوال","LOW","وزارة العدل — محكمة الأحوال الشخصية/ناجز بحسب نوع الإجراء.","محكمة الأحوال الشخصية","توثيق رجعة / نزاع في الرجعة بحسب الحالة","","يومان لخدمة التوثيق وفق SLA؛ النزاع القضائي له مواعيده الخاصة إن وجدت.","رسوم الخدمة: تتحدد بحسب المسار النهائي.","""""","SRC93-RET","وزارة العدل","توثيق رجعة","https://www.moj.gov.sa/ar/eservices/pages/8f097103-691f-438f-9a20-d492b564965e.aspx","2026-09-22","REVIEWED","NEEDS_REVIEW",""
"R-FAM-DIVORCE-DISPUTE","02-القضاء-والتنفيذ-والأحوال","LOW","وزارة العدل — محكمة الأحوال الشخصية/ناجز بحسب نوع الإجراء.","محكمة الأحوال الشخصية","يوجد نزاع هل وقع الطلاق أو متى وقع أو هل حصلت مراجعة","","على الزوج توثيق الطلاق خلال مدة أقصاها 15 يومًا من حين البينونة؛ ولا يسقط بذلك حق الزوجة في إقامة دعوى إثبات الطلاق.","قضايا الأحوال الشخصية مستثناة من التكاليف القضائية.","""المواد 77-94: وقوع الطلاق وصوره وحالات عدم وقوعه، أنواع الطلاق والمراجعة، المادة 90 للتوثيق خلال 15 يومًا، والمادة 93 لا تقبل قول الزوجة في دعوى الطلاق والمراجعة إلا ببينة.""","SRC145-FAM","هيئة الخبراء","نظام الأحوال الشخصية","https://laws.boe.gov.sa/BoeLaws/Laws/LawDetails/4d72d829-947b-45d5-b9b5-ae5800d6bac2/1","2026-09-22","REVIEWED","NEEDS_REVIEW",""
"R-FAM-KHUL-AGREED","02-القضاء-والتنفيذ-والأحوال","LOW","وزارة العدل — محكمة الأحوال الشخصية/ناجز بحسب نوع الإجراء.","محكمة الأحوال الشخصية","خلع بالتراضي","","لا مهلة دعوى خاصة لمجرد الخلع الرضائي؛ يجب توثيقه.","لا مبلغ موحد مثبت لهذه النتيجة.","""""","SRC95-PSL","هيئة الخبراء بمجلس الوزراء","نظام الأحوال الشخصية","https://laws.boe.gov.sa/BoeLaws/Laws/LawDetails/4d72d829-947b-45d5-b9b5-ae5800d6bac2/1","2026-09-22","REVIEWED","NEEDS_REVIEW",""
"R-FAM-KHUL-MAHR","02-القضاء-والتنفيذ-والأحوال","LOW","وزارة العدل — محكمة الأحوال الشخصية/ناجز بحسب نوع الإجراء.","محكمة الأحوال الشخصية","عوض الخلع إذا كان المهر","","لا مدة سقوط خاصة مثبتة لهذا الحكم.","لا مبلغ موحد مثبت لهذه النتيجة.","""""","SRC95-PSL","هيئة الخبراء بمجلس الوزراء","نظام الأحوال الشخصية","https://laws.boe.gov.sa/BoeLaws/Laws/LawDetails/4d72d829-947b-45d5-b9b5-ae5800d6bac2/1","2026-09-22","REVIEWED","NEEDS_REVIEW",""
"R-FAM-KHUL-CHILD-RIGHTS","02-القضاء-والتنفيذ-والأحوال","LOW","وزارة العدل — محكمة الأحوال الشخصية/ناجز بحسب نوع الإجراء.","محكمة الأحوال الشخصية","حقوق الأولاد لا تكون عوضًا للخلع","","لا مدة خاصة؛ الحكم قيد على صحة العوض.","لا مبلغ موحد مثبت لهذه النتيجة.","""""","SRC95-PSL","هيئة الخبراء بمجلس الوزراء","نظام الأحوال الشخصية","https://laws.boe.gov.sa/BoeLaws/Laws/LawDetails/4d72d829-947b-45d5-b9b5-ae5800d6bac2/1","2026-09-22","REVIEWED","NEEDS_REVIEW",""
"R-FAM-KHUL-DOCUMENT","02-القضاء-والتنفيذ-والأحوال","LOW","وزارة العدل — محكمة الأحوال الشخصية/ناجز بحسب نوع الإجراء.","محكمة الأحوال الشخصية","توثيق خلع","ناجز","يومان وفق SLA الحالي؛ مدة خدمة وليست مهلة سقوط.","رسوم الخدمة: لا يوجد","""""","SRC93-INHAAT","وزارة العدل","الخدمات الإنهائية - الحالات الاجتماعية","https://inhaatportal.moj.gov.sa/tabsnew.aspx","2026-09-22","REVIEWED","NEEDS_REVIEW",""
"R-FAM-CUSTODY-TRAVEL-PARENT","02-القضاء-والتنفيذ-والأحوال","LOW","وزارة العدل — محكمة الأحوال الشخصية/ناجز بحسب نوع الإجراء.","محكمة الأحوال الشخصية","سفر الحاضن الوالد بالمحضون خارج المملكة","","أكثر من 90 يومًا في السنة يحتاج الموافقة المحددة بالنظام.","قضايا الأحوال الشخصية مستثناة من التكاليف القضائية.","""المادة 129/1: لا يجوز للحاضن إذا كان أحد الوالدين السفر بالمحضون خارج المملكة مدة تزيد على 90 يومًا في السنة إلا بموافقة الوالد الآخر، والولي على النفس في حال وفاة الوالد.""","SRC120-FAM","هيئة الخبراء بمجلس الوزراء","نظام الأحوال الشخصية - الحضانة","https://laws.boe.gov.sa/BoeLaws/Laws/LawDetails/4d72d829-947b-45d5-b9b5-ae5800d6bac2/1","2026-09-22","REVIEWED","NEEDS_REVIEW",""
"R-FAM-CUSTODY-TRAVEL-NONPARENT","02-القضاء-والتنفيذ-والأحوال","LOW","وزارة العدل — محكمة الأحوال الشخصية/ناجز بحسب نوع الإجراء.","محكمة الأحوال الشخصية","سفر حاضن غير الوالدين بالمحضون خارج المملكة","","أكثر من 30 يومًا في السنة يحتاج الموافقات المحددة بالنظام.","قضايا الأحوال الشخصية مستثناة من التكاليف القضائية.","""المادة 129/2: غير الوالدين لا يسافر بالمحضون خارج المملكة أكثر من 30 يومًا في السنة إلا بموافقة الوالدين أو أحدهما عند وفاة الآخر والولي على النفس عند وفاتهما.""","SRC120-FAM","هيئة الخبراء بمجلس الوزراء","نظام الأحوال الشخصية - الحضانة","https://laws.boe.gov.sa/BoeLaws/Laws/LawDetails/4d72d829-947b-45d5-b9b5-ae5800d6bac2/1","2026-09-22","REVIEWED","NEEDS_REVIEW",""
"R-FAM-HEIRS-CERT","02-القضاء-والتنفيذ-والأحوال","LOW","وزارة العدل — محكمة الأحوال الشخصية/ناجز بحسب نوع الإجراء.","محكمة الأحوال الشخصية","تحتاج إصدار وثيقة رسمية بحصر ورثة المتوفى","منصة التركات / ناجز بحسب الخدمة المتاحة","مدة تنفيذ الخدمة المعروضة رسميًا ليست مدة سقوط حق، والخدمة بلا رسوم.","الدعاوى والطلبات التي تختص بها محاكم الأحوال الشخصية مستثناة من نظام التكاليف القضائية، عدا طلب النقض والتماس إعادة النظر.","""وزارة العدل تصف الوثيقة بأنها تشتمل على بيانات المورث والورثة وأنصبتهم، وتحدد خطوات وشروط الإصدار الحالية.""","SRC146-HEIRS","وزارة العدل","إصدار حصر الورثة","https://www.moj.gov.sa/ar/eServices/Pages/17b08d90-809c-45cf-bd41-9eb8d15fabcb.aspx","2026-09-22","REVIEWED","NEEDS_REVIEW",""
"R-FAM-ESTATE-AGREED","02-القضاء-والتنفيذ-والأحوال","LOW","وزارة العدل — محكمة الأحوال الشخصية/ناجز بحسب نوع الإجراء.","محكمة الأحوال الشخصية","الورثة متفقون ويريدون قسمة التركة إلكترونيًا","","مدة تنفيذ الخدمة المعروضة 14 يومًا وهي مدة خدمة لا مدة سقوط حق.","الدعاوى والطلبات التي تختص بها محاكم الأحوال الشخصية مستثناة من نظام التكاليف القضائية، عدا طلب النقض والتماس إعادة النظر.","""وزارة العدل: القسمة الاتفاقية توزع أموال وأصول المورث وفق الأنصبة الشرعية والأنظمة واللوائح؛ وحصر التركة يشترط حصر ورثة موثقًا وأن يكون مقدم الطلب أحد الورثة.""","SRC146-HEIRS","وزارة العدل","إصدار حصر الورثة","https://www.moj.gov.sa/ar/eServices/Pages/17b08d90-809c-45cf-bd41-9eb8d15fabcb.aspx","2026-09-22","REVIEWED","NEEDS_REVIEW",""
"R-FAM-ESTATE-DISPUTE","02-القضاء-والتنفيذ-والأحوال","LOW","وزارة العدل — محكمة الأحوال الشخصية؛ تختص بالإرث وقسمة التركة بما فيها العقار إذا كان فيها نزاع، أو حصة وقف أو وصية أو قاصر أو غائب.","محكمة الأحوال الشخصية","","","","الدعاوى والطلبات التي تختص بها محاكم الأحوال الشخصية مستثناة من نظام التكاليف القضائية، عدا طلب النقض والتماس إعادة النظر.","""""","SRC-BOE-PERSONAL-STATUS","هيئة الخبراء بمجلس الوزراء","نظام الأحوال الشخصية","https://laws.boe.gov.sa/BoeLaws/Laws/LawDetails/4d72d829-947b-45d5-b9b5-ae5800d6bac2/1","2026-09-23","REVIEWED","NEEDS_REVIEW",""
"R-FAM-ESTATE-PRIORITY","02-القضاء-والتنفيذ-والأحوال","LOW","وزارة العدل — محكمة الأحوال الشخصية/ناجز بحسب نوع الإجراء.","محكمة الأحوال الشخصية","تركة قبل توزيعها","","لا مدة رقمية عامة في المادة 198.","قضايا الأحوال الشخصية مستثناة من التكاليف القضائية.","""المادة 197 تعرف التركة، والمادة 198 ترتب الحقوق: التجهيز، الديون، الوصية، ثم قسمة الباقي.""","SRC124-FAM","هيئة الخبراء بمجلس الوزراء","نظام الأحوال الشخصية - التركة والإرث","https://laws.boe.gov.sa/BoeLaws/Laws/LawDetails/4d72d829-947b-45d5-b9b5-ae5800d6bac2/1","2026-09-22","REVIEWED","NEEDS_REVIEW",""
"R-FAM-WILL-LIMITS","02-القضاء-والتنفيذ-والأحوال","LOW","وزارة العدل — محكمة الأحوال الشخصية/ناجز بحسب نوع الإجراء.","محكمة الأحوال الشخصية","حد الوصية من التركة","","لا مهلة عامة؛ الإجازة بعد الوفاة هي المؤثرة فيما زاد على الثلث.","لا مبلغ موحد مثبت لهذه النتيجة.","""""","SRC95-PSL","هيئة الخبراء بمجلس الوزراء","نظام الأحوال الشخصية","https://laws.boe.gov.sa/BoeLaws/Laws/LawDetails/4d72d829-947b-45d5-b9b5-ae5800d6bac2/1","2026-09-22","REVIEWED","NEEDS_REVIEW",""
"R-FAM-LINEAGE-PROVE","02-القضاء-والتنفيذ-والأحوال","LOW","وزارة العدل — محكمة الأحوال الشخصية/ناجز بحسب نوع الإجراء.","محكمة الأحوال الشخصية","نزاع أو طلب إثبات نسب ولد","","لا مدة رقمية عامة لدعوى الإثبات في المواد 67-71؛ مدة أكثر الحمل عشرة أشهر وللمحكمة الحكم بخلافها بتقرير طبي معتمد.","قضايا الأحوال الشخصية مستثناة من التكاليف القضائية.","""المواد 67-71: طرق إثبات النسب، قاعدة الولادة أثناء العقد أو بعد انتهائه قبل أكثر الحمل، شروط الإقرار، وضوابط أمر المحكمة بفحص الحمض النووي.""","SRC134-FAM","هيئة الخبراء بمجلس الوزراء","نظام الأحوال الشخصية - النسب","https://laws.boe.gov.sa/BoeLaws/Laws/LawDetails/4d72d829-947b-45d5-b9b5-ae5800d6bac2/1","2026-09-22","REVIEWED","NEEDS_REVIEW",""
"R-FAM-LINEAGE-DENY","02-القضاء-والتنفيذ-والأحوال","LOW","وزارة العدل — محكمة الأحوال الشخصية/ناجز بحسب نوع الإجراء.","محكمة الأحوال الشخصية","رجل يريد نفي نسب ولد ثبت بالولادة في عقد الزواج","","15 يومًا من تاريخ علم الرجل بالولادة لدعوى اللعان لنفي النسب.","قضايا الأحوال الشخصية مستثناة من التكاليف القضائية.","""المواد 72-75: إذا ثبت النسب وفق المادة 67 فلا تسمع دعوى نفيه؛ والاستثناء في حالة الولادة في عقد الزواج يكون باللعان بشروط المادة 73، وإجراءات DNA واللعان وآثاره في 74-75.""","SRC134-FAM","هيئة الخبراء بمجلس الوزراء","نظام الأحوال الشخصية - النسب","https://laws.boe.gov.sa/BoeLaws/Laws/LawDetails/4d72d829-947b-45d5-b9b5-ae5800d6bac2/1","2026-09-22","REVIEWED","NEEDS_REVIEW",""
"R-FAM-MINOR-GUARDIAN","02-القضاء-والتنفيذ-والأحوال","LOW","وزارة العدل — محكمة الأحوال الشخصية/ناجز بحسب نوع الإجراء.","محكمة الأحوال الشخصية","قاصر يحتاج وليًا/تمثيلًا","ناجز","لا مدة رقمية عامة لطلب تعيين الولي.","قضايا الأحوال الشخصية مستثناة من التكاليف القضائية.","""المواد 136-140: تعريف القاصر، الولي هو الأب أو من تعينه المحكمة، تقسيم الولاية إلى النفس والمال، وترتيب ولاية المال للأب ثم وصي الأب ثم من تعينه المحكمة وشروط الولي.""","SRC121-FAM","هيئة الخبراء بمجلس الوزراء","نظام الأحوال الشخصية","https://laws.boe.gov.sa/BoeLaws/Laws/LawDetails/4d72d829-947b-45d5-b9b5-ae5800d6bac2/1","2026-09-22","REVIEWED","NEEDS_REVIEW",""
"R-FAM-GUARDIAN-CONTINUE","02-القضاء-والتنفيذ-والأحوال","LOW","وزارة العدل — محكمة الأحوال الشخصية/ناجز بحسب نوع الإجراء.","محكمة الأحوال الشخصية","استمرار ولي/وصي في شؤون القاصر","","لا مدة رقمية عامة؛ استمرار الولاية مرتبط ببقاء سببها وشروطها.","قضايا الأحوال الشخصية مستثناة من التكاليف القضائية.","""المواد 137-141 تبين الولي/الوصي وأنواع الولاية وشروط الولي وموانع التعيين المرتبطة بمصلحة القاصر.""","SRC121-FAM","هيئة الخبراء بمجلس الوزراء","نظام الأحوال الشخصية","https://laws.boe.gov.sa/BoeLaws/Laws/LawDetails/4d72d829-947b-45d5-b9b5-ae5800d6bac2/1","2026-09-22","REVIEWED","NEEDS_REVIEW",""
"R-FAM-GUARDIAN-REMOVE","02-القضاء-والتنفيذ-والأحوال","LOW","وزارة العدل — محكمة الأحوال الشخصية/ناجز بحسب نوع الإجراء.","محكمة الأحوال الشخصية","طلب عزل ولي أو وصي لمصلحة القاصر","","لا مدة رقمية عامة لهذه النتيجة.","قضايا الأحوال الشخصية مستثناة من التكاليف القضائية.","""المادتان 140-141 تشترطان كمال الأهلية والأمانة والقدرة، وتمنعان تعيين من تكون في ولايته مظنة ضرر بمصلحة القاصر، ومنها حالات الإدانة المخلة بالشرف والأمانة أو العزل السابق للإضرار أو التفريط.""","SRC121-FAM","هيئة الخبراء بمجلس الوزراء","نظام الأحوال الشخصية","https://laws.boe.gov.sa/BoeLaws/Laws/LawDetails/4d72d829-947b-45d5-b9b5-ae5800d6bac2/1","2026-09-22","REVIEWED","NEEDS_REVIEW",""
"R-FAM-GUARDIAN-END","02-القضاء-والتنفيذ-والأحوال","LOW","وزارة العدل — محكمة الأحوال الشخصية/ناجز بحسب نوع الإجراء.","محكمة الأحوال الشخصية","انتهاء سبب الولاية/الوصاية أو تحقق إحدى حالات انتهائها","","30 يومًا كحد أقصى من تاريخ انتهاء مهمة الوصي أو الولي المعين من المحكمة لتسليم الأموال وما يتعلق بها.","قضايا الأحوال الشخصية مستثناة من التكاليف القضائية.","""المادتان 157-159: حالات انتهاء الولاية/الوصاية، استمرارها عند بلوغ ناقص الأهلية/غير المأمون على ماله بطلب للمحكمة، وتسليم الأموال خلال 30 يومًا من انتهاء المهمة.""","SRC136-FAM","هيئة الخبراء بمجلس الوزراء","نظام الأحوال الشخصية - الولاية والغائب والمفقود","https://laws.boe.gov.sa/BoeLaws/Laws/LawDetails/4d72d829-947b-45d5-b9b5-ae5800d6bac2/1","2026-09-22","REVIEWED","NEEDS_REVIEW",""
"R-FAM-ABSENT-ASSETS","02-القضاء-والتنفيذ-والأحوال","LOW","وزارة العدل — محكمة الأحوال الشخصية/ناجز بحسب نوع الإجراء.","محكمة الأحوال الشخصية","غائب لا يعرف موطنه أو إقامته وتعذرت إدارة شؤونه المالية بنفسه أو بوكيل","","مدة تحقق الغياب يقدرها القضاء؛ لا يوجد رقم ثابت في المادة 161.","قضايا الأحوال الشخصية مستثناة من التكاليف القضائية.","""المادتان 161-162: تعريف الغائب والمفقود، وجواز تعيين المحكمة وليًا لإدارة أموال الغائب أو المفقود إذا لم يكن له وكيل.""","SRC136-FAM","هيئة الخبراء بمجلس الوزراء","نظام الأحوال الشخصية - الولاية والغائب والمفقود","https://laws.boe.gov.sa/BoeLaws/Laws/LawDetails/4d72d829-947b-45d5-b9b5-ae5800d6bac2/1","2026-09-22","REVIEWED","NEEDS_REVIEW",""
"R-FAM-MISSING-PERSON","02-القضاء-والتنفيذ-والأحوال","LOW","وزارة العدل — محكمة الأحوال الشخصية/ناجز بحسب نوع الإجراء.","محكمة الأحوال الشخصية","شخص غائب لا تعرف حياته ولا وفاته","","لا مدة رقمية لمجرد وصف الشخص بالمفقود؛ مدد الحكم بالوفاة تختلف بحسب ظروف الفقد.","قضايا الأحوال الشخصية مستثناة من التكاليف القضائية.","""المادتان 161-162 تعرفان المفقود وتجيزان تعيين ولي على أمواله عند عدم وجود وكيل؛ والمواد التالية تنظم الحكم بالوفاة.""","SRC136-FAM","هيئة الخبراء بمجلس الوزراء","نظام الأحوال الشخصية - الولاية والغائب والمفقود","https://laws.boe.gov.sa/BoeLaws/Laws/LawDetails/4d72d829-947b-45d5-b9b5-ae5800d6bac2/1","2026-09-22","REVIEWED","NEEDS_REVIEW",""
"R-FAM-MISSING-DEATH","02-القضاء-والتنفيذ-والأحوال","LOW","وزارة العدل — محكمة الأحوال الشخصية/ناجز بحسب نوع الإجراء.","محكمة الأحوال الشخصية","طلب الحكم بوفاة مفقود","","إذا كانت ظروف الفقد يغلب معها الهلاك فالحد الأدنى سنة، وفي غير ذلك لا يحكم بالموت إلا بعد مضي 4 سنوات من تاريخ إبلاغ الجهة المختصة بالفقد.","قضايا الأحوال الشخصية مستثناة من التكاليف القضائية.","""المواد 163 وما بعدها تنظم مدد وإجراءات الحكم بوفاة المفقود؛ والمادة 167 تجعل تاريخ صدور الحكم تاريخ الوفاة ما لم يثبت التاريخ الحقيقي لاحقًا.""","SRC136-FAM","هيئة الخبراء بمجلس الوزراء","نظام الأحوال الشخصية - الولاية والغائب والمفقود","https://laws.boe.gov.sa/BoeLaws/Laws/LawDetails/4d72d829-947b-45d5-b9b5-ae5800d6bac2/1","2026-09-22","REVIEWED","NEEDS_REVIEW",""
"R-FAM-MISSING-RETURN","02-القضاء-والتنفيذ-والأحوال","LOW","وزارة العدل — محكمة الأحوال الشخصية/ناجز بحسب نوع الإجراء.","محكمة الأحوال الشخصية","مفقود حكم بوفاته ثم ظهر حيًا","","لا مدة رقمية خاصة في المادة 168.","قضايا الأحوال الشخصية مستثناة من التكاليف القضائية.","""المادة 168: يرجع المفقود بالموجود عينًا من ماله على الورثة؛ وتعود زوجته إلى عصمته ما لم تتزوج زوجًا آخر ويدخل بها.""","SRC136-FAM","هيئة الخبراء بمجلس الوزراء","نظام الأحوال الشخصية - الولاية والغائب والمفقود","https://laws.boe.gov.sa/BoeLaws/Laws/LawDetails/4d72d829-947b-45d5-b9b5-ae5800d6bac2/1","2026-09-22","REVIEWED","NEEDS_REVIEW",""
"R-FAM-WILL-AFTER-DEBTS","02-القضاء-والتنفيذ-والأحوال","LOW","وزارة العدل — محكمة الأحوال الشخصية/ناجز بحسب نوع الإجراء.","محكمة الأحوال الشخصية","تنفيذ الوصية بعد تجهيز الميت وسداد الديون","","لا مهلة موحدة لهذا الترتيب.","لا مبلغ موحد مثبت لهذه النتيجة.","""""","SRC95-PSL","هيئة الخبراء بمجلس الوزراء","نظام الأحوال الشخصية","https://laws.boe.gov.sa/BoeLaws/Laws/LawDetails/4d72d829-947b-45d5-b9b5-ae5800d6bac2/1","2026-09-22","REVIEWED","NEEDS_REVIEW",""
"R-FAM-WILL-REVOKE","02-القضاء-والتنفيذ-والأحوال","LOW","وزارة العدل — محكمة الأحوال الشخصية/ناجز بحسب نوع الإجراء.","محكمة الأحوال الشخصية","وصية سابقة ورجوع عنها","","لا مدة رقمية عامة.","الدعاوى والطلبات التي تختص بها محاكم الأحوال الشخصية مستثناة من نظام التكاليف القضائية، عدا طلب النقض والتماس إعادة النظر.","""المادة 196/1: رجوع الموصي عن وصيته قولًا أو فعلًا يبطلها.""","SRC141-FAM","هيئة الخبراء بمجلس الوزراء","نظام الأحوال الشخصية","https://laws.boe.gov.sa/BoeLaws/Laws/LawDetails/4d72d829-947b-45d5-b9b5-ae5800d6bac2/1","2026-09-22","REVIEWED","NEEDS_REVIEW",""
"R-FAM-INHERITANCE-ELIGIBILITY","02-القضاء-والتنفيذ-والأحوال","LOW","وزارة العدل — محكمة الأحوال الشخصية/ناجز بحسب نوع الإجراء.","محكمة الأحوال الشخصية","شروط استحقاق الإرث","","لا مهلة موحدة لاستحقاق الإرث في هذه النتيجة.","لا مبلغ موحد مثبت لهذه النتيجة.","""""","SRC95-PSL","هيئة الخبراء بمجلس الوزراء","نظام الأحوال الشخصية","https://laws.boe.gov.sa/BoeLaws/Laws/LawDetails/4d72d829-947b-45d5-b9b5-ae5800d6bac2/1","2026-09-22","REVIEWED","NEEDS_REVIEW",""
"R-FAM-INHERITANCE-KILLING","02-القضاء-والتنفيذ-والأحوال","LOW","وزارة العدل — محكمة الأحوال الشخصية/ناجز بحسب نوع الإجراء.","محكمة الأحوال الشخصية","أثر قتل المورث على الإرث","","لا مهلة موحدة لهذه القاعدة.","لا مبلغ موحد مثبت لهذه النتيجة.","""""","SRC95-PSL","هيئة الخبراء بمجلس الوزراء","نظام الأحوال الشخصية","https://laws.boe.gov.sa/BoeLaws/Laws/LawDetails/4d72d829-947b-45d5-b9b5-ae5800d6bac2/1","2026-09-22","REVIEWED","NEEDS_REVIEW",""
"R-FAM-INHERITANCE-RELIGION","02-القضاء-والتنفيذ-والأحوال","LOW","وزارة العدل — محكمة الأحوال الشخصية/ناجز بحسب نوع الإجراء.","محكمة الأحوال الشخصية","اختلاف الدين والإرث","","لا مهلة موحدة لهذه القاعدة.","لا مبلغ موحد مثبت لهذه النتيجة.","""""","SRC95-PSL","هيئة الخبراء بمجلس الوزراء","نظام الأحوال الشخصية","https://laws.boe.gov.sa/BoeLaws/Laws/LawDetails/4d72d829-947b-45d5-b9b5-ae5800d6bac2/1","2026-09-22","REVIEWED","NEEDS_REVIEW",""
"R-FAM-INHERITANCE-DIVORCED-SPOUSE","02-القضاء-والتنفيذ-والأحوال","LOW","وزارة العدل — محكمة الأحوال الشخصية/ناجز بحسب نوع الإجراء.","محكمة الأحوال الشخصية","وفاة أحد الزوجين بعد فرقة/طلاق","","لا مدة دعوى رقمية في المادة 201؛ الاستحقاق مرتبط بحالة الزوجة وقت الوفاة.","قضايا الأحوال الشخصية مستثناة من التكاليف القضائية.","""المادة 201: الفرقة تمنع التوارث إلا الطلاق الرجعي ما دامت المرأة في العدة، أو طلاق مرض الموت دون طلبها ما لم تتزوج قبل وفاته.""","SRC124-FAM","هيئة الخبراء بمجلس الوزراء","نظام الأحوال الشخصية - التركة والإرث","https://laws.boe.gov.sa/BoeLaws/Laws/LawDetails/4d72d829-947b-45d5-b9b5-ae5800d6bac2/1","2026-09-22","REVIEWED","NEEDS_REVIEW",""
"R-FAM-INHERITANCE-SPOUSE-SHARE","02-القضاء-والتنفيذ-والأحوال","LOW","وزارة العدل — محكمة الأحوال الشخصية/ناجز بحسب نوع الإجراء.","محكمة الأحوال الشخصية","حساب فرض الزوج أو الزوجة","","لا مدة رقمية لحساب الفرض.","قضايا الأحوال الشخصية مستثناة من التكاليف القضائية.","""المادتان 209-210: الزوج النصف عند عدم الفرع الوارث والربع عند وجوده؛ الزوجة الربع عند عدم الفرع الوارث والثمن عند وجوده، والزوجات يشتركن في فرض الزوجة الواحدة.""","SRC124-FAM","هيئة الخبراء بمجلس الوزراء","نظام الأحوال الشخصية - التركة والإرث","https://laws.boe.gov.sa/BoeLaws/Laws/LawDetails/4d72d829-947b-45d5-b9b5-ae5800d6bac2/1","2026-09-22","REVIEWED","NEEDS_REVIEW",""
"R-FAM-INHERITANCE-CORE-SHARES","02-القضاء-والتنفيذ-والأحوال","LOW","وزارة العدل — محكمة الأحوال الشخصية/ناجز بحسب نوع الإجراء.","محكمة الأحوال الشخصية","تحديد أصحاب الفروض الأساسية","","لا مدة رقمية للحساب.","قضايا الأحوال الشخصية مستثناة من التكاليف القضائية.","""المواد 199 و204 و207-220 تحدد شروط الإرث وأنواعه وأصحاب الفروض ونسب الزوجين والأبوين والبنات والإخوة بحسب شروط كل حالة.""","SRC124-FAM","هيئة الخبراء بمجلس الوزراء","نظام الأحوال الشخصية - التركة والإرث","https://laws.boe.gov.sa/BoeLaws/Laws/LawDetails/4d72d829-947b-45d5-b9b5-ae5800d6bac2/1","2026-09-22","REVIEWED","NEEDS_REVIEW",""
"R-FAM-INHERITANCE-ASABA","02-القضاء-والتنفيذ-والأحوال","LOW","وزارة العدل — محكمة الأحوال الشخصية/ناجز بحسب نوع الإجراء.","محكمة الأحوال الشخصية","وجود وارث أو أكثر بالتعصيب","","لا مدة رقمية لحساب التعصيب.","قضايا الأحوال الشخصية مستثناة من التكاليف القضائية.","""المواد 223-229: أنواع العصبة، ترتيب العصبة بالنفس، العصبة بالغير ومع الغير، أولوية الجهة والدرجة والقوة، واستحقاق الباقي أو السقوط عند استغراق الفروض.""","SRC125-FAM","هيئة الخبراء بمجلس الوزراء","نظام الأحوال الشخصية - الإرث","https://laws.boe.gov.sa/BoeLaws/Laws/LawDetails/4d72d829-947b-45d5-b9b5-ae5800d6bac2/1","2026-09-22","REVIEWED","NEEDS_REVIEW",""
"R-FAM-INHERITANCE-AWL-RADD","02-القضاء-والتنفيذ-والأحوال","LOW","وزارة العدل — محكمة الأحوال الشخصية/ناجز بحسب نوع الإجراء.","محكمة الأحوال الشخصية","مجموع الفروض يزيد أو ينقص عن أصل التركة","","لا مدة رقمية.","الدعاوى والطلبات التي تختص بها محاكم الأحوال الشخصية مستثناة من نظام التكاليف القضائية، عدا طلب النقض والتماس إعادة النظر.","""المادة 230 للعول؛ المادة 231 للرد، بما فيها رد الباقي على غير الزوجين من أصحاب الفروض، ثم حالة الزوج/الزوجة إذا لم يوجد غيرهم من الفروض أو العصبات أو ذوي الأرحام.""","SRC143-FAM","هيئة الخبراء بمجلس الوزراء","نظام الأحوال الشخصية - الإرث","https://laws.boe.gov.sa/BoeLaws/Laws/LawDetails/4d72d829-947b-45d5-b9b5-ae5800d6bac2/1","2026-09-22","REVIEWED","NEEDS_REVIEW",""
"R-FAM-INHERITANCE-CALCULATOR","02-القضاء-والتنفيذ-والأحوال","LOW","وزارة العدل — محكمة الأحوال الشخصية/ناجز بحسب نوع الإجراء.","محكمة الأحوال الشخصية","حساب أنصبة الورثة","ناجز","خدمة الحساب فورية بحسب صفحة الوزارة؛ لا أجل نظامي للنزاع.","الدعاوى والطلبات التي تختص بها محاكم الأحوال الشخصية مستثناة من نظام التكاليف القضائية، عدا طلب النقض والتماس إعادة النظر.","""خدمة حساب المواريث تعرض نصيب كل وارث ونسبته والمحجوبين؛ وحصر التركة يوثق أصول المورث.""","SRC141-FAM","هيئة الخبراء بمجلس الوزراء","نظام الأحوال الشخصية","https://laws.boe.gov.sa/BoeLaws/Laws/LawDetails/4d72d829-947b-45d5-b9b5-ae5800d6bac2/1","2026-09-22","REVIEWED","NEEDS_REVIEW",""
"R-FAM-INHERITANCE-SIMULTANEOUS-DEATH","02-القضاء-والتنفيذ-والأحوال","LOW","وزارة العدل — محكمة الأحوال الشخصية/ناجز بحسب نوع الإجراء.","محكمة الأحوال الشخصية","الوفاة المتزامنة أو جهل السابق","","لا مهلة موحدة لهذه القاعدة.","لا مبلغ موحد مثبت لهذه النتيجة.","""""","SRC95-PSL","هيئة الخبراء بمجلس الوزراء","نظام الأحوال الشخصية","https://laws.boe.gov.sa/BoeLaws/Laws/LawDetails/4d72d829-947b-45d5-b9b5-ae5800d6bac2/1","2026-09-22","REVIEWED","NEEDS_REVIEW",""
"R-FAM-MINOR-ASSET-PERMISSION","02-القضاء-والتنفيذ-والأحوال","LOW","وزارة العدل — محكمة الأحوال الشخصية/ناجز بحسب نوع الإجراء.","محكمة الأحوال الشخصية","ولي/وصي يريد تصرفًا في مال قاصر يستوجب إذن المحكمة","ناجز","لا مدة رقمية عامة.","قضايا الأحوال الشخصية مستثناة من التكاليف القضائية عند رفع الدعوى.","""وزارة العدل تنص صراحة على اختصاص محاكم الأحوال الشخصية بالإذن للأولياء والأوصياء في التصرفات التي تستوجب إذن المحكمة.""","SRC142-FAM","وزارة العدل","شرح نظام الأحوال الشخصية","https://laws-gateway.moj.gov.sa/apis/legislations/v1/ExportDocument/pdf?Serial=4DC3ARZ00YqnoqpraZMxCQ","2026-09-22","REVIEWED","NEEDS_REVIEW",""
"R-FAM-MINOR-GUARDIAN-DISPUTE","02-القضاء-والتنفيذ-والأحوال","LOW","وزارة العدل — محكمة الأحوال الشخصية/ناجز بحسب نوع الإجراء.","محكمة الأحوال الشخصية","نزاع على صلاحية ولي/وصي أو طلب عزله/استبداله","ناجز","لا مدة رقمية عامة.","قضايا الأحوال الشخصية مستثناة من التكاليف القضائية عند رفع الدعوى.","""لائحة المرافعات 33/12 تجيز لمحكمة الأحوال الشخصية عزل الولي/الوصي عند ظهور موجب، ووزارة العدل تثبت اختصاصها بالعزل.""","SRC142-FAM","وزارة العدل","شرح نظام الأحوال الشخصية","https://laws-gateway.moj.gov.sa/apis/legislations/v1/ExportDocument/pdf?Serial=4DC3ARZ00YqnoqpraZMxCQ","2026-09-22","REVIEWED","NEEDS_REVIEW",""
"R-FAM-MINOR-MAJORITY","02-القضاء-والتنفيذ-والأحوال","LOW","وزارة العدل — محكمة الأحوال الشخصية/ناجز بحسب نوع الإجراء.","محكمة الأحوال الشخصية","قاصر بلغ سنًا/حالة تستدعي إثبات الرشد وإنهاء الولاية المالية","","لا أضع مدة تسليم رقمية هنا دون إعادة تحقق نص المادة الدقيقة.","قضايا الأحوال الشخصية مستثناة من التكاليف القضائية عند رفع الدعوى.","""اللائحة 33/11 تجيز للولي والوصي التقدم بطلب إثبات الرشد في أي محكمة أحوال شخصية، ومتى ثبت يتم التهميش على الصك.""","SRC142-FAM","وزارة العدل","شرح نظام الأحوال الشخصية","https://laws-gateway.moj.gov.sa/apis/legislations/v1/ExportDocument/pdf?Serial=4DC3ARZ00YqnoqpraZMxCQ","2026-09-22","REVIEWED","NEEDS_REVIEW",""
"R-FAM-IDDAH-START","02-القضاء-والتنفيذ-والأحوال","LOW","وزارة العدل — محكمة الأحوال الشخصية/ناجز بحسب نوع الإجراء.","محكمة الأحوال الشخصية","تحديد بداية العدة بعد طلاق/خلع/وفاة أو حكم قضائي","","تبدأ من وقوع الطلاق أو الخلع أو الوفاة؛ وفي الحالات القضائية وفق التفصيل بالمادة 118.","قضايا الأحوال الشخصية مستثناة من التكاليف القضائية.","""المواد 116-118: تعريف العدة ووجوبها وبدايتها، مع قاعدة عدم الزواج حتى انتهاء العدة أو اكتساب الحكم الصفة النهائية أيهما أبعد في الحالات القضائية المذكورة.""","SRC130-FAM","هيئة الخبراء بمجلس الوزراء","نظام الأحوال الشخصية - العدة والنفقة","https://laws.boe.gov.sa/BoeLaws/Laws/LawDetails/4d72d829-947b-45d5-b9b5-ae5800d6bac2/1","2026-09-22","REVIEWED","NEEDS_REVIEW",""
"R-FAM-IDDAH-DEATH","02-القضاء-والتنفيذ-والأحوال","LOW","وزارة العدل — محكمة الأحوال الشخصية/ناجز بحسب نوع الإجراء.","محكمة الأحوال الشخصية","عدة وفاة","","غير الحامل: أربعة أشهر وعشرة أيام؛ الحامل: وضع الحمل إذا جاوز الحمل 80 يومًا وفق المادة 120.","قضايا الأحوال الشخصية مستثناة من التكاليف القضائية.","""المواد 117 و119-120: عدة الوفاة واجبة ولو قبل الدخول؛ غير الحامل أربعة أشهر وعشرة أيام، والحامل وضع حملها وفق شرط المادة 120.""","SRC130-FAM","هيئة الخبراء بمجلس الوزراء","نظام الأحوال الشخصية - العدة والنفقة","https://laws.boe.gov.sa/BoeLaws/Laws/LawDetails/4d72d829-947b-45d5-b9b5-ae5800d6bac2/1","2026-09-22","REVIEWED","NEEDS_REVIEW",""
"R-FAM-IDDAH-PREGNANT","02-القضاء-والتنفيذ-والأحوال","LOW","وزارة العدل — محكمة الأحوال الشخصية/ناجز بحسب نوع الإجراء.","محكمة الأحوال الشخصية","عدة امرأة حامل بعد فرقة أو وفاة","","تنتهي بوضع الحمل متى جاوز الحمل 80 يومًا.","قضايا الأحوال الشخصية مستثناة من التكاليف القضائية.","""المادة 120: عدة الحامل المفارقة بالوفاة وغيرها هي وضع حملها متى جاوز الحمل 80 يومًا.""","SRC130-FAM","هيئة الخبراء بمجلس الوزراء","نظام الأحوال الشخصية - العدة والنفقة","https://laws.boe.gov.sa/BoeLaws/Laws/LawDetails/4d72d829-947b-45d5-b9b5-ae5800d6bac2/1","2026-09-22","REVIEWED","NEEDS_REVIEW",""
"R-FAM-IDDAH-MAINT","02-القضاء-والتنفيذ-والأحوال","LOW","وزارة العدل — محكمة الأحوال الشخصية/ناجز بحسب نوع الإجراء.","محكمة الأحوال الشخصية","مطالبة معتدة بالنفقة","","النفقة تستمر بحسب نوع العدة: الرجعية حتى انتهائها، والحامل حتى وضع الحمل في الحالات المنصوص عليها.","قضايا الأحوال الشخصية مستثناة من التكاليف القضائية.","""المادتان 53-54: نفقة المعتدة من طلاق رجعي حتى انتهاء العدة؛ البائن فقط إذا كانت حاملًا حتى الوضع؛ معتدة الوفاة لا نفقة لها إلا الحامل فتكون في مال الحمل، فإن لم يكن له مال فعلى وارث الحمل، ولها السكنى في بيت الزوجية مدة العدة.""","SRC130-FAM","هيئة الخبراء بمجلس الوزراء","نظام الأحوال الشخصية - العدة والنفقة","https://laws.boe.gov.sa/BoeLaws/Laws/LawDetails/4d72d829-947b-45d5-b9b5-ae5800d6bac2/1","2026-09-22","REVIEWED","NEEDS_REVIEW",""
"R-FAM-NAFAQA-CHILD-FATHER-ABSENT","02-القضاء-والتنفيذ-والأحوال","LOW","وزارة العدل — محكمة الأحوال الشخصية/ناجز بحسب نوع الإجراء.","محكمة الأحوال الشخصية","الأب موسر لكنه لا ينفق أو غائب ولا مال متاح للإنفاق منه","","دعوى الرجوع لا تسمع عن نفقة تزيد على سنة سابقة لتاريخ إقامة الدعوى.","قضايا الأحوال الشخصية مستثناة من التكاليف القضائية.","""المادتان 58-59: نفقة الولد على الأب إذا لا مال له وكان الأب موسرًا أو قادرًا على التكسب؛ وعند عدم إنفاق الأب الموسر أو غيابه تطبق آلية المادة 59 والرجوع بنية الرجوع وبحد سنة سابقة للدعوى.""","SRC133-FAM","هيئة الخبراء بمجلس الوزراء","نظام الأحوال الشخصية - النفقة","https://laws.boe.gov.sa/BoeLaws/Laws/LawDetails/4d72d829-947b-45d5-b9b5-ae5800d6bac2/1","2026-09-22","REVIEWED","NEEDS_REVIEW",""
"R-FAM-NAFAQA-CHILD-FATHER-UNABLE","02-القضاء-والتنفيذ-والأحوال","LOW","وزارة العدل — محكمة الأحوال الشخصية/ناجز بحسب نوع الإجراء.","محكمة الأحوال الشخصية","الأب متوفى أو مفقود أو معسر","","النفقة المستمرة تستحق من تاريخ إقامة الدعوى؛ لا تضف مدة رجوع غير منطبقة.","قضايا الأحوال الشخصية مستثناة من التكاليف القضائية.","""المادتان 49 و60: النفقة المستمرة للأولاد من تاريخ إقامة الدعوى، وعند وفاة الأب أو فقده أو إعساره تجب نفقة الولد على من يرثه من أقاربه الموسرين بحسب أنصبتهم.""","SRC133-FAM","هيئة الخبراء بمجلس الوزراء","نظام الأحوال الشخصية - النفقة","https://laws.boe.gov.sa/BoeLaws/Laws/LawDetails/4d72d829-947b-45d5-b9b5-ae5800d6bac2/1","2026-09-22","REVIEWED","NEEDS_REVIEW",""
"R-FAM-NAFAQA-PARENTS","02-القضاء-والتنفيذ-والأحوال","LOW","وزارة العدل — محكمة الأحوال الشخصية/ناجز بحسب نوع الإجراء.","محكمة الأحوال الشخصية","والد أو والدة غير موسر ويطلب النفقة من الأولاد الموسرين","","النفقة المستمرة للوالدين تستحق من تاريخ إقامة الدعوى؛ رجوع ولد على إخوته لا يسمع عن مدة سابقة تزيد على 180 يومًا من تاريخ إقامة الدعوى إذا نوى الرجوع.","قضايا الأحوال الشخصية مستثناة من التكاليف القضائية.","""المواد 49 و62-63: نفقة الوالدين غير الموسرين على الأولاد الموسرين بقدر إرثهم؛ ولرجوع من أنفق على إخوته يلزم نية الرجوع ولا تسمع المطالبة عما زاد على 180 يومًا سابقًا للدعوى.""","SRC133-FAM","هيئة الخبراء بمجلس الوزراء","نظام الأحوال الشخصية - النفقة","https://laws.boe.gov.sa/BoeLaws/Laws/LawDetails/4d72d829-947b-45d5-b9b5-ae5800d6bac2/1","2026-09-22","REVIEWED","NEEDS_REVIEW",""
"R-FAM-NAFAQA-RELATIVE","02-القضاء-والتنفيذ-والأحوال","LOW","وزارة العدل — محكمة الأحوال الشخصية/ناجز بحسب نوع الإجراء.","محكمة الأحوال الشخصية","قريب غير قادر على التكسب يطلب النفقة","","نفقة القريب تسقط بمضي المدة ما لم ينفق غير الملزم بنية الرجوع؛ ودعوى الرجوع لا تسمع عما يزيد على 180 يومًا سابقًا للدعوى.","قضايا الأحوال الشخصية مستثناة من التكاليف القضائية.","""المادتان 64 و66: نفقة القريب غير القادر على التكسب على وارثيه الموسرين بحسب أنصبتهم، مع حكم سقوط نفقة القريب وحد 180 يومًا لدعوى الرجوع.""","SRC133-FAM","هيئة الخبراء بمجلس الوزراء","نظام الأحوال الشخصية - النفقة","https://laws.boe.gov.sa/BoeLaws/Laws/LawDetails/4d72d829-947b-45d5-b9b5-ae5800d6bac2/1","2026-09-22","REVIEWED","NEEDS_REVIEW",""
"R-FAM-NAFAQA-PRIORITY","02-القضاء-والتنفيذ-والأحوال","LOW","وزارة العدل — محكمة الأحوال الشخصية/ناجز بحسب نوع الإجراء.","محكمة الأحوال الشخصية","تعدد مستحقي النفقة مع عجز الملزم عن الإنفاق على الجميع","","لا مدة رقمية خاصة لترتيب الأولوية.","قضايا الأحوال الشخصية مستثناة من التكاليف القضائية.","""المادة 65: عند تعدد المستحقين وعدم استطاعة الملزم الإنفاق عليهم جميعًا تقدم الزوجة ثم الأولاد ثم الوالدان ثم الأقارب الأقرب فالأقرب.""","SRC133-FAM","هيئة الخبراء بمجلس الوزراء","نظام الأحوال الشخصية - النفقة","https://laws.boe.gov.sa/BoeLaws/Laws/LawDetails/4d72d829-947b-45d5-b9b5-ae5800d6bac2/1","2026-09-22","REVIEWED","NEEDS_REVIEW",""
"R-FAM-MARRIAGE-PREVIOUS","02-القضاء-والتنفيذ-والأحوال","LOW","وزارة العدل — محكمة الأحوال الشخصية/ناجز بحسب نوع الإجراء.","محكمة الأحوال الشخصية","توثيق زواج سابق","ناجز","5 أيام كمدة تنفيذ خدمة منشورة، وليست مهلة سقوط.","لا نثبت رسمًا دون مصدر رسمي خاص.","""""","SRC71-MARRIAGEOLD","وزارة العدل","دليل توثيق زواج سابق","https://www.moj.gov.sa/sites/knowledgebase/Documents02/CRM_CCTS_1b22fe32-4e30-4fd8-a2f9-1ffefdbfcedc.pdf","2026-09-22","REVIEWED","NEEDS_REVIEW",""
"R-FAM-ANNUL-HARM","02-القضاء-والتنفيذ-والأحوال","LOW","وزارة العدل — محكمة الأحوال الشخصية/ناجز بحسب نوع الإجراء.","محكمة الأحوال الشخصية","ضرر من الزوج يجعل استمرار العشرة بالمعروف متعذرًا","ناجز","لا يقرر النص مدة رقمية خاصة لرفع هذا الطلب.","قضايا الأحوال الشخصية مستثناة من التكاليف القضائية وفق رحلة القضية بوزارة العدل.","""المادة 108: تفسخ المحكمة عقد الزواج بناء على طلب الزوجة إذا أضر بها الزوج ضررًا يتعذر معه استمرار العشرة بالمعروف، إذا ثبت وقوع الضرر.""","SRC119-FAM","هيئة الخبراء بمجلس الوزراء","نظام الأحوال الشخصية","https://laws.boe.gov.sa/Files/Download/?attId=e1b4e2e3-46b5-4659-a8f1-b11600da934a","2026-09-22","REVIEWED","NEEDS_REVIEW",""
"R-FAM-ANNUL-DISCORD","02-القضاء-والتنفيذ-والأحوال","LOW","وزارة العدل — محكمة الأحوال الشخصية/ناجز بحسب نوع الإجراء.","محكمة الأحوال الشخصية","شقاق مستمر مع عدم ثبوت الضرر وتعذر الصلح","ناجز","مدة الإصلاح بواسطة الحكمين لا تتجاوز 60 يومًا من تاريخ تعيينهما.","قضايا الأحوال الشخصية مستثناة من التكاليف القضائية وفق رحلة القضية بوزارة العدل.","""المواد 109-111: تعيين حكمين عند استمرار الشقاق وتعذر الإصلاح، مدة الإصلاح ≤60 يومًا من تعيينهما، وسماع الزوجين والسعي للإصلاح ثم تقرير التفريق بعوض أو بدونه؛ عوض المرأة لا يتجاوز المهر.""","SRC119-FAM","هيئة الخبراء بمجلس الوزراء","نظام الأحوال الشخصية","https://laws.boe.gov.sa/Files/Download/?attId=e1b4e2e3-46b5-4659-a8f1-b11600da934a","2026-09-22","REVIEWED","NEEDS_REVIEW",""
"R-FAM-ANNUL-BEFORE-CONSUMMATION","02-القضاء-والتنفيذ-والأحوال","LOW","وزارة العدل — محكمة الأحوال الشخصية/ناجز بحسب نوع الإجراء.","محكمة الأحوال الشخصية","طلب الزوجة فسخ الزواج قبل الدخول أو الخلوة مع رفض الزوج الطلاق أو الخلع","ناجز","لا توجد مدة رقمية خاصة في المادة 112.","قضايا الأحوال الشخصية مستثناة من التكاليف القضائية وفق رحلة القضية بوزارة العدل.","""المادة 112: تفسخ المحكمة إذا طلبت الزوجة قبل الدخول أو الخلوة، ورفض الزوج الطلاق أو الخلع، وأعادت المهر وتعذر الإصلاح؛ وإذا كان السبب راجعًا إليها فترد المهر وما طلبته من نفقات الزواج وفق النص إذا طلب الزوج.""","SRC119-FAM","هيئة الخبراء بمجلس الوزراء","نظام الأحوال الشخصية","https://laws.boe.gov.sa/Files/Download/?attId=e1b4e2e3-46b5-4659-a8f1-b11600da934a","2026-09-22","REVIEWED","NEEDS_REVIEW",""
"R-FAM-ANNUL-MISSING","02-القضاء-والتنفيذ-والأحوال","LOW","وزارة العدل — محكمة الأحوال الشخصية/ناجز بحسب نوع الإجراء.","محكمة الأحوال الشخصية","زوج مفقود أو غائب لا يعرف موطنه ولا محل إقامته","ناجز","المحكمة لا تحكم بالفسخ إلا بعد مدة تحددها لا تقل عن سنة ولا تزيد على سنتين من تاريخ الفقد أو الغيبة.","قضايا الأحوال الشخصية مستثناة من التكاليف القضائية عند رفع الدعوى.","""المادة 115 تنظم فسخ الزواج بسبب فقد الزوج أو غيبته مع جهل موطنه ومحل إقامته وحد المدة من سنة إلى سنتين.""","SRC138-FAM","هيئة الخبراء بمجلس الوزراء","نظام الأحوال الشخصية","https://laws.boe.gov.sa/BoeLaws/Laws/LawDetails/4d72d829-947b-45d5-b9b5-ae5800d6bac2/1","2026-09-22","REVIEWED","NEEDS_REVIEW",""
"R-FAM-CUSTODY-RESTORE","02-القضاء-والتنفيذ-والأحوال","LOW","وزارة العدل — محكمة الأحوال الشخصية/ناجز بحسب نوع الإجراء.","محكمة الأحوال الشخصية","سبق سقوط الحضانة ثم زال سبب السقوط","","لا مدة رقمية خاصة بالمادة 130.","قضايا الأحوال الشخصية مستثناة من التكاليف القضائية.","""المادة 130: يجوز لمن سقط حقه في الحضانة أن يتقدم إلى المحكمة بطلبها مجددًا إذا زال سبب سقوطها عنه.""","SRC130-FAM","هيئة الخبراء بمجلس الوزراء","نظام الأحوال الشخصية - العدة والنفقة","https://laws.boe.gov.sa/BoeLaws/Laws/LawDetails/4d72d829-947b-45d5-b9b5-ae5800d6bac2/1","2026-09-22","REVIEWED","NEEDS_REVIEW",""
"R-FAM-CUSTODY-NO-CLAIMANT","02-القضاء-والتنفيذ-والأحوال","LOW","وزارة العدل — محكمة الأحوال الشخصية/ناجز بحسب نوع الإجراء.","محكمة الأحوال الشخصية","لا أحد من مستحقي الحضانة يطالب بها","","العمر الفاصل سنتان، وليس مهلة إجرائية.","قضايا الأحوال الشخصية مستثناة من التكاليف القضائية.","""المادة 131 تحدد الإلزام بالحضانة عند عدم مطالبة المستحقين بحسب كون سن المحضون لا يتجاوز سنتين أو تجاوزهما.""","SRC130-FAM","هيئة الخبراء بمجلس الوزراء","نظام الأحوال الشخصية - العدة والنفقة","https://laws.boe.gov.sa/BoeLaws/Laws/LawDetails/4d72d829-947b-45d5-b9b5-ae5800d6bac2/1","2026-09-22","REVIEWED","NEEDS_REVIEW",""
"R-FAM-CUSTODY-NO-PARENTS","02-القضاء-والتنفيذ-والأحوال","LOW","وزارة العدل — محكمة الأحوال الشخصية/ناجز بحسب نوع الإجراء.","محكمة الأحوال الشخصية","لا يوجد الوالدان ولا يقبل الحضانة مستحق لها","","لا مدة رقمية خاصة بالمادة 132.","قضايا الأحوال الشخصية مستثناة من التكاليف القضائية.","""المادة 132: عند عدم وجود الوالدين وعدم قبول مستحق للحضانة تختار المحكمة صالحًا من الأقارب أو غيرهم أو جهة مؤهلة.""","SRC130-FAM","هيئة الخبراء بمجلس الوزراء","نظام الأحوال الشخصية - العدة والنفقة","https://laws.boe.gov.sa/BoeLaws/Laws/LawDetails/4d72d829-947b-45d5-b9b5-ae5800d6bac2/1","2026-09-22","REVIEWED","NEEDS_REVIEW",""
"R-FAM-CUSTODY-AGE15-18","02-القضاء-والتنفيذ-والأحوال","LOW","وزارة العدل — محكمة الأحوال الشخصية/ناجز بحسب نوع الإجراء.","محكمة الأحوال الشخصية","المحضون أتم 15 سنة ولم يبلغ 18","","من إتمام 15 حتى إتمام 18؛ الحضانة تنتهي عند 18 إلا الحالات المذكورة بالمادة.","قضايا الأحوال الشخصية مستثناة من التكاليف القضائية.","""المادة 135: الاختيار عند 15، انتهاء الحضانة عند 18، واستمرارها للمجنون أو المعتوه أو المريض مرضًا مقعدًا وفق الترتيب النظامي.""","SRC130-FAM","هيئة الخبراء بمجلس الوزراء","نظام الأحوال الشخصية - العدة والنفقة","https://laws.boe.gov.sa/BoeLaws/Laws/LawDetails/4d72d829-947b-45d5-b9b5-ae5800d6bac2/1","2026-09-22","REVIEWED","NEEDS_REVIEW",""
"R-FAM-CUSTODY-VISIT-MODIFY-JUDGMENT","02-القضاء-والتنفيذ-والأحوال","LOW","وزارة العدل — محكمة الأحوال الشخصية/ناجز بحسب نوع الإجراء.","محكمة الأحوال الشخصية","يوجد حكم سابق بالحضانة/الزيارة وطرأت ظروف تستدعي إعادة النظر في تنظيمه","","لا مدة رقمية عامة؛ العبرة بحدوث موجب إعادة النظر.","قضايا الأحوال الشخصية مستثناة من التكاليف القضائية عند الدعوى.","""اللائحة التنفيذية لنظام التنفيذ 76/3 تقرر أنه إذا طرأ ما يقتضي إعادة النظر في الحكم الصادر في مسائل الأحوال الشخصية فتنظر الدعوى من قبل قاضي الموضوع؛ والمادة 134 تحكم تقدير الزيارة وفق مصلحة المحضون.""","SRC144-FAM","وزارة العدل","شرح نظام الأحوال الشخصية - المادة 134","https://laws-gateway.moj.gov.sa/apis/legislations/v1/ExportDocument/pdf?Serial=4DC3ARZ00YqnoqpraZMxCQ","2026-09-22","REVIEWED","NEEDS_REVIEW",""
"R-FAM-CUSTODY-LETTER","02-القضاء-والتنفيذ-والأحوال","LOW","وزارة العدل — محكمة الأحوال الشخصية/ناجز بحسب نوع الإجراء.","محكمة الأحوال الشخصية","طلب إصدار خطاب حضانة","","","الدعاوى والطلبات التي تختص بها محاكم الأحوال الشخصية مستثناة من نظام التكاليف القضائية، عدا طلب النقض والتماس إعادة النظر.","""""","SRC-RBR-CUSTODYLETTER65","وزارة العدل","طلب إصدار خطاب حضانة","https://www.moj.gov.sa/sites/knowledgebase/Documents02/CRM_CCTS_2c37a563-df95-416b-b229-e2d037a3e575.pdf","2026-09-22","REVIEWED","NEEDS_REVIEW",""
"R-FAM-ENGAGEMENT-GIFTS","02-القضاء-والتنفيذ-والأحوال","LOW","وزارة العدل — محكمة الأحوال الشخصية/ناجز بحسب نوع الإجراء.","محكمة الأحوال الشخصية","انتهت الخطبة ويوجد نزاع على هدايا الخطبة","","لا مدة خاصة في المادة 4.","قضايا الأحوال الشخصية مستثناة من التكاليف القضائية.","""المواد 1-4: لكل طرف العدول؛ الأصل أن المقدم هدية ما لم يصرح بأنه مهر أو يجري العرف؛ والاسترداد يختلف بحسب سبب العدول، ولا استرداد عند الوفاة أو سبب لا يد للطرفين فيه.""","SRC139-FAM","هيئة الخبراء","نظام الأحوال الشخصية","https://laws.boe.gov.sa/BoeLaws/Laws/LawDetails/4d72d829-947b-45d5-b9b5-ae5800d6bac2/1","2026-09-22","REVIEWED","NEEDS_REVIEW",""
"R-FAM-ENGAGEMENT-MAHR","02-القضاء-والتنفيذ-والأحوال","LOW","وزارة العدل — محكمة الأحوال الشخصية/ناجز بحسب نوع الإجراء.","محكمة الأحوال الشخصية","دُفع مال قبل العقد على أنه مهر ثم لم يتم الزواج أو مات أحدهما قبل العقد","","لا مدة خاصة في المادة 5.","قضايا الأحوال الشخصية مستثناة من التكاليف القضائية.","""المادة 5 تنظم رجوع الخاطب أو ورثته في المهر قبل العقد، وخيار المخطوبة في حالة شراء أشياء لمصلحة الزواج وفق شروط النص.""","SRC139-FAM","هيئة الخبراء","نظام الأحوال الشخصية","https://laws.boe.gov.sa/BoeLaws/Laws/LawDetails/4d72d829-947b-45d5-b9b5-ae5800d6bac2/1","2026-09-22","REVIEWED","NEEDS_REVIEW",""
"R-FAM-MARRIAGE-CONDITION-BREACH","02-القضاء-والتنفيذ-والأحوال","LOW","وزارة العدل — محكمة الأحوال الشخصية/ناجز بحسب نوع الإجراء.","محكمة الأحوال الشخصية","شرط مكتوب في عقد الزواج أو مقر به لم يف به أحد الزوجين","","النظام يقول للمشترط طلب الفسخ متى شاء إلا إذا أسقط حقه صراحة؛ لا نضع مدة رقمية.","قضايا الأحوال الشخصية مستثناة من التكاليف القضائية عند رفع الدعوى.","""المادتان 27-28: لا يثبت خيار الفسخ للشرط إلا إذا نص عليه كتابة في وثيقة العقد أو أقر به الزوجان؛ وعدم الوفاء يجيز الفسخ، والعوض يختلف بحسب الطرف غير الموفي.""","SRC138-FAM","هيئة الخبراء بمجلس الوزراء","نظام الأحوال الشخصية","https://laws.boe.gov.sa/BoeLaws/Laws/LawDetails/4d72d829-947b-45d5-b9b5-ae5800d6bac2/1","2026-09-22","REVIEWED","NEEDS_REVIEW",""
"R-FAM-MARRIAGE-CONDITION-VALIDITY","02-القضاء-والتنفيذ-والأحوال","LOW","وزارة العدل — محكمة الأحوال الشخصية/ناجز بحسب نوع الإجراء.","محكمة الأحوال الشخصية","يوجد خلاف على صحة شرط في عقد الزواج","","لا مدة رقمية عامة للحكم بصحة الشرط.","قضايا الأحوال الشخصية مستثناة من التكاليف القضائية.","""المواد 27-29 تنظم الشروط في عقد الزواج، خيار الفسخ عند عدم الوفاء، وحالات بطلان الشرط وأثره على العقد.""","SRC140-FAM","هيئة الخبراء","نظام الأحوال الشخصية","https://laws.boe.gov.sa/BoeLaws/Laws/LawDetails/4d72d829-947b-45d5-b9b5-ae5800d6bac2/1","2026-09-22","REVIEWED","NEEDS_REVIEW",""
"R-FAM-BREASTFEEDING-PROHIBITION","02-القضاء-والتنفيذ-والأحوال","LOW","وزارة العدل — محكمة الأحوال الشخصية/ناجز بحسب نوع الإجراء.","محكمة الأحوال الشخصية","يوجد ادعاء رضاع قد يمنع الزواج","","لا مدة دعوى رقمية؛ الشرطان موضوعيان: أول عامين وخمس رضعات.","قضايا الأحوال الشخصية مستثناة من التكاليف القضائية.","""المادة 25: يحرم من الرضاع ما يحرم من النسب إذا وقع في العامين الأولين وبلغ خمس رضعات متيقنة متفرقة.""","SRC139-FAM","هيئة الخبراء","نظام الأحوال الشخصية","https://laws.boe.gov.sa/BoeLaws/Laws/LawDetails/4d72d829-947b-45d5-b9b5-ae5800d6bac2/1","2026-09-22","REVIEWED","NEEDS_REVIEW",""
"R-FAM-BREASTFEEDING-DOC","02-القضاء-والتنفيذ-والأحوال","LOW","وزارة العدل — محكمة الأحوال الشخصية/ناجز بحسب نوع الإجراء.","محكمة الأحوال الشخصية","توجد واقعة رضاع يراد إثبات أثرها في الزواج/المحرمية","ناجز","لا مدة دعوى رقمية عامة؛ الشرط الموضوعي أن يكون الرضاع نفسه في العامين الأولين.","الدعاوى والطلبات التي تختص بها محاكم الأحوال الشخصية مستثناة من نظام التكاليف القضائية، عدا طلب النقض والتماس إعادة النظر.","""المادة 25: يحرم من الرضاع ما يحرم من النسب بشرط وقوعه في العامين الأولين وبلوغه خمس رضعات متيقنة متفرقة ولو تقارب وقتها.""","SRC146-FAM","هيئة الخبراء","نظام الأحوال الشخصية - المادة 25","https://laws.boe.gov.sa/BoeLaws/Laws/LawDetails/4d72d829-947b-45d5-b9b5-ae5800d6bac2/1","2026-09-22","REVIEWED","NEEDS_REVIEW",""
"R-FAM-MARRIAGE-VALIDITY-REQ","02-القضاء-والتنفيذ-والأحوال","LOW","وزارة العدل — محكمة الأحوال الشخصية/ناجز بحسب نوع الإجراء.","محكمة الأحوال الشخصية","يراد التحقق من انعقاد عقد الزواج وصحته","","لا مدة موضوعية موحدة.","قضايا الأحوال الشخصية مستثناة من التكاليف القضائية.","""المواد 8 وما بعدها من نظام الأحوال الشخصية تنظم أركان عقد الزواج وشروطه والولاية والشهادة والموانع؛ وتطبق إجراءات التوثيق الرسمية.""","SRC140-FAM","هيئة الخبراء","نظام الأحوال الشخصية","https://laws.boe.gov.sa/BoeLaws/Laws/LawDetails/4d72d829-947b-45d5-b9b5-ae5800d6bac2/1","2026-09-22","REVIEWED","NEEDS_REVIEW",""
"R-FAM-MARRIAGE-PERMANENT-PROHIBITION","02-القضاء-والتنفيذ-والأحوال","LOW","وزارة العدل — محكمة الأحوال الشخصية/ناجز بحسب نوع الإجراء.","محكمة الأحوال الشخصية","يوجد احتمال مانع مؤبد من الزواج","","المنع مؤبد بطبيعته؛ لا مدة رقمية.","قضايا الأحوال الشخصية مستثناة من التكاليف القضائية.","""المواد 20-25 تنظم المحرمات على التأبيد بالنسب والمصاهرة والرضاع واللعان، مع شروط الرضاع بالمادة 25.""","SRC139-FAM","هيئة الخبراء","نظام الأحوال الشخصية","https://laws.boe.gov.sa/BoeLaws/Laws/LawDetails/4d72d829-947b-45d5-b9b5-ae5800d6bac2/1","2026-09-22","REVIEWED","NEEDS_REVIEW",""
"R-FAM-MARRIAGE-TEMP-PROHIBITION","02-القضاء-والتنفيذ-والأحوال","LOW","وزارة العدل — محكمة الأحوال الشخصية/ناجز بحسب نوع الإجراء.","محكمة الأحوال الشخصية","يوجد مانع مؤقت من الزواج","","تستمر الحرمة ما دام سبب المنع المؤقت قائمًا؛ لا مدة موحدة.","قضايا الأحوال الشخصية مستثناة من التكاليف القضائية.","""المادة 26 تسرد حالات التحريم المؤقت، ومنها المعتدة، والبائن بينونة كبرى وفق شروطها، والجمع المحظور، والإحرام، وبعض حالات اختلاف الدين.""","SRC139-FAM","هيئة الخبراء","نظام الأحوال الشخصية","https://laws.boe.gov.sa/BoeLaws/Laws/LawDetails/4d72d829-947b-45d5-b9b5-ae5800d6bac2/1","2026-09-22","REVIEWED","NEEDS_REVIEW",""
"R-FAM-MARRIAGE-VOID","02-القضاء-والتنفيذ-والأحوال","LOW","وزارة العدل — محكمة الأحوال الشخصية/ناجز بحسب نوع الإجراء.","محكمة الأحوال الشخصية","عقد زواج اختل فيه ركن أو وجد مانع يجعله باطلًا","","لا مدة رقمية عامة.","قضايا الأحوال الشخصية مستثناة من التكاليف القضائية.","""النظام يميز الزواج الصحيح والفاسد والباطل ويرتب آثارًا مختلفة، ويجيز عقدًا جديدًا صحيحًا دون اشتراط حكم فسخ سابق للعقد الفاسد/الباطل وفق المادة 35.""","SRC140-FAM","هيئة الخبراء","نظام الأحوال الشخصية","https://laws.boe.gov.sa/BoeLaws/Laws/LawDetails/4d72d829-947b-45d5-b9b5-ae5800d6bac2/1","2026-09-22","REVIEWED","NEEDS_REVIEW",""
"R-FAM-MARRIAGE-DEFECTIVE","02-القضاء-والتنفيذ-والأحوال","LOW","وزارة العدل — محكمة الأحوال الشخصية/ناجز بحسب نوع الإجراء.","محكمة الأحوال الشخصية","عقد زواج فاسد لخلل لا يجعله صحيحًا بصورته الحالية","","لا مدة رقمية عامة.","قضايا الأحوال الشخصية مستثناة من التكاليف القضائية.","""نظام الأحوال الشخصية يفرق بين الزواج الفاسد والباطل والصحيح، ويرتب آثارًا محددة، والمادة 35 تجيز إبرام عقد جديد صحيح دون حكم فسخ سابق.""","SRC140-FAM","هيئة الخبراء","نظام الأحوال الشخصية","https://laws.boe.gov.sa/BoeLaws/Laws/LawDetails/4d72d829-947b-45d5-b9b5-ae5800d6bac2/1","2026-09-22","REVIEWED","NEEDS_REVIEW",""
"R-FAM-MARRIAGE-RECONTRACT","02-القضاء-والتنفيذ-والأحوال","LOW","وزارة العدل — محكمة الأحوال الشخصية/ناجز بحسب نوع الإجراء.","محكمة الأحوال الشخصية","زواج سابق فاسد أو باطل ويريد الطرفان تصحيح العلاقة بعقد صحيح","","لا مدة رقمية.","قضايا الأحوال الشخصية مستثناة من التكاليف القضائية عند رفع الدعوى.","""المادة 35 تجيز للزوجين إبرام عقد زواج جديد مستوفٍ الأركان والشروط دون الحاجة إلى حكم قضائي بفسخ العقد السابق الفاسد أو الباطل، مع مراعاة إجراءات التوثيق.""","SRC138-FAM","هيئة الخبراء بمجلس الوزراء","نظام الأحوال الشخصية","https://laws.boe.gov.sa/BoeLaws/Laws/LawDetails/4d72d829-947b-45d5-b9b5-ae5800d6bac2/1","2026-09-22","REVIEWED","NEEDS_REVIEW",""
"R-FAM-BREASTFEEDING-WAGE","02-القضاء-والتنفيذ-والأحوال","LOW","وزارة العدل — محكمة الأحوال الشخصية/ناجز بحسب نوع الإجراء.","محكمة الأحوال الشخصية","مرضعة تطلب أجرة رضاع طفل ليست ملزمة بإرضاعه بلا مقابل","","لا مدة رقمية خاصة في النتيجة دون نص صريح.","قضايا الأحوال الشخصية مستثناة من التكاليف القضائية.","""أحكام نفقة الطفل والرضاع في نظام الأحوال الشخصية تفرق بين التزام الأم بالإرضاع في حالات محددة واستحقاق الأجرة عند انطباقها.""","SRC140-FAM","هيئة الخبراء","نظام الأحوال الشخصية","https://laws.boe.gov.sa/BoeLaws/Laws/LawDetails/4d72d829-947b-45d5-b9b5-ae5800d6bac2/1","2026-09-22","REVIEWED","NEEDS_REVIEW",""
"R-FAM-INHERITANCE-HAJB","02-القضاء-والتنفيذ-والأحوال","LOW","وزارة العدل — محكمة الأحوال الشخصية/ناجز بحسب نوع الإجراء.","محكمة الأحوال الشخصية","تريد معرفة هل وارث محجوب بوارث أقرب","","لا مدة رقمية عامة.","الدعاوى والطلبات التي تختص بها محاكم الأحوال الشخصية مستثناة من نظام التكاليف القضائية، عدا طلب النقض والتماس إعادة النظر.","""باب الإرث يحدد الفروض والتعصيب والحجب؛ المواد 227-229 تبين أثر العصبة والباقي والسقوط عند استغراق الفروض.""","SRC143-FAM","هيئة الخبراء بمجلس الوزراء","نظام الأحوال الشخصية - الإرث","https://laws.boe.gov.sa/BoeLaws/Laws/LawDetails/4d72d829-947b-45d5-b9b5-ae5800d6bac2/1","2026-09-22","REVIEWED","NEEDS_REVIEW",""
"R-FAM-INHERITANCE-ASABA-DEEP","02-القضاء-والتنفيذ-والأحوال","LOW","وزارة العدل — محكمة الأحوال الشخصية/ناجز بحسب نوع الإجراء.","محكمة الأحوال الشخصية","يوجد عاصب أو أكثر ويراد تحديد الباقي وترتيبهم","","لا مدة رقمية.","الدعاوى والطلبات التي تختص بها محاكم الأحوال الشخصية مستثناة من نظام التكاليف القضائية، عدا طلب النقض والتماس إعادة النظر.","""المواد 227-229: العاصب بالنفس يأخذ الكل عند الانفراد أو الباقي بعد الفروض، والترتيب بالجهة ثم الدرجة ثم قوة القرابة.""","SRC143-FAM","هيئة الخبراء بمجلس الوزراء","نظام الأحوال الشخصية - الإرث","https://laws.boe.gov.sa/BoeLaws/Laws/LawDetails/4d72d829-947b-45d5-b9b5-ae5800d6bac2/1","2026-09-22","REVIEWED","NEEDS_REVIEW",""
"R-FAM-INHERITANCE-DHAWI-ARHAM","02-القضاء-والتنفيذ-والأحوال","LOW","وزارة العدل — محكمة الأحوال الشخصية/ناجز بحسب نوع الإجراء.","محكمة الأحوال الشخصية","وجود أقارب من ذوي الأرحام","","لا مدة رقمية.","قضايا الأحوال الشخصية مستثناة من التكاليف القضائية.","""المواد 232-237: تعريف ذوي الأرحام وجهاتهم، حالات إرثهم، التنزيل، الأقرب عند اتحاد الجهة، وحكم عدم وجود وارث.""","SRC125-FAM","هيئة الخبراء بمجلس الوزراء","نظام الأحوال الشخصية - الإرث","https://laws.boe.gov.sa/BoeLaws/Laws/LawDetails/4d72d829-947b-45d5-b9b5-ae5800d6bac2/1","2026-09-22","REVIEWED","NEEDS_REVIEW",""
"R-FAM-WILL-ACCEPT-REJECT","02-القضاء-والتنفيذ-والأحوال","LOW","وزارة العدل — محكمة الأحوال الشخصية/ناجز بحسب نوع الإجراء.","محكمة الأحوال الشخصية","قبول الوصية أو ردها","","إذا أعذرته المحكمة تحدد أجلاً لا يزيد على 30 يومًا من تاريخ الإعذار؛ إن لم يجب بلا عذر تقبله المحكمة عُدّ رادًا.","لا مبلغ موحد مثبت لهذه النتيجة.","""""","SRC95-PSL","هيئة الخبراء بمجلس الوزراء","نظام الأحوال الشخصية","https://laws.boe.gov.sa/BoeLaws/Laws/LawDetails/4d72d829-947b-45d5-b9b5-ae5800d6bac2/1","2026-09-22","REVIEWED","NEEDS_REVIEW",""
"R-FAM-WILL-VALIDITY","02-القضاء-والتنفيذ-والأحوال","LOW","وزارة العدل — محكمة الأحوال الشخصية/ناجز بحسب نوع الإجراء.","محكمة الأحوال الشخصية","وصية يراد تحديد نفاذها","","لا مدة عامة؛ إعذار الموصى له للقبول لا يزيد على 30 يومًا من تاريخ الإعذار وفق المادة 183.","الدعاوى والطلبات التي تختص بها محاكم الأحوال الشخصية مستثناة من نظام التكاليف القضائية، عدا طلب النقض والتماس إعادة النظر.","""المواد 179 و183 و190-191: وصية الوارث، القبول/الإعذار، حد الثلث والاستثناءات.""","SRC141-FAM","هيئة الخبراء بمجلس الوزراء","نظام الأحوال الشخصية","https://laws.boe.gov.sa/BoeLaws/Laws/LawDetails/4d72d829-947b-45d5-b9b5-ae5800d6bac2/1","2026-09-22","REVIEWED","NEEDS_REVIEW",""
"R-FAM-WILL-MULTIPLE","02-القضاء-والتنفيذ-والأحوال","LOW","وزارة العدل — محكمة الأحوال الشخصية/ناجز بحسب نوع الإجراء.","محكمة الأحوال الشخصية","وصايا متعددة تتنافس على المقدار النافذ","","لا مدة رقمية عامة.","الدعاوى والطلبات التي تختص بها محاكم الأحوال الشخصية مستثناة من نظام التكاليف القضائية، عدا طلب النقض والتماس إعادة النظر.","""المواد 190-195 تضبط مقدار الوصية وكيفية احتسابها؛ وترتيب التركة بالمادة 198.""","SRC141-FAM","هيئة الخبراء بمجلس الوزراء","نظام الأحوال الشخصية","https://laws.boe.gov.sa/BoeLaws/Laws/LawDetails/4d72d829-947b-45d5-b9b5-ae5800d6bac2/1","2026-09-22","REVIEWED","NEEDS_REVIEW",""
"R-FAM-GUARDIAN-FEE","02-القضاء-والتنفيذ-والأحوال","LOW","وزارة العدل — محكمة الأحوال الشخصية/ناجز بحسب نوع الإجراء.","محكمة الأحوال الشخصية","ولي/وصي يطلب مقابلاً عن عمله","","لا مدة رقمية عامة تثبت من المصدر المتاح.","قضايا الأحوال الشخصية مستثناة من التكاليف القضائية عند رفع الدعوى.","""أحكام الولاية والوصاية في نظام الأحوال الشخصية هي المرجع؛ لا يثبت أجر أو مقدار غير منصوص عليه دون قرار المحكمة.""","SRC142-FAM","وزارة العدل","شرح نظام الأحوال الشخصية","https://laws-gateway.moj.gov.sa/apis/legislations/v1/ExportDocument/pdf?Serial=4DC3ARZ00YqnoqpraZMxCQ","2026-09-22","REVIEWED","NEEDS_REVIEW",""
"R-FAM-MULTIPLE-TRUSTEES","02-القضاء-والتنفيذ-والأحوال","LOW","وزارة العدل — محكمة الأحوال الشخصية/ناجز بحسب نوع الإجراء.","محكمة الأحوال الشخصية","يوجد أكثر من وصي على مال قاصر ويجب تحديد طريقة مباشرتهم للصلاحيات","","لا مدة عامة ثابتة أضيفها لهذه النتيجة دون نص مباشر.","الدعاوى والطلبات التي تختص بها محاكم الأحوال الشخصية مستثناة من نظام التكاليف القضائية، عدا طلب النقض والتماس إعادة النظر.","""أحكام الولاية والوصاية في نظام الأحوال الشخصية هي المرجع؛ ويجب الرجوع إلى نص التعيين وحكم المحكمة عند تعدد الأوصياء بدل افتراض صلاحية منفردة.""","SRC147-FAM","هيئة الخبراء","نظام الأحوال الشخصية","https://laws.boe.gov.sa/BoeLaws/Laws/LawDetails/4d72d829-947b-45d5-b9b5-ae5800d6bac2/1","2026-09-22","REVIEWED","NEEDS_REVIEW",""
"R-FAM-ESTATE-RIGHTS-ORDER","02-القضاء-والتنفيذ-والأحوال","LOW","وزارة العدل — محكمة الأحوال الشخصية/ناجز بحسب نوع الإجراء.","محكمة الأحوال الشخصية","تركة عليها حقوق قبل الإرث","","لا مدة موحدة.","الدعاوى والطلبات التي تختص بها محاكم الأحوال الشخصية مستثناة من نظام التكاليف القضائية، عدا طلب النقض والتماس إعادة النظر.","""المادتان 197-198 تعرفان التركة وترتب الحقوق المتعلقة بها.""","SRC141-FAM","هيئة الخبراء بمجلس الوزراء","نظام الأحوال الشخصية","https://laws.boe.gov.sa/BoeLaws/Laws/LawDetails/4d72d829-947b-45d5-b9b5-ae5800d6bac2/1","2026-09-22","REVIEWED","NEEDS_REVIEW",""
"R-FAM-ESTATE-MINOR-ABSENT","02-القضاء-والتنفيذ-والأحوال","LOW","وزارة العدل — محكمة الأحوال الشخصية/ناجز بحسب نوع الإجراء.","محكمة الأحوال الشخصية","في التركة قاصر أو غائب، لذلك لا يكفي مسار القسمة الرضائية العادي","","لا مدة رقمية موحدة.","قضايا الأحوال الشخصية مستثناة من التكاليف القضائية عند الدعوى.","""وزارة العدل تنص على اختصاص محاكم الأحوال الشخصية بقسمة التركة بما فيها العقار إذا كان فيها نزاع أو حصة وقف/وصية أو قاصر أو غائب.""","SRC144-FAM","وزارة العدل","شرح نظام الأحوال الشخصية - المادة 134","https://laws-gateway.moj.gov.sa/apis/legislations/v1/ExportDocument/pdf?Serial=4DC3ARZ00YqnoqpraZMxCQ","2026-09-22","REVIEWED","NEEDS_REVIEW",""
"R-FAM-ESTATE-JUDICIAL-DIVISION","02-القضاء-والتنفيذ-والأحوال","LOW","وزارة العدل — محكمة الأحوال الشخصية/ناجز بحسب نوع الإجراء.","محكمة الأحوال الشخصية","تعذر الاتفاق على قسمة التركة أو وجد سبب يقتضي القسمة القضائية","","لا مدة رقمية موحدة في المصادر المدققة.","قضايا الأحوال الشخصية مستثناة من التكاليف القضائية عند الدعوى.","""وزارة العدل تقرر اختصاص محاكم الأحوال الشخصية بالإرث وقسمة التركة بما فيها العقار عند النزاع أو وجود وقف/وصية/قاصر/غائب؛ صحيفة الدعوى هي مسار رفع الدعوى.""","SRC144-FAM","وزارة العدل","شرح نظام الأحوال الشخصية - المادة 134","https://laws-gateway.moj.gov.sa/apis/legislations/v1/ExportDocument/pdf?Serial=4DC3ARZ00YqnoqpraZMxCQ","2026-09-22","REVIEWED","NEEDS_REVIEW",""
"R-FAM-ESTATE-ASSET-MISSING","02-القضاء-والتنفيذ-والأحوال","LOW","وزارة العدل — محكمة الأحوال الشخصية/ناجز بحسب نوع الإجراء.","محكمة الأحوال الشخصية","أصل من أصول المورث غير ظاهر أو يوجد نزاع في دخوله ضمن التركة","","لا مدة رقمية عامة هنا؛ قد توجد مدد خاصة بحسب نوع الحق نفسه وتراجع منفصلة.","قضايا الأحوال الشخصية مستثناة من التكاليف القضائية عند الدعوى.","""اختصاص الأحوال الشخصية يشمل الإرث وقسمة التركة، لكن النزاع في ملكية أصل قد يستلزم حسم الملكية وفق نوع الأصل والخصوم قبل إدخاله في صافي التركة.""","SRC144-FAM","وزارة العدل","شرح نظام الأحوال الشخصية - المادة 134","https://laws-gateway.moj.gov.sa/apis/legislations/v1/ExportDocument/pdf?Serial=4DC3ARZ00YqnoqpraZMxCQ","2026-09-22","REVIEWED","NEEDS_REVIEW",""
"R-FAM-INHERITANCE-NO-HEIR","02-القضاء-والتنفيذ-والأحوال","LOW","وزارة العدل — محكمة الأحوال الشخصية/ناجز بحسب نوع الإجراء.","محكمة الأحوال الشخصية","لا يوجد وارث بفرض أو تعصيب أو رحم بعد التحقق","","لا مدة رقمية.","الدعاوى والطلبات التي تختص بها محاكم الأحوال الشخصية مستثناة من نظام التكاليف القضائية، عدا طلب النقض والتماس إعادة النظر.","""المادة 237: إذا لم يوجد وارث بفرض ولا تعصيب ولا رحم تأخذ التركة أو الباقي حكم الأموال التي جهل مالكها.""","SRC143-FAM","هيئة الخبراء بمجلس الوزراء","نظام الأحوال الشخصية - الإرث","https://laws.boe.gov.sa/BoeLaws/Laws/LawDetails/4d72d829-947b-45d5-b9b5-ae5800d6bac2/1","2026-09-22","REVIEWED","NEEDS_REVIEW",""
"R-FAM-INHERITANCE-MISSING-PERSON","02-القضاء-والتنفيذ-والأحوال","LOW","وزارة العدل — محكمة الأحوال الشخصية/ناجز بحسب نوع الإجراء.","محكمة الأحوال الشخصية","أحد الورثة مفقود ولا تعرف حياته أو وفاته","","يتبع حكم الفقد ومدده النظامية؛ لا نخترع مدة إرث مستقلة.","الدعاوى والطلبات التي تختص بها محاكم الأحوال الشخصية مستثناة من نظام التكاليف القضائية، عدا طلب النقض والتماس إعادة النظر.","""المادة 238 تحفظ للمفقود نصيبه على تقدير حياته؛ فإن ظهر أخذه، وإن حكم بموته قبل مورثه رد لمن يستحق وقت الحكم.""","SRC143-FAM","هيئة الخبراء بمجلس الوزراء","نظام الأحوال الشخصية - الإرث","https://laws.boe.gov.sa/BoeLaws/Laws/LawDetails/4d72d829-947b-45d5-b9b5-ae5800d6bac2/1","2026-09-22","REVIEWED","NEEDS_REVIEW",""
"R-FAM-INHERITANCE-PREGNANCY","02-القضاء-والتنفيذ-والأحوال","LOW","وزارة العدل — محكمة الأحوال الشخصية/ناجز بحسب نوع الإجراء.","محكمة الأحوال الشخصية","وجود حمل ضمن ورثة المتوفى","","يستمر الحفظ حتى الوضع واتضاح الحياة والجنس والعدد؛ لا يحدد النص عدد أيام.","قضايا الأحوال الشخصية مستثناة من التكاليف القضائية.","""المادة 240: يحفظ للحمل أوفر النصيبين لذكر أو أنثى أو أكثر بناء على تقرير طبي معتمد يحدد عدد الأجنة، ويعطى باقي الورثة أقل النصيبين ثم يعاد التوزيع بعد الوضع بحسب الحالة.""","SRC125-FAM","هيئة الخبراء بمجلس الوزراء","نظام الأحوال الشخصية - الإرث","https://laws.boe.gov.sa/BoeLaws/Laws/LawDetails/4d72d829-947b-45d5-b9b5-ae5800d6bac2/1","2026-09-22","REVIEWED","NEEDS_REVIEW",""
"R-FAM-INHERITANCE-ACKNOWLEDGED-HEIR","02-القضاء-والتنفيذ-والأحوال","LOW","وزارة العدل — محكمة الأحوال الشخصية/ناجز بحسب نوع الإجراء.","محكمة الأحوال الشخصية","إقرار بعض الورثة بوارث أو حاجب إضافي","","لا مدة رقمية خاصة في المادة 241.","قضايا الأحوال الشخصية مستثناة من التكاليف القضائية.","""المادة 241 تنظم إقرار بعض الورثة بمشارك في الإرث أو حاجب، وتفرق بين قيام البينة وعدمها في أثر الإقرار.""","SRC127-FAM","هيئة الخبراء بمجلس الوزراء","نظام الأحوال الشخصية - ميراث المفقود والحمل والإقرار","https://laws.boe.gov.sa/BoeLaws/Laws/LawDetails/4d72d829-947b-45d5-b9b5-ae5800d6bac2/1","2026-09-22","REVIEWED","NEEDS_REVIEW",""
"R-FAM-INHERITANCE-NO-FATHER-LINEAGE","02-القضاء-والتنفيذ-والأحوال","LOW","وزارة العدل — محكمة الأحوال الشخصية/ناجز بحسب نوع الإجراء.","محكمة الأحوال الشخصية","شخص لم ينسب لأبيه أو منفي النسب ويراد تحديد جهة إرثه","","لا مدة رقمية.","الدعاوى والطلبات التي تختص بها محاكم الأحوال الشخصية مستثناة من نظام التكاليف القضائية، عدا طلب النقض والتماس إعادة النظر.","""المادة 242: يرث من لم ينسب لأبيه وعلمت أمه ومنفي النسب من أمه وقرابتها، وترثه أمه وقرابتها.""","SRC143-FAM","هيئة الخبراء بمجلس الوزراء","نظام الأحوال الشخصية - الإرث","https://laws.boe.gov.sa/BoeLaws/Laws/LawDetails/4d72d829-947b-45d5-b9b5-ae5800d6bac2/1","2026-09-22","REVIEWED","NEEDS_REVIEW",""
"R-FAM-INHERITANCE-TAKHARUJ","02-القضاء-والتنفيذ-والأحوال","LOW","وزارة العدل — محكمة الأحوال الشخصية/ناجز بحسب نوع الإجراء.","محكمة الأحوال الشخصية","وارث أو موصى له يريد ترك نصيبه مقابل عوض معلوم","","لا مدة ثابتة؛ المحكمة تحدد المدة القريبة بحسب طبيعة المال ومكانه ومقداره عند تطبيق المادة 244.","الدعاوى والطلبات التي تختص بها محاكم الأحوال الشخصية مستثناة من نظام التكاليف القضائية، عدا طلب النقض والتماس إعادة النظر.","""المواد 243-245 تعرف التخارج، توجب توثيقه، وتنظم جهالة التركة وتوزيع نصيب المتخارج بحسب مصدر العوض.""","SRC143-FAM","هيئة الخبراء بمجلس الوزراء","نظام الأحوال الشخصية - الإرث","https://laws.boe.gov.sa/BoeLaws/Laws/LawDetails/4d72d829-947b-45d5-b9b5-ae5800d6bac2/1","2026-09-22","REVIEWED","NEEDS_REVIEW",""
"R-FAM-INTERDICTION-IMPOSE","02-القضاء-والتنفيذ-والأحوال","LOW","وزارة العدل — محكمة الأحوال الشخصية/ناجز بحسب نوع الإجراء.","محكمة الأحوال الشخصية","طلب الحجر على سفيه أو شخص تستوجب حالته إجراء الولاية النظامي","ناجز","لا مدة رقمية عامة.","قضايا الأحوال الشخصية مستثناة من التكاليف القضائية عند رفع الدعوى.","""وزارة العدل تثبت اختصاص الأحوال الشخصية بالحجر؛ واللائحة 33/9 تحدد المحكمة المختصة مكانيًا، و33/10 تقرر أن تقرير القاصر عقليًا لا يلزم إرفاقه عند التقديم وعلى الدائرة طلبه قبل إقامة الولي.""","SRC142-FAM","وزارة العدل","شرح نظام الأحوال الشخصية","https://laws-gateway.moj.gov.sa/apis/legislations/v1/ExportDocument/pdf?Serial=4DC3ARZ00YqnoqpraZMxCQ","2026-09-22","REVIEWED","NEEDS_REVIEW",""
"R-FAM-INTERDICTION-LIFT","02-القضاء-والتنفيذ-والأحوال","LOW","وزارة العدل — محكمة الأحوال الشخصية/ناجز بحسب نوع الإجراء.","محكمة الأحوال الشخصية","محجور عليه زال سبب الحجر ويراد رفعه","ناجز","لا مدة رقمية عامة.","قضايا الأحوال الشخصية مستثناة من التكاليف القضائية عند رفع الدعوى.","""وزارة العدل تثبت اختصاص محاكم الأحوال الشخصية برفع الحجر، وشرح النظام الرسمي يقرر أن رفع الحجر يعيد أهلية التصرف وتنتهي به الولاية/الوصاية في الحالة المنطبقة.""","SRC142-FAM","وزارة العدل","شرح نظام الأحوال الشخصية","https://laws-gateway.moj.gov.sa/apis/legislations/v1/ExportDocument/pdf?Serial=4DC3ARZ00YqnoqpraZMxCQ","2026-09-22","REVIEWED","NEEDS_REVIEW",""
"R-CIVIL-SPECIFIC-PERFORMANCE","01-القائد-القانوني-العام","LOW","المحكمة أو الجهة القضائية المختصة بحسب نوع الدعوى والمرحلة المبينة في النتيجة.","","المطالبة بتنفيذ الالتزام عينًا","","لا مدة موحدة في خدمة صحيفة الدعوى؛ مرور الزمن المانع من سماع الدعوى يتحدد بالنص الموضوعي المنطبق.","رسوم خدمة صحيفة الدعوى: لا يوجد؛ وقد تنطبق التكاليف القضائية بحسب القضية.","""""","SRC-CIV-BOE","هيئة الخبراء بمجلس الوزراء","نظام المعاملات المدنية","https://laws.boe.gov.sa/BoeLaws/Laws/LawDetails/655fdb42-8c96-422b-b8c4-b04f0095c94c/1","2026-09-22","REVIEWED","NEEDS_REVIEW",""
"R-CIVIL-CONTRACT-DAMAGES","01-القائد-القانوني-العام","LOW","المحكمة أو الجهة القضائية المختصة بحسب نوع الدعوى والمرحلة المبينة في النتيجة.","","تعويض عن إخلال عقدي","","لا مدة موحدة في صفحة الخدمة؛ المدة الموضوعية تتحدد بالنظام ونوع المطالبة.","رسوم خدمة صحيفة الدعوى: لا يوجد؛ وقد تنطبق التكاليف القضائية بحسب القضية.","""""","SRC-CIV-BOE","هيئة الخبراء بمجلس الوزراء","نظام المعاملات المدنية","https://laws.boe.gov.sa/BoeLaws/Laws/LawDetails/655fdb42-8c96-422b-b8c4-b04f0095c94c/1","2026-09-22","REVIEWED","NEEDS_REVIEW",""
"R-CIVIL-TORT-DAMAGES","01-القائد-القانوني-العام","LOW","المحكمة أو الجهة القضائية المختصة بحسب نوع الدعوى والمرحلة المبينة في النتيجة.","","تعويض عن فعل ضار","","لا تُسمع دعوى التعويض عن الفعل الضار بعد 3 سنوات من تاريخ علم المتضرر بالضرر وبالمسؤول عنه، وبحد أقصى 10 سنوات من وقوع الضرر، مع مراعاة الاستثناء المرتبط بالجريمة.","رسوم خدمة صحيفة الدعوى: لا يوجد؛ وقد تنطبق التكاليف القضائية بحسب القضية.","""""","SRC-CIV-BOE","هيئة الخبراء بمجلس الوزراء","نظام المعاملات المدنية","https://laws.boe.gov.sa/BoeLaws/Laws/LawDetails/655fdb42-8c96-422b-b8c4-b04f0095c94c/1","2026-09-22","REVIEWED","NEEDS_REVIEW",""
"R-CIVIL-UNDUE-PAYMENT","01-القائد-القانوني-العام","LOW","المحكمة أو الجهة القضائية المختصة بحسب نوع الدعوى والمرحلة المبينة في النتيجة.","","استرداد دفع غير مستحق","","تُحدد بحسب النص الموضوعي والوقائع؛ لا توجد مدة خدمة موحدة لهذه المطالبة.","رسوم خدمة صحيفة الدعوى: لا يوجد؛ وقد تنطبق التكاليف القضائية.","""المادة 145: من تسلم على سبيل الوفاء ما ليس مستحقًا وجب عليه رده؛ ولا محل للرد إذا كان الموفي يعلم أنه يدفع غير المستحق إلا إذا كان ناقص الأهلية أو مكرهًا.""","SRC111-CIV","هيئة الخبراء بمجلس الوزراء","نظام المعاملات المدنية","https://laws.boe.gov.sa/BoeLaws/Laws/LawDetails/655fdb42-8c96-422b-b8c4-b04f0095c94c/1","2026-09-22","REVIEWED","NEEDS_REVIEW",""
"R-CIVIL-UNJUST-ENRICHMENT","01-القائد-القانوني-العام","LOW","المحكمة أو الجهة القضائية المختصة بحسب نوع الدعوى والمرحلة المبينة في النتيجة.","","إثراء بلا سبب","","تُحدد بحسب النص الموضوعي والوقائع؛ لا توجد مدة خدمة موحدة لهذه المطالبة.","رسوم خدمة صحيفة الدعوى: لا يوجد؛ وقد تنطبق التكاليف القضائية.","""المادة 144: من يثري دون سبب مشروع على حساب آخر يلزمه -في حدود ما أثرى به- تعويضه عما لحقه من خسارة، ويبقى الالتزام ولو زال الإثراء لاحقًا.""","SRC111-CIV","هيئة الخبراء بمجلس الوزراء","نظام المعاملات المدنية","https://laws.boe.gov.sa/BoeLaws/Laws/LawDetails/655fdb42-8c96-422b-b8c4-b04f0095c94c/1","2026-09-22","REVIEWED","NEEDS_REVIEW",""
"R-CIVIL-RESCISSION-BREACH","01-القائد-القانوني-العام","LOW","المحكمة أو الجهة القضائية المختصة بحسب نوع الدعوى والمرحلة المبينة في النتيجة.","","إخلال بعقد ملزم للجانبين","","لا مدة إجرائية موحدة؛ المادة 177 تجعل رفع الدعوى من وسائل الإعذار، مع استثناءات المادة 176.","رسوم خدمة صحيفة الدعوى: لا يوجد؛ وقد تنطبق التكاليف القضائية وفق النظام.","""المواد 161 و164 و170 و171 و176 و177 بحسب الطلب: التنفيذ عند الاستحقاق، التنفيذ العيني، التعويض عن عدم الوفاء/التأخير، والإعذار واستثناءاته.""","SRC112-CIV","هيئة الخبراء بمجلس الوزراء","نظام المعاملات المدنية","https://laws.boe.gov.sa/BoeLaws/Laws/LawDetails/655fdb42-8c96-422b-b8c4-b04f0095c94c/1","2026-09-22","REVIEWED","NEEDS_REVIEW",""
"R-CIVIL-RESCISSION-CLAUSE","01-القائد-القانوني-العام","LOW","المحكمة أو الجهة القضائية المختصة بحسب نوع الدعوى والمرحلة المبينة في النتيجة.","","شرط فسخ اتفاقي","","لا مدة خاصة بالمادة 108؛ مدد سماع الحق تفحص مستقلاً.","رسوم خدمة صحيفة الدعوى: لا يوجد؛ وقد تخضع القضية لنظام التكاليف القضائية.","""المادة 108: يجوز الاتفاق على حق الدائن في فسخ العقد عند إخلال المدين دون حكم قضائي، ولا يعفي ذلك من الإعذار إلا إذا اتفق صراحة على الإعفاء.""","SRC116-CIV","هيئة الخبراء بمجلس الوزراء","نظام المعاملات المدنية","https://laws.boe.gov.sa/BoeLaws/Laws/LawDetails/655fdb42-8c96-422b-b8c4-b04f0095c94c/1","2026-09-22","REVIEWED","NEEDS_REVIEW",""
"R-CIVIL-MISTAKE","01-القائد-القانوني-العام","LOW","المحكمة أو الجهة القضائية المختصة بحسب نوع الدعوى والمرحلة المبينة في النتيجة.","","غلط جوهري عند التعاقد","","لا نثبت هنا مدة خاصة دون فحص مواد المدد المرتبطة بالإبطال في النظام.","رسوم خدمة صحيفة الدعوى: لا يوجد؛ وقد تنطبق التكاليف القضائية بحسب نوع القضية.","""المواد 57-60: طلب الإبطال للغلط الجوهري؛ وشرط المادة 58؛ والغلط المادي بالحساب/الكتابة لا يؤثر؛ وحسن النية يقيد التمسك بالغلط.""","SRC115-CIV","هيئة الخبراء بمجلس الوزراء","نظام المعاملات المدنية","https://laws.boe.gov.sa/BoeLaws/Laws/LawDetails/655fdb42-8c96-422b-b8c4-b04f0095c94c/1","2026-09-22","REVIEWED","NEEDS_REVIEW",""
"R-CIVIL-FRAUD","01-القائد-القانوني-العام","LOW","المحكمة أو الجهة القضائية المختصة بحسب نوع الدعوى والمرحلة المبينة في النتيجة.","","تغرير أدى لإبرام العقد","","لا نثبت مدة خاصة في هذه النتيجة دون تحقق مستقل من نص المدة.","رسوم خدمة صحيفة الدعوى: لا يوجد؛ وقد تنطبق التكاليف القضائية بحسب نوع القضية.","""المواد 61-63: تعريف التغرير والسكوت المتعمد، حق طلب الإبطال إذا كان جوهريًا، وحكم صدوره من غير المتعاقدين.""","SRC115-CIV","هيئة الخبراء بمجلس الوزراء","نظام المعاملات المدنية","https://laws.boe.gov.sa/BoeLaws/Laws/LawDetails/655fdb42-8c96-422b-b8c4-b04f0095c94c/1","2026-09-22","REVIEWED","NEEDS_REVIEW",""
"R-CIVIL-DURESS","01-القائد-القانوني-العام","LOW","المحكمة أو الجهة القضائية المختصة بحسب نوع الدعوى والمرحلة المبينة في النتيجة.","","إكراه على إبرام العقد","","لا نثبت مدة خاصة هنا دون تحقق مستقل من نص المدة.","رسوم خدمة صحيفة الدعوى: لا يوجد؛ وقد تنطبق التكاليف القضائية بحسب نوع القضية.","""المواد 64-67: تعريف الإكراه، معيار الخطر الجسيم المحدق، ظروف تقديره، وحق طلب الإبطال وحكم إكراه الغير.""","SRC115-CIV","هيئة الخبراء بمجلس الوزراء","نظام المعاملات المدنية","https://laws.boe.gov.sa/BoeLaws/Laws/LawDetails/655fdb42-8c96-422b-b8c4-b04f0095c94c/1","2026-09-22","REVIEWED","NEEDS_REVIEW",""
"R-CIVIL-EXPLOITATION","01-القائد-القانوني-العام","LOW","المحكمة أو الجهة القضائية المختصة بحسب نوع الدعوى والمرحلة المبينة في النتيجة.","","استغلال ضعف ظاهر أو حاجة ملحة مع غبن","","180 يومًا من تاريخ التعاقد؛ بعد ذلك يمتنع سماع الدعوى بهذا الأساس.","رسوم خدمة صحيفة الدعوى: لا يوجد؛ وقد تنطبق التكاليف القضائية بحسب نوع القضية.","""المادة 68: للمحكمة إنقاص التزامات المغبون أو زيادة التزامات الطرف الآخر أو إبطال العقد، ويجب رفع الدعوى خلال 180 يومًا من تاريخ التعاقد وإلا امتنع سماعها.""","SRC115-CIV","هيئة الخبراء بمجلس الوزراء","نظام المعاملات المدنية","https://laws.boe.gov.sa/BoeLaws/Laws/LawDetails/655fdb42-8c96-422b-b8c4-b04f0095c94c/1","2026-09-22","REVIEWED","NEEDS_REVIEW",""
"R-CIVIL-INVALID-CONTRACT","01-القائد-القانوني-العام","LOW","المحكمة أو الجهة القضائية المختصة بحسب نوع الدعوى والمرحلة المبينة في النتيجة.","","ادعاء بطلان/عدم صحة عقد","","لا تُسمع دعوى البطلان بعد 10 سنوات من تاريخ العقد، مع بقاء الدفع بالبطلان ممكنًا في أي وقت وفق النص النظامي.","رسوم خدمة صحيفة الدعوى: لا يوجد؛ وقد تنطبق التكاليف القضائية وفق النظام.","""نظام المعاملات المدنية ينظم إنشاء العقد وانتهائه وبطلانه، مع عدم الإخلال بالإجراءات الشكلية والاختصاصات المقررة في الأنظمة الخاصة.""","SRC112-CIV","هيئة الخبراء بمجلس الوزراء","نظام المعاملات المدنية","https://laws.boe.gov.sa/BoeLaws/Laws/LawDetails/655fdb42-8c96-422b-b8c4-b04f0095c94c/1","2026-09-22","REVIEWED","NEEDS_REVIEW",""
"R-CIVIL-LIQUIDATED-DAMAGES","01-القائد-القانوني-العام","LOW","المحكمة أو الجهة القضائية المختصة بحسب نوع الدعوى والمرحلة المبينة في النتيجة.","","شرط تعويض/تعويض اتفاقي","","لا مدة إجرائية خاصة موحدة في صحيفة الدعوى؛ تفحص مدة عدم سماع الدعوى بحسب طبيعة الحق.","رسوم خدمة صحيفة الدعوى: لا يوجد؛ وقد تنطبق التكاليف القضائية وفق النظام.","""المرجع نظام المعاملات المدنية في التعويض العقدي والاتفاق على تقديره؛ لا يُعرض مبلغ الشرط كأنه مستحق آليًا دون فحص شروط الاستحقاق وسلطة المحكمة النظامية.""","SRC112-CIV","هيئة الخبراء بمجلس الوزراء","نظام المعاملات المدنية","https://laws.boe.gov.sa/BoeLaws/Laws/LawDetails/655fdb42-8c96-422b-b8c4-b04f0095c94c/1","2026-09-22","REVIEWED","NEEDS_REVIEW",""
"R-CIVIL-NOTICE","01-القائد-القانوني-العام","LOW","المحكمة أو الجهة القضائية المختصة بحسب نوع الدعوى والمرحلة المبينة في النتيجة.","","الإعذار قبل المطالبة","","لا مدة موحدة للإعذار في النظام؛ تتبع العقد أو النص الخاص.","رسوم خدمة صحيفة الدعوى: لا يوجد؛ وقد تنطبق التكاليف القضائية بحسب القضية.","""""","SRC-CIV-BOE","هيئة الخبراء بمجلس الوزراء","نظام المعاملات المدنية","https://laws.boe.gov.sa/BoeLaws/Laws/LawDetails/655fdb42-8c96-422b-b8c4-b04f0095c94c/1","2026-09-22","REVIEWED","NEEDS_REVIEW",""
"R-CIVIL-CREDITOR-REFUSAL","01-القائد-القانوني-العام","LOW","المحكمة أو الجهة القضائية المختصة بحسب نوع الدعوى والمرحلة المبينة في النتيجة.","","رفض الدائن استلام الوفاء","","لا مدة موحدة لهذه النتيجة؛ تتحدد بحسب الالتزام وإجراءات العرض/الإيداع المنطبقة.","رسوم خدمة صحيفة الدعوى: لا يوجد؛ وقد تنطبق التكاليف القضائية بحسب القضية.","""""","SRC-CIV-BOE","هيئة الخبراء بمجلس الوزراء","نظام المعاملات المدنية","https://laws.boe.gov.sa/BoeLaws/Laws/LawDetails/655fdb42-8c96-422b-b8c4-b04f0095c94c/1","2026-09-22","REVIEWED","NEEDS_REVIEW",""
"R-CIVIL-SETOFF","01-القائد-القانوني-العام","LOW","المحكمة أو الجهة القضائية المختصة بحسب نوع الدعوى والمرحلة المبينة في النتيجة.","","مقاصة بين دينين","","لا مدة خدمة خاصة؛ تفحص مدة سماع كل دين على حدة.","رسوم صحيفة الدعوى: لا يوجد؛ وقد تنطبق التكاليف القضائية بحسب القضية.","""نظام المعاملات المدنية ينظم انقضاء الالتزام بالمقاصة؛ لا تفترض تحققها قبل فحص شروط الدينين.""","SRC117-CIV","هيئة الخبراء بمجلس الوزراء","نظام المعاملات المدنية","https://laws.boe.gov.sa/BoeLaws/Laws/LawDetails/655fdb42-8c96-422b-b8c4-b04f0095c94c/1","2026-09-22","REVIEWED","NEEDS_REVIEW",""
"R-CIVIL-LIMITATION","01-القائد-القانوني-العام","LOW","المحكمة أو الجهة القضائية المختصة بحسب نوع الدعوى والمرحلة المبينة في النتيجة.","","مرور زمن على مطالبة مدنية","","الأصل في المادة 295: عشر سنوات على المنكر، مع نصوص خاصة واستثناءات؛ والمادة 296 تقرر خمس سنوات لبعض الحقوق، ومنها حقوق أصحاب المهن الحرة المذكورة فيها.","رسوم خدمة صحيفة الدعوى: لا يوجد؛ وقد تنطبق التكاليف القضائية وفق النظام.","""المادتان 295 و296 من نظام المعاملات المدنية، مع وجوب فحص بقية مواد الفرع والنصوص الخاصة قبل تقرير المدة النهائية.""","SRC112-CIV","هيئة الخبراء بمجلس الوزراء","نظام المعاملات المدنية","https://laws.boe.gov.sa/BoeLaws/Laws/LawDetails/655fdb42-8c96-422b-b8c4-b04f0095c94c/1","2026-09-22","REVIEWED","NEEDS_REVIEW",""
"R-EVID-BURDEN","01-القائد-القانوني-العام","LOW","المحكمة أو الجهة القضائية المختصة بحسب نوع الدعوى والمرحلة المبينة في النتيجة.","","تقديم الدليل على الواقعة محل الادعاء","","لا توجد مهلة مستقلة موحدة باسم عبء الإثبات؛ تراعى مواعيد تقديم الأدلة في القضية.","لا تكلفة قضائية مستقلة موحدة لمجرد هذا الدليل؛ قد توجد مصروفات إجراء/خبرة بحسب الحالة.","""""","SRC100-PROOF","هيئة الخبراء بمجلس الوزراء / وزارة العدل","نظام الإثبات","https://laws.boe.gov.sa/BoeLaws/Laws/LawDetails/2716057c-c097-4bad-8e1e-ae1400c678d5/1","2026-09-22","REVIEWED","NEEDS_REVIEW",""
"R-EVID-ADMISSION","01-القائد-القانوني-العام","LOW","المحكمة أو الجهة القضائية المختصة بحسب نوع الدعوى والمرحلة المبينة في النتيجة.","","التمسك بالإقرار وتحديد نطاقه","","لا مهلة موحدة للإقرار بذاته؛ يخضع لإجراءات ومواعيد القضية.","لا تكلفة قضائية مستقلة موحدة لمجرد هذا الدليل؛ قد توجد مصروفات إجراء/خبرة بحسب الحالة.","""""","SRC100-PROOF","هيئة الخبراء بمجلس الوزراء / وزارة العدل","نظام الإثبات","https://laws.boe.gov.sa/BoeLaws/Laws/LawDetails/2716057c-c097-4bad-8e1e-ae1400c678d5/1","2026-09-22","REVIEWED","NEEDS_REVIEW",""
"R-EVID-WRITING","01-القائد-القانوني-العام","LOW","المحكمة أو الجهة القضائية المختصة بحسب نوع الدعوى والمرحلة المبينة في النتيجة.","","تقديم المحرر الكتابي","","لا مهلة موحدة للكتابة كدليل؛ تراعى مواعيد القضية.","لا تكلفة قضائية مستقلة موحدة لمجرد هذا الدليل؛ قد توجد مصروفات إجراء/خبرة بحسب الحالة.","""""","SRC100-PROOF","هيئة الخبراء بمجلس الوزراء / وزارة العدل","نظام الإثبات","https://laws.boe.gov.sa/BoeLaws/Laws/LawDetails/2716057c-c097-4bad-8e1e-ae1400c678d5/1","2026-09-22","REVIEWED","NEEDS_REVIEW",""
"R-EVID-DIGITAL","01-القائد-القانوني-العام","LOW","المحكمة أو الجهة القضائية المختصة بحسب نوع الدعوى والمرحلة المبينة في النتيجة.","","تقديم الدليل الرقمي","","لا مهلة مستقلة للدليل الرقمي؛ تراعى مواعيد تقديم الأدلة.","لا تكلفة قضائية مستقلة موحدة لمجرد هذا الدليل؛ قد توجد مصروفات إجراء/خبرة بحسب الحالة.","""""","SRC100-PROOF","هيئة الخبراء بمجلس الوزراء / وزارة العدل","نظام الإثبات","https://laws.boe.gov.sa/BoeLaws/Laws/LawDetails/2716057c-c097-4bad-8e1e-ae1400c678d5/1","2026-09-22","REVIEWED","NEEDS_REVIEW",""
"R-EVID-WITNESS","01-القائد-القانوني-العام","LOW","المحكمة أو الجهة القضائية المختصة بحسب نوع الدعوى والمرحلة المبينة في النتيجة.","","طلب سماع شهادة","","تراعى مواعيد المحكمة لتقديم طلبات الإثبات؛ لا مهلة موضوعية موحدة للشهادة.","لا تكلفة قضائية مستقلة موحدة لمجرد هذا الدليل؛ قد توجد مصروفات إجراء/خبرة بحسب الحالة.","""""","SRC100-PROOF","هيئة الخبراء بمجلس الوزراء / وزارة العدل","نظام الإثبات","https://laws.boe.gov.sa/BoeLaws/Laws/LawDetails/2716057c-c097-4bad-8e1e-ae1400c678d5/1","2026-09-22","REVIEWED","NEEDS_REVIEW",""
"R-EVID-DOCUMENT-PRODUCTION","01-القائد-القانوني-العام","LOW","المحكمة أو الجهة القضائية المختصة بحسب نوع الدعوى والمرحلة المبينة في النتيجة.","","طلب إلزام بتقديم محرر","","يقدم ضمن مواعيد وإجراءات القضية؛ لا مهلة سقوط موحدة.","لا تكلفة قضائية مستقلة موحدة لمجرد هذا الدليل؛ قد توجد مصروفات إجراء/خبرة بحسب الحالة.","""""","SRC100-PROOF","هيئة الخبراء بمجلس الوزراء / وزارة العدل","نظام الإثبات","https://laws.boe.gov.sa/BoeLaws/Laws/LawDetails/2716057c-c097-4bad-8e1e-ae1400c678d5/1","2026-09-22","REVIEWED","NEEDS_REVIEW",""
"R-EVID-DENIAL-FORGERY","01-القائد-القانوني-العام","LOW","المحكمة أو الجهة القضائية المختصة بحسب نوع الدعوى والمرحلة المبينة في النتيجة.","","إنكار المحرر أو الادعاء بالتزوير بحسب الحالة","","يجب إثارة المنازعة في الوقت الإجرائي المناسب؛ لا نضع مدة رقمية عامة دون حالة القضية.","لا تكلفة قضائية مستقلة موحدة لمجرد هذا الدليل؛ قد توجد مصروفات إجراء/خبرة بحسب الحالة.","""""","SRC100-PROOF","هيئة الخبراء بمجلس الوزراء / وزارة العدل","نظام الإثبات","https://laws.boe.gov.sa/BoeLaws/Laws/LawDetails/2716057c-c097-4bad-8e1e-ae1400c678d5/1","2026-09-22","REVIEWED","NEEDS_REVIEW",""
"R-EVID-OATH","01-القائد-القانوني-العام","LOW","المحكمة أو الجهة القضائية المختصة بحسب نوع الدعوى والمرحلة المبينة في النتيجة.","","طلب/توجيه اليمين وفق نوعها","","لا مهلة مستقلة موحدة؛ تخضع لمواعيد وإدارة الدعوى.","لا تكلفة قضائية مستقلة موحدة لمجرد هذا الدليل؛ قد توجد مصروفات إجراء/خبرة بحسب الحالة.","""""","SRC100-PROOF","هيئة الخبراء بمجلس الوزراء / وزارة العدل","نظام الإثبات","https://laws.boe.gov.sa/BoeLaws/Laws/LawDetails/2716057c-c097-4bad-8e1e-ae1400c678d5/1","2026-09-22","REVIEWED","NEEDS_REVIEW",""
"R-EVID-EXPERT","01-القائد-القانوني-العام","LOW","المحكمة أو الجهة القضائية المختصة بحسب نوع الدعوى والمرحلة المبينة في النتيجة.","","طلب خبرة","","تحدد المحكمة مواعيد الخبرة والإيداع والرد؛ لا مدة موحدة لكل القضايا.","لا تكلفة قضائية مستقلة موحدة لمجرد هذا الدليل؛ قد توجد مصروفات إجراء/خبرة بحسب الحالة.","""""","SRC100-PROOF","هيئة الخبراء بمجلس الوزراء / وزارة العدل","نظام الإثبات","https://laws.boe.gov.sa/BoeLaws/Laws/LawDetails/2716057c-c097-4bad-8e1e-ae1400c678d5/1","2026-09-22","REVIEWED","NEEDS_REVIEW",""
"R-EVID-INSPECTION","04-القطاعات-التنظيمية","LOW","المحكمة أو الجهة القضائية المختصة بحسب نوع الدعوى والمرحلة المبينة في النتيجة.","","طلب معاينة","","تخضع لمواعيد المحكمة؛ لا مهلة سقوط موحدة.","لا تكلفة قضائية مستقلة موحدة لمجرد هذا الدليل؛ قد توجد مصروفات إجراء/خبرة بحسب الحالة.","""""","SRC100-PROOF","هيئة الخبراء بمجلس الوزراء / وزارة العدل","نظام الإثبات","https://laws.boe.gov.sa/BoeLaws/Laws/LawDetails/2716057c-c097-4bad-8e1e-ae1400c678d5/1","2026-09-22","REVIEWED","NEEDS_REVIEW",""
"R-EVID-RES-JUDICATA","01-القائد-القانوني-العام","LOW","المحكمة أو الجهة القضائية المختصة بحسب نوع الدعوى والمرحلة المبينة في النتيجة.","","التمسك بحجية الأمر المقضي","","يُثار في القضية القائمة وفق إجراءاتها؛ لا مهلة مستقلة موحدة للحجية.","لا تكلفة قضائية مستقلة موحدة لمجرد هذا الدليل؛ قد توجد مصروفات إجراء/خبرة بحسب الحالة.","""""","SRC100-PROOF","هيئة الخبراء بمجلس الوزراء / وزارة العدل","نظام الإثبات","https://laws.boe.gov.sa/BoeLaws/Laws/LawDetails/2716057c-c097-4bad-8e1e-ae1400c678d5/1","2026-09-22","REVIEWED","NEEDS_REVIEW",""
"R-PROC-ABSENCE","02-القضاء-والتنفيذ-والأحوال","LOW","المحكمة أو الجهة القضائية المختصة بحسب نوع الدعوى والمرحلة المبينة في النتيجة.","","فحص أثر غياب الخصم","","لا مدة موحدة لهذه البوابة؛ الأثر مرتبط بالجلسة والتبليغ.","لا مبلغ موحد مثبت لهذه النتيجة.","""""","SRC79-CPL","هيئة الخبراء بمجلس الوزراء","نظام المرافعات الشرعية","https://laws.boe.gov.sa/BoeLaws/Laws/LawDetails/f0eaae46-9f84-40ee-815e-a9a700f268b3/1","2026-09-22","REVIEWED","NEEDS_REVIEW",""
"R-PROC-DEFENSES","02-القضاء-والتنفيذ-والأحوال","LOW","المحكمة أو الجهة القضائية المختصة بحسب نوع الدعوى والمرحلة المبينة في النتيجة.","","إيداع مذكرة بالدفع المناسب","","الدفع الذي تسري عليه المادة 75 يجب إبداؤه قبل أي طلب أو دفاع؛ أما المادة 76 ففي أي مرحلة.","لا مبلغ موحد مثبت لهذه النتيجة.","""""","SRC79-CPL","هيئة الخبراء بمجلس الوزراء","نظام المرافعات الشرعية","https://laws.boe.gov.sa/BoeLaws/Laws/LawDetails/f0eaae46-9f84-40ee-815e-a9a700f268b3/1","2026-09-22","REVIEWED","NEEDS_REVIEW",""
"R-PROC-URGENT","02-القضاء-والتنفيذ-والأحوال","LOW","المحكمة أو الجهة القضائية المختصة بحسب نوع الدعوى والمرحلة المبينة في النتيجة.","","صحيفة الدعوى - تصنيف الدعوى المستعجلة.","ناجز","الخدمة تصفها بأنها خلال المدة المحددة نظامًا؛ لا نضع مدة موحدة لكل دعوى مستعجلة.","رسوم الخدمة الظاهرة حاليًا للدعاوى المستعجلة: 3000 ريال سعودي، مع تطبيق الإعفاءات النظامية حيث تنطبق.","""""","SRC69-URGENT","وزارة العدل","الدعاوى المستعجلة","https://moj.gov.sa/ar/eservices/pages/d73f20f6-8693-4381-9a5a-1f7120815918.aspx","2026-09-22","REVIEWED","NEEDS_REVIEW",""
"R-PROC-APPEAL","02-القضاء-والتنفيذ-والأحوال","LOW","المحكمة أو الجهة القضائية المختصة بحسب نوع الدعوى والمرحلة المبينة في النتيجة.","","الاعتراض على الحكم","ناجز","المهلة تختلف بحسب تصنيف القضية؛ الصفحة الحالية تقول تبدأ للحضوري من تسليم الحكم وللغيابي من نجاح مهمة التبليغ. لا نستبدل ذلك بـSLA 30 يومًا.","رسوم الخدمة الظاهرة حاليًا: 5000 ريال سعودي، مع تطبيق نظام التكاليف والإعفاءات النظامية حيث تنطبق.","""""","SRC68-APPEAL","وزارة العدل","الاعتراض على الحكم","https://moj.gov.sa/ar/eServices/Pages/cba332a0-28b8-4ce0-ab00-ef4ddeb9ab64.aspx","2026-09-22","REVIEWED","NEEDS_REVIEW",""
"R-PROC-RECONSIDERATION","02-القضاء-والتنفيذ-والأحوال","LOW","المحكمة أو الجهة القضائية المختصة بحسب نوع الدعوى والمرحلة المبينة في النتيجة.","","التماس إعادة النظر","ناجز","يقدم خلال المدة النظامية؛ لا نعامل SLA (خلال 30 يوم) بوصفه تحديدًا عامًا لبداية/نهاية مهلة الالتماس.","رسوم الخدمة الظاهرة حاليًا: 10000 ريال سعودي.","""""","SRC68-RECON","وزارة العدل","التماس إعادة النظر","https://www.moj.gov.sa/ar/eServices/pages/34a53f98-57e0-4f8b-9bad-78a095ebae4b.aspx","2026-09-22","REVIEWED","NEEDS_REVIEW",""
"R-CIVIL-SALE-DELIVERY","01-القائد-القانوني-العام","LOW","المحكمة أو الجهة القضائية المختصة بحسب نوع الدعوى والمرحلة المبينة في النتيجة.","","مطالبة بتسليم المبيع","","لا نثبت مدة موحدة؛ المدة الموضوعية تتحدد بالعقد والنظام والوقائع.","رسوم خدمة صحيفة الدعوى: لا يوجد؛ وقد تنطبق التكاليف القضائية بحسب نوع وقيمة القضية.","""""","SRCNEXT-CLAIM","وزارة العدل","صحيفة دعوى","https://www.moj.gov.sa/ar/eservices/pages/928b8f02-19a7-482b-ba0e-29a151d9a900.aspx","2026-09-22","REVIEWED","NEEDS_REVIEW",""
"R-CIVIL-SALE-RISK","01-القائد-القانوني-العام","LOW","المحكمة أو الجهة القضائية المختصة بحسب نوع الدعوى والمرحلة المبينة في النتيجة.","","نزاع في تبعة هلاك/تلف المبيع","","لا توجد مدة موحدة لهذه النتيجة؛ تتحدد بالنص والوقائع.","رسوم خدمة صحيفة الدعوى: لا يوجد؛ وقد تنطبق التكاليف القضائية بحسب القضية.","""أحكام البيع والتسليم في نظام المعاملات المدنية تحكم تبعة المبيع؛ لا يجوز تقرير الطرف المتحمل قبل تثبيت واقعة التسليم والسبب.""","SRC111-CIV","هيئة الخبراء بمجلس الوزراء","نظام المعاملات المدنية","https://laws.boe.gov.sa/BoeLaws/Laws/LawDetails/655fdb42-8c96-422b-b8c4-b04f0095c94c/1","2026-09-22","REVIEWED","NEEDS_REVIEW",""
"R-CIVIL-SALE-QUANTITY","01-القائد-القانوني-العام","LOW","المحكمة أو الجهة القضائية المختصة بحسب نوع الدعوى والمرحلة المبينة في النتيجة.","","نزاع في كمية/مقدار المبيع","","لا نثبت مدة موحدة دون مطابقة النص الموضوعي ونوع المبيع.","رسوم خدمة صحيفة الدعوى: لا يوجد؛ وقد تنطبق التكاليف القضائية بحسب نوع وقيمة القضية.","""""","SRCNEXT-CLAIM","وزارة العدل","صحيفة دعوى","https://www.moj.gov.sa/ar/eservices/pages/928b8f02-19a7-482b-ba0e-29a151d9a900.aspx","2026-09-22","REVIEWED","NEEDS_REVIEW",""
"R-CIVIL-SALE-DEFECT","01-القائد-القانوني-العام","LOW","المحكمة أو الجهة القضائية المختصة بحسب نوع الدعوى والمرحلة المبينة في النتيجة.","","نزاع بسبب عيب في المبيع","","الأصل ألا تُسمع دعوى ضمان العيب بعد 180 يومًا من تاريخ تسليم المبيع، ما لم يلتزم البائع بمدة أطول؛ ولا يتمسك بها البائع عند ثبوت إخفاء العيب غشًا.","رسوم خدمة صحيفة الدعوى: لا يوجد؛ وقد تنطبق التكاليف القضائية بحسب نوع وقيمة القضية.","""""","SRCNEXT-CLAIM","وزارة العدل","صحيفة دعوى","https://www.moj.gov.sa/ar/eservices/pages/928b8f02-19a7-482b-ba0e-29a151d9a900.aspx","2026-09-22","REVIEWED","NEEDS_REVIEW",""
"R-CIVIL-SALE-HIDDEN-DEFECT","01-القائد-القانوني-العام","LOW","المحكمة أو الجهة القضائية المختصة بحسب نوع الدعوى والمرحلة المبينة في النتيجة.","","عيب خفي في المبيع","","الأصل ألا تُسمع دعوى ضمان العيب بعد 180 يومًا من تاريخ تسليم المبيع، ما لم يلتزم البائع بمدة أطول؛ ولا يتمسك بها البائع عند ثبوت إخفاء العيب غشًا.","رسوم خدمة صحيفة الدعوى: لا يوجد؛ وقد تنطبق التكاليف القضائية بحسب نوع وقيمة القضية.","""""","SRCNEXT-CLAIM","وزارة العدل","صحيفة دعوى","https://www.moj.gov.sa/ar/eservices/pages/928b8f02-19a7-482b-ba0e-29a151d9a900.aspx","2026-09-22","REVIEWED","NEEDS_REVIEW",""
"R-CIVIL-SALE-EVICTION","01-القائد-القانوني-العام","LOW","المحكمة أو الجهة القضائية المختصة بحسب نوع الدعوى والمرحلة المبينة في النتيجة.","","إخلاء/تسليم مرتبط بمبيع","","لا مدة خدمة موحدة؛ تتبع الحق والسند.","رسوم صحيفة الدعوى: لا يوجد؛ وقد تنطبق التكاليف القضائية بحسب القضية.","""وزارة العدل تتيح تقديم طلب تنفيذ للسندات التنفيذية بما فيها التنفيذ المباشر؛ أما النزاع الموضوعي الجديد فيرفع بصحيفة دعوى.""","SRC117-CIV","هيئة الخبراء بمجلس الوزراء","نظام المعاملات المدنية","https://laws.boe.gov.sa/BoeLaws/Laws/LawDetails/655fdb42-8c96-422b-b8c4-b04f0095c94c/1","2026-09-22","REVIEWED","NEEDS_REVIEW",""
"R-CIVIL-SALE-PRICE","01-القائد-القانوني-العام","LOW","المحكمة أو الجهة القضائية المختصة بحسب نوع الدعوى والمرحلة المبينة في النتيجة.","","مطالبة بثمن مبيع","","لا نثبت مدة موحدة في هذه النتيجة؛ تُراجع مدة سماع المطالبة بحسب النص المنطبق.","رسوم خدمة صحيفة الدعوى: لا يوجد؛ وقد تنطبق التكاليف القضائية بحسب نوع وقيمة القضية.","""""","SRCNEXT-CLAIM","وزارة العدل","صحيفة دعوى","https://www.moj.gov.sa/ar/eservices/pages/928b8f02-19a7-482b-ba0e-29a151d9a900.aspx","2026-09-22","REVIEWED","NEEDS_REVIEW",""
"R-CIVIL-SALE-NONPAYMENT-CLAUSE","01-القائد-القانوني-العام","LOW","المحكمة أو الجهة القضائية المختصة بحسب نوع الدعوى والمرحلة المبينة في النتيجة.","","شرط مرتبط بعدم دفع ثمن المبيع","","لا مدة خدمة خاصة؛ الاستحقاق يتبع العقد والنظام.","رسوم صحيفة الدعوى: لا يوجد؛ وقد تنطبق التكاليف القضائية بحسب القضية.","""أحكام البيع والفسخ في نظام المعاملات المدنية تطبق مع نص الشرط؛ الفسخ الاتفاقي لا يعفي من الإعذار إلا بنص صريح على الإعفاء وفق المادة 108.""","SRC117-CIV","هيئة الخبراء بمجلس الوزراء","نظام المعاملات المدنية","https://laws.boe.gov.sa/BoeLaws/Laws/LawDetails/655fdb42-8c96-422b-b8c4-b04f0095c94c/1","2026-09-22","REVIEWED","NEEDS_REVIEW",""
"R-CIVIL-SALE-OTHER-OWNER","01-القائد-القانوني-العام","LOW","المحكمة أو الجهة القضائية المختصة بحسب نوع الدعوى والمرحلة المبينة في النتيجة.","","بيع مال يملكه شخص آخر/نزاع في الملكية","","لا نثبت مدة موحدة؛ تتحدد بحسب الحق والطلب النهائي.","رسوم خدمة صحيفة الدعوى: لا يوجد؛ وقد تنطبق التكاليف القضائية بحسب القضية.","""نظام المعاملات المدنية يحكم آثار العقد، لكن مسار النزاع قد يتغير إذا تعلق بعقار أو سجل عيني أو اختصاص خاص.""","SRC111-CIV","هيئة الخبراء بمجلس الوزراء","نظام المعاملات المدنية","https://laws.boe.gov.sa/BoeLaws/Laws/LawDetails/655fdb42-8c96-422b-b8c4-b04f0095c94c/1","2026-09-22","REVIEWED","NEEDS_REVIEW",""
"R-CIVIL-SALE-COSTS","01-القائد-القانوني-العام","LOW","المحكمة أو الجهة القضائية المختصة بحسب نوع الدعوى والمرحلة المبينة في النتيجة.","","مصاريف عقد البيع","","لا نثبت مدة موحدة؛ تتبع المطالبة الأصلية والنص المنطبق.","رسوم خدمة صحيفة الدعوى: لا يوجد؛ وقد تنطبق التكاليف القضائية بحسب القضية.","""أحكام البيع في نظام المعاملات المدنية هي المرجع الموضوعي، مع أولوية فحص الاتفاق المشروع بين الطرفين.""","SRC111-CIV","هيئة الخبراء بمجلس الوزراء","نظام المعاملات المدنية","https://laws.boe.gov.sa/BoeLaws/Laws/LawDetails/655fdb42-8c96-422b-b8c4-b04f0095c94c/1","2026-09-22","REVIEWED","NEEDS_REVIEW",""
"R-CIVIL-CONTRACTOR-DELAY","01-القائد-القانوني-العام","LOW","المحكمة أو الجهة القضائية المختصة بحسب نوع الدعوى والمرحلة المبينة في النتيجة.","","تأخر مقاول في تنفيذ العمل","","لا نثبت مدة دعوى موحدة هنا؛ المواعيد العقدية والموضوعية تتحدد بالعقد والنظام.","رسوم خدمة صحيفة الدعوى: لا يوجد؛ وقد تنطبق التكاليف القضائية بحسب القضية.","""نظام المعاملات المدنية ينظم عقد المقاولة؛ انتهاء العقد بإنجاز العمل في المادة 475، والفسخ لعذر طارئ وآثاره في المادة 476 بحسب الحالة.""","SRC110-CIV","هيئة الخبراء بمجلس الوزراء","نظام المعاملات المدنية","https://laws.boe.gov.sa/BoeLaws/Laws/LawDetails/655fdb42-8c96-422b-b8c4-b04f0095c94c/1","2026-09-22","REVIEWED","NEEDS_REVIEW",""
"R-CIVIL-CONTRACTOR-PRICE-INCREASE","01-القائد-القانوني-العام","LOW","المحكمة أو الجهة القضائية المختصة بحسب نوع الدعوى والمرحلة المبينة في النتيجة.","","مطالبة مقاول بزيادة السعر","","لا نثبت مدة موحدة؛ المدة تتحدد بحسب المطالبة والنص المنطبق.","رسوم خدمة صحيفة الدعوى: لا يوجد؛ وقد تنطبق التكاليف القضائية بحسب القضية.","""المرجع الموضوعي نظام المعاملات المدنية وأحكام المقاولة؛ يجب مطابقة أثر تغير الأسعار/الأعمال الإضافية على نص العقد والمواد الخاصة قبل تقرير مبلغ.""","SRC110-CIV","هيئة الخبراء بمجلس الوزراء","نظام المعاملات المدنية","https://laws.boe.gov.sa/BoeLaws/Laws/LawDetails/655fdb42-8c96-422b-b8c4-b04f0095c94c/1","2026-09-22","REVIEWED","NEEDS_REVIEW",""
"R-CIVIL-CONTRACTOR-ESTIMATE","01-القائد-القانوني-العام","LOW","المحكمة أو الجهة القضائية المختصة بحسب نوع الدعوى والمرحلة المبينة في النتيجة.","","نزاع حول تقدير أجر المقاولة","","لا توجد مدة موحدة في خدمة صحيفة الدعوى.","رسوم خدمة صحيفة الدعوى: لا يوجد؛ وقد تنطبق التكاليف القضائية بحسب القضية.","""نظام المعاملات المدنية هو المرجع لأحكام المقاولة؛ لا نثبت رقم مادة للأجر هنا دون مطابقة النص التفصيلي لكل صيغة عقد.""","SRC110-CIV","هيئة الخبراء بمجلس الوزراء","نظام المعاملات المدنية","https://laws.boe.gov.sa/BoeLaws/Laws/LawDetails/655fdb42-8c96-422b-b8c4-b04f0095c94c/1","2026-09-22","REVIEWED","NEEDS_REVIEW",""
"R-CIVIL-SUBCONTRACT","01-القائد-القانوني-العام","LOW","المحكمة أو الجهة القضائية المختصة بحسب نوع الدعوى والمرحلة المبينة في النتيجة.","","نزاع مقاول من الباطن","","لا نثبت مدة دعوى موحدة هنا.","رسوم خدمة صحيفة الدعوى: لا يوجد؛ وقد تنطبق التكاليف القضائية بحسب القضية.","""المادة 473 تجيز إسناد العمل للباطن ما لم يمنع النظام/الاتفاق/طبيعة العمل وتبقي مسؤولية المقاول تجاه صاحب العمل؛ المادة 474 تمنع المقاول من الباطن من مطالبة صاحب العمل لنفسه بما يستحقه المقاول إلا إذا أحاله عليه.""","SRC110-CIV","هيئة الخبراء بمجلس الوزراء","نظام المعاملات المدنية","https://laws.boe.gov.sa/BoeLaws/Laws/LawDetails/655fdb42-8c96-422b-b8c4-b04f0095c94c/1","2026-09-22","REVIEWED","NEEDS_REVIEW",""
"R-CIVIL-CONTRACTOR-TERMINATION","01-القائد-القانوني-العام","LOW","المحكمة أو الجهة القضائية المختصة بحسب نوع الدعوى والمرحلة المبينة في النتيجة.","","فسخ عقد مقاولة","","لا مدة دعوى موحدة هنا؛ أما مهلة التصحيح في المادة 466 فتكون مدة معقولة يعينها صاحب العمل.","رسوم خدمة صحيفة الدعوى: لا يوجد؛ وقد تنطبق التكاليف القضائية وفق النظام.","""المادتان 466 و476: لصاحب العمل عند الإخلال إعذار المقاول للتصحيح خلال مدة معقولة ثم الاستعانة بغيره/طلب الفسخ، ويجوز الفسخ حالًا في الحالات المحددة؛ ولكل متعاقد طلب الفسخ لعذر طارئ متعلق بالتنفيذ مع التعويض عن ضرر الفسخ.""","SRC112-CIV","هيئة الخبراء بمجلس الوزراء","نظام المعاملات المدنية","https://laws.boe.gov.sa/BoeLaws/Laws/LawDetails/655fdb42-8c96-422b-b8c4-b04f0095c94c/1","2026-09-22","REVIEWED","NEEDS_REVIEW",""
"R-CIVIL-CONTRACTOR-IMPOSSIBLE","01-القائد-القانوني-العام","LOW","المحكمة أو الجهة القضائية المختصة بحسب نوع الدعوى والمرحلة المبينة في النتيجة.","","تعذر إتمام المقاولة لسبب لا يد للمقاول فيه","","لا نثبت مدة دعوى موحدة هنا.","رسوم خدمة صحيفة الدعوى: لا يوجد؛ وقد تنطبق التكاليف القضائية بحسب القضية.","""المادة 477: إذا بدأ المقاول في التنفيذ ثم عجز عن إتمامه لسبب لا يد له فيه، استحق قيمة ما تم من الأعمال وما أنفق في العمل غير المكتمل بقدر ما عاد على صاحب العمل من نفع.""","SRC110-CIV","هيئة الخبراء بمجلس الوزراء","نظام المعاملات المدنية","https://laws.boe.gov.sa/BoeLaws/Laws/LawDetails/655fdb42-8c96-422b-b8c4-b04f0095c94c/1","2026-09-22","REVIEWED","NEEDS_REVIEW",""
"R-CIVIL-LOAN-REPAY","01-القائد-القانوني-العام","LOW","المحكمة أو الجهة القضائية المختصة بحسب نوع الدعوى والمرحلة المبينة في النتيجة.","","رد قرض","","تُحدد بحسب النص الموضوعي والوقائع؛ لا توجد مدة خدمة موحدة لهذه المطالبة.","رسوم خدمة صحيفة الدعوى: لا يوجد؛ وقد تنطبق التكاليف القضائية.","""المواد 382-390: القرض لا ينعقد إلا بالقبض (383)، وإذا عين أجل/غرض فلا يلزم الوفاء قبله، وإن لم يعين فيكون عند طلب المقرض مع الاستثناء الوارد بالمادة 387، والرد بالمثل عند انتهاء المدة وفق 388.""","SRC111-CIV","هيئة الخبراء بمجلس الوزراء","نظام المعاملات المدنية","https://laws.boe.gov.sa/BoeLaws/Laws/LawDetails/655fdb42-8c96-422b-b8c4-b04f0095c94c/1","2026-09-22","REVIEWED","NEEDS_REVIEW",""
"R-CIVIL-LOAN-INCREASE","01-القائد-القانوني-العام","LOW","المحكمة أو الجهة القضائية المختصة بحسب نوع الدعوى والمرحلة المبينة في النتيجة.","","شرط زيادة على رد القرض","","تُحدد بحسب النص الموضوعي والوقائع؛ لا توجد مدة خدمة موحدة لهذه المطالبة.","رسوم خدمة صحيفة الدعوى: لا يوجد؛ وقد تنطبق التكاليف القضائية.","""المادة 385: يقع باطلًا كل شرط عند العقد أو عند تأجيل الوفاء يتضمن زيادة في رد القرض يؤديها المقترض إلى المقرض.""","SRC111-CIV","هيئة الخبراء بمجلس الوزراء","نظام المعاملات المدنية","https://laws.boe.gov.sa/BoeLaws/Laws/LawDetails/655fdb42-8c96-422b-b8c4-b04f0095c94c/1","2026-09-22","REVIEWED","NEEDS_REVIEW",""
"R-CIVIL-LOAN-NO-TERM","01-القائد-القانوني-العام","LOW","المحكمة أو الجهة القضائية المختصة بحسب نوع الدعوى والمرحلة المبينة في النتيجة.","المحكمة العامة","","","","","""""","SRC-BOE-CIVIL-TRANSACTIONS","هيئة الخبراء بمجلس الوزراء","نظام المعاملات المدنية","https://laws.boe.gov.sa/BoeLaws/Laws/LawDetails/655fdb42-8c96-422b-b8c4-b04f0095c94c/1","2026-09-22","REVIEWED","NEEDS_REVIEW",""
"R-CIVIL-LOAN-EQUIVALENT","01-القائد-القانوني-العام","LOW","المحكمة أو الجهة القضائية المختصة بحسب نوع الدعوى والمرحلة المبينة في النتيجة.","المحكمة العامة","","","","","""""","SRC-BOE-CIVIL-TRANSACTIONS","هيئة الخبراء بمجلس الوزراء","نظام المعاملات المدنية","https://laws.boe.gov.sa/BoeLaws/Laws/LawDetails/655fdb42-8c96-422b-b8c4-b04f0095c94c/1","2026-09-22","REVIEWED","NEEDS_REVIEW",""
"R-CIVIL-SETTLEMENT-EFFECT","01-القائد-القانوني-العام","LOW","المحكمة أو الجهة القضائية المختصة بحسب نوع الدعوى والمرحلة المبينة في النتيجة.","المحكمة العامة","","","","","""""","SRC-BOE-CIVIL-TRANSACTIONS","هيئة الخبراء بمجلس الوزراء","نظام المعاملات المدنية","https://laws.boe.gov.sa/BoeLaws/Laws/LawDetails/655fdb42-8c96-422b-b8c4-b04f0095c94c/1","2026-09-22","REVIEWED","NEEDS_REVIEW",""
"R-CIVIL-SETTLEMENT-DEBT","01-القائد-القانوني-العام","LOW","المحكمة أو الجهة القضائية المختصة بحسب نوع الدعوى والمرحلة المبينة في النتيجة.","المحكمة العامة","","","","","""""","SRC-BOE-CIVIL-TRANSACTIONS","هيئة الخبراء بمجلس الوزراء","نظام المعاملات المدنية","https://laws.boe.gov.sa/BoeLaws/Laws/LawDetails/655fdb42-8c96-422b-b8c4-b04f0095c94c/1","2026-09-22","REVIEWED","NEEDS_REVIEW",""
"R-CIVIL-SETTLEMENT-UNKNOWN","01-القائد-القانوني-العام","LOW","المحكمة أو الجهة القضائية المختصة بحسب نوع الدعوى والمرحلة المبينة في النتيجة.","المحكمة العامة","","","","","""""","SRC-BOE-CIVIL-TRANSACTIONS","هيئة الخبراء بمجلس الوزراء","نظام المعاملات المدنية","https://laws.boe.gov.sa/BoeLaws/Laws/LawDetails/655fdb42-8c96-422b-b8c4-b04f0095c94c/1","2026-09-22","REVIEWED","NEEDS_REVIEW",""
"R-CIVIL-LEASE-DELIVERY","01-القائد-القانوني-العام","LOW","المحكمة المختصة بحسب صفة الأطراف وطبيعة النزاع؛ مع أولوية محكمة التنفيذ إذا كان الحق المطلوب ثابتًا في عقد إيجار موحد صالح كسند تنفيذي.","محكمة التنفيذ","","ناجز","","","""""","SRC-BOE-CIVIL-TRANSACTIONS","هيئة الخبراء بمجلس الوزراء","نظام المعاملات المدنية","https://laws.boe.gov.sa/BoeLaws/Laws/LawDetails/655fdb42-8c96-422b-b8c4-b04f0095c94c/1","2026-09-22","REVIEWED","NEEDS_REVIEW",""
"R-CIVIL-LEASE-DAMAGE","01-القائد-القانوني-العام","LOW","المحكمة المختصة بحسب صفة الأطراف وطبيعة النزاع؛ مع أولوية محكمة التنفيذ إذا كان الحق المطلوب ثابتًا في عقد إيجار موحد صالح كسند تنفيذي.","محكمة التنفيذ","","إيجار","","","""""","SRC-BOE-CIVIL-TRANSACTIONS","هيئة الخبراء بمجلس الوزراء","نظام المعاملات المدنية","https://laws.boe.gov.sa/BoeLaws/Laws/LawDetails/655fdb42-8c96-422b-b8c4-b04f0095c94c/1","2026-09-22","REVIEWED","NEEDS_REVIEW",""
"R-CIVIL-LEASE-RENT","04-القطاعات-التنظيمية","LOW","المحكمة المختصة بحسب صفة الأطراف وطبيعة النزاع؛ مع أولوية محكمة التنفيذ إذا كان الحق المطلوب ثابتًا في عقد إيجار موحد صالح كسند تنفيذي.","محكمة التنفيذ","","إيجار","","","""""","SRC-BOE-CIVIL-TRANSACTIONS","هيئة الخبراء بمجلس الوزراء","نظام المعاملات المدنية","https://laws.boe.gov.sa/BoeLaws/Laws/LawDetails/655fdb42-8c96-422b-b8c4-b04f0095c94c/1","2026-09-22","REVIEWED","NEEDS_REVIEW",""
"R-CIVIL-LEASE-TENANT-DAMAGE","01-القائد-القانوني-العام","LOW","المحكمة المختصة بحسب صفة الأطراف وطبيعة النزاع؛ مع أولوية محكمة التنفيذ إذا كان الحق المطلوب ثابتًا في عقد إيجار موحد صالح كسند تنفيذي.","محكمة التنفيذ","","إيجار","","","""""","SRC-BOE-CIVIL-TRANSACTIONS","هيئة الخبراء بمجلس الوزراء","نظام المعاملات المدنية","https://laws.boe.gov.sa/BoeLaws/Laws/LawDetails/655fdb42-8c96-422b-b8c4-b04f0095c94c/1","2026-09-22","REVIEWED","NEEDS_REVIEW",""
"R-CIVIL-LEASE-HOLDOVER","01-القائد-القانوني-العام","LOW","المحكمة المختصة بحسب صفة الأطراف وطبيعة النزاع؛ مع أولوية محكمة التنفيذ إذا كان الحق المطلوب ثابتًا في عقد إيجار موحد صالح كسند تنفيذي.","محكمة التنفيذ","","إيجار","","","""""","SRC-BOE-CIVIL-TRANSACTIONS","هيئة الخبراء بمجلس الوزراء","نظام المعاملات المدنية","https://laws.boe.gov.sa/BoeLaws/Laws/LawDetails/655fdb42-8c96-422b-b8c4-b04f0095c94c/1","2026-09-22","REVIEWED","NEEDS_REVIEW",""
"R-CIVIL-LEASE-SUBLEASE","01-القائد-القانوني-العام","LOW","المحكمة المختصة بحسب صفة الأطراف وطبيعة النزاع؛ مع أولوية محكمة التنفيذ إذا كان الحق المطلوب ثابتًا في عقد إيجار موحد صالح كسند تنفيذي.","محكمة التنفيذ","","إيجار","","","""""","SRC-BOE-CIVIL-TRANSACTIONS","هيئة الخبراء بمجلس الوزراء","نظام المعاملات المدنية","https://laws.boe.gov.sa/BoeLaws/Laws/LawDetails/655fdb42-8c96-422b-b8c4-b04f0095c94c/1","2026-09-22","REVIEWED","NEEDS_REVIEW",""
"R-CIVIL-LEASE-END","01-القائد-القانوني-العام","LOW","المحكمة المختصة بحسب صفة الأطراف وطبيعة النزاع؛ مع أولوية محكمة التنفيذ إذا كان الحق المطلوب ثابتًا في عقد إيجار موحد صالح كسند تنفيذي.","محكمة التنفيذ","","إيجار","","","""""","SRC-BOE-CIVIL-TRANSACTIONS","هيئة الخبراء بمجلس الوزراء","نظام المعاملات المدنية","https://laws.boe.gov.sa/BoeLaws/Laws/LawDetails/655fdb42-8c96-422b-b8c4-b04f0095c94c/1","2026-09-22","REVIEWED","NEEDS_REVIEW",""
"R-CIVIL-GIFT-FORMALITY","01-القائد-القانوني-العام","LOW","المحكمة أو الجهة القضائية المختصة بحسب نوع الدعوى والمرحلة المبينة في النتيجة.","المحكمة العامة","","","","","""""","SRC-BOE-CIVIL-TRANSACTIONS","هيئة الخبراء بمجلس الوزراء","نظام المعاملات المدنية","https://laws.boe.gov.sa/BoeLaws/Laws/LawDetails/655fdb42-8c96-422b-b8c4-b04f0095c94c/1","2026-09-22","REVIEWED","NEEDS_REVIEW",""
"R-CIVIL-GIFT-NONOWNER","01-القائد-القانوني-العام","LOW","المحكمة أو الجهة القضائية المختصة بحسب نوع الدعوى والمرحلة المبينة في النتيجة.","المحكمة العامة","","","","","""""","SRC-BOE-CIVIL-TRANSACTIONS","هيئة الخبراء بمجلس الوزراء","نظام المعاملات المدنية","https://laws.boe.gov.sa/BoeLaws/Laws/LawDetails/655fdb42-8c96-422b-b8c4-b04f0095c94c/1","2026-09-22","REVIEWED","NEEDS_REVIEW",""
"R-CIVIL-GIFT-REVOCATION","01-القائد-القانوني-العام","LOW","المحكمة أو الجهة القضائية المختصة بحسب نوع الدعوى والمرحلة المبينة في النتيجة.","المحكمة العامة","","","","","""""","SRC-BOE-CIVIL-TRANSACTIONS","هيئة الخبراء بمجلس الوزراء","نظام المعاملات المدنية","https://laws.boe.gov.sa/BoeLaws/Laws/LawDetails/655fdb42-8c96-422b-b8c4-b04f0095c94c/1","2026-09-22","REVIEWED","NEEDS_REVIEW",""
"R-CIVIL-GIFT-CONDITION","01-القائد-القانوني-العام","LOW","المحكمة أو الجهة القضائية المختصة بحسب نوع الدعوى والمرحلة المبينة في النتيجة.","المحكمة العامة","","","","","""""","SRC-BOE-CIVIL-TRANSACTIONS","هيئة الخبراء بمجلس الوزراء","نظام المعاملات المدنية","https://laws.boe.gov.sa/BoeLaws/Laws/LawDetails/655fdb42-8c96-422b-b8c4-b04f0095c94c/1","2026-09-22","REVIEWED","NEEDS_REVIEW",""
"R-CIVIL-AGENCY-SCOPE","01-القائد-القانوني-العام","LOW","المحكمة أو الجهة القضائية المختصة بحسب نوع الدعوى والمرحلة المبينة في النتيجة.","","","","","","""""","SRC-BOE-CIVIL-TRANSACTIONS","هيئة الخبراء بمجلس الوزراء","نظام المعاملات المدنية","https://laws.boe.gov.sa/BoeLaws/Laws/LawDetails/655fdb42-8c96-422b-b8c4-b04f0095c94c/1","2026-09-23","REVIEWED","NEEDS_REVIEW",""
"R-CIVIL-AGENCY-SELFDEAL","01-القائد-القانوني-العام","LOW","المحكمة أو الجهة القضائية المختصة بحسب نوع الدعوى والمرحلة المبينة في النتيجة.","","","","","","""""","SRC-BOE-CIVIL-TRANSACTIONS","هيئة الخبراء بمجلس الوزراء","نظام المعاملات المدنية","https://laws.boe.gov.sa/BoeLaws/Laws/LawDetails/655fdb42-8c96-422b-b8c4-b04f0095c94c/1","2026-09-23","REVIEWED","NEEDS_REVIEW",""
"R-CIVIL-AGENCY-ACCOUNT","01-القائد-القانوني-العام","LOW","المحكمة أو الجهة القضائية المختصة بحسب نوع الدعوى والمرحلة المبينة في النتيجة.","","","","","","""""","SRC-BOE-CIVIL-TRANSACTIONS","هيئة الخبراء بمجلس الوزراء","نظام المعاملات المدنية","https://laws.boe.gov.sa/BoeLaws/Laws/LawDetails/655fdb42-8c96-422b-b8c4-b04f0095c94c/1","2026-09-23","REVIEWED","NEEDS_REVIEW",""
"R-CIVIL-AGENCY-FEES","01-القائد-القانوني-العام","LOW","المحكمة أو الجهة القضائية المختصة بحسب نوع الدعوى والمرحلة المبينة في النتيجة.","","","","","","""""","SRC-BOE-CIVIL-TRANSACTIONS","هيئة الخبراء بمجلس الوزراء","نظام المعاملات المدنية","https://laws.boe.gov.sa/BoeLaws/Laws/LawDetails/655fdb42-8c96-422b-b8c4-b04f0095c94c/1","2026-09-23","REVIEWED","NEEDS_REVIEW",""
"R-CIVIL-AGENCY-END","01-القائد-القانوني-العام","LOW","المحكمة أو الجهة القضائية المختصة بحسب نوع الدعوى والمرحلة المبينة في النتيجة.","","","","","","""""","SRC-BOE-CIVIL-TRANSACTIONS","هيئة الخبراء بمجلس الوزراء","نظام المعاملات المدنية","https://laws.boe.gov.sa/BoeLaws/Laws/LawDetails/655fdb42-8c96-422b-b8c4-b04f0095c94c/1","2026-09-23","REVIEWED","NEEDS_REVIEW",""
"R-CIVIL-DEPOSIT-MISUSE","01-القائد-القانوني-العام","LOW","المحكمة أو الجهة القضائية المختصة بحسب نوع الدعوى والمرحلة المبينة في النتيجة.","","","","","","""""","SRC-BOE-CIVIL-TRANSACTIONS","هيئة الخبراء بمجلس الوزراء","نظام المعاملات المدنية","https://laws.boe.gov.sa/BoeLaws/Laws/LawDetails/655fdb42-8c96-422b-b8c4-b04f0095c94c/1","2026-09-23","REVIEWED","NEEDS_REVIEW",""
"R-CIVIL-DEPOSIT-LOSS","01-القائد-القانوني-العام","LOW","المحكمة أو الجهة القضائية المختصة بحسب نوع الدعوى والمرحلة المبينة في النتيجة.","","","","","","""""","SRC-BOE-CIVIL-TRANSACTIONS","هيئة الخبراء بمجلس الوزراء","نظام المعاملات المدنية","https://laws.boe.gov.sa/BoeLaws/Laws/LawDetails/655fdb42-8c96-422b-b8c4-b04f0095c94c/1","2026-09-23","REVIEWED","NEEDS_REVIEW",""
"R-CIVIL-CUSTODIAN-APPOINT","01-القائد-القانوني-العام","LOW","المحكمة أو الجهة القضائية المختصة بحسب نوع الدعوى والمرحلة المبينة في النتيجة.","","","","","","""""","SRC-BOE-CIVIL-TRANSACTIONS","هيئة الخبراء بمجلس الوزراء","نظام المعاملات المدنية","https://laws.boe.gov.sa/BoeLaws/Laws/LawDetails/655fdb42-8c96-422b-b8c4-b04f0095c94c/1","2026-09-23","REVIEWED","NEEDS_REVIEW",""
"R-CIVIL-CUSTODIAN-BREACH","01-القائد-القانوني-العام","LOW","المحكمة أو الجهة القضائية المختصة بحسب نوع الدعوى والمرحلة المبينة في النتيجة.","","","","","","""""","SRC-BOE-CIVIL-TRANSACTIONS","هيئة الخبراء بمجلس الوزراء","نظام المعاملات المدنية","https://laws.boe.gov.sa/BoeLaws/Laws/LawDetails/655fdb42-8c96-422b-b8c4-b04f0095c94c/1","2026-09-23","REVIEWED","NEEDS_REVIEW",""
"R-CIVIL-CUSTODIAN-END","01-القائد-القانوني-العام","LOW","المحكمة أو الجهة القضائية المختصة بحسب نوع الدعوى والمرحلة المبينة في النتيجة.","","","","","","""""","SRC-BOE-CIVIL-TRANSACTIONS","هيئة الخبراء بمجلس الوزراء","نظام المعاملات المدنية","https://laws.boe.gov.sa/BoeLaws/Laws/LawDetails/655fdb42-8c96-422b-b8c4-b04f0095c94c/1","2026-09-23","REVIEWED","NEEDS_REVIEW",""
"R-CIVIL-GUARANTEE-CLAIM","01-القائد-القانوني-العام","LOW","المحكمة أو الجهة القضائية المختصة بحسب نوع الدعوى والمرحلة المبينة في النتيجة.","","","","","","""""","SRC-BOE-CIVIL-TRANSACTIONS","هيئة الخبراء بمجلس الوزراء","نظام المعاملات المدنية","https://laws.boe.gov.sa/BoeLaws/Laws/LawDetails/655fdb42-8c96-422b-b8c4-b04f0095c94c/1","2026-09-23","REVIEWED","NEEDS_REVIEW",""
"R-CIVIL-GUARANTEE-LIMIT","01-القائد-القانوني-العام","LOW","المحكمة أو الجهة القضائية المختصة بحسب نوع الدعوى والمرحلة المبينة في النتيجة.","","","","","","""""","SRC-BOE-CIVIL-TRANSACTIONS","هيئة الخبراء بمجلس الوزراء","نظام المعاملات المدنية","https://laws.boe.gov.sa/BoeLaws/Laws/LawDetails/655fdb42-8c96-422b-b8c4-b04f0095c94c/1","2026-09-23","REVIEWED","NEEDS_REVIEW",""
"R-CIVIL-GUARANTEE-SECURITY-FIRST","01-القائد-القانوني-العام","LOW","المحكمة أو الجهة القضائية المختصة بحسب نوع الدعوى والمرحلة المبينة في النتيجة.","","","","","","""""","SRC-BOE-CIVIL-TRANSACTIONS","هيئة الخبراء بمجلس الوزراء","نظام المعاملات المدنية","https://laws.boe.gov.sa/BoeLaws/Laws/LawDetails/655fdb42-8c96-422b-b8c4-b04f0095c94c/1","2026-09-23","REVIEWED","NEEDS_REVIEW",""
"R-CIVIL-GUARANTEE-RECOURSE","01-القائد-القانوني-العام","LOW","المحكمة أو الجهة القضائية المختصة بحسب نوع الدعوى والمرحلة المبينة في النتيجة.","","","","","","""""","SRC-BOE-CIVIL-TRANSACTIONS","هيئة الخبراء بمجلس الوزراء","نظام المعاملات المدنية","https://laws.boe.gov.sa/BoeLaws/Laws/LawDetails/655fdb42-8c96-422b-b8c4-b04f0095c94c/1","2026-09-23","REVIEWED","NEEDS_REVIEW",""
"R-CIVIL-GUARANTEE-END","01-القائد-القانوني-العام","LOW","المحكمة أو الجهة القضائية المختصة بحسب نوع الدعوى والمرحلة المبينة في النتيجة.","","","","","","""""","SRC-BOE-CIVIL-TRANSACTIONS","هيئة الخبراء بمجلس الوزراء","نظام المعاملات المدنية","https://laws.boe.gov.sa/BoeLaws/Laws/LawDetails/655fdb42-8c96-422b-b8c4-b04f0095c94c/1","2026-09-23","REVIEWED","NEEDS_REVIEW",""
"R-CIVIL-COOWNERSHIP-DIVISION","01-القائد-القانوني-العام","LOW","المحكمة أو الجهة القضائية المختصة بحسب نوع الدعوى والمرحلة المبينة في النتيجة.","","","","","","""""","SRC-BOE-CIVIL-TRANSACTIONS","هيئة الخبراء بمجلس الوزراء","نظام المعاملات المدنية","https://laws.boe.gov.sa/BoeLaws/Laws/LawDetails/655fdb42-8c96-422b-b8c4-b04f0095c94c/1","2026-09-22","REVIEWED","NEEDS_REVIEW",""
"R-CIVIL-COOWNERSHIP-USE","01-القائد-القانوني-العام","LOW","المحكمة أو الجهة القضائية المختصة بحسب نوع الدعوى والمرحلة المبينة في النتيجة.","","","","","","""""","SRC-BOE-CIVIL-TRANSACTIONS","هيئة الخبراء بمجلس الوزراء","نظام المعاملات المدنية","https://laws.boe.gov.sa/BoeLaws/Laws/LawDetails/655fdb42-8c96-422b-b8c4-b04f0095c94c/1","2026-09-22","REVIEWED","NEEDS_REVIEW",""
"R-CIVIL-PREEMPTION","01-القائد-القانوني-العام","LOW","المحكمة أو الجهة القضائية المختصة بحسب نوع الدعوى والمرحلة المبينة في النتيجة.","","","","","","""""","SRC-BOE-CIVIL-TRANSACTIONS","هيئة الخبراء بمجلس الوزراء","نظام المعاملات المدنية","https://laws.boe.gov.sa/BoeLaws/Laws/LawDetails/655fdb42-8c96-422b-b8c4-b04f0095c94c/1","2026-09-22","REVIEWED","NEEDS_REVIEW",""
"R-CIVIL-PREEMPTION-DEADLINES","01-القائد-القانوني-العام","LOW","المحكمة أو الجهة القضائية المختصة بحسب نوع الدعوى والمرحلة المبينة في النتيجة.","","","","","","""""","SRC-BOE-CIVIL-TRANSACTIONS","هيئة الخبراء بمجلس الوزراء","نظام المعاملات المدنية","https://laws.boe.gov.sa/BoeLaws/Laws/LawDetails/655fdb42-8c96-422b-b8c4-b04f0095c94c/1","2026-09-22","REVIEWED","NEEDS_REVIEW",""
"R-CIVIL-REALRIGHT-REGISTRATION","04-القطاعات-التنظيمية","LOW","الهيئة العامة للعقار هي الجهة المختصة بنظام التسجيل العيني للعقار؛ وعند الاعتراض على التسجيل العيني الأول يكون أمام المحكمة المختصة وفق المادة 10.","","","","","","""""","SRC-BOE-REAL-REG-1443","هيئة الخبراء بمجلس الوزراء","نظام التسجيل العيني للعقار","https://laws.boe.gov.sa/BoeLaws/Laws/LawDetails/c9756bfb-ff81-4226-a820-ae8200dc074c/1","2026-09-23","REVIEWED","NEEDS_REVIEW",""
"R-LABOR-TERMINATION","03-الإداري-والعمالي-والتجاري","LOW","وزارة الموارد البشرية للتسوية الودية ثم المحكمة العمالية عند تعذر الصلح.","المحكمة العمالية","انتهى أو أُنهي عقد العمل وتريد تحديد الأثر النظامي","","في غير محدد المدة المدفوع شهريًا: إشعار العامل 30 يومًا وصاحب العمل 60 يومًا؛ وعدم مراعاته يرتب بدل الإشعار، مع فحص الاستثناءات.","التسوية الودية مجانية وفق وزارة الموارد البشرية.","""المواد 74-81 تنظّم انتهاء العقد والإشعار والتعويض والفصل دون مكافأة وترك العامل العمل دون إشعار مع حقوقه في الحالات المحددة.""","SRC152-LABOR","وزارة الموارد البشرية والتنمية الاجتماعية","علاقات العمل - نظام العمل المحدث","https://www.hrsd.gov.sa/علاقات-العمل","2026-09-22","REVIEWED","NEEDS_REVIEW",""
"R-LABOR-RESIGN-EOS","03-الإداري-والعمالي-والتجاري","LOW","وزارة الموارد البشرية للتسوية الودية ثم المحكمة العمالية عند تعذر الصلح.","المحكمة العمالية","انتهت العلاقة بسبب استقالة العامل وتريد حساب مكافأة نهاية الخدمة","","تصفية الحقوق إذا العامل أنهى العقد خلال مدة لا تزيد على أسبوعين؛ وليست مدة سقوط الدعوى.","التسوية الودية مجانية وفق وزارة الموارد البشرية.","""84 أساس الحساب؛ 85: ثلث بعد سنتين إلى خمس، ثلثان بعد أكثر من خمس وأقل من عشر، كاملة من عشر سنوات؛ 87 استثناءات للمكافأة الكاملة.""","SRC151-LABOR","وزارة الموارد البشرية والتنمية الاجتماعية","نظام العمل - علاقات العمل","https://www.hrsd.gov.sa/علاقات-العمل","2026-09-22","REVIEWED","NEEDS_REVIEW",""
"R-LABOR-EOS","03-الإداري-والعمالي-والتجاري","LOW","وزارة الموارد البشرية للتسوية الودية ثم المحكمة العمالية عند تعذر الصلح.","المحكمة العمالية","انتهت علاقة العمل وتريد مكافأة نهاية الخدمة","","على صاحب العمل تصفية الحقوق خلال أسبوع من انتهاء العلاقة؛ وإذا العامل هو الذي أنهاها فخلال أسبوعين.","التسوية الودية مجانية وفق وزارة الموارد البشرية.","""المادة 84 تحدد الحساب؛ المواد 85-87 تعدل الاستحقاق في الاستقالة وبعض الحالات؛ المادة 88 تحدد تصفية الحقوق.""","SRC151-LABOR","وزارة الموارد البشرية والتنمية الاجتماعية","نظام العمل - علاقات العمل","https://www.hrsd.gov.sa/علاقات-العمل","2026-09-22","REVIEWED","NEEDS_REVIEW",""
"R-LABOR-DEDUCTION","03-الإداري-والعمالي-والتجاري","LOW","وزارة الموارد البشرية للتسوية الودية ثم المحكمة العمالية عند تعذر الصلح.","المحكمة العمالية","حُسم من أجرك مبلغ وتريد معرفة مشروعيته","","لا مدة خاصة للحسم نفسه أضيفها هنا.","التسوية الودية مجانية وفق وزارة الموارد البشرية.","""وزارة الموارد البشرية توضح أنه لا يجوز أن تزيد المبالغ المحسومة على نصف أجر العامل المستحق إلا إذا ثبت للجهة المختصة إمكان الزيادة.""","SRC151-LABOR","وزارة الموارد البشرية والتنمية الاجتماعية","نظام العمل - علاقات العمل","https://www.hrsd.gov.sa/علاقات-العمل","2026-09-22","REVIEWED","NEEDS_REVIEW",""
"R-LABOR-OVERTIME","03-الإداري-والعمالي-والتجاري","LOW","وزارة الموارد البشرية للتسوية الودية ثم المحكمة العمالية عند تعذر الصلح.","المحكمة العمالية","عملت ساعات إضافية وتريد أجرها أو التعويض عنها","","لا مدة دفع خاصة أضيفها هنا؛ المطالبة تتبع قواعد الحقوق العمالية.","التسوية الودية مجانية وفق وزارة الموارد البشرية.","""المادة 107 بعد تعديلها: أجر الساعة +50% من الأجر الأساسي، ويجوز إجازة تعويضية بموافقة العامل؛ اللائحة تنظمها.""","SRC151-LABOR","وزارة الموارد البشرية والتنمية الاجتماعية","نظام العمل - علاقات العمل","https://www.hrsd.gov.sa/علاقات-العمل","2026-09-22","REVIEWED","NEEDS_REVIEW",""
"R-LABOR-LEAVE","03-الإداري-والعمالي-والتجاري","LOW","وزارة الموارد البشرية للتسوية الودية ثم المحكمة العمالية عند تعذر الصلح.","المحكمة العمالية","يوجد نزاع على إجازة العامل أو أجرها","","تختلف المدد باختلاف نوع الإجازة؛ لا أضع مدة واحدة لجميع الإجازات.","التسوية الودية مجانية وفق وزارة الموارد البشرية.","""باب الإجازات في نظام العمل هو المرجع، ويجب تطبيق المادة الخاصة بنوع الإجازة بدل تعميم حكم واحد.""","SRC152-LABOR","وزارة الموارد البشرية والتنمية الاجتماعية","علاقات العمل - نظام العمل المحدث","https://www.hrsd.gov.sa/علاقات-العمل","2026-09-22","REVIEWED","NEEDS_REVIEW",""
"R-LABOR-FINAL-SETTLEMENT","03-الإداري-والعمالي-والتجاري","LOW","وزارة الموارد البشرية للتسوية الودية ثم المحكمة العمالية عند تعذر الصلح.","المحكمة العمالية","انتهى عقد العمل وتريد تصفية الأجر وبقية الحقوق","","أسبوع كحد أقصى إذا صاحب العمل أنهى العلاقة؛ أسبوعان إذا العامل هو الذي أنهاها.","التسوية الودية مجانية وفق وزارة الموارد البشرية.","""المادة 88 تحدد ميعاد تصفية الحقوق وتجيز حسم الدين المستحق لصاحب العمل بسبب العمل من مستحقات العامل.""","SRC151-LABOR","وزارة الموارد البشرية والتنمية الاجتماعية","نظام العمل - علاقات العمل","https://www.hrsd.gov.sa/علاقات-العمل","2026-09-22","REVIEWED","NEEDS_REVIEW",""
"R-LABOR-NONCOMPETE","03-الإداري-والعمالي-والتجاري","LOW","وزارة الموارد البشرية للتسوية الودية ثم المحكمة العمالية عند تعذر الصلح.","المحكمة العمالية","يوجد شرط عدم منافسة بعد انتهاء علاقة العمل","","مدة عدم المنافسة لا تتجاوز سنتين من تاريخ انتهاء العلاقة.","التسوية الودية مجانية وفق وزارة الموارد البشرية.","""المادة 83 تنظم شرط عدم المنافسة وتوجب الكتابة والتحديد وتضع حدًا أقصى سنتين، وتربط دعوى صاحب العمل باكتشاف المخالفة وفق النص.""","SRC152-LABOR","وزارة الموارد البشرية والتنمية الاجتماعية","علاقات العمل - نظام العمل المحدث","https://www.hrsd.gov.sa/علاقات-العمل","2026-09-22","REVIEWED","NEEDS_REVIEW",""
"R-COMM-JURISDICTION-DEEP","03-الإداري-والعمالي-والتجاري","LOW","وزارة العدل — المحكمة التجارية عند انطباق اختصاصها النظامي.","المحكمة التجارية","تحتاج تحديد هل النزاع يدخل في اختصاص المحكمة التجارية","","لا توجد مدة واحدة للاختصاص؛ مدد عدم سماع الدعوى التجارية تفحص منفصلة.","","""المادة 16 من نظام المحاكم التجارية هي أساس الاختصاص النوعي وتعدد فئات المنازعات التي تنظرها المحكمة.""","SRC155-COMM","وزارة العدل","نظام المحاكم التجارية ولائحته التنفيذية","https://www.moj.gov.sa/Documents/Regulations/pdf/87.pdf","2026-09-22","REVIEWED","NEEDS_REVIEW",""
"R-CRIM-PUBLIC-ACTION","01-القائد-القانوني-العام","LOW","الشرطة/النيابة العامة قبل الإحالة، والمحكمة الجزائية بعد الإحالة بحسب المرحلة.","","الواقعة تتعلق بدعوى جزائية عامة تتولاها النيابة العامة","","تختلف المدد بحسب الإجراء؛ لا توجد مدة موحدة لكل الدعوى العامة.","","""الباب الأول والثاني من نظام الإجراءات الجزائية ينظمان رفع الدعوى الجزائية العامة وانقضاءها، والنيابة العامة تتولى التحقيق والادعاء وفق النظام.""","SRC148-CRIM","وزارة العدل","نظام الإجراءات الجزائية ولائحته التنفيذية","https://www.moj.gov.sa/Documents/Regulations/pdf/LawOfCriminalProcedureAndItsExecutiveRegulations.pdf","2026-09-22","REVIEWED","NEEDS_REVIEW",""
"R-CRIM-COMPLAINT-REQUIRED","01-القائد-القانوني-العام","LOW","الشرطة/النيابة العامة قبل الإحالة، والمحكمة الجزائية بعد الإحالة بحسب المرحلة.","","الواقعة من الحالات التي لا تتحرك فيها الدعوى الجزائية إلا بناءً على شكوى من المجني عليه أو من ينوب عنه","","المدة إن وجدت تتبع النص الخاص بالجريمة؛ لا أضع مدة عامة لكل الشكاوى.","","""نظام الإجراءات الجزائية يقرر وجود حالات تتوقف فيها إقامة الدعوى أو التحقيق على شكوى المجني عليه أو من ينوب عنه، مع استثناء حالة المصلحة العامة وفق النظام.""","SRC150-CRIM","وزارة العدل","نظام الإجراءات الجزائية ولائحته التنفيذية","https://www.moj.gov.sa/Documents/Regulations/pdf/LawOfCriminalProcedureAndItsExecutiveRegulations.pdf","2026-09-22","REVIEWED","NEEDS_REVIEW",""
"R-CRIM-JURISDICTION","01-القائد-القانوني-العام","LOW","الشرطة/النيابة العامة قبل الإحالة، والمحكمة الجزائية بعد الإحالة بحسب المرحلة.","","تريد معرفة المحكمة الجزائية المختصة بالقضية","","لا مدة مستقلة لتحديد الاختصاص.","","""الباب الخامس من نظام الإجراءات الجزائية ينظم المحاكم والاختصاصات الجزائية وتنازع الاختصاص.""","SRC148-CRIM","وزارة العدل","نظام الإجراءات الجزائية ولائحته التنفيذية","https://www.moj.gov.sa/Documents/Regulations/pdf/LawOfCriminalProcedureAndItsExecutiveRegulations.pdf","2026-09-22","REVIEWED","NEEDS_REVIEW",""
"R-ADMIN-FILE-CLAIM","03-الإداري-والعمالي-والتجاري","LOW","ديوان المظالم؛ معين للقضية ومنصة التنفيذ الإدارية للتنفيذ.","المحكمة الإدارية","تقديم دعوى عبر منصة معين","منصة معين الرقمية","لا توجد مدة موحدة لكل الدعاوى الإدارية؛ مواعيدها تختلف بحسب نوع الدعوى والنص النظامي.","لا مبلغ موحد مثبت؛ يراجع النظام الخاص إن انطبق.","""""","SRC98-MOEEN","ديوان المظالم","دليل خدمة تقديم الدعوى - منصة معين","https://moen.bog.gov.sa/Style%20Library/Images/SubmitCaseRequest_Handbook.pdf","2026-09-22","REVIEWED","NEEDS_REVIEW",""
"R-ADMIN-EVIDENCE","03-الإداري-والعمالي-والتجاري","LOW","ديوان المظالم؛ معين للقضية ومنصة التنفيذ الإدارية للتنفيذ.","المحكمة الإدارية","","","","الدعاوى والطلبات التي يختص بها ديوان المظالم مستثناة من نظام التكاليف القضائية.","""""","SRC-BOE-BOG-PROC","هيئة الخبراء بمجلس الوزراء","نظام المرافعات أمام ديوان المظالم","https://laws.boe.gov.sa/BoeLaws/Laws/LawDetails/f2f7b465-b576-4f47-a8e7-a9a700f27202/1","2026-09-22","REVIEWED","NEEDS_REVIEW",""
"R-ADMIN-EXEC-JUDGMENT","02-القضاء-والتنفيذ-والأحوال","LOW","ديوان المظالم؛ معين للقضية ومنصة التنفيذ الإدارية للتنفيذ.","","تنفيذ حكم إداري نهائي","","تطبق المدد والإجراءات الخاصة بنظام التنفيذ أمام ديوان المظالم بحسب السند والطرف؛ لا نعمم مدة واحدة.","لا مبلغ موحد مثبت؛ يراجع النظام الخاص إن انطبق.","""""","SRC98-EXEC","ديوان المظالم","اللائحة التنفيذية لنظام التنفيذ أمام ديوان المظالم","https://www.bog.gov.sa/MediaCenter/Documents/ERISBTBG.pdf","2026-09-22","REVIEWED","NEEDS_REVIEW",""
"R-ADMIN-EXEC-INSTRUMENT","02-القضاء-والتنفيذ-والأحوال","LOW","ديوان المظالم؛ معين للقضية ومنصة التنفيذ الإدارية للتنفيذ.","","طلب تنفيذ سند إداري","","المواعيد والإجراءات تختلف بحسب نوع السند وطرف التنفيذ؛ لا نضع مدة عامة لكل السندات.","لا مبلغ موحد مثبت؛ يراجع النظام الخاص إن انطبق.","""""","SRC98-EXEC","ديوان المظالم","اللائحة التنفيذية لنظام التنفيذ أمام ديوان المظالم","https://www.bog.gov.sa/MediaCenter/Documents/ERISBTBG.pdf","2026-09-22","REVIEWED","NEEDS_REVIEW",""
"R-MASTER-GENERAL","01-القائد-القانوني-العام","LOW","المحكمة أو الجهة القضائية المختصة بحسب نوع الدعوى والمرحلة المبينة في النتيجة.","","تحديد نوع الإجراء قبل الدخول للقضاء","","لا مدة موحدة لكل الإجراءات؛ المواعيد تتبع الإجراء النهائي.","التكاليف تتحدد بحسب المسار؛ لا مبلغ عام موحد.","""""","SRC99-TRIP","وزارة العدل","رحلة القضية","https://www.moj.gov.sa/ar/Ministry/Pages/CaseTripInMOJ.aspx","2026-09-22","REVIEWED","NEEDS_REVIEW",""
"R-ADMIN-SERVICE-RIGHTS","03-الإداري-والعمالي-والتجاري","LOW","ديوان المظالم؛ معين للقضية ومنصة التنفيذ الإدارية للتنفيذ.","المحكمة الإدارية","","","","الدعاوى والطلبات التي يختص بها ديوان المظالم مستثناة من نظام التكاليف القضائية.","""""","SRC-BOE-BOARD-GRIEVANCES","هيئة الخبراء بمجلس الوزراء","نظام ديوان المظالم","https://laws.boe.gov.sa/BoeLaws/Laws/LawDetails/5d3379bd-3547-494e-9fbd-a9a700f26e24/1","2026-09-22","REVIEWED","NEEDS_REVIEW",""
"R-ADMIN-CANCEL-DECISION","03-الإداري-والعمالي-والتجاري","LOW","ديوان المظالم؛ معين للقضية ومنصة التنفيذ الإدارية للتنفيذ.","المحكمة الإدارية","دعوى إلغاء قرار إداري","منصة معين الرقمية","المواعيد في المادة الثامنة من نظام المرافعات أمام ديوان المظالم تختلف بحسب نوع القرار/الحالة؛ لا تستخدم رقمًا عامًا دون تحديد الحالة. رفع الدعوى لا يوقف التنفيذ تلقائيًا، ويجوز طلب وقف التنفيذ عند تحقق شروطه.","لا مبلغ موحد مثبت؛ يراجع النظام الخاص إن انطبق.","""""","SRC98-PLEAD","ديوان المظالم","نظام المرافعات أمام ديوان المظالم ولائحته التنفيذية","https://www.bog.gov.sa/ScientificContent/JudicialSystems/Regulations/PDFs/%D9%86%D8%B8%D8%A7%D9%85%20%D8%A7%D9%84%D9%85%D8%B1%D8%A7%D9%81%D8%B9%D8%A7%D8%AA%20%D8%A3%D9%85%D8%A7%D9%85%20%D8%AF%D9%8A%D9%88%D8%A7%D9%86%20%D8%A7%D9%84%D9%85%D8%B8%D8%A7%D9%84%D9%85%20%D9%88%D9%84%D8%A7%D8%A6%D8%AD%D8%AA%D9%87%20%D8%A7%D9%84%D8%AA%D9%86%D9%81%D9%8A%D8%B0%D9%8A%D8%A9%20%D9%88%D8%A7%D9%84%D9%82%D8%B1%D8%A7%D8%B1%D8%A7%D8%AA%20%D9%88%D8%A7%D9%84%D8%AA%D8%B9%D8%A7%D9%85%D9%8A%D9%85%20%D8%A7%D9%84%D9%85%D8%B1%D8%AA%D8%A8%D8%B7%D8%A9%20%D8%A8%D9%87%D9%85%D8%A7.pdf","2026-09-22","REVIEWED","NEEDS_REVIEW",""
"R-ADMIN-COMPENSATION","03-الإداري-والعمالي-والتجاري","LOW","ديوان المظالم؛ معين للقضية ومنصة التنفيذ الإدارية للتنفيذ.","المحكمة الإدارية","","","","الدعاوى والطلبات التي يختص بها ديوان المظالم مستثناة من نظام التكاليف القضائية.","""""","SRC-BOE-BOARD-GRIEVANCES","هيئة الخبراء بمجلس الوزراء","نظام ديوان المظالم","https://laws.boe.gov.sa/BoeLaws/Laws/LawDetails/5d3379bd-3547-494e-9fbd-a9a700f26e24/1","2026-09-22","REVIEWED","NEEDS_REVIEW",""
"R-ADMIN-GOV-CONTRACT","03-الإداري-والعمالي-والتجاري","LOW","ديوان المظالم؛ معين للقضية ومنصة التنفيذ الإدارية للتنفيذ.","المحكمة الإدارية","","","","الدعاوى والطلبات التي يختص بها ديوان المظالم مستثناة من نظام التكاليف القضائية.","""""","SRC-BOE-BOARD-GRIEVANCES","هيئة الخبراء بمجلس الوزراء","نظام ديوان المظالم","https://laws.boe.gov.sa/BoeLaws/Laws/LawDetails/5d3379bd-3547-494e-9fbd-a9a700f26e24/1","2026-09-22","REVIEWED","NEEDS_REVIEW",""
"R-ADMIN-DISCIPLINARY","03-الإداري-والعمالي-والتجاري","LOW","ديوان المظالم؛ معين للقضية ومنصة التنفيذ الإدارية للتنفيذ.","المحكمة الإدارية","","","","الدعاوى والطلبات التي يختص بها ديوان المظالم مستثناة من نظام التكاليف القضائية.","""""","SRC-BOE-ADMIN-PLEADINGS","هيئة الخبراء بمجلس الوزراء","نظام المرافعات أمام ديوان المظالم","https://laws.boe.gov.sa/BoeLaws/Laws/LawDetails/f2f7b465-b576-4f47-a8e7-a9a700f27202/1","2026-09-22","REVIEWED","NEEDS_REVIEW",""
"R-ADMIN-APPEAL-DEADLINE","03-الإداري-والعمالي-والتجاري","LOW","ديوان المظالم؛ معين للقضية ومنصة التنفيذ الإدارية للتنفيذ.","المحكمة الإدارية","الاعتراض على الحكم الإداري","","الأصل أن مهلة الاعتراض أمام محكمة الاستئناف الإدارية 30 يومًا من تاريخ تسلم صورة الحكم أو من التاريخ المحدد للتسلم عند عدم الحضور، ما لم يوجد نص خاص.","لا مبلغ موحد مثبت؛ يراجع النظام الخاص إن انطبق.","""""","SRC98-PLEAD","ديوان المظالم","نظام المرافعات أمام ديوان المظالم ولائحته التنفيذية","https://www.bog.gov.sa/ScientificContent/JudicialSystems/Regulations/PDFs/%D9%86%D8%B8%D8%A7%D9%85%20%D8%A7%D9%84%D9%85%D8%B1%D8%A7%D9%81%D8%B9%D8%A7%D8%AA%20%D8%A3%D9%85%D8%A7%D9%85%20%D8%AF%D9%8A%D9%88%D8%A7%D9%86%20%D8%A7%D9%84%D9%85%D8%B8%D8%A7%D9%84%D9%85%20%D9%88%D9%84%D8%A7%D8%A6%D8%AD%D8%AA%D9%87%20%D8%A7%D9%84%D8%AA%D9%86%D9%81%D9%8A%D8%B0%D9%8A%D8%A9%20%D9%88%D8%A7%D9%84%D9%82%D8%B1%D8%A7%D8%B1%D8%A7%D8%AA%20%D9%88%D8%A7%D9%84%D8%AA%D8%B9%D8%A7%D9%85%D9%8A%D9%85%20%D8%A7%D9%84%D9%85%D8%B1%D8%AA%D8%A8%D8%B7%D8%A9%20%D8%A8%D9%87%D9%85%D8%A7.pdf","2026-09-22","REVIEWED","NEEDS_REVIEW",""
"R-LABOR-WAGE-DELAY","03-الإداري-والعمالي-والتجاري","LOW","وزارة الموارد البشرية للتسوية الودية ثم المحكمة العمالية عند تعذر الصلح.","المحكمة العمالية","صاحب العمل تأخر في دفع الأجر المستحق","","الأجر يجب دفعه في مواعيد استحقاقه المحددة؛ لا أضيف مهلة سماح عامة غير منصوص عليها.","التسوية الودية مجانية وفق وزارة الموارد البشرية.","""وزارة الموارد البشرية تؤكد الالتزام بمواعيد استحقاق الأجر ودفعه عبر البنوك المعتمدة؛ والتسوية الودية هي المرحلة الأولى للنزاع.""","SRC151-LABOR","وزارة الموارد البشرية والتنمية الاجتماعية","نظام العمل - علاقات العمل","https://www.hrsd.gov.sa/علاقات-العمل","2026-09-22","REVIEWED","NEEDS_REVIEW",""
"R-LABOR-TIME-BAR","03-الإداري-والعمالي-والتجاري","LOW","وزارة الموارد البشرية للتسوية الودية ثم المحكمة العمالية عند تعذر الصلح.","المحكمة العمالية","تريد رفع مطالبة عمالية وتحتاج معرفة مدة سماعها","","الأصل في الدعاوى العمالية عدم قبولها بعد مضي 12 شهرًا من تاريخ انتهاء علاقة العمل، ما لم يقدم المدعي عذرًا تقبله المحكمة أو يصدر من المدعى عليه إقرار بالحق.","التسوية الودية مجانية وفق وزارة الموارد البشرية.","""المادة 234 من نظام العمل تقرر مدة الاثني عشر شهرًا والاستثناءين المذكورين.""","SRC152-LABOR","وزارة الموارد البشرية والتنمية الاجتماعية","علاقات العمل - نظام العمل المحدث","https://www.hrsd.gov.sa/علاقات-العمل","2026-09-22","REVIEWED","NEEDS_REVIEW",""
"R-LABOR-DURING-LITIGATION","03-الإداري-والعمالي-والتجاري","LOW","وزارة الموارد البشرية للتسوية الودية ثم المحكمة العمالية عند تعذر الصلح.","المحكمة العمالية","النزاع العمالي قائم بالفعل في التسوية أو المحكمة","","التسوية تحاول إنهاء النزاع أو إحالته للمحكمة خلال 21 يوم عمل من أول جلسة؛ عدم حضور المدعي يؤدي للحفظ ويجوز إعادة الفتح ما لم تتجاوز 21 يوم عمل وفق صفحة الخدمة.","التسوية الودية مجانية وفق وزارة الموارد البشرية.","""صفحة التسوية الودية تحدد خطوات القبول والجلسات والصلح وتعذر الصلح والإحالة للمحكمة العمالية.""","SRC152-LABOR","وزارة الموارد البشرية والتنمية الاجتماعية","علاقات العمل - نظام العمل المحدث","https://www.hrsd.gov.sa/علاقات-العمل","2026-09-22","REVIEWED","NEEDS_REVIEW",""
"R-COMM-ARTICLE16","03-الإداري-والعمالي-والتجاري","LOW","وزارة العدل — المحكمة التجارية عند انطباق اختصاصها النظامي.","المحكمة التجارية","تريد تطبيق المادة 16 من نظام المحاكم التجارية على نزاع محدد","","لا مدة إجرائية تنشأ من المادة 16 نفسها.","","""المادة 16 تنظم اختصاص المحكمة التجارية، واللائحة التنفيذية تنظم تفاصيل تطبيق النظام وإجراءاته.""","SRC155-COMM","وزارة العدل","نظام المحاكم التجارية ولائحته التنفيذية","https://www.moj.gov.sa/Documents/Regulations/pdf/87.pdf","2026-09-22","REVIEWED","NEEDS_REVIEW",""
"R-COMM-ARBITRATION-WRITTEN","03-الإداري-والعمالي-والتجاري","LOW","وزارة العدل — المحكمة التجارية عند انطباق اختصاصها النظامي.","المحكمة التجارية","يوجد اتفاق/شرط تحكيم وتحتاج التحقق من شكله وأثره","","لا مدة موحدة لمجرد وجود الاتفاق.","","""نظام التحكيم يشترط كتابة اتفاق التحكيم، ويحدد صور الاتفاق المكتوب وآثاره.""","SRC156-ARB","هيئة الخبراء بمجلس الوزراء","نظام التحكيم","https://laws.boe.gov.sa/BoeLaws/Laws/LawDetails/5535039e-13da-43f6-8f53-a9a700f26485/1","2026-09-22","REVIEWED","NEEDS_REVIEW",""
"R-COMM-ARBITRATION-ENFORCE","03-الإداري-والعمالي-والتجاري","LOW","وزارة العدل — المحكمة التجارية عند انطباق اختصاصها النظامي.","","صدر حكم تحكيم وتريد تنفيذه","ناجز","لا يقبل طلب تنفيذ حكم التحكيم قبل انقضاء ميعاد رفع دعوى البطلان؛ ميعاد البطلان 60 يومًا من إبلاغ الطرف بالحكم.","","""المواد 52-55: الحجية والتنفيذ والمرفقات وشروط الأمر بالتنفيذ؛ ومحكمة التنفيذ تنفذ حكم المحكمين المذيل بأمر التنفيذ.""","SRC156-ARB","هيئة الخبراء بمجلس الوزراء","نظام التحكيم","https://laws.boe.gov.sa/BoeLaws/Laws/LawDetails/5535039e-13da-43f6-8f53-a9a700f26485/1","2026-09-22","REVIEWED","NEEDS_REVIEW",""
"R-COMM-ARBITRATION-NULLITY-EXEC","02-القضاء-والتنفيذ-والأحوال","LOW","وزارة العدل — المحكمة التجارية عند انطباق اختصاصها النظامي.","المحكمة التجارية","تريد رفع دعوى بطلان حكم تحكيم أو معرفة أثرها على التنفيذ","","دعوى البطلان خلال 60 يومًا من التبليغ؛ المحكمة تفصل في طلب وقف التنفيذ خلال 15 يومًا، وإذا أمرت بالوقف تفصل في دعوى البطلان خلال 180 يومًا من أمر الوقف؛ حكم البطلان قابل للطعن خلال 30 يومًا من اليوم التالي للتبليغ.","","""المواد 49-55 تنظم حصرية دعوى البطلان وأسبابها ومددها وأثرها على التنفيذ؛ رفض أمر التنفيذ يجوز التظلم منه خلال 30 يومًا من صدوره.""","SRC156-ARB","هيئة الخبراء بمجلس الوزراء","نظام التحكيم","https://laws.boe.gov.sa/BoeLaws/Laws/LawDetails/5535039e-13da-43f6-8f53-a9a700f26485/1","2026-09-22","REVIEWED","NEEDS_REVIEW",""
"R-ADMIN-EXEC-DEMAND","02-القضاء-والتنفيذ-والأحوال","LOW","ديوان المظالم؛ معين للقضية ومنصة التنفيذ الإدارية للتنفيذ.","","","","","الدعاوى والطلبات التي يختص بها ديوان المظالم مستثناة من نظام التكاليف القضائية.","""""","SRC-BOG-ADMIN-EXEC-CURRENT","ديوان المظالم","منصة التنفيذ الإدارية — تقديم طلب/منازعة تنفيذ","https://www.bog.gov.sa/EServices/Pages/tanfeedh.aspx","2026-09-22","REVIEWED","NEEDS_REVIEW",""
"R-ADMIN-EXEC-DEADLINES","02-القضاء-والتنفيذ-والأحوال","LOW","ديوان المظالم؛ معين للقضية ومنصة التنفيذ الإدارية للتنفيذ.","","","","","الدعاوى والطلبات التي يختص بها ديوان المظالم مستثناة من نظام التكاليف القضائية.","""""","SRC-BOG-ADMIN-EXEC-CURRENT","ديوان المظالم","منصة التنفيذ الإدارية — تقديم طلب/منازعة تنفيذ","https://www.bog.gov.sa/EServices/Pages/tanfeedh.aspx","2026-09-22","REVIEWED","NEEDS_REVIEW",""
"R-CRIM-APPEAL","01-القائد-القانوني-العام","LOW","الشرطة/النيابة العامة قبل الإحالة، والمحكمة الجزائية بعد الإحالة بحسب المرحلة.","","صدر حكم جزائي من محكمة الدرجة الأولى وتريد الاعتراض","","تطبق المدة الاعتراضية الجزائية وفق نظام الإجراءات الجزائية؛ يبدأ احتسابها من تسلم الحكم/التبليغ بحسب الحالة، وفواتها يسقط حق الاعتراض ما لم ينطبق استثناء نظامي.","إذا كان طلب الاستئناف خاضعًا لنظام التكاليف القضائية: 5,000 ريال وفق المادة السادسة من اللائحة التنفيذية، مع مراعاة الاستثناءات والإعفاءات النظامية.","""الباب السابع من نظام الإجراءات الجزائية ينظم الاستئناف؛ وزارة العدل تقرر أن محاكم الاستئناف تنظر الأحكام القابلة للاستئناف الصادرة من الدرجة الأولى.""","SRC148-CRIM","وزارة العدل","نظام الإجراءات الجزائية ولائحته التنفيذية","https://www.moj.gov.sa/Documents/Regulations/pdf/LawOfCriminalProcedureAndItsExecutiveRegulations.pdf","2026-09-22","REVIEWED","NEEDS_REVIEW",""
"R-CRIM-CASSATION","01-القائد-القانوني-العام","LOW","الشرطة/النيابة العامة قبل الإحالة، والمحكمة الجزائية بعد الإحالة بحسب المرحلة.","محكمة الاستئناف","صدر حكم من محكمة الاستئناف في قضية جزائية وتريد الطعن أمام المحكمة العليا","ناجز","يقدم خلال المدة الاعتراضية للحكم؛ تختلف المدة بحسب تصنيف القضية وتبدأ وفق حالة الحكم الحضوري/الغيابي كما توضح الخدمة.","إذا كان الطلب خاضعًا لنظام التكاليف القضائية: طلب النقض 7,000 ريال وفق المادة السادسة من اللائحة التنفيذية. ويُراعى ما يقرره النظام من استثناءات وإعفاءات.","""أسباب النقض محصورة: مخالفة الشريعة/الأنظمة، تشكيل المحكمة غير السليم، عدم الاختصاص، والخطأ في تكييف الواقعة أو وصفها.""","SRC148-CRIM","وزارة العدل","نظام الإجراءات الجزائية ولائحته التنفيذية","https://www.moj.gov.sa/Documents/Regulations/pdf/LawOfCriminalProcedureAndItsExecutiveRegulations.pdf","2026-09-22","REVIEWED","NEEDS_REVIEW",""
"R-CRIM-REVIEW","01-القائد-القانوني-العام","LOW","الشرطة/النيابة العامة قبل الإحالة، والمحكمة الجزائية بعد الإحالة بحسب المرحلة.","","صدر حكم جزائي نهائي وتوجد حالة استثنائية تبرر إعادة النظر","","لا أضع مدة رقمية موحدة هنا دون ربطها بسبب إعادة النظر المحدد.","","""الباب السابع من نظام الإجراءات الجزائية يتضمن إعادة النظر كطريق اعتراض استثنائي على الأحكام النهائية.""","SRC148-CRIM","وزارة العدل","نظام الإجراءات الجزائية ولائحته التنفيذية","https://www.moj.gov.sa/Documents/Regulations/pdf/LawOfCriminalProcedureAndItsExecutiveRegulations.pdf","2026-09-22","REVIEWED","NEEDS_REVIEW",""
"R-CRIM-OBJECTION-EXEC","02-القضاء-والتنفيذ-والأحوال","LOW","الشرطة/النيابة العامة قبل الإحالة، والمحكمة الجزائية بعد الإحالة بحسب المرحلة.","","الحكم الجزائي دخل مرحلة التنفيذ ويوجد اعتراض على إجراء التنفيذ لا على أصل الإدانة","","لا مدة موحدة لكل إشكالات التنفيذ.","","""الباب التاسع من نظام الإجراءات الجزائية مخصص للأحكام الواجبة التنفيذ وإجراءاتها؛ طرق الاعتراض على الحكم نفسها منظمة في الباب السابع.""","SRC150-CRIM","وزارة العدل","نظام الإجراءات الجزائية ولائحته التنفيذية","https://www.moj.gov.sa/Documents/Regulations/pdf/LawOfCriminalProcedureAndItsExecutiveRegulations.pdf","2026-09-22","REVIEWED","NEEDS_REVIEW",""
"R-EXEC-ARTICLE34","02-القضاء-والتنفيذ-والأحوال","LOW","وزارة العدل — قضاء التنفيذ، مع استثناء الأحكام والقرارات الإدارية والجنائية من الاختصاص العام الوارد بالمادة الثانية من نظام التنفيذ.","","طلب إصدار قرار 34","ناجز","","وفق المادة الخامسة من اللائحة التنفيذية لنظام التكاليف القضائية: طلب التنفيذ المباشر 500 ريال، وباقي طلبات التنفيذ 2% من قيمة المطالبة بحد أدنى 500 ريال وأقصى 10,000 ريال، حيث ينطبق نظام التكاليف. يتحمل المنفذ ضده تكاليف طلب التنفيذ ما لم يثبت عدم استحقاق طالب التنفيذ وفق التفصيل النظامي.","""""","SRC-RBR-34","وزارة العدل","الدليل الإرشادي لطلب إصدار قرار 34","https://www.moj.gov.sa/sites/knowledgebase/Documents02/CRM_CCTS_4fa4ff3f-8f52-43c9-b80c-d214d8b5f79d.pdf","2026-09-22","REVIEWED","NEEDS_REVIEW",""
"R-EXEC-ARTICLE46","02-القضاء-والتنفيذ-والأحوال","LOW","وزارة العدل — قضاء التنفيذ/ناجز.","","إجراءات المادة 46","","بعد خمسة أيام من الإبلاغ بأمر التنفيذ أو النشر عند تعذر الإبلاغ.","لا مبلغ موحد مثبت لهذه النتيجة.","""""","SRC80-EXEC-LAW","هيئة الخبراء بمجلس الوزراء","نظام التنفيذ","https://laws.boe.gov.sa/BoeLaws/Laws/LawDetails/c81ba2f1-1bf1-443b-9b1c-a9a700f27110/1","2026-09-22","REVIEWED","NEEDS_REVIEW",""
"R-EXEC-FIVE-DAYS","02-القضاء-والتنفيذ-والأحوال","LOW","وزارة العدل — قضاء التنفيذ/ناجز.","","مهلة المادة 46","","خمسة أيام من تاريخ إبلاغ المدين بأمر التنفيذ، أو من تاريخ نشره إذا تعذر إبلاغه.","لا مبلغ موحد مثبت لهذه النتيجة.","""""","SRC80-EXEC-LAW","هيئة الخبراء بمجلس الوزراء","نظام التنفيذ","https://laws.boe.gov.sa/BoeLaws/Laws/LawDetails/c81ba2f1-1bf1-443b-9b1c-a9a700f27110/1","2026-09-22","REVIEWED","NEEDS_REVIEW",""
"R-PROC-JUDICIAL-COSTS","02-القضاء-والتنفيذ-والأحوال","LOW","المحكمة أو الجهة القضائية المختصة بحسب نوع الدعوى والمرحلة المبينة في النتيجة.","","التكاليف القضائية.","ناجز","مهلة الاعتراض على تحديد مبلغ التكاليف نظامية؛ لا تُخلط بمدة تنفيذ الخدمة.","المبلغ هو ما يحدده سند التكاليف وفق النظام وليس رقمًا موحدًا لكل القضايا.","""""","SRC69-COST","وزارة العدل","التكاليف القضائية","https://www.moj.gov.sa/ar/eservices/pages/143507f9-e5db-4423-a0c1-9f489c6c3893.aspx","2026-09-22","REVIEWED","NEEDS_REVIEW",""
"R-PROC-DEADLINE-CALC","02-القضاء-والتنفيذ-والأحوال","LOW","المحكمة أو الجهة القضائية المختصة بحسب نوع الدعوى والمرحلة المبينة في النتيجة.","","حساب مدة إجرائية قضائية","","لا توجد مدة واحدة؛ هذه بوابة لحساب مدة يحددها نص آخر.","لا مبلغ موحد مثبت لهذه النتيجة.","""""","SRC79-CPL","هيئة الخبراء بمجلس الوزراء","نظام المرافعات الشرعية","https://laws.boe.gov.sa/BoeLaws/Laws/LawDetails/f0eaae46-9f84-40ee-815e-a9a700f268b3/1","2026-09-22","REVIEWED","NEEDS_REVIEW",""
"R-CASE-E-LITIGATION","01-القائد-القانوني-العام","LOW","المحكمة أو الجهة القضائية المختصة بحسب نوع الدعوى والمرحلة المبينة في النتيجة.","","التقاضي الإلكتروني (المرافعة الكتابية)","ناجز","المواعيد التي تحددها الدائرة داخل القضية يجب الالتزام بها؛ لا نضع مدة عامة واحدة.","لا نثبت رسمًا مستقلًا للمرافعة الكتابية من المصدر المستخدم.","""""","SRC72-ELIT","وزارة العدل","التقاضي الإلكتروني (المرافعة الكتابية)","https://www.moj.gov.sa/ar/Pages/default.aspx","2026-09-22","REVIEWED","NEEDS_REVIEW",""
"R-CASE-INTERRUPTION","01-القائد-القانوني-العام","LOW","المحكمة أو الجهة القضائية المختصة بحسب نوع الدعوى والمرحلة المبينة في النتيجة.","","طلب استمرار السير بعد انقطاع الخصومة","","لا مدة موحدة لاستئناف السير؛ المادة 90 توقف مواعيد المرافعات الجارية أثناء الانقطاع.","لا مبلغ موحد مثبت لهذه النتيجة.","""""","SRC79-CPL","هيئة الخبراء بمجلس الوزراء","نظام المرافعات الشرعية","https://laws.boe.gov.sa/BoeLaws/Laws/LawDetails/f0eaae46-9f84-40ee-815e-a9a700f268b3/1","2026-09-22","REVIEWED","NEEDS_REVIEW",""
"R-JUDGMENT-OMITTED-REQUEST","02-القضاء-والتنفيذ-والأحوال","LOW","المحكمة أو الجهة القضائية المختصة بحسب نوع الدعوى والمرحلة المبينة في النتيجة.","","طلب الفصل في طلب موضوعي أغفل الحكم الفصل فيه","","المادة 175 لا تضع مدة رقمية خاصة لهذا الطلب.","لا مبلغ موحد مثبت لهذه النتيجة.","""""","SRC79-CPL","هيئة الخبراء بمجلس الوزراء","نظام المرافعات الشرعية","https://laws.boe.gov.sa/BoeLaws/Laws/LawDetails/f0eaae46-9f84-40ee-815e-a9a700f268b3/1","2026-09-22","REVIEWED","NEEDS_REVIEW",""
"R-PROC-APPEAL-URGENT","02-القضاء-والتنفيذ-والأحوال","LOW","المحكمة أو الجهة القضائية المختصة بحسب نوع الدعوى والمرحلة المبينة في النتيجة.","","الاعتراض على الحكم","ناجز","المدة الاعتراضية تُحدد من النظام وتصنيف القضية؛ لا نستخدم SLA كمدة قانونية.","رسوم الخدمة الظاهرة لخدمة الاعتراض: 5000 ريال سعودي مع مراعاة النظام والإعفاءات.","""""","SRC68-APPEAL","وزارة العدل","الاعتراض على الحكم","https://moj.gov.sa/ar/eServices/Pages/cba332a0-28b8-4ce0-ab00-ef4ddeb9ab64.aspx","2026-09-22","REVIEWED","NEEDS_REVIEW",""
"R-PROC-CASSATION","02-القضاء-والتنفيذ-والأحوال","LOW","المحكمة أو الجهة القضائية المختصة بحسب نوع الدعوى والمرحلة المبينة في النتيجة.","","طلب النقض","ناجز","يقدم خلال المدة الاعتراضية؛ المدد تختلف حسب التصنيف وتبدأ للحضوري من تسليم الحكم وللغيابي من نجاح التبليغ.","رسوم الخدمة الظاهرة حاليًا: 7000 ريال سعودي.","""""","SRC68-CASS","وزارة العدل","طلب النقض","https://www.moj.gov.sa/ar/eServices/pages/aee148d0-b7f7-43eb-b1cf-8eabf4d8b10d.aspx","2026-09-22","REVIEWED","NEEDS_REVIEW",""
"R-PROC-CASSATION-STAY","02-القضاء-والتنفيذ-والأحوال","LOW","المحكمة أو الجهة القضائية المختصة بحسب نوع الدعوى والمرحلة المبينة في النتيجة.","المحكمة العليا","طلب النقض؛ وطلب وقف التنفيذ عند توافر شروطه النظامية.","ناجز","طلب النقض داخل مدته النظامية؛ وقف التنفيذ لا ينشأ تلقائيًا بمجرد تقديم النقض.","رسوم خدمة النقض الحالية 7000 ريال؛ لا نثبت رسمًا مستقلًا لوقف التنفيذ دون مصدر خاص.","""""","SRC69-CASS","وزارة العدل","طلب النقض","https://www.moj.gov.sa/ar/eServices/pages/aee148d0-b7f7-43eb-b1cf-8eabf4d8b10d.aspx","2026-09-22","REVIEWED","NEEDS_REVIEW",""
"R-PROC-RECONSIDERATION-STAY","02-القضاء-والتنفيذ-والأحوال","LOW","المحكمة أو الجهة القضائية المختصة بحسب نوع الدعوى والمرحلة المبينة في النتيجة.","","التماس إعادة النظر.","ناجز","الالتماس داخل المدة النظامية؛ طلب الالتماس بذاته لا يوقف التنفيذ ما لم يصدر وقف وفق النظام.","رسوم الخدمة الحالية 10000 ريال، مع تطبيق الإعفاءات النظامية حيث تنطبق.","""""","SRC69-RECON","وزارة العدل","التماس إعادة النظر","https://www.moj.gov.sa/ar/eServices/pages/34a53f98-57e0-4f8b-9bad-78a095ebae4b.aspx","2026-09-22","REVIEWED","NEEDS_REVIEW",""
"R-PROC-DEADLINE-EXPIRED","02-القضاء-والتنفيذ-والأحوال","LOW","المحكمة أو الجهة القضائية المختصة بحسب نوع الدعوى والمرحلة المبينة في النتيجة.","","تحديد الاستئناف/النقض/الالتماس المناسب قبل استخدام الخدمة.","","المدة تختلف بحسب الطريق وتصنيف القضية؛ لا يوضع رقم واحد لكل الحالات.","تكلفة الطلب تعتمد على طريق الاعتراض المستخدم؛ لا مبلغ موحد لهذه النتيجة.","""""","SRC69-CPL","هيئة الخبراء بمجلس الوزراء","نظام المرافعات الشرعية","https://laws.boe.gov.sa/BoeLaws/Laws/LawDetails/f0eaae46-9f84-40ee-815e-a9a700f268b3/1","2026-09-22","REVIEWED","NEEDS_REVIEW",""
"R-EXEC-DEBTOR-DEATH","02-القضاء-والتنفيذ-والأحوال","LOW","وزارة العدل — قضاء التنفيذ/ناجز.","","تقديم طلب تنفيذ","ناجز","لم يثبت من المصادر الرسمية التي راجعتها لهذه الحالة أجل إجرائي خاص لمجرد وفاة المنفذ ضده؛ لا تُنشأ مدة من غير نص.","لم يثبت لهذه الحالة رسم قضائي مستقل لمجرد وفاة المنفذ ضده؛ أي تكلفة تتحدد بحسب الإجراء الفعلي.","""""","SRC66-EXEC-APPLY","وزارة العدل","تقديم طلب تنفيذ","https://www.moj.gov.sa/ar/eservices/pages/1c719954-3463-4754-85e1-1b319b937b86.aspx","2026-09-22","REVIEWED","NEEDS_REVIEW",""
"R-EXEC-AMOUNT-CHANGE","02-القضاء-والتنفيذ-والأحوال","LOW","وزارة العدل — قضاء التنفيذ/ناجز.","","تعديل مبلغ المطالبة","ناجز","","رسوم الخدمة: لا يوجد.","""""","SRC-RBR-AMOUNT","وزارة العدل","تعديل مبلغ المطالبة","https://www.moj.gov.sa/ar/eServices/Pages/7b84d5eb-82aa-4b63-b06e-be92c72158ef.aspx","2026-09-22","REVIEWED","NEEDS_REVIEW",""
"R-EXEC-STATUS-CHECK","02-القضاء-والتنفيذ-والأحوال","LOW","وزارة العدل — قضاء التنفيذ/ناجز.","","استعلام عن طلب تنفيذ","ناجز","","رسوم الخدمة: لا يوجد.","""""","SRC-RBR-EXEC-STATUS","وزارة العدل","استعلام عن طلب تنفيذ","https://www.moj.gov.sa/ar/eServices/pages/9bd2e276-3110-4e32-a00e-330de0fec9a4.aspx","2026-09-22","REVIEWED","NEEDS_REVIEW",""
"R-EXEC-AD-INVOICE-CURRENT","02-القضاء-والتنفيذ-والأحوال","LOW","وزارة العدل — قضاء التنفيذ/ناجز.","","طلب إصدار فاتورة إعلان","ناجز","","قيمة الإعلان نفسها تظهر في فاتورة الإعلان؛ لا أضع مبلغًا ثابتًا لأن الصفحة الرسمية لا تنشر قيمة موحدة هنا.","""""","SRC-RBR-AD","وزارة العدل","طلب إصدار فاتورة إعلان","https://www.moj.gov.sa/ar/eServices/Pages/f05580e3-fadc-4227-bb2c-8500fabcf73f.aspx","2026-09-22","REVIEWED","NEEDS_REVIEW",""
"R-EXECUTION-ROUTE-CHECK","02-القضاء-والتنفيذ-والأحوال","LOW","وزارة العدل — قضاء التنفيذ/ناجز.","","التحقق من بيانات طلب التنفيذ القائم","ناجز","","رسوم الخدمة: لا يوجد.","""""","SRC-RBR-EXEC-STATUS","وزارة العدل","استعلام عن طلب تنفيذ","https://www.moj.gov.sa/ar/eServices/pages/9bd2e276-3110-4e32-a00e-330de0fec9a4.aspx","2026-09-23","REVIEWED","NEEDS_REVIEW",""
"R-LABOR-STAGE-CHECK","03-الإداري-والعمالي-والتجاري","LOW","وزارة الموارد البشرية للتسوية الودية ثم المحكمة العمالية عند تعذر الصلح.","المحكمة العمالية","التحقق من مرحلة النزاع العمالي","ناجز","بعد تعذر التسوية؛ لا نضع مهلة موضوعية موحدة لكل المطالبات العمالية في هذه النتيجة.","التحقق من الحالة لا يتضمن رسمًا قضائيًا.","""""","SRC75-HRSD","وزارة الموارد البشرية والتنمية الاجتماعية","التسوية الودية للخلافات العمالية","https://www.hrsd.gov.sa/ministry-services/services/269970","2026-09-23","REVIEWED","NEEDS_REVIEW",""
"R-FAMILY-DOCUMENT-CHECK","02-القضاء-والتنفيذ-والأحوال","LOW","وزارة العدل — محكمة الأحوال الشخصية/ناجز بحسب نوع الإجراء.","محكمة الأحوال الشخصية","التحقق من نوع المستند الأسري","ناجز","لا مهلة سقوط موحدة للخدمة منشورة؛ مدة تنفيذ الخدمة التشغيلية ليست مهلة حق.","لا مبلغ موحد مثبت لهذه النتيجة.","""""","SRC82-CUSTEXEC","وزارة العدل","طلب خدمة حضانة","https://www.moj.gov.sa/ar/eservices/pages/739b4d6e-c736-4d27-ba3e-a6d17dd561aa.aspx","2026-09-23","REVIEWED","NEEDS_REVIEW",""
"R-REAL-STATUS-CHECK","04-القطاعات-التنظيمية","LOW","الجهة القضائية أو الرسمية المحددة في المصدر المرتبط بالنتيجة.","","التحقق من بيانات العقد والعقار","إيجار أو ناجز بحسب المستند","","","""""","SRC-MOJ-FIRST-COURTS","وزارة العدل","محاكم الدرجة الأولى واختصاصاتها","https://moj.gov.sa/ar/Ministry/Courts/Pages/FirstCourts.aspx","2026-09-23","REVIEWED","NEEDS_REVIEW",""
"R-CRIMINAL-STATUS-CHECK","01-القائد-القانوني-العام","LOW","الشرطة/النيابة العامة قبل الإحالة، والمحكمة الجزائية بعد الإحالة بحسب المرحلة.","","التحقق من حالة البلاغ أو القضية الجزائية","ناجز","الموعد هو المبين في الاستدعاء.","","""النظام ينظم حضور الخصوم، وناجز يتيح الخدمات القضائية للأطراف.""","SRC150-CRIM","وزارة العدل","نظام الإجراءات الجزائية ولائحته التنفيذية","https://www.moj.gov.sa/Documents/Regulations/pdf/LawOfCriminalProcedureAndItsExecutiveRegulations.pdf","2026-09-23","REVIEWED","NEEDS_REVIEW",""
"R-DOCUMENTATION-SERVICE-CHECK","01-القائد-القانوني-العام","MEDIUM","وزارة العدل","","دليل الخدمات العدلية","ناجز","","","""""","SRC-IAM-NAFATH","النفاذ الوطني الموحد","النفاذ الوطني الموحد","https://www.iam.gov.sa/","2026-09-23","REVIEWED","NEEDS_REVIEW",""
"R-SPECIAL-PRIVACY-START","04-القطاعات-التنظيمية","MEDIUM","الهيئة السعودية للبيانات والذكاء الاصطناعي (سدايا)","","","","","","""""","SRC-SDAIA-PDPL-COMPLAINT","الهيئة السعودية للبيانات والذكاء الاصطناعي (سدايا)","اللائحة التنفيذية لنظام حماية البيانات الشخصية — تقديم ومعالجة الشكاوى","https://dgp.sdaia.gov.sa/wps/portal/pdp/knowledgecenter/details/PDPL2","2026-09-23","REVIEWED","NEEDS_REVIEW",""
"R-SPECIAL-EDU-START","01-القائد-القانوني-العام","MEDIUM","وزارة التعليم","","","","","","""""","SRC-MOE-PRIVATE-FEES","وزارة التعليم","القواعد المنظمة للرسوم الدراسية للمدارس الأهلية والعالمية","https://www.moe.gov.sa/ar/education/generaleducation/Pages/NSFeesRules.aspx","2026-09-23","REVIEWED","NEEDS_REVIEW",""
"R-SPECIAL-ELECTRICITY-START","04-القطاعات-التنظيمية","MEDIUM","الهيئة السعودية لتنظيم الكهرباء","","","","","","""""","SRC-SERA-COMPLAINTS","الهيئة السعودية لتنظيم الكهرباء","الدليل الإرشادي لخدمة تصعيد شكاوى الخدمات الكهربائية","https://sera.gov.sa/-/media/wera/pdfs/e-service/complaint-escalation-guide.pdf","2026-09-23","REVIEWED","NEEDS_REVIEW",""
"R-SPECIAL-WATER-START","04-القطاعات-التنظيمية","MEDIUM","الهيئة السعودية للمياه","","","","","","""""","SRC-SWA-WATER-COMPLAINTS","الهيئة السعودية للمياه","تصعيد الشكاوى — الأسئلة الشائعة","https://swaprd.atit.sa/ar/faq/complaint","2026-09-23","REVIEWED","NEEDS_REVIEW",""