"source_id","title","authority","source_type","original_url","final_url","official_domain","official_domain_verified","http_status","access_status","response_method","content_type","https","redirected","verification_status","classification","relation_check","keyword_hits","notes","reason","verification_date","checked_at","last_verified","manual_check_required","legal_review_required","affected_results","affected_count"
"SRC-ABSHER-ACCIDENT-OBJECTION","الاعتراض على الحوادث المرورية","منصة أبشر — وزارة الداخلية","GENERAL_GOVERNMENT_INFORMATION","https://www.absher.sa/wps/portal/individuals/Home/homepublic/contents/!ut/p/z1/lVDLbsIwEPwVeuCIvHZUAkcnSOYpnhHBl8hKTLQVmEKctPw9VsQBhBTaPc2OZh8zRJKYSKMqzJXFk1EH1-9kN-myaUiHPTaZbwZ9WE58H2ZsQQGAbGsBPBWHYMUCD0DMGZH_n3_c9Lf5BoFsXr_WhozfHXEp4Nf5LDmR6clY_WtJXANjizagybDCrFQH1-hCXypMddEqHWrlJWb6gW2Dvaj9HtPOC5PcmYT1nStZ_yQo5UMmYCrEisEy5NTzeUB79PMuaAr-nfXvYxTFP1cPcPRxA47Mm9w!/dz/d5/L0lHSkovd0RNQUprQUVnQSEhLzROVkUvYXI!/","https://www.absher.sa/wps/portal/individuals/Home/homepublic/contents/!ut/p/z1/lVDLbsIwEPwVeuCIvHZUAkcnSOYpnhHBl8hKTLQVmEKctPw9VsQBhBTaPc2OZh8zRJKYSKMqzJXFk1EH1-9kN-myaUiHPTaZbwZ9WE58H2ZsQQGAbGsBPBWHYMUCD0DMGZH_n3_c9Lf5BoFsXr_WhozfHXEp4Nf5LDmR6clY_WtJXANjizagybDCrFQH1-hCXypMddEqHWrlJWb6gW2Dvaj9HtPOC5PcmYT1nStZ_yQo5UMmYCrEisEy5NTzeUB79PMuaAr-nfXvYxTFP1cPcPRxA47Mm9w!/dz/d5/L0lHSkovd0RNQUprQUVnQSEhLzROVkUvYXI!/","www.absher.sa","YES","200","HTTP_200","GET","text/html; charset=UTF-8","YES","NO","ACTIVE","ACTIVE","NEEDS_MANUAL_CONTENT_CHECK","0","الرابط يعمل على HTTPS ونطاق رسمي.","الرابط يعمل على HTTPS ونطاق رسمي.","2026-09-23","2026-09-23T16:42:50.176Z","2026-09-20","YES","NO","R-SP-MOTOR-ACCIDENT-OBJECTION","1"
"SRC-ABSHER-DL-RENEW","تجديد رخصة القيادة","منصة أبشر — وزارة الداخلية","OFFICIAL_PROCEDURAL_GUIDE","https://www.absher.sa/wps/wcm/connect/individuals/contents/individuals%2BAR/eServices%2BUser%2BGuide/eServices/Traffic-Services/","https://www.absher.sa/wps/wcm/connect/individuals/contents/individuals%2BAR/eServices%2BUser%2BGuide/eServices/Traffic-Services/","www.absher.sa","YES","200","HTTP_200","GET","text/html; charset=UTF-8","YES","NO","ACTIVE","ACTIVE","LIKELY_RELEVANT","3","الرابط يعمل على HTTPS ونطاق رسمي.","الرابط يعمل على HTTPS ونطاق رسمي.","2026-09-23","2026-09-23T16:42:50.176Z","2026-09-20","NO","NO","R-SP-DRIVING-LICENSE-RENEW","1"
"SRC-ABSHER-IQAMA-RENEW","تجديد هوية مقيم","منصة أبشر","OFFICIAL_PROCEDURAL_GUIDE","https://www.absher.sa/wps/portal/individuals/static/guide/service-contents/!ut/p/z1/jVNbc6IwFP4rvvRph8lJgACPCJRYdBexaOHFoRI66SpSiOzuv9_oujOtTqV5OrfvfOcWlKMnlNdFL14KKfZ1sVV6ltM1xr7NSAhT-O67QCMwg6UzxYBNtPoYYJu-DnMviJiPQ32eAso_uKPEV-6Y4kfGdHv8Hw-fPPcCP8x_RXDEw8QwGDZIBEkyBtd1nEXIFgA_yBlverE3sWc6DuPUAnJvGQ8ejcIlWF_jv0HwJTwlUw8zW-GXVNUfkNg27zGBCR2qf4myMcr6LP7WuJfDuGbLb896hfKLfV2vcyjHv4BbAz0F3Op46GYWvEaZatX6tFVG0aoX_BdK6327U3e8OGZdebP1PA0ShW1a3vFans78ke-abSE5yjre9mLDRyWXhdgeIc1GlCizwNSJww1t4xCqGdWzrhVVpWuVrkNZEUoriyMG6GFo2-o7ide3t9xF-WZfS_5boqeTUMvuDkRdil6Uh2KrFH4uphsdlDR6OYiSv7PeQVN0XbNvpXZhamW3PptM1OzS06v_aD-ToPLHM_5szzr3L9DMMpw!!/dz/d5/L0lHSkovd0RNQUZrQUVnQSEhLzROVkUvYXI!/","https://www.absher.sa/wps/portal/individuals/static/guide/service-contents/!ut/p/z1/jVNbc6IwFP4rvvRph8lJgACPCJRYdBexaOHFoRI66SpSiOzuv9_oujOtTqV5OrfvfOcWlKMnlNdFL14KKfZ1sVV6ltM1xr7NSAhT-O67QCMwg6UzxYBNtPoYYJu-DnMviJiPQ32eAso_uKPEV-6Y4kfGdHv8Hw-fPPcCP8x_RXDEw8QwGDZIBEkyBtd1nEXIFgA_yBlverE3sWc6DuPUAnJvGQ8ejcIlWF_jv0HwJTwlUw8zW-GXVNUfkNg27zGBCR2qf4myMcr6LP7WuJfDuGbLb896hfKLfV2vcyjHv4BbAz0F3Op46GYWvEaZatX6tFVG0aoX_BdK6327U3e8OGZdebP1PA0ShW1a3vFans78ke-abSE5yjre9mLDRyWXhdgeIc1GlCizwNSJww1t4xCqGdWzrhVVpWuVrkNZEUoriyMG6GFo2-o7ide3t9xF-WZfS_5boqeTUMvuDkRdil6Uh2KrFH4uphsdlDR6OYiSv7PeQVN0XbNvpXZhamW3PptM1OzS06v_aD-ToPLHM_5szzr3L9DMMpw!!/dz/d5/L0lHSkovd0RNQUZrQUVnQSEhLzROVkUvYXI!/","www.absher.sa","YES","200","HTTP_200","GET","text/html; charset=UTF-8","YES","NO","ACTIVE","ACTIVE","NEEDS_MANUAL_CONTENT_CHECK","0","الرابط يعمل على HTTPS ونطاق رسمي.","الرابط يعمل على HTTPS ونطاق رسمي.","2026-09-23","2026-09-23T16:42:50.176Z","2026-09-19","YES","NO","R-IQAMA-RENEW","1"
"SRC-ABSHER-MOTOR-AUTH","تفويض مركبة","منصة أبشر — وزارة الداخلية","OFFICIAL_PROCEDURAL_GUIDE","https://www.absher.sa/wps/portal/individuals/static/guide/service-contents/","https://www.absher.sa/wps/portal/individuals/static/guide/service-contents/","www.absher.sa","YES","200","HTTP_200","GET","text/html; charset=UTF-8","YES","NO","ACTIVE","ACTIVE","NEEDS_MANUAL_CONTENT_CHECK","0","الرابط يعمل على HTTPS ونطاق رسمي.","الرابط يعمل على HTTPS ونطاق رسمي.","2026-09-23","2026-09-23T16:42:50.176Z","2026-09-20","YES","NO","R-SP-MOTOR-AUTH","1"
"SRC-ABSHER-NATIONAL-ID","خدمات الهوية الوطنية — تجديد وبدل فاقد وبدل تالف","منصة أبشر","OFFICIAL_SERVICE_PAGE","https://www.absher.sa/wps/portal/individuals/static/NewServices/","https://www.absher.sa/wps/portal/individuals/static/NewServices/","www.absher.sa","YES","200","HTTP_200","GET","text/html; charset=UTF-8","YES","NO","ACTIVE","ACTIVE","NEEDS_MANUAL_CONTENT_CHECK","0","الرابط يعمل على HTTPS ونطاق رسمي.","الرابط يعمل على HTTPS ونطاق رسمي.","2026-09-23","2026-09-23T16:42:50.176Z","2026-09-19","YES","NO","","0"
"SRC-ABSHER-PASSPORT-SERVICES","خدمات الجواز السعودي","منصة أبشر","OFFICIAL_PROCEDURAL_GUIDE","https://www.absher.sa/wps/wcm/connect/individuals/contents/individuals/eServices%2BUser%2BGuide/eServices/Passport-Services/","https://www.absher.sa/wps/wcm/connect/individuals/contents/individuals/eServices%2BUser%2BGuide/eServices/Passport-Services/","www.absher.sa","YES","200","HTTP_200","GET","text/html; charset=UTF-8","YES","NO","ACTIVE","ACTIVE","NEEDS_MANUAL_CONTENT_CHECK","0","الرابط يعمل على HTTPS ونطاق رسمي.","الرابط يعمل على HTTPS ونطاق رسمي.","2026-09-23","2026-09-23T16:42:50.176Z","2026-09-19","YES","NO","R-PASSPORT-SA-RENEW | R-PASSPORT-SA-ISSUE | R-PASSPORT-SA-LOST","3"
"SRC-ABSHER-REG-RENEW","تجديد رخصة السير","منصة أبشر — وزارة الداخلية","OFFICIAL_PROCEDURAL_GUIDE","https://www.absher.sa/wps/wcm/connect/individuals/contents/individuals%2BAR/eServices%2BUser%2BGuide/eServices/Traffic-Services/","https://www.absher.sa/wps/wcm/connect/individuals/contents/individuals%2BAR/eServices%2BUser%2BGuide/eServices/Traffic-Services/","www.absher.sa","YES","200","HTTP_200","GET","text/html; charset=UTF-8","YES","NO","ACTIVE","ACTIVE","LIKELY_RELEVANT","3","الرابط يعمل على HTTPS ونطاق رسمي.","الرابط يعمل على HTTPS ونطاق رسمي.","2026-09-23","2026-09-23T16:42:50.176Z","2026-09-20","NO","NO","R-SP-MOTOR-REG-RENEW","1"
"SRC-ABSHER-TRAFFIC-OBJECTION","الاعتراض على المخالفات المرورية — أبشر","منصة أبشر","OFFICIAL_PROCEDURAL_GUIDE","https://www.absher.sa/wps/portal/individuals/static/guide/service-contents/!ut/p/z0/tY5NC4JAFEX_ii1cxntTKLa0DKUi-qJyNjHoGK9iqplR-vlZVEit2917uFwOcNgCV6KivbB0VuJU95T7O8aiIOnEOMFpFKI_Rm-47k0YMg-WQsMIeHMUjBcRzgczn62SpBv0vccLHa5XHgLPzsrKm4XtMyhrXCSVU0V5KU7GEdpFaaSuKJPGKevk7EvKZYO6aLUoCsrab_It8Gv5Z4EP2b0IY3A5xps2T1t3wDxqyA!!/","https://www.absher.sa/wps/portal/individuals/static/guide/service-contents/!ut/p/z0/tY5NC4JAFEX_ii1cxntTKLa0DKUi-qJyNjHoGK9iqplR-vlZVEit2917uFwOcNgCV6KivbB0VuJU95T7O8aiIOnEOMFpFKI_Rm-47k0YMg-WQsMIeHMUjBcRzgczn62SpBv0vccLHa5XHgLPzsrKm4XtMyhrXCSVU0V5KU7GEdpFaaSuKJPGKevk7EvKZYO6aLUoCsrab_It8Gv5Z4EP2b0IY3A5xps2T1t3wDxqyA!!/","www.absher.sa","YES","200","HTTP_200","GET","text/html; charset=UTF-8","YES","NO","ACTIVE","ACTIVE","LIKELY_RELEVANT","4","الرابط يعمل على HTTPS ونطاق رسمي.","الرابط يعمل على HTTPS ونطاق رسمي.","2026-09-23","2026-09-23T16:42:50.176Z","2026-09-20","NO","NO","R-SP-TRAFFIC-VIOLATION-OBJECTION","1"
"SRC-ABSHER-TRAFFIC-SERVICES","خدمات المرور الإلكترونية","منصة أبشر — وزارة الداخلية","OFFICIAL_PROCEDURAL_GUIDE","https://absher.sa/wps/wcm/connect/individuals/contents/individuals%2BAR/eServices%2BUser%2BGuide/eServices/Traffic-Services/","https://absher.sa/wps/wcm/connect/individuals/contents/individuals%2BAR/eServices%2BUser%2BGuide/eServices/Traffic-Services/","absher.sa","YES","200","HTTP_200","GET","text/html; charset=UTF-8","YES","NO","ACTIVE","ACTIVE","LIKELY_RELEVANT","3","الرابط يعمل على HTTPS ونطاق رسمي.","الرابط يعمل على HTTPS ونطاق رسمي.","2026-09-23","2026-09-23T16:42:50.176Z","2026-09-20","NO","NO","R-SP-MOTOR-PLATE-LOST | R-SP-MOTOR-PLATE-REPLACE","2"
"SRC-ABSHER-VISAS","إصدار تأشيرة الخروج والعودة أو الخروج النهائي — أبشر","منصة أبشر","OFFICIAL_PROCEDURAL_GUIDE","https://www.absher.sa/wps/wcm/connect/individuals/contents/individuals/eServices%2BUser%2BGuide/eServices/Passport-Services/","https://www.absher.sa/wps/wcm/connect/individuals/contents/individuals/eServices%2BUser%2BGuide/eServices/Passport-Services/","www.absher.sa","YES","200","HTTP_200","GET","text/html; charset=UTF-8","YES","NO","ACTIVE","ACTIVE","NEEDS_MANUAL_CONTENT_CHECK","0","الرابط يعمل على HTTPS ونطاق رسمي.","الرابط يعمل على HTTPS ونطاق رسمي.","2026-09-23","2026-09-23T16:42:50.176Z","2026-09-20","YES","NO","R-PASSPORT-VISA-GUIDE | R-PASSPORT-EXITREENTRY-EXTEND | R-PASSPORT-VISA-CANCEL | R-PASSPORT-VISIT-EXTEND | R-PASSPORT-VISIT-DEPART","5"
"SRC-BALADY-COMMERCIAL-INQUIRY","استعلام عن رخصة نشاط تجاري","وزارة البلديات والإسكان — بلدي","GENERAL_GOVERNMENT_INFORMATION","https://apps.balady.gov.sa/Eservices/Inquiries/vocational","https://apps.balady.gov.sa/Eservices/Inquiries/vocational","apps.balady.gov.sa","YES","200","HTTP_200","GET","text/html; charset=utf-8","YES","NO","ACTIVE","ACTIVE","LIKELY_RELEVANT","4","الرابط يعمل على HTTPS ونطاق رسمي.","الرابط يعمل على HTTPS ونطاق رسمي.","2026-09-23","2026-09-23T16:42:50.176Z","2026-09-21","NO","NO","R-BALADY-LICENSE-INQUIRY","1"
"SRC-BFC-CLAIM","طريقة تقديم الدعوى والخدمات الإلكترونية","الأمانة العامة للجان المنازعات والمخالفات المصرفية والتمويلية","GENERAL_GOVERNMENT_INFORMATION","https://www.bfc.gov.sa/ar-sa/eServices/pages/appellatecommittee.aspx","https://www.bfc.gov.sa/ar-sa/eServices/pages/appellatecommittee.aspx","www.bfc.gov.sa","YES","200","HTTP_200","GET","text/html; charset=utf-8","YES","NO","ACTIVE","ACTIVE","LIKELY_RELEVANT","3","الرابط يعمل على HTTPS ونطاق رسمي.","الرابط يعمل على HTTPS ونطاق رسمي.","2026-09-23","2026-09-23T16:42:50.176Z","2026-09-14","NO","NO","R-SP-BANKING-COMMITTEE","1"
"SRC-BOE-REAL-ESTATE-BROKERAGE","نظام الوساطة العقارية","الهيئة العامة للعقار","LEGAL_SOURCE","https://rega.gov.sa/الأنظمة-والقرارات/الأنظمة-واللوائح-والأدلة/الأنظمة/نظام-الوساطة-العقارية/","https://rega.gov.sa/%D8%A7%D9%84%D8%A3%D9%86%D8%B8%D9%85%D8%A9-%D9%88%D8%A7%D9%84%D9%82%D8%B1%D8%A7%D8%B1%D8%A7%D8%AA/%D8%A7%D9%84%D8%A3%D9%86%D8%B8%D9%85%D8%A9-%D9%88%D8%A7%D9%84%D9%84%D9%88%D8%A7%D8%A6%D8%AD-%D9%88%D8%A7%D9%84%D8%A3%D8%AF%D9%84%D8%A9/%D8%A7%D9%84%D8%A3%D9%86%D8%B8%D9%85%D8%A9/%D9%86%D8%B8%D8%A7%D9%85-%D8%A7%D9%84%D9%88%D8%B3%D8%A7%D8%B7%D8%A9-%D8%A7%D9%84%D8%B9%D9%82%D8%A7%D8%B1%D9%8A%D8%A9/","rega.gov.sa","YES","200","HTTP_200","GET","text/html; charset=utf-8","YES","NO","ACTIVE","ACTIVE","LIKELY_RELEVANT","2","الرابط يعمل على HTTPS ونطاق رسمي.","الرابط يعمل على HTTPS ونطاق رسمي.","2026-09-23","2026-09-23T16:42:50.176Z","2026-09-18","NO","NO","","0"
"SRC-CIV-CLAIM","صحيفة دعوى","وزارة العدل","GENERAL_GOVERNMENT_INFORMATION","https://moj.gov.sa/ar/eServices/Pages/928b8f02-19a7-482b-ba0e-29a151d9a900.aspx","https://moj.gov.sa/ar/eServices/Pages/928b8f02-19a7-482b-ba0e-29a151d9a900.aspx","moj.gov.sa","YES","200","HTTP_200","GET","text/html; charset=utf-8","YES","NO","ACTIVE","ACTIVE","LIKELY_RELEVANT","2","الرابط يعمل على HTTPS ونطاق رسمي.","الرابط يعمل على HTTPS ونطاق رسمي.","2026-09-23","2026-09-23T16:42:50.176Z","2026-09-23","NO","NO","","0"
"SRC-CIV-TRIP","رحلة القضية في وزارة العدل","وزارة العدل","GENERAL_GOVERNMENT_INFORMATION","https://www.moj.gov.sa/ar/Ministry/Pages/CaseTripInMOJ.aspx","https://www.moj.gov.sa/ar/Ministry/Pages/CaseTripInMOJ.aspx","www.moj.gov.sa","YES","200","HTTP_200","GET","text/html; charset=utf-8","YES","NO","ACTIVE","ACTIVE","LIKELY_RELEVANT","3","الرابط يعمل على HTTPS ونطاق رسمي.","الرابط يعمل على HTTPS ونطاق رسمي.","2026-09-23","2026-09-23T16:42:50.176Z","2026-09-23","NO","NO","","0"
"SRC-CST-ESCALATE","تصعيد شكاوى الاتصالات","هيئة الاتصالات والفضاء والتقنية","OFFICIAL_SERVICE_PAGE","https://www.cst.gov.sa/services/Telecom-Complaints-Escalation","https://www.cst.gov.sa/services/Telecom-Complaints-Escalation","www.cst.gov.sa","YES","200","HTTP_200","GET","text/html; charset=utf-8","YES","NO","ACTIVE","ACTIVE","LIKELY_RELEVANT","3","الرابط يعمل على HTTPS ونطاق رسمي.","الرابط يعمل على HTTPS ونطاق رسمي.","2026-09-23","2026-09-23T16:42:50.176Z","2026-09-15","NO","NO","R-SP-CST-FIRST-COMPLAINT | R-SP-CST-WAIT-PROVIDER | R-SP-CST-ESCALATE | R-SP-CST-DEADLINE-CHECK","4"
"SRC-GOSI-COMPLAINT","تقديم شكوى","المؤسسة العامة للتأمينات الاجتماعية","OFFICIAL_SERVICE_PAGE","https://beta.gosi.gov.sa/ar/services/individual-services/Make-a-complaint","https://beta.gosi.gov.sa/ar/services/individual-services/Make-a-complaint","beta.gosi.gov.sa","YES","200","HTTP_200","GET","text/html; charset=utf-8","YES","NO","ACTIVE","ACTIVE","LIKELY_RELEVANT","2","الرابط يعمل على HTTPS ونطاق رسمي.","الرابط يعمل على HTTPS ونطاق رسمي.","2026-09-23","2026-09-23T16:42:50.176Z","2026-09-16","NO","NO","R-GOSI-SERVICE-COMPLAINT","1"
"SRC-GOSI-CONTRIB","خدمات المشترك ومدد الاشتراك","المؤسسة العامة للتأمينات الاجتماعية","GENERAL_GOVERNMENT_INFORMATION","https://www.gosi.gov.sa/","https://www.gosi.gov.sa/","www.gosi.gov.sa","YES","206","HTTP_206","GET","text/html","YES","NO","ACTIVE","ACTIVE","NEEDS_MANUAL_CONTENT_CHECK","0","الرابط يعمل على HTTPS ونطاق رسمي.","الرابط يعمل على HTTPS ونطاق رسمي.","2026-09-23","2026-09-23T16:42:50.176Z","2026-09-21","YES","NO","R-GOSI-CONTRIBUTION","1"
"SRC-GOSI-DISABILITY-APPEAL","استئناف قرار العجز","المؤسسة العامة للتأمينات الاجتماعية","LEGAL_SOURCE","https://beta.gosi.gov.sa/ar/services/individual-services/Appeal_The_Disability_Decision_","https://beta.gosi.gov.sa/ar/services/individual-services/Appeal_The_Disability_Decision_","beta.gosi.gov.sa","YES","200","HTTP_200","GET","text/html; charset=utf-8","YES","NO","ACTIVE","ACTIVE","LIKELY_RELEVANT","3","الرابط يعمل على HTTPS ونطاق رسمي.","الرابط يعمل على HTTPS ونطاق رسمي.","2026-09-23","2026-09-23T16:42:50.176Z","2026-09-16","NO","NO","R-GOSI-DISABILITY-APPEAL","1"
"SRC-GOSI-OCC","الأخطار المهنية","المؤسسة العامة للتأمينات الاجتماعية","GENERAL_GOVERNMENT_INFORMATION","https://www.gosi.gov.sa/","https://www.gosi.gov.sa/","www.gosi.gov.sa","YES","206","HTTP_206","GET","text/html","YES","NO","ACTIVE","ACTIVE","NEEDS_MANUAL_CONTENT_CHECK","0","الرابط يعمل على HTTPS ونطاق رسمي.","الرابط يعمل على HTTPS ونطاق رسمي.","2026-09-23","2026-09-23T16:42:50.176Z","2026-09-21","YES","NO","R-GOSI-INJURY","1"
"SRC-GOSI-PENSION","خدمات المعاشات والتقاعد","المؤسسة العامة للتأمينات الاجتماعية","GENERAL_GOVERNMENT_INFORMATION","https://www.gosi.gov.sa/","https://www.gosi.gov.sa/","www.gosi.gov.sa","YES","206","HTTP_206","GET","text/html","YES","NO","ACTIVE","ACTIVE","NEEDS_MANUAL_CONTENT_CHECK","0","الرابط يعمل على HTTPS ونطاق رسمي.","الرابط يعمل على HTTPS ونطاق رسمي.","2026-09-23","2026-09-23T16:42:50.176Z","2026-09-21","YES","NO","R-GOSI-PENSION","1"
"SRC-GOSI-REGISTRATION","شكوى على سعودة وهمية (للمشترك) المربوطة بالتفتيش الإلكتروني","التأمينات الاجتماعية","OFFICIAL_SERVICE_PAGE","https://www.gosi.gov.sa/GOSIOnline/Registration","https://www.gosi.gov.sa/GOSIOnline/Registration","www.gosi.gov.sa","YES","200","HTTP_200","GET","text/html; charset=UTF-8","YES","NO","ACTIVE","ACTIVE","LIKELY_RELEVANT","7","الرابط يعمل على HTTPS ونطاق رسمي.","الرابط يعمل على HTTPS ونطاق رسمي.","2026-09-23","2026-09-23T16:42:50.176Z","2026-09-21","NO","NO","R-GOSI-FICTITIOUS","1"
"SRC-GOSI-REVIEW-BIZ","طلب التماس / اعتراض بشأن قرار متخذ من المؤسسة — أصحاب العمل","المؤسسة العامة للتأمينات الاجتماعية","LEGAL_SOURCE","https://beta.gosi.gov.sa/ar/services/business/Review_Decision2","https://beta.gosi.gov.sa/ar/services/business/Review_Decision2","beta.gosi.gov.sa","YES","200","HTTP_200","GET","text/html; charset=utf-8","YES","NO","ACTIVE","ACTIVE","LIKELY_RELEVANT","8","الرابط يعمل على HTTPS ونطاق رسمي.","الرابط يعمل على HTTPS ونطاق رسمي.","2026-09-23","2026-09-23T16:42:50.176Z","2026-09-16","NO","NO","R-GOSI-REVIEW-BIZ","1"
"SRC-GOSI-SANED","نظام التأمين ضد التعطل عن العمل (ساند)","التأمينات الاجتماعية","LEGAL_SOURCE","https://beta.gosi.gov.sa/ar/saned","https://beta.gosi.gov.sa/ar/saned","beta.gosi.gov.sa","YES","200","HTTP_200","GET","text/html; charset=utf-8","YES","NO","ACTIVE","ACTIVE","LIKELY_RELEVANT","4","الرابط يعمل على HTTPS ونطاق رسمي.","الرابط يعمل على HTTPS ونطاق رسمي.","2026-09-23","2026-09-23T16:42:50.176Z","2026-09-21","NO","NO","R-GOSI-SANED-APPLY","1"
"SRC-GOSI-SANED-EXEMPTION","خدمة طلب الإعفاء من مهلة ساند","التأمينات الاجتماعية","OFFICIAL_SERVICE_PAGE","https://beta.gosi.gov.sa/ar/services/individual-services/RequestExcemption","https://beta.gosi.gov.sa/ar/services/individual-services/RequestExcemption","beta.gosi.gov.sa","YES","200","HTTP_200","GET","text/html; charset=utf-8","YES","NO","ACTIVE","ACTIVE","LIKELY_RELEVANT","3","الرابط يعمل على HTTPS ونطاق رسمي.","الرابط يعمل على HTTPS ونطاق رسمي.","2026-09-23","2026-09-23T16:42:50.176Z","2026-09-21","NO","NO","R-GOSI-SANED-EXEMPTION","1"
"SRC-GOSI-SANED-RESUME","خدمة استئناف صرف تعويضات التعطل عن العمل","التأمينات الاجتماعية","OFFICIAL_SERVICE_PAGE","https://beta.gosi.gov.sa/ar/services/individual-services/Resumption_of_unemployment_compensation_payments","https://beta.gosi.gov.sa/ar/services/individual-services/Resumption_of_unemployment_compensation_payments","beta.gosi.gov.sa","YES","200","HTTP_200","GET","text/html; charset=utf-8","YES","NO","ACTIVE","ACTIVE","LIKELY_RELEVANT","4","الرابط يعمل على HTTPS ونطاق رسمي.","الرابط يعمل على HTTPS ونطاق رسمي.","2026-09-23","2026-09-23T16:42:50.176Z","2026-09-21","NO","NO","R-GOSI-SANED-RESUME","1"
"SRC-HRSD-ABSENCE-DOMESTIC-2026","الوزارة تطلق خدمة الانقطاع عن العمل للعمالة المساندة عبر مساند","وزارة الموارد البشرية والتنمية الاجتماعية","OFFICIAL_SERVICE_PAGE","https://www.hrsd.gov.sa/media-center/news/خدمة-الانقطاع-عن-العمل","https://www.hrsd.gov.sa/media-center/news/%D8%AE%D8%AF%D9%85%D8%A9-%D8%A7%D9%84%D8%A7%D9%86%D9%82%D8%B7%D8%A7%D8%B9-%D8%B9%D9%86-%D8%A7%D9%84%D8%B9%D9%85%D9%84","www.hrsd.gov.sa","YES","200","HTTP_200","GET","text/html; charset=utf-8","YES","NO","ACTIVE","ACTIVE","LIKELY_RELEVANT","5","الرابط يعمل على HTTPS ونطاق رسمي.","الرابط يعمل على HTTPS ونطاق رسمي.","2026-09-23","2026-09-23T16:42:50.176Z","2026-09-21","NO","NO","R-DOMESTIC-ABSENCE","1"
"SRC-HRSD-ABSENCE-PRIVATE","الدليل الإجرائي لإنهاء العلاقة التعاقدية — لمن ليس لديه عقد عمل موثق إلكترونيًا","وزارة الموارد البشرية والتنمية الاجتماعية","OFFICIAL_PROCEDURAL_GUIDE","https://www.hrsd.gov.sa/knowledge-centre/decisions-and-regulations/regulation-and-procedures/الدليل-الإجرائي-لإنهاء-العلاقة-التعاقدية-لمن-ليس","https://www.hrsd.gov.sa/knowledge-centre/decisions-and-regulations/regulation-and-procedures/%D8%A7%D9%84%D8%AF%D9%84%D9%8A%D9%84-%D8%A7%D9%84%D8%A5%D8%AC%D8%B1%D8%A7%D8%A6%D9%8A-%D9%84%D8%A5%D9%86%D9%87%D8%A7%D8%A1-%D8%A7%D9%84%D8%B9%D9%84%D8%A7%D9%82%D8%A9-%D8%A7%D9%84%D8%AA%D8%B9%D8%A7%D9%82%D8%AF%D9%8A%D8%A9-%D9%84%D9%85%D9%86-%D9%84%D9%8A%D8%B3","www.hrsd.gov.sa","YES","200","HTTP_200","GET","text/html; charset=utf-8","YES","NO","ACTIVE","ACTIVE","LIKELY_RELEVANT","8","الرابط يعمل على HTTPS ونطاق رسمي.","الرابط يعمل على HTTPS ونطاق رسمي.","2026-09-23","2026-09-23T16:42:50.176Z","2026-09-21","NO","NO","","0"
"SRC-HRSD-DOMESTIC-COMPLAINTS","مساند قناة موحدة لشكاوى عقود التوسط في الاستقدام","وزارة الموارد البشرية والتنمية الاجتماعية","GENERAL_GOVERNMENT_INFORMATION","https://www.hrsd.gov.sa/knowledge-centre/decisions-and-regulations/ministerial-decisions/845688","https://www.hrsd.gov.sa/knowledge-centre/decisions-and-regulations/ministerial-decisions/845688","www.hrsd.gov.sa","YES","200","HTTP_200","GET","text/html; charset=utf-8","YES","NO","ACTIVE","ACTIVE","LIKELY_RELEVANT","6","الرابط يعمل على HTTPS ونطاق رسمي.","الرابط يعمل على HTTPS ونطاق رسمي.","2026-09-23","2026-09-23T16:42:50.176Z","2026-09-20","NO","NO","R-DOMESTIC-RECRUIT-COMPLAINT","1"
"SRC-HRSD-DOMESTIC-DOC","التوثيق الإلكتروني لعقود العمالة المنزلية","وزارة الموارد البشرية والتنمية الاجتماعية","OFFICIAL_SERVICE_PAGE","https://www.hrsd.gov.sa/ministry-services/services/833342","https://www.hrsd.gov.sa/ministry-services/services/833342","www.hrsd.gov.sa","YES","200","HTTP_200","GET","text/html; charset=utf-8","YES","NO","ACTIVE","ACTIVE","LIKELY_RELEVANT","5","الرابط يعمل على HTTPS ونطاق رسمي.","الرابط يعمل على HTTPS ونطاق رسمي.","2026-09-23","2026-09-23T16:42:50.176Z","2026-09-23","NO","NO","R-DOMESTIC-DOC","1"
"SRC-HRSD-DOMESTIC-LICENSE","التحقق من مقدمي خدمات الاستقدام المرخصين والتعامل عبر مساند","وزارة الموارد البشرية والتنمية الاجتماعية","GENERAL_GOVERNMENT_INFORMATION","https://www.hrsd.gov.sa/media-center/news/%D9%86%D8%B4%D8%A7%D8%B7-%D8%A7%D9%84%D8%A7%D8%B3%D8%AA%D9%82%D8%AF%D8%A7%D9%85-%D9%88%D8%A7%D9%84%D8%AE%D8%AF%D9%85%D8%A7%D8%AA-%D8%A7%D9%84%D8%B9%D9%85%D8%A7%D9%84%D9%8A%D8%A9","https://www.hrsd.gov.sa/media-center/news/%D9%86%D8%B4%D8%A7%D8%B7-%D8%A7%D9%84%D8%A7%D8%B3%D8%AA%D9%82%D8%AF%D8%A7%D9%85-%D9%88%D8%A7%D9%84%D8%AE%D8%AF%D9%85%D8%A7%D8%AA-%D8%A7%D9%84%D8%B9%D9%85%D8%A7%D9%84%D9%8A%D8%A9","www.hrsd.gov.sa","YES","200","HTTP_200","GET","text/html; charset=utf-8","YES","NO","ACTIVE","ACTIVE","LIKELY_RELEVANT","6","الرابط يعمل على HTTPS ونطاق رسمي.","الرابط يعمل على HTTPS ونطاق رسمي.","2026-09-23","2026-09-23T16:42:50.176Z","2026-09-20","NO","NO","R-DOMESTIC-RECRUIT-LICENSE","1"
"SRC-HRSD-DOMESTIC-RECRUIT","طلب تعاقد مع مكتب - شركة استقدام","وزارة الموارد البشرية والتنمية الاجتماعية","OFFICIAL_SERVICE_PAGE","https://www.hrsd.gov.sa/ministry-services/services/%D8%B7%D9%84%D8%A8-%D8%AA%D8%B9%D8%A7%D9%82%D8%AF-%D9%85%D8%B9-%D9%85%D9%83%D8%AA%D8%A8-%D8%B4%D8%B1%D9%83%D8%A9-%D8%A7%D8%B3%D8%AA%D9%82%D8%AF%D8%A7%D9%85","https://www.hrsd.gov.sa/ministry-services/services/%D8%B7%D9%84%D8%A8-%D8%AA%D8%B9%D8%A7%D9%82%D8%AF-%D9%85%D8%B9-%D9%85%D9%83%D8%AA%D8%A8-%D8%B4%D8%B1%D9%83%D8%A9-%D8%A7%D8%B3%D8%AA%D9%82%D8%AF%D8%A7%D9%85","www.hrsd.gov.sa","YES","200","HTTP_200","GET","text/html; charset=utf-8","YES","NO","ACTIVE","ACTIVE","LIKELY_RELEVANT","4","الرابط يعمل على HTTPS ونطاق رسمي.","الرابط يعمل على HTTPS ونطاق رسمي.","2026-09-23","2026-09-23T16:42:50.176Z","2026-09-20","NO","NO","R-DOMESTIC-RECRUIT-START","1"
"SRC-HRSD-DOMESTIC-SETTLEMENT-2026","القواعد والإجراءات المنظمة لتسوية خلافات العمالة المنزلية ومن في حكمهم","وزارة الموارد البشرية والتنمية الاجتماعية","GENERAL_GOVERNMENT_INFORMATION","https://www.hrsd.gov.sa/knowledge-centre/decisions-and-regulations/regulation-and-procedures/%D8%A7%D9%84%D9%82%D9%88%D8%A7%D8%B9%D8%AF-%D9%88%D8%A7%D9%84%D8%A5%D8%AC%D8%B1%D8%A7%D8%A1%D8%A7%D8%AA-%D8%A7%D9%84%D9%85%D9%86%D8%B8%D9%85%D8%A9-%D9%84%D8%AA%D8%B3%D9%88%D9%8A%D8%A9-%D8%AE%D9%84%D8%A7%D9%81%D8%A7%D8%AA-%D8%A7%D9%84%D8%B9%D9%85%D8%A7%D9%84%D8%A9","https://www.hrsd.gov.sa/knowledge-centre/decisions-and-regulations/regulation-and-procedures/%D8%A7%D9%84%D9%82%D9%88%D8%A7%D8%B9%D8%AF-%D9%88%D8%A7%D9%84%D8%A5%D8%AC%D8%B1%D8%A7%D8%A1%D8%A7%D8%AA-%D8%A7%D9%84%D9%85%D9%86%D8%B8%D9%85%D8%A9-%D9%84%D8%AA%D8%B3%D9%88%D9%8A%D8%A9-%D8%AE%D9%84%D8%A7%D9%81%D8%A7%D8%AA-%D8%A7%D9%84%D8%B9%D9%85%D8%A7%D9%84%D8%A9","www.hrsd.gov.sa","YES","200","HTTP_200","GET","text/html; charset=utf-8","YES","NO","ACTIVE","ACTIVE","LIKELY_RELEVANT","8","الرابط يعمل على HTTPS ونطاق رسمي.","الرابط يعمل على HTTPS ونطاق رسمي.","2026-09-23","2026-09-23T16:42:50.176Z","2026-09-22","NO","NO","","0"
"SRC-HRSD-DOMESTIC-TRANSFER-IND","نقل خدمات العمالة المنزلية","وزارة الموارد البشرية والتنمية الاجتماعية","OFFICIAL_SERVICE_PAGE","https://www.hrsd.gov.sa/ministry-services/services/%D9%86%D9%82%D9%84-%D8%AE%D8%AF%D9%85%D8%A7%D8%AA-%D8%A7%D9%84%D8%B9%D9%85%D8%A7%D9%84%D8%A9-%D8%A7%D9%84%D9%85%D9%86%D8%B2%D9%84%D9%8A%D8%A9-%D9%85%D9%86-%D9%85%D9%86%D8%B4%D8%A3%D8%A9-%D8%A5%D9%84%D9%89-%D9%81%D8%B1%D8%AF","https://www.hrsd.gov.sa/ministry-services/services/%D9%86%D9%82%D9%84-%D8%AE%D8%AF%D9%85%D8%A7%D8%AA-%D8%A7%D9%84%D8%B9%D9%85%D8%A7%D9%84%D8%A9-%D8%A7%D9%84%D9%85%D9%86%D8%B2%D9%84%D9%8A%D8%A9-%D9%85%D9%86-%D9%85%D9%86%D8%B4%D8%A3%D8%A9-%D8%A5%D9%84%D9%89-%D9%81%D8%B1%D8%AF","www.hrsd.gov.sa","YES","200","HTTP_200","GET","text/html; charset=utf-8","YES","NO","ACTIVE","ACTIVE","LIKELY_RELEVANT","3","الرابط يعمل على HTTPS ونطاق رسمي.","الرابط يعمل على HTTPS ونطاق رسمي.","2026-09-23","2026-09-23T16:42:50.176Z","2026-09-20","NO","NO","R-DOMESTIC-TRANSFER-IND | R-DOMESTIC-TRANSFER-DISPUTE","2"
"SRC-HRSD-DOMESTIC-WAGE-PROTECTION-2026","حماية أجور العمالة المنزلية","وزارة الموارد البشرية والتنمية الاجتماعية","OFFICIAL_SERVICE_PAGE","https://www.hrsd.gov.sa/ministry-services/services/%D8%AD%D9%85%D8%A7%D9%8A%D8%A9-%D8%A3%D8%AC%D9%88%D8%B1-%D8%A7%D9%84%D8%B9%D9%85%D8%A7%D9%84%D8%A9-%D8%A7%D9%84%D9%85%D9%86%D8%B2%D9%84%D9%8A%D8%A9","https://www.hrsd.gov.sa/ministry-services/services/%D8%AD%D9%85%D8%A7%D9%8A%D8%A9-%D8%A3%D8%AC%D9%88%D8%B1-%D8%A7%D9%84%D8%B9%D9%85%D8%A7%D9%84%D8%A9-%D8%A7%D9%84%D9%85%D9%86%D8%B2%D9%84%D9%8A%D8%A9","www.hrsd.gov.sa","YES","200","HTTP_200","GET","text/html; charset=utf-8","YES","NO","ACTIVE","ACTIVE","LIKELY_RELEVANT","4","الرابط يعمل على HTTPS ونطاق رسمي.","الرابط يعمل على HTTPS ونطاق رسمي.","2026-09-23","2026-09-23T16:42:50.176Z","2026-09-15","NO","NO","","0"
"SRC-HRSD-DV-1919","الإبلاغ عن العنف الأسري — مركز بلاغات الحماية الأسرية 1919","وزارة الموارد البشرية والتنمية الاجتماعية","OFFICIAL_SERVICE_PAGE","https://www.hrsd.gov.sa/ministry-services/services/الإبلاغ-عن-العنف-الأسري","https://www.hrsd.gov.sa/ministry-services/services/%D8%A7%D9%84%D8%A5%D8%A8%D9%84%D8%A7%D8%BA-%D8%B9%D9%86-%D8%A7%D9%84%D8%B9%D9%86%D9%81-%D8%A7%D9%84%D8%A3%D8%B3%D8%B1%D9%8A","www.hrsd.gov.sa","YES","200","HTTP_200","GET","text/html; charset=utf-8","YES","NO","ACTIVE","ACTIVE","LIKELY_RELEVANT","8","الرابط يعمل على HTTPS ونطاق رسمي.","الرابط يعمل على HTTPS ونطاق رسمي.","2026-09-23","2026-09-23T16:42:50.176Z","2026-09-18","NO","NO","R-DV-PROTECTION | R-DV-REVIEW","2"
"SRC-HRSD-EXECUTIVE-LABOR-CONTRACT","الدليل الإرشادي لمبادرة عقد العمل الموثق سندًا تنفيذيًا","وزارة الموارد البشرية والتنمية الاجتماعية","OFFICIAL_PROCEDURAL_GUIDE","https://www.hrsd.gov.sa/labor-culture","https://www.hrsd.gov.sa/labor-culture","www.hrsd.gov.sa","YES","200","HTTP_200","GET","text/html; charset=utf-8","YES","NO","ACTIVE","ACTIVE","LIKELY_RELEVANT","2","الرابط يعمل على HTTPS ونطاق رسمي.","الرابط يعمل على HTTPS ونطاق رسمي.","2026-09-23","2026-09-23T16:42:50.176Z","2026-09-21","NO","NO","","0"
"SRC-HRSD-FREELANCE","منصة العمل الحر","وزارة الموارد البشرية والتنمية الاجتماعية","GENERAL_GOVERNMENT_INFORMATION","https://freelance.sa/","https://freelance.sa/","freelance.sa","YES","206","HTTP_206","GET","text/html","YES","NO","ACTIVE","ACTIVE","LIKELY_RELEVANT","2","الرابط يعمل على HTTPS ونطاق رسمي.","الرابط يعمل على HTTPS ونطاق رسمي.","2026-09-23","2026-09-23T16:42:50.176Z","2026-09-21","NO","NO","R-HRSD-FREELANCE","1"
"SRC-HRSD-LABOR-SETTLE-2026","التسوية الودية للخلافات العمالية","وزارة الموارد البشرية والتنمية الاجتماعية","OFFICIAL_SERVICE_PAGE","https://www.hrsd.gov.sa/ministry-services/services/269970","https://www.hrsd.gov.sa/ministry-services/services/269970","www.hrsd.gov.sa","YES","200","HTTP_200","GET","text/html; charset=utf-8","YES","NO","ACTIVE","ACTIVE","LIKELY_RELEVANT","4","الرابط يعمل على HTTPS ونطاق رسمي.","الرابط يعمل على HTTPS ونطاق رسمي.","2026-09-23","2026-09-23T16:42:50.176Z","2026-09-15","NO","NO","","0"
"SRC-HRSD-SS-2026","نظام الضمان الاجتماعي المطور","وزارة الموارد البشرية والتنمية الاجتماعية","LEGAL_SOURCE","https://www.hrsd.gov.sa/ministry-services/services/نظام-الضمان-الاجتماعي-المطور","https://www.hrsd.gov.sa/ministry-services/services/%D9%86%D8%B8%D8%A7%D9%85-%D8%A7%D9%84%D8%B6%D9%85%D8%A7%D9%86-%D8%A7%D9%84%D8%A7%D8%AC%D8%AA%D9%85%D8%A7%D8%B9%D9%8A-%D8%A7%D9%84%D9%85%D8%B7%D9%88%D8%B1","www.hrsd.gov.sa","YES","200","HTTP_200","GET","text/html; charset=utf-8","YES","NO","ACTIVE","ACTIVE","LIKELY_RELEVANT","3","الرابط يعمل على HTTPS ونطاق رسمي.","الرابط يعمل على HTTPS ونطاق رسمي.","2026-09-23","2026-09-23T16:42:50.176Z","2026-09-21","NO","NO","R-SS-APPLY","1"
"SRC-HRSD-SS-ELIGIBILITY-2026","معايير وخطوات الأهلية والاعتراض والاستحقاق في الضمان الاجتماعي","وزارة الموارد البشرية والتنمية الاجتماعية","GENERAL_GOVERNMENT_INFORMATION","https://www.hrsd.gov.sa/media-center/news/معايير وخطوات-للأهلية","https://www.hrsd.gov.sa/media-center/news/%D9%85%D8%B9%D8%A7%D9%8A%D9%8A%D8%B1%C2%A0%D9%88%D8%AE%D8%B7%D9%88%D8%A7%D8%AA-%D9%84%D9%84%D8%A3%D9%87%D9%84%D9%8A%D8%A9","www.hrsd.gov.sa","YES","200","HTTP_200","GET","text/html; charset=utf-8","YES","NO","ACTIVE","ACTIVE","LIKELY_RELEVANT","7","الرابط يعمل على HTTPS ونطاق رسمي.","الرابط يعمل على HTTPS ونطاق رسمي.","2026-09-23","2026-09-23T16:42:50.176Z","2026-09-21","NO","NO","R-SS-ELIGIBILITY-APPEAL | R-SS-FIN-COMPLAINT","2"
"SRC-HRSD-SS-TICKET-2026","شكاوي واستفسارات واقتراحات المستفيدين من الضمان","وزارة الموارد البشرية والتنمية الاجتماعية","OFFICIAL_SERVICE_PAGE","https://www.hrsd.gov.sa/ministry-services/services/شكاوي-واستفسارات-واقتراحات-المستفيدين-من-الضمان","https://www.hrsd.gov.sa/ministry-services/services/%D8%B4%D9%83%D8%A7%D9%88%D9%8A-%D9%88%D8%A7%D8%B3%D8%AA%D9%81%D8%B3%D8%A7%D8%B1%D8%A7%D8%AA-%D9%88%D8%A7%D9%82%D8%AA%D8%B1%D8%A7%D8%AD%D8%A7%D8%AA-%D8%A7%D9%84%D9%85%D8%B3%D8%AA%D9%81%D9%8A%D8%AF%D9%8A%D9%86-%D9%85%D9%86-%D8%A7%D9%84%D8%B6%D9%85%D8%A7%D9%86","www.hrsd.gov.sa","YES","200","HTTP_200","GET","text/html; charset=utf-8","YES","NO","ACTIVE","ACTIVE","LIKELY_RELEVANT","5","الرابط يعمل على HTTPS ونطاق رسمي.","الرابط يعمل على HTTPS ونطاق رسمي.","2026-09-23","2026-09-23T16:42:50.176Z","2026-09-21","NO","NO","R-SS-SERVICE-TICKET","1"
"SRC-IA-COMPLAINT","شكوى جديدة أو متابعة شكوى ضد شركة التأمين","هيئة التأمين","OFFICIAL_SERVICE_PAGE","https://www.ia.gov.sa/ar/eservices-ia/service-details/Complaint-against-an-insurance-company","https://www.ia.gov.sa/ar/eservices-ia/service-details/Complaint-against-an-insurance-company","www.ia.gov.sa","YES","200","HTTP_200","GET","text/html; charset=utf-8","YES","NO","ACTIVE","ACTIVE","LIKELY_RELEVANT","6","الرابط يعمل على HTTPS ونطاق رسمي.","الرابط يعمل على HTTPS ونطاق رسمي.","2026-09-23","2026-09-23T16:42:50.176Z","2026-09-16","NO","NO","R-SP-INS-COMPLAINT | R-SP-INS-FOLLOW","2"
"SRC-IA-DISPUTE","الاعتراض على نتائج الشكاوى - الإحالة لقنوات لجان الفصل التأمينية","هيئة التأمين","REGULATOR_PAGE","https://www.ia.gov.sa/ar/faqs","https://www.ia.gov.sa/ar/faqs","www.ia.gov.sa","YES","200","HTTP_200","GET","text/html; charset=utf-8","YES","NO","ACTIVE","ACTIVE","LIKELY_RELEVANT","7","الرابط يعمل على HTTPS ونطاق رسمي.","الرابط يعمل على HTTPS ونطاق رسمي.","2026-09-23","2026-09-23T16:42:50.176Z","2026-09-14","NO","NO","R-SP-INS-DISPUTE","1"
"SRC-IA-MOTOR-DIGITAL","الخدمات الرقمية لتأمين المركبات والحوادث المرورية","هيئة التأمين","REGULATOR_PAGE","https://www.ia.gov.sa/ar/media-center/news/6","https://www.ia.gov.sa/ar/media-center/news/6","www.ia.gov.sa","YES","200","HTTP_200","GET","text/html; charset=utf-8","YES","NO","ACTIVE","ACTIVE","LIKELY_RELEVANT","5","الرابط يعمل على HTTPS ونطاق رسمي.","الرابط يعمل على HTTPS ونطاق رسمي.","2026-09-23","2026-09-23T16:42:50.176Z","2026-09-16","NO","NO","R-SP-MOTOR-REPORT | R-SP-MOTOR-CLAIM","2"
"SRC-MEWA-AGRI-LICENSE","خدمة إصدار رخصة النشاط الزراعي عبر منصة نما","وزارة البيئة والمياه والزراعة","OFFICIAL_SERVICE_PAGE","https://www.mewa.gov.sa/ar/MediaCenter/News/Pages/News13232020.aspx","https://www.mewa.gov.sa/ar/MediaCenter/News/Pages/News13232020.aspx","www.mewa.gov.sa","YES","200","HTTP_200","GET","text/html; charset=utf-8","YES","NO","ACTIVE","ACTIVE","LIKELY_RELEVANT","4","الرابط يعمل على HTTPS ونطاق رسمي.","الرابط يعمل على HTTPS ونطاق رسمي.","2026-09-23","2026-09-23T16:42:50.176Z","2026-09-21","NO","NO","R-MEWA-AGRI-LICENSE","1"
"SRC-MEWA-CONTACT","تواصل معنا — منصة نما للشكاوى والاستفسارات","وزارة البيئة والمياه والزراعة","GENERAL_GOVERNMENT_INFORMATION","https://www.mewa.gov.sa/ar/Ministry/AboutMinistry/ContactUs/Pages/default.aspx","https://www.mewa.gov.sa/ar/Ministry/AboutMinistry/ContactUs/Pages/default.aspx","www.mewa.gov.sa","YES","200","HTTP_200","GET","text/html; charset=utf-8","YES","NO","ACTIVE","ACTIVE","LIKELY_RELEVANT","3","الرابط يعمل على HTTPS ونطاق رسمي.","الرابط يعمل على HTTPS ونطاق رسمي.","2026-09-23","2026-09-23T16:42:50.176Z","2026-09-21","NO","NO","R-MEWA-COMPLAINT","1"
"SRC-MEWA-FAQ-AGRI","الأسئلة الشائعة — إصدار السجل الزراعي المطور","وزارة البيئة والمياه والزراعة","OFFICIAL_SERVICE_PAGE","https://www.mewa.gov.sa/ar/HowWeCanHelp/Help/FAQ/Pages/default.aspx","https://www.mewa.gov.sa/ar/HowWeCanHelp/Help/FAQ/Pages/default.aspx","www.mewa.gov.sa","YES","200","HTTP_200","GET","text/html; charset=utf-8","YES","NO","ACTIVE","ACTIVE","LIKELY_RELEVANT","6","الرابط يعمل على HTTPS ونطاق رسمي.","الرابط يعمل على HTTPS ونطاق رسمي.","2026-09-23","2026-09-23T16:42:50.176Z","2026-09-21","NO","NO","R-MEWA-AGRI-REGISTER","1"
"SRC-MOE-PRIVATE-FEES","القواعد المنظمة للرسوم الدراسية للمدارس الأهلية والعالمية","وزارة التعليم","GENERAL_GOVERNMENT_INFORMATION","https://www.moe.gov.sa/ar/education/generaleducation/Pages/NSFeesRules.aspx","https://www.moe.gov.sa/ar/education/generaleducation/Pages/NSFeesRules.aspx","www.moe.gov.sa","YES","200","HTTP_200","GET","text/html; charset=utf-8","YES","NO","ACTIVE","ACTIVE","LIKELY_RELEVANT","6","الرابط يعمل على HTTPS ونطاق رسمي.","الرابط يعمل على HTTPS ونطاق رسمي.","2026-09-23","2026-09-23T16:42:50.176Z","2026-09-20","NO","NO","R-SPECIAL-EDU-FOLLOW | R-SPECIAL-EDU-RESPONSE-REVIEW | R-SPECIAL-EDU-START","3"
"SRC-MOE-TAWASUL-UNI","تواصل — الشكاوى والاستفسارات للجامعات وقطاعات التعليم","وزارة التعليم","GENERAL_GOVERNMENT_INFORMATION","https://www.moe.gov.sa/ar/contactus/Pages/Tawasul.aspx","https://www.moe.gov.sa/ar/contactus/Pages/Tawasul.aspx","www.moe.gov.sa","YES","200","HTTP_200","GET","text/html; charset=utf-8","YES","NO","ACTIVE","ACTIVE","LIKELY_RELEVANT","4","الرابط يعمل على HTTPS ونطاق رسمي.","الرابط يعمل على HTTPS ونطاق رسمي.","2026-09-23","2026-09-23T16:42:50.176Z","2026-09-21","NO","NO","R-UNI-COMPLAINT | R-UNI-DECISION-REVIEW | R-MOE-TAWASUL-GENERAL | R-MOE-TAWASUL-INQUIRY","4"
"SRC-MOE-UNIFIED-ADMISSION","القبول الموحد في الجامعات والجهات التعليمية","وزارة التعليم","OFFICIAL_SERVICE_PAGE","https://www.moe.gov.sa/ar/knowledgecenter/eservices/pages/unified-admission.aspx","https://www.moe.gov.sa/ar/knowledgecenter/eservices/pages/unified-admission.aspx","www.moe.gov.sa","YES","200","HTTP_200","GET","text/html; charset=utf-8","YES","NO","ACTIVE","ACTIVE","LIKELY_RELEVANT","4","الرابط يعمل على HTTPS ونطاق رسمي.","الرابط يعمل على HTTPS ونطاق رسمي.","2026-09-23","2026-09-23T16:42:50.176Z","2026-09-21","NO","NO","R-UNI-ADMISSION","1"
"SRC-MOH-937-COMPLAINT","خدمات 937 للشكاوى والبلاغات","وزارة الصحة","OFFICIAL_SERVICE_PAGE","https://www.moh.gov.sa/937/pages/default.aspx","https://www.moh.gov.sa/937/pages/default.aspx","www.moh.gov.sa","YES","200","HTTP_200","GET","text/html; charset=utf-8","YES","NO","ACTIVE","ACTIVE","NEEDS_MANUAL_CONTENT_CHECK","1","الرابط يعمل على HTTPS ونطاق رسمي.","الرابط يعمل على HTTPS ونطاق رسمي.","2026-09-23","2026-09-23T16:42:50.176Z","2026-09-16","YES","NO","R-SP-HEALTH-COMPLAINT","1"
"SRC-MOH-HEALTH-LICENSE","خدمات التراخيص الصحية","وزارة الصحة","OFFICIAL_SERVICE_PAGE","https://www.moh.gov.sa/eservices/licences/pages/default.aspx","https://www.moh.gov.sa/eservices/licences/pages/default.aspx","www.moh.gov.sa","YES","200","HTTP_200","GET","text/html; charset=utf-8","YES","NO","ACTIVE","ACTIVE","LIKELY_RELEVANT","3","الرابط يعمل على HTTPS ونطاق رسمي.","الرابط يعمل على HTTPS ونطاق رسمي.","2026-09-23","2026-09-23T16:42:50.176Z","2026-09-23","NO","NO","R-MOH-HEALTH-LICENSE","1"
"SRC-MOH-SEHHATY-APPOINTMENT","منصة صحتي — خدمة حجز المواعيد","وزارة الصحة","OFFICIAL_SERVICE_PAGE","https://www.moh.gov.sa/eservices/sehhaty/pages/appointment-booking-on-sehhaty.aspx","https://www.moh.gov.sa/eservices/sehhaty/pages/appointment-booking-on-sehhaty.aspx","www.moh.gov.sa","YES","200","HTTP_200","GET","text/html; charset=utf-8","YES","NO","ACTIVE","ACTIVE","LIKELY_RELEVANT","2","الرابط يعمل على HTTPS ونطاق رسمي.","الرابط يعمل على HTTPS ونطاق رسمي.","2026-09-23","2026-09-23T16:42:50.176Z","2026-09-21","NO","NO","R-MOH-SEHHATY-APPOINTMENT","1"
"SRC-MOH-SEHHATY-REPORT","منصة صحتي — خدمة التقارير الطبية","وزارة الصحة","OFFICIAL_SERVICE_PAGE","https://www.moh.gov.sa/eservices/sehhaty/pages/sick-leaves.aspx","https://www.moh.gov.sa/eservices/sehhaty/pages/sick-leaves.aspx","www.moh.gov.sa","YES","200","HTTP_200","GET","text/html; charset=utf-8","YES","NO","ACTIVE","ACTIVE","LIKELY_RELEVANT","3","الرابط يعمل على HTTPS ونطاق رسمي.","الرابط يعمل على HTTPS ونطاق رسمي.","2026-09-23","2026-09-23T16:42:50.176Z","2026-09-21","NO","NO","R-MOH-SEHHATY-REPORT","1"
"SRC-MOJ-ACK-SERVICES","الاطلاع على الإقرارات — باقة الوكالات والإقرارات في ناجز","وزارة العدل","GENERAL_GOVERNMENT_INFORMATION","https://www.moj.gov.sa/ar/eServices/Pages/34af7c85-9d0e-49ce-86cb-38b088b0529f.aspx","https://www.moj.gov.sa/ar/eServices/Pages/34af7c85-9d0e-49ce-86cb-38b088b0529f.aspx","www.moj.gov.sa","YES","200","HTTP_200","GET","text/html; charset=utf-8","YES","NO","ACTIVE","ACTIVE","LIKELY_RELEVANT","6","الرابط يعمل على HTTPS ونطاق رسمي.","الرابط يعمل على HTTPS ونطاق رسمي.","2026-09-23","2026-09-23T16:42:50.176Z","2026-09-19","NO","NO","","0"
"SRC-MOJ-CASE-FILING","صحيفة دعوى","وزارة العدل","OFFICIAL_SERVICE_PAGE","https://www.moj.gov.sa/ar/eservices/pages/928b8f02-19a7-482b-ba0e-29a151d9a900.aspx","https://www.moj.gov.sa/ar/eservices/pages/928b8f02-19a7-482b-ba0e-29a151d9a900.aspx","www.moj.gov.sa","YES","200","HTTP_200","GET","text/html; charset=utf-8","YES","NO","ACTIVE","ACTIVE","LIKELY_RELEVANT","2","الرابط يعمل على HTTPS ونطاق رسمي.","الرابط يعمل على HTTPS ونطاق رسمي.","2026-09-23","2026-09-23T16:42:50.176Z","2026-09-22","NO","NO","","0"
"SRC-MOJ-CASE-TRIP","رحلة القضية في وزارة العدل","وزارة العدل","GENERAL_GOVERNMENT_INFORMATION","https://www.moj.gov.sa/ar/Ministry/Pages/CaseTripInMOJ.aspx","https://www.moj.gov.sa/ar/Ministry/Pages/CaseTripInMOJ.aspx","www.moj.gov.sa","YES","200","HTTP_200","GET","text/html; charset=utf-8","YES","NO","ACTIVE","ACTIVE","LIKELY_RELEVANT","3","الرابط يعمل على HTTPS ونطاق رسمي.","الرابط يعمل على HTTPS ونطاق رسمي.","2026-09-23","2026-09-23T16:42:50.176Z","2026-09-22","NO","NO","R-JUDGMENT-OPPONENT-APPEAL","1"
"SRC-MOJ-CASSATION","طلب النقض","وزارة العدل","OFFICIAL_SERVICE_PAGE","https://www.moj.gov.sa/ar/eServices/pages/aee148d0-b7f7-43eb-b1cf-8eabf4d8b10d.aspx","https://www.moj.gov.sa/ar/eServices/pages/aee148d0-b7f7-43eb-b1cf-8eabf4d8b10d.aspx","www.moj.gov.sa","YES","200","HTTP_200","GET","text/html; charset=utf-8","YES","NO","ACTIVE","ACTIVE","LIKELY_RELEVANT","1","الرابط يعمل على HTTPS ونطاق رسمي.","الرابط يعمل على HTTPS ونطاق رسمي.","2026-09-23","2026-09-23T16:42:50.176Z","2026-09-22","NO","NO","","0"
"SRC-MOJ-COMM-COURTS","محاكم الدرجة الأولى - اختصاص المحاكم التجارية","وزارة العدل","GENERAL_GOVERNMENT_INFORMATION","https://www.moj.gov.sa/ar/ministry/courts/pages/firstcourts.aspx","https://www.moj.gov.sa/ar/ministry/courts/pages/firstcourts.aspx","www.moj.gov.sa","YES","200","HTTP_200","GET","text/html; charset=utf-8","YES","NO","ACTIVE","ACTIVE","LIKELY_RELEVANT","6","الرابط يعمل على HTTPS ونطاق رسمي.","الرابط يعمل على HTTPS ونطاق رسمي.","2026-09-23","2026-09-23T16:42:50.176Z","2026-09-15","NO","NO","","0"
"SRC-MOJ-CRIM-COURTS","محاكم الدرجة الأولى - المحاكم الجزائية","وزارة العدل","GENERAL_GOVERNMENT_INFORMATION","https://www.moj.gov.sa/ar/ministry/courts/pages/firstcourts.aspx","https://www.moj.gov.sa/ar/ministry/courts/pages/firstcourts.aspx","www.moj.gov.sa","YES","200","HTTP_200","GET","text/html; charset=utf-8","YES","NO","ACTIVE","ACTIVE","LIKELY_RELEVANT","5","الرابط يعمل على HTTPS ونطاق رسمي.","الرابط يعمل على HTTPS ونطاق رسمي.","2026-09-23","2026-09-23T16:42:50.176Z","2026-09-14","NO","NO","","0"
"SRC-MOJ-CUSTODY-DOC","توثيق حضانة","وزارة العدل","OFFICIAL_SERVICE_PAGE","https://www.moj.gov.sa/ar/eservices/pages/e2560f40-ddf8-4e37-b212-394787344aef.aspx","https://www.moj.gov.sa/ar/eservices/pages/e2560f40-ddf8-4e37-b212-394787344aef.aspx","www.moj.gov.sa","YES","200","HTTP_200","GET","text/html; charset=utf-8","YES","NO","ACTIVE","ACTIVE","LIKELY_RELEVANT","2","الرابط يعمل على HTTPS ونطاق رسمي.","الرابط يعمل على HTTPS ونطاق رسمي.","2026-09-23","2026-09-23T16:42:50.176Z","2026-09-14","NO","NO","","0"
"SRC-MOJ-CUSTODY-EXEC","طلب خدمة حضانة","وزارة العدل","OFFICIAL_SERVICE_PAGE","https://www.moj.gov.sa/ar/eservices/pages/739b4d6e-c736-4d27-ba3e-a6d17dd561aa.aspx","https://www.moj.gov.sa/ar/eservices/pages/739b4d6e-c736-4d27-ba3e-a6d17dd561aa.aspx","www.moj.gov.sa","YES","200","HTTP_200","GET","text/html; charset=utf-8","YES","NO","ACTIVE","ACTIVE","LIKELY_RELEVANT","1","الرابط يعمل على HTTPS ونطاق رسمي.","الرابط يعمل على HTTPS ونطاق رسمي.","2026-09-23","2026-09-23T16:42:50.176Z","2026-09-14","NO","NO","","0"
"SRC-MOJ-DEBT-ACK","وزارة العدل – الإقرار بدين","وزارة العدل","GENERAL_GOVERNMENT_INFORMATION","https://www.moj.gov.sa/ar/eServices/Pages/52de3217-7df0-4326-8f1a-8ce294cce7e2.aspx","https://www.moj.gov.sa/ar/eServices/Pages/52de3217-7df0-4326-8f1a-8ce294cce7e2.aspx","www.moj.gov.sa","YES","200","HTTP_200","GET","text/html; charset=utf-8","YES","NO","ACTIVE","ACTIVE","LIKELY_RELEVANT","3","الرابط يعمل على HTTPS ونطاق رسمي.","الرابط يعمل على HTTPS ونطاق رسمي.","2026-09-23","2026-09-23T16:42:50.176Z","2026-09-16","NO","NO","","0"
"SRC-MOJ-DEBT-PAYMENT-ACK","وزارة العدل – الإقرار بسداد دين","وزارة العدل","GENERAL_GOVERNMENT_INFORMATION","https://www.moj.gov.sa/ar/eServices/pages/20f22820-099f-49c2-b43d-42db8db0ac86.aspx","https://www.moj.gov.sa/ar/eServices/pages/20f22820-099f-49c2-b43d-42db8db0ac86.aspx","www.moj.gov.sa","YES","200","HTTP_200","GET","text/html; charset=utf-8","YES","NO","ACTIVE","ACTIVE","LIKELY_RELEVANT","3","الرابط يعمل على HTTPS ونطاق رسمي.","الرابط يعمل على HTTPS ونطاق رسمي.","2026-09-23","2026-09-23T16:42:50.176Z","2026-09-16","NO","NO","","0"
"SRC-MOJ-DEPOSIT-MEMO","طلب إيداع مذكرة","وزارة العدل","OFFICIAL_SERVICE_PAGE","https://www.moj.gov.sa/ar/eservices/pages/d37abd59-ae3b-4881-9a13-4322bac124e1.aspx","https://www.moj.gov.sa/ar/eservices/pages/d37abd59-ae3b-4881-9a13-4322bac124e1.aspx","www.moj.gov.sa","YES","200","HTTP_200","GET","text/html; charset=utf-8","YES","NO","ACTIVE","ACTIVE","LIKELY_RELEVANT","2","الرابط يعمل على HTTPS ونطاق رسمي.","الرابط يعمل على HTTPS ونطاق رسمي.","2026-09-23","2026-09-23T16:42:50.176Z","2026-09-22","NO","NO","","0"
"SRC-MOJ-DIVORCE-DOC","توثيق طلاق","وزارة العدل","GENERAL_GOVERNMENT_INFORMATION","https://moj.gov.sa/ar/eServices/Pages/0205e7ab-9006-4cc5-9c42-cc279e08a831.aspx","https://moj.gov.sa/ar/eServices/Pages/0205e7ab-9006-4cc5-9c42-cc279e08a831.aspx","moj.gov.sa","YES","200","HTTP_200","GET","text/html; charset=utf-8","YES","NO","ACTIVE","ACTIVE","LIKELY_RELEVANT","2","الرابط يعمل على HTTPS ونطاق رسمي.","الرابط يعمل على HTTPS ونطاق رسمي.","2026-09-23","2026-09-23T16:42:50.176Z","2026-09-22","NO","NO","","0"
"SRC-MOJ-E-LITIGATION","التقاضي الإلكتروني (المرافعة الكتابية)","وزارة العدل","GENERAL_GOVERNMENT_INFORMATION","https://www.moj.gov.sa/ar/eServices/Pages/ba399a51-da43-43ba-8a34-a7e05ff7850a.aspx","https://www.moj.gov.sa/ar/eServices/Pages/ba399a51-da43-43ba-8a34-a7e05ff7850a.aspx","www.moj.gov.sa","YES","200","HTTP_200","GET","text/html; charset=utf-8","YES","NO","ACTIVE","ACTIVE","LIKELY_RELEVANT","4","الرابط يعمل على HTTPS ونطاق رسمي.","الرابط يعمل على HTTPS ونطاق رسمي.","2026-09-23","2026-09-23T16:42:50.176Z","2026-09-22","NO","NO","","0"
"SRC-MOJ-ESTATE-AGREED","قسمة تركة اتفاقية","وزارة العدل","GENERAL_GOVERNMENT_INFORMATION","https://www.moj.gov.sa/ar/eServices/Pages/f49aa181-459d-4d5f-b48c-64d092b919e6.aspx","https://www.moj.gov.sa/ar/eServices/Pages/f49aa181-459d-4d5f-b48c-64d092b919e6.aspx","www.moj.gov.sa","YES","200","HTTP_200","GET","text/html; charset=utf-8","YES","NO","ACTIVE","ACTIVE","LIKELY_RELEVANT","3","الرابط يعمل على HTTPS ونطاق رسمي.","الرابط يعمل على HTTPS ونطاق رسمي.","2026-09-23","2026-09-23T16:42:50.176Z","2026-09-23","NO","NO","","0"
"SRC-MOJ-ESTATE-DIVISION","قسمة تركة اتفاقية","وزارة العدل","GENERAL_GOVERNMENT_INFORMATION","https://www.moj.gov.sa/ar/eServices/Pages/f49aa181-459d-4d5f-b48c-64d092b919e6.aspx","https://www.moj.gov.sa/ar/eServices/Pages/f49aa181-459d-4d5f-b48c-64d092b919e6.aspx","www.moj.gov.sa","YES","200","HTTP_200","GET","text/html; charset=utf-8","YES","NO","ACTIVE","ACTIVE","LIKELY_RELEVANT","3","الرابط يعمل على HTTPS ونطاق رسمي.","الرابط يعمل على HTTPS ونطاق رسمي.","2026-09-23","2026-09-23T16:42:50.176Z","2026-09-22","NO","NO","","0"
"SRC-MOJ-ESTATE-INVENTORY","وزارة العدل — إصدار حصر تركة","وزارة العدل","OFFICIAL_SERVICE_PAGE","https://www.moj.gov.sa/ar/eServices/pages/2841c3bc-6aea-4ef7-9c70-934c28952fd8.aspx","https://www.moj.gov.sa/ar/eServices/pages/2841c3bc-6aea-4ef7-9c70-934c28952fd8.aspx","www.moj.gov.sa","YES","200","HTTP_200","GET","text/html; charset=utf-8","YES","NO","ACTIVE","ACTIVE","LIKELY_RELEVANT","3","الرابط يعمل على HTTPS ونطاق رسمي.","الرابط يعمل على HTTPS ونطاق رسمي.","2026-09-23","2026-09-23T16:42:50.176Z","2026-09-22","NO","NO","","0"
"SRC-MOJ-ESTATE-PLATFORM","وزارة العدل — منصة التركات","وزارة العدل","GENERAL_GOVERNMENT_INFORMATION","https://merath.moj.gov.sa/","https://merath.moj.gov.sa/","merath.moj.gov.sa","YES","206","HTTP_206","GET","text/html; charset=UTF-8","YES","NO","ACTIVE","ACTIVE","NEEDS_MANUAL_CONTENT_CHECK","1","الرابط يعمل على HTTPS ونطاق رسمي.","الرابط يعمل على HTTPS ونطاق رسمي.","2026-09-23","2026-09-23T16:42:50.176Z","2026-09-22","YES","NO","","0"
"SRC-MOJ-EXEC-AD-INVOICE","طلب إصدار فاتورة إعلان","وزارة العدل","OFFICIAL_SERVICE_PAGE","https://www.moj.gov.sa/ar/eServices/Pages/f05580e3-fadc-4227-bb2c-8500fabcf73f.aspx","https://www.moj.gov.sa/ar/eServices/Pages/f05580e3-fadc-4227-bb2c-8500fabcf73f.aspx","www.moj.gov.sa","YES","200","HTTP_200","GET","text/html; charset=utf-8","YES","NO","ACTIVE","ACTIVE","LIKELY_RELEVANT","3","الرابط يعمل على HTTPS ونطاق رسمي.","الرابط يعمل على HTTPS ونطاق رسمي.","2026-09-23","2026-09-23T16:42:50.176Z","2026-09-21","NO","NO","","0"
"SRC-MOJ-EXEC-AD-INVOICE-CURRENT","طلب إصدار فاتورة إعلان","وزارة العدل","OFFICIAL_SERVICE_PAGE","https://www.moj.gov.sa/ar/eServices/Pages/f05580e3-fadc-4227-bb2c-8500fabcf73f.aspx","https://www.moj.gov.sa/ar/eServices/Pages/f05580e3-fadc-4227-bb2c-8500fabcf73f.aspx","www.moj.gov.sa","YES","200","HTTP_200","GET","text/html; charset=utf-8","YES","NO","ACTIVE","ACTIVE","LIKELY_RELEVANT","3","الرابط يعمل على HTTPS ونطاق رسمي.","الرابط يعمل على HTTPS ونطاق رسمي.","2026-09-23","2026-09-23T16:42:50.176Z","2026-09-23","NO","NO","","0"
"SRC-MOJ-EXEC-ADD-HEIR","إضافة وارث في طلبات تنفيذ مورثة","وزارة العدل","OFFICIAL_SERVICE_PAGE","https://www.moj.gov.sa/ar/eServices/Pages/d3061fe4-6bad-4bc1-b38d-63217c7a76b3.aspx","https://www.moj.gov.sa/ar/eServices/Pages/d3061fe4-6bad-4bc1-b38d-63217c7a76b3.aspx","www.moj.gov.sa","YES","200","HTTP_200","GET","text/html; charset=utf-8","YES","NO","ACTIVE","ACTIVE","LIKELY_RELEVANT","4","الرابط يعمل على HTTPS ونطاق رسمي.","الرابط يعمل على HTTPS ونطاق رسمي.","2026-09-23","2026-09-23T16:42:50.176Z","2026-09-21","NO","NO","","0"
"SRC-MOJ-EXEC-AMEND-AMOUNT","تعديل مبلغ المطالبة","وزارة العدل","GENERAL_GOVERNMENT_INFORMATION","https://www.moj.gov.sa/ar/eServices/Pages/7b84d5eb-82aa-4b63-b06e-be92c72158ef.aspx","https://www.moj.gov.sa/ar/eServices/Pages/7b84d5eb-82aa-4b63-b06e-be92c72158ef.aspx","www.moj.gov.sa","YES","200","HTTP_200","GET","text/html; charset=utf-8","YES","NO","ACTIVE","ACTIVE","LIKELY_RELEVANT","3","الرابط يعمل على HTTPS ونطاق رسمي.","الرابط يعمل على HTTPS ونطاق رسمي.","2026-09-23","2026-09-23T16:42:50.176Z","2026-09-21","NO","NO","","0"
"SRC-MOJ-EXEC-AMOUNT-CURRENT","تعديل مبلغ المطالبة","وزارة العدل","GENERAL_GOVERNMENT_INFORMATION","https://www.moj.gov.sa/ar/eServices/Pages/7b84d5eb-82aa-4b63-b06e-be92c72158ef.aspx","https://www.moj.gov.sa/ar/eServices/Pages/7b84d5eb-82aa-4b63-b06e-be92c72158ef.aspx","www.moj.gov.sa","YES","200","HTTP_200","GET","text/html; charset=utf-8","YES","NO","ACTIVE","ACTIVE","LIKELY_RELEVANT","3","الرابط يعمل على HTTPS ونطاق رسمي.","الرابط يعمل على HTTPS ونطاق رسمي.","2026-09-23","2026-09-23T16:42:50.176Z","2026-09-23","NO","NO","","0"
"SRC-MOJ-EXEC-APPLY","تقديم طلب تنفيذ","وزارة العدل","OFFICIAL_SERVICE_PAGE","https://moj.gov.sa/ar/eservices/pages/1c719954-3463-4754-85e1-1b319b937b86.aspx","https://moj.gov.sa/ar/eservices/pages/1c719954-3463-4754-85e1-1b319b937b86.aspx","moj.gov.sa","YES","200","HTTP_200","GET","text/html; charset=utf-8","YES","NO","ACTIVE","ACTIVE","LIKELY_RELEVANT","2","الرابط يعمل على HTTPS ونطاق رسمي.","الرابط يعمل على HTTPS ونطاق رسمي.","2026-09-23","2026-09-23T16:42:50.176Z","2026-09-22","NO","NO","","0"
"SRC-MOJ-EXEC-APPLY-CURRENT","تقديم طلب تنفيذ","وزارة العدل","OFFICIAL_SERVICE_PAGE","https://moj.gov.sa/ar/eservices/pages/1c719954-3463-4754-85e1-1b319b937b86.aspx","https://moj.gov.sa/ar/eservices/pages/1c719954-3463-4754-85e1-1b319b937b86.aspx","moj.gov.sa","YES","200","HTTP_200","GET","text/html; charset=utf-8","YES","NO","ACTIVE","ACTIVE","LIKELY_RELEVANT","2","الرابط يعمل على HTTPS ونطاق رسمي.","الرابط يعمل على HTTPS ونطاق رسمي.","2026-09-23","2026-09-23T16:42:50.176Z","2026-09-23","NO","NO","","0"
"SRC-MOJ-EXEC-END","إنهاء طلب التنفيذ","وزارة العدل","OFFICIAL_SERVICE_PAGE","https://www.moj.gov.sa/ar/eServices/Pages/152ff72e-0c8d-42b2-9f16-3f81e5cf38d2.aspx","https://www.moj.gov.sa/ar/eServices/Pages/152ff72e-0c8d-42b2-9f16-3f81e5cf38d2.aspx","www.moj.gov.sa","YES","200","HTTP_200","GET","text/html; charset=utf-8","YES","NO","ACTIVE","ACTIVE","LIKELY_RELEVANT","2","الرابط يعمل على HTTPS ونطاق رسمي.","الرابط يعمل على HTTPS ونطاق رسمي.","2026-09-23","2026-09-23T16:42:50.176Z","2026-09-23","NO","NO","","0"
"SRC-MOJ-EXEC-FAMILY-DECISIONS","اتفاقية مستوى الخدمة — إصدار قرار حضانة وقرار زيارة","وزارة العدل","LEGAL_SOURCE","https://www.moj.gov.sa/ar/Ministry/Pages/SLA.aspx","https://www.moj.gov.sa/ar/Ministry/Pages/SLA.aspx","www.moj.gov.sa","YES","200","HTTP_200","GET","text/html; charset=utf-8","YES","NO","ACTIVE","ACTIVE","LIKELY_RELEVANT","7","الرابط يعمل على HTTPS ونطاق رسمي.","الرابط يعمل على HTTPS ونطاق رسمي.","2026-09-23","2026-09-23T16:42:50.176Z","2026-09-21","NO","NO","","0"
"SRC-MOJ-EXEC-FIN-REPORT","اتفاقية مستوى الخدمة — الاستعلام عن التقرير المالي","وزارة العدل","OFFICIAL_SERVICE_PAGE","https://www.moj.gov.sa/ar/Ministry/Pages/SLA.aspx","https://www.moj.gov.sa/ar/Ministry/Pages/SLA.aspx","www.moj.gov.sa","YES","200","HTTP_200","GET","text/html; charset=utf-8","YES","NO","ACTIVE","ACTIVE","LIKELY_RELEVANT","6","الرابط يعمل على HTTPS ونطاق رسمي.","الرابط يعمل على HTTPS ونطاق رسمي.","2026-09-23","2026-09-23T16:42:50.176Z","2026-09-21","NO","NO","","0"
"SRC-MOJ-EXEC-GRACE","طلب إمهال - تأجيل السند التنفيذي","وزارة العدل","OFFICIAL_SERVICE_PAGE","https://www.moj.gov.sa/ar/eServices/Pages/a7eef02b-d9ad-4d3f-9ad0-7b9a67399313.aspx","https://www.moj.gov.sa/ar/eServices/Pages/a7eef02b-d9ad-4d3f-9ad0-7b9a67399313.aspx","www.moj.gov.sa","YES","200","HTTP_200","GET","text/html; charset=utf-8","YES","NO","ACTIVE","ACTIVE","LIKELY_RELEVANT","4","الرابط يعمل على HTTPS ونطاق رسمي.","الرابط يعمل على HTTPS ونطاق رسمي.","2026-09-23","2026-09-23T16:42:50.176Z","2026-09-23","NO","NO","","0"
"SRC-MOJ-EXEC-LEGAL-REP","إدراج ممثل نظامي","وزارة العدل","GENERAL_GOVERNMENT_INFORMATION","https://www.moj.gov.sa/ar/eServices/Pages/477600c3-653d-42c7-b6ae-ac5484952123.aspx","https://www.moj.gov.sa/ar/eServices/Pages/477600c3-653d-42c7-b6ae-ac5484952123.aspx","www.moj.gov.sa","YES","200","HTTP_200","GET","text/html; charset=utf-8","YES","NO","ACTIVE","ACTIVE","LIKELY_RELEVANT","3","الرابط يعمل على HTTPS ونطاق رسمي.","الرابط يعمل على HTTPS ونطاق رسمي.","2026-09-23","2026-09-23T16:42:50.176Z","2026-09-21","NO","NO","","0"
"SRC-MOJ-EXEC-NOTIFY-DECISION","تبليغ المنفذ ضده بصدور قرار التنفيذ","وزارة العدل","LEGAL_SOURCE","https://www.moj.gov.sa/ar/eservices/pages/notify%20enforcement%20debtor%20of%20the%20issuance%20of%20an%20enforcement%20decision.aspx","https://www.moj.gov.sa/ar/eservices/pages/notify%20enforcement%20debtor%20of%20the%20issuance%20of%20an%20enforcement%20decision.aspx","www.moj.gov.sa","YES","200","HTTP_200","GET","text/html; charset=utf-8","YES","NO","ACTIVE","ACTIVE","LIKELY_RELEVANT","5","الرابط يعمل على HTTPS ونطاق رسمي.","الرابط يعمل على HTTPS ونطاق رسمي.","2026-09-23","2026-09-23T16:42:50.176Z","2026-09-21","NO","NO","","0"
"SRC-MOJ-EXEC-PAYMENT","إثبات السداد","وزارة العدل","GENERAL_GOVERNMENT_INFORMATION","https://www.moj.gov.sa/ar/eServices/pages/0fabf9ed-05ba-497e-9e4e-1e227103fc00.aspx","https://www.moj.gov.sa/ar/eServices/pages/0fabf9ed-05ba-497e-9e4e-1e227103fc00.aspx","www.moj.gov.sa","YES","200","HTTP_200","GET","text/html; charset=utf-8","YES","NO","ACTIVE","ACTIVE","LIKELY_RELEVANT","2","الرابط يعمل على HTTPS ونطاق رسمي.","الرابط يعمل على HTTPS ونطاق رسمي.","2026-09-23","2026-09-23T16:42:50.176Z","2026-09-22","NO","NO","","0"
"SRC-MOJ-EXEC-PROOF-PAYMENT","إثبات السداد","وزارة العدل","GENERAL_GOVERNMENT_INFORMATION","https://www.moj.gov.sa/ar/eServices/pages/0fabf9ed-05ba-497e-9e4e-1e227103fc00.aspx","https://www.moj.gov.sa/ar/eServices/pages/0fabf9ed-05ba-497e-9e4e-1e227103fc00.aspx","www.moj.gov.sa","YES","200","HTTP_200","GET","text/html; charset=utf-8","YES","NO","ACTIVE","ACTIVE","LIKELY_RELEVANT","2","الرابط يعمل على HTTPS ونطاق رسمي.","الرابط يعمل على HTTPS ونطاق رسمي.","2026-09-23","2026-09-23T16:42:50.176Z","2026-09-23","NO","NO","","0"
"SRC-MOJ-EXEC-QUERY","استعلام عن طلب تنفيذ","وزارة العدل","OFFICIAL_SERVICE_PAGE","https://moj.gov.sa/ar/eServices/Pages/9bd2e276-3110-4e32-a00e-330de0fec9a4.aspx","https://moj.gov.sa/ar/eServices/Pages/9bd2e276-3110-4e32-a00e-330de0fec9a4.aspx","moj.gov.sa","YES","200","HTTP_200","GET","text/html; charset=utf-8","YES","NO","ACTIVE","ACTIVE","LIKELY_RELEVANT","2","الرابط يعمل على HTTPS ونطاق رسمي.","الرابط يعمل على HTTPS ونطاق رسمي.","2026-09-23","2026-09-23T16:42:50.176Z","2026-09-15","NO","NO","","0"
"SRC-MOJ-EXEC-REACTIVATE","طلب إعادة تفعيل طلب تنفيذ بعد انتهاء مدة الإمهال","وزارة العدل","OFFICIAL_SERVICE_PAGE","https://www.moj.gov.sa/ar/eServices/Pages/42bc9d16-70e4-43ad-bb8d-0a8e156ffb72.aspx","https://www.moj.gov.sa/ar/eServices/Pages/42bc9d16-70e4-43ad-bb8d-0a8e156ffb72.aspx","www.moj.gov.sa","YES","200","HTTP_200","GET","text/html; charset=utf-8","YES","NO","ACTIVE","ACTIVE","LIKELY_RELEVANT","5","الرابط يعمل على HTTPS ونطاق رسمي.","الرابط يعمل على HTTPS ونطاق رسمي.","2026-09-23","2026-09-23T16:42:50.176Z","2026-09-22","NO","NO","","0"
"SRC-MOJ-EXEC-REACTIVATE-CURRENT","طلب إعادة تفعيل طلب تنفيذ بعد انتهاء مدة الإمهال","وزارة العدل","OFFICIAL_SERVICE_PAGE","https://www.moj.gov.sa/ar/eServices/Pages/42bc9d16-70e4-43ad-bb8d-0a8e156ffb72.aspx","https://www.moj.gov.sa/ar/eServices/Pages/42bc9d16-70e4-43ad-bb8d-0a8e156ffb72.aspx","www.moj.gov.sa","YES","200","HTTP_200","GET","text/html; charset=utf-8","YES","NO","ACTIVE","ACTIVE","LIKELY_RELEVANT","5","الرابط يعمل على HTTPS ونطاق رسمي.","الرابط يعمل على HTTPS ونطاق رسمي.","2026-09-23","2026-09-23T16:42:50.176Z","2026-09-23","NO","NO","","0"
"SRC-MOJ-EXEC-SLA","اتفاقية مستوى الخدمة - خدمات التنفيذ","وزارة العدل","OFFICIAL_SERVICE_PAGE","https://www.moj.gov.sa/ar/Ministry/Pages/SLA.aspx","https://www.moj.gov.sa/ar/Ministry/Pages/SLA.aspx","www.moj.gov.sa","YES","200","HTTP_200","GET","text/html; charset=utf-8","YES","NO","ACTIVE","ACTIVE","LIKELY_RELEVANT","5","الرابط يعمل على HTTPS ونطاق رسمي.","الرابط يعمل على HTTPS ونطاق رسمي.","2026-09-23","2026-09-23T16:42:50.176Z","2026-09-15","NO","NO","","0"
"SRC-MOJ-EXEC-TRANSFER","طلب تحويل مبلغ محجوز","وزارة العدل","OFFICIAL_SERVICE_PAGE","https://www.moj.gov.sa/ar/eServices/Pages/9bc63703-4291-4cc6-9615-ac15a3cfce36.aspx","https://www.moj.gov.sa/ar/eServices/Pages/9bc63703-4291-4cc6-9615-ac15a3cfce36.aspx","www.moj.gov.sa","YES","200","HTTP_200","GET","text/html; charset=utf-8","YES","NO","ACTIVE","ACTIVE","LIKELY_RELEVANT","3","الرابط يعمل على HTTPS ونطاق رسمي.","الرابط يعمل على HTTPS ونطاق رسمي.","2026-09-23","2026-09-23T16:42:50.176Z","2026-09-22","NO","NO","","0"
"SRC-MOJ-EXEC-TRANSFER-SEIZED-CURRENT","طلب تحويل مبلغ محجوز","وزارة العدل","OFFICIAL_SERVICE_PAGE","https://www.moj.gov.sa/ar/eServices/Pages/9bc63703-4291-4cc6-9615-ac15a3cfce36.aspx","https://www.moj.gov.sa/ar/eServices/Pages/9bc63703-4291-4cc6-9615-ac15a3cfce36.aspx","www.moj.gov.sa","YES","200","HTTP_200","GET","text/html; charset=utf-8","YES","NO","ACTIVE","ACTIVE","LIKELY_RELEVANT","3","الرابط يعمل على HTTPS ونطاق رسمي.","الرابط يعمل على HTTPS ونطاق رسمي.","2026-09-23","2026-09-23T16:42:50.176Z","2026-09-23","NO","NO","","0"
"SRC-MOJ-EXPERT","طلب الخبرة","وزارة العدل","OFFICIAL_SERVICE_PAGE","https://www.moj.gov.sa/ar/eservices/pages/fbe131b9-406f-4fae-9438-64e2f259e3e8.aspx","https://www.moj.gov.sa/ar/eservices/pages/fbe131b9-406f-4fae-9438-64e2f259e3e8.aspx","www.moj.gov.sa","YES","200","HTTP_200","GET","text/html; charset=utf-8","YES","NO","ACTIVE","ACTIVE","LIKELY_RELEVANT","1","الرابط يعمل على HTTPS ونطاق رسمي.","الرابط يعمل على HTTPS ونطاق رسمي.","2026-09-23","2026-09-23T16:42:50.176Z","2026-09-22","NO","NO","","0"
"SRC-MOJ-FAMILY-DISPUTE-ENTRY","منصة تراضي + صحيفة الدعوى","وزارة العدل","GENERAL_GOVERNMENT_INFORMATION","https://taradhi.moj.gov.sa/ServiceUsage","https://taradhi.moj.gov.sa/ServiceUsage","taradhi.moj.gov.sa","YES","200","HTTP_200","GET","text/html","YES","NO","ACTIVE","ACTIVE","NEEDS_MANUAL_CONTENT_CHECK","1","الرابط يعمل على HTTPS ونطاق رسمي.","الرابط يعمل على HTTPS ونطاق رسمي.","2026-09-23","2026-09-23T16:42:50.176Z","2026-09-16","YES","NO","","0"
"SRC-MOJ-FAMILY-SHAML","حقوق الطفل والأسرة — مبادرة شمل","وزارة العدل","GENERAL_GOVERNMENT_INFORMATION","https://www.moj.gov.sa/ar/Ministry/WeCare/Pages/ChildAndFamilyRights.aspx","https://www.moj.gov.sa/ar/Ministry/WeCare/Pages/ChildAndFamilyRights.aspx","www.moj.gov.sa","YES","200","HTTP_200","GET","text/html; charset=utf-8","YES","NO","ACTIVE","ACTIVE","LIKELY_RELEVANT","4","الرابط يعمل على HTTPS ونطاق رسمي.","الرابط يعمل على HTTPS ونطاق رسمي.","2026-09-23","2026-09-23T16:42:50.176Z","2026-09-21","NO","NO","","0"
"SRC-MOJ-FIRST-COURTS","محاكم الدرجة الأولى واختصاصاتها","وزارة العدل","GENERAL_GOVERNMENT_INFORMATION","https://moj.gov.sa/ar/Ministry/Courts/Pages/FirstCourts.aspx","https://moj.gov.sa/ar/Ministry/Courts/Pages/FirstCourts.aspx","moj.gov.sa","YES","200","HTTP_200","GET","text/html; charset=utf-8","YES","NO","ACTIVE","ACTIVE","LIKELY_RELEVANT","3","الرابط يعمل على HTTPS ونطاق رسمي.","الرابط يعمل على HTTPS ونطاق رسمي.","2026-09-23","2026-09-23T16:42:50.176Z","2026-09-23","NO","NO","R-CONTRACTING-CIVIL-COURT | R-SALE-CHECK-CASE-STAGE | R-REAL-STATUS-CHECK","3"
"SRC-MOJ-FIRST-COURTS-REAL","محاكم الدرجة الأولى - اختصاص المحاكم العامة في الدعاوى العقارية","وزارة العدل","GENERAL_GOVERNMENT_INFORMATION","https://moj.gov.sa/ar/Ministry/Courts/Pages/FirstCourts.aspx","https://moj.gov.sa/ar/Ministry/Courts/Pages/FirstCourts.aspx","moj.gov.sa","YES","200","HTTP_200","GET","text/html; charset=utf-8","YES","NO","ACTIVE","ACTIVE","LIKELY_RELEVANT","6","الرابط يعمل على HTTPS ونطاق رسمي.","الرابط يعمل على HTTPS ونطاق رسمي.","2026-09-23","2026-09-23T16:42:50.176Z","2026-09-14","NO","NO","","0"
"SRC-MOJ-FIRST-DEFENSE","طلب مذكرة الدفاع الأولى","وزارة العدل","OFFICIAL_SERVICE_PAGE","https://www.moj.gov.sa/ar/eServices/pages/bcdcda2b-1b77-428b-ae80-0dfc04bf07fa.aspx","https://www.moj.gov.sa/ar/eServices/pages/bcdcda2b-1b77-428b-ae80-0dfc04bf07fa.aspx","www.moj.gov.sa","YES","200","HTTP_200","GET","text/html; charset=utf-8","YES","NO","ACTIVE","ACTIVE","LIKELY_RELEVANT","3","الرابط يعمل على HTTPS ونطاق رسمي.","الرابط يعمل على HTTPS ونطاق رسمي.","2026-09-23","2026-09-23T16:42:50.176Z","2026-09-22","NO","NO","","0"
"SRC-MOJ-HEARING-CALENDAR","عرض تقويم الجلسات","وزارة العدل","GENERAL_GOVERNMENT_INFORMATION","https://www.moj.gov.sa/ar/eServices/Pages/325bf81f-b6a5-4891-92b3-fc25298fb242.aspx","https://www.moj.gov.sa/ar/eServices/Pages/325bf81f-b6a5-4891-92b3-fc25298fb242.aspx","www.moj.gov.sa","YES","200","HTTP_200","GET","text/html; charset=utf-8","YES","NO","ACTIVE","ACTIVE","LIKELY_RELEVANT","2","الرابط يعمل على HTTPS ونطاق رسمي.","الرابط يعمل على HTTPS ونطاق رسمي.","2026-09-23","2026-09-23T16:42:50.176Z","2026-09-22","NO","NO","","0"
"SRC-MOJ-HEIRS","إصدار حصر الورثة","وزارة العدل","OFFICIAL_SERVICE_PAGE","https://www.moj.gov.sa/ar/eServices/Pages/17b08d90-809c-45cf-bd41-9eb8d15fabcb.aspx","https://www.moj.gov.sa/ar/eServices/Pages/17b08d90-809c-45cf-bd41-9eb8d15fabcb.aspx","www.moj.gov.sa","YES","200","HTTP_200","GET","text/html; charset=utf-8","YES","NO","ACTIVE","ACTIVE","LIKELY_RELEVANT","2","الرابط يعمل على HTTPS ونطاق رسمي.","الرابط يعمل على HTTPS ونطاق رسمي.","2026-09-23","2026-09-23T16:42:50.176Z","2026-09-22","NO","NO","","0"
"SRC-MOJ-HEIRS-DIGITIZE","طلب رقمنة وثيقة حصر الورثة","وزارة العدل","OFFICIAL_SERVICE_PAGE","https://www.moj.gov.sa/ar/eServices/Pages/f8cc5fe9-1957-41e5-a2d9-7ebad1e25ff3.aspx","https://www.moj.gov.sa/ar/eServices/Pages/f8cc5fe9-1957-41e5-a2d9-7ebad1e25ff3.aspx","www.moj.gov.sa","YES","200","HTTP_200","GET","text/html; charset=utf-8","YES","NO","ACTIVE","ACTIVE","LIKELY_RELEVANT","3","الرابط يعمل على HTTPS ونطاق رسمي.","الرابط يعمل على HTTPS ونطاق رسمي.","2026-09-23","2026-09-23T16:42:50.176Z","2026-09-16","NO","NO","","0"
"SRC-MOJ-INHAAT","إصدار حصر الورثة — وزارة العدل","وزارة العدل","OFFICIAL_SERVICE_PAGE","https://www.moj.gov.sa/ar/eServices/Pages/17b08d90-809c-45cf-bd41-9eb8d15fabcb.aspx","https://www.moj.gov.sa/ar/eServices/Pages/17b08d90-809c-45cf-bd41-9eb8d15fabcb.aspx","www.moj.gov.sa","YES","200","HTTP_200","GET","text/html; charset=utf-8","YES","NO","ACTIVE","ACTIVE","LIKELY_RELEVANT","3","الرابط يعمل على HTTPS ونطاق رسمي.","الرابط يعمل على HTTPS ونطاق رسمي.","2026-09-23","2026-09-23T16:42:50.176Z","2026-09-20","NO","NO","","0"
"SRC-MOJ-INHERITANCE-CALC","حساب المواريث","وزارة العدل","GENERAL_GOVERNMENT_INFORMATION","https://www.moj.gov.sa/ar/eServices/Pages/7f678c3b-6251-439e-ab04-64638df6635f.aspx","https://www.moj.gov.sa/ar/eServices/Pages/7f678c3b-6251-439e-ab04-64638df6635f.aspx","www.moj.gov.sa","YES","200","HTTP_200","GET","text/html; charset=utf-8","YES","NO","ACTIVE","ACTIVE","LIKELY_RELEVANT","2","الرابط يعمل على HTTPS ونطاق رسمي.","الرابط يعمل على HTTPS ونطاق رسمي.","2026-09-23","2026-09-23T16:42:50.176Z","2026-09-22","NO","NO","","0"
"SRC-MOJ-INHERITANCE-PLATFORM","منصة التركات — حصر الورثة وحصر التركة وقسمة التركة","وزارة العدل","GENERAL_GOVERNMENT_INFORMATION","https://merath.moj.gov.sa/","https://merath.moj.gov.sa/","merath.moj.gov.sa","YES","206","HTTP_206","GET","text/html; charset=UTF-8","YES","NO","ACTIVE","ACTIVE","NEEDS_MANUAL_CONTENT_CHECK","1","الرابط يعمل على HTTPS ونطاق رسمي.","الرابط يعمل على HTTPS ونطاق رسمي.","2026-09-23","2026-09-23T16:42:50.176Z","2026-09-16","YES","NO","","0"
"SRC-MOJ-INHERITANCE-RENUNCIATION","الإقرار بالتنازل عن حصة إرثية","وزارة العدل","GENERAL_GOVERNMENT_INFORMATION","https://www.moj.gov.sa/ar/eServices/Pages/f67eca8c-bdfc-419e-8815-8b28a1c1d464.aspx","https://www.moj.gov.sa/ar/eServices/Pages/f67eca8c-bdfc-419e-8815-8b28a1c1d464.aspx","www.moj.gov.sa","YES","200","HTTP_200","GET","text/html; charset=utf-8","YES","NO","ACTIVE","ACTIVE","LIKELY_RELEVANT","3","الرابط يعمل على HTTPS ونطاق رسمي.","الرابط يعمل على HTTPS ونطاق رسمي.","2026-09-23","2026-09-23T16:42:50.176Z","2026-09-16","NO","NO","","0"
"SRC-MOJ-INTERVENTION","طلب التدخل","وزارة العدل","OFFICIAL_SERVICE_PAGE","https://www.moj.gov.sa/ar/eServices/Pages/f0778b45-0b49-4612-aef8-42e432d3b773.aspx","https://www.moj.gov.sa/ar/eServices/Pages/f0778b45-0b49-4612-aef8-42e432d3b773.aspx","www.moj.gov.sa","YES","200","HTTP_200","GET","text/html; charset=utf-8","YES","NO","ACTIVE","ACTIVE","LIKELY_RELEVANT","1","الرابط يعمل على HTTPS ونطاق رسمي.","الرابط يعمل على HTTPS ونطاق رسمي.","2026-09-23","2026-09-23T16:42:50.176Z","2026-09-22","NO","NO","","0"
"SRC-MOJ-JOIN","طلب الإدخال","وزارة العدل","OFFICIAL_SERVICE_PAGE","https://www.moj.gov.sa/ar/eServices/pages/6d7b2dff-62e9-4d1e-b125-d6cc7d1cc1eb.aspx","https://www.moj.gov.sa/ar/eServices/pages/6d7b2dff-62e9-4d1e-b125-d6cc7d1cc1eb.aspx","www.moj.gov.sa","YES","200","HTTP_200","GET","text/html; charset=utf-8","YES","NO","ACTIVE","ACTIVE","LIKELY_RELEVANT","1","الرابط يعمل على HTTPS ونطاق رسمي.","الرابط يعمل على HTTPS ونطاق رسمي.","2026-09-23","2026-09-23T16:42:50.176Z","2026-09-22","NO","NO","","0"
"SRC-MOJ-JUDGMENT-CORRECT-INTERPRET","طلب تصحيح الحكم أو تفسيره","وزارة العدل","OFFICIAL_SERVICE_PAGE","https://www.moj.gov.sa/ar/eservices/pages/3f275eb8-cf00-4a70-9e1d-e7aa2256bd75.aspx","https://www.moj.gov.sa/ar/eservices/pages/3f275eb8-cf00-4a70-9e1d-e7aa2256bd75.aspx","www.moj.gov.sa","YES","200","HTTP_200","GET","text/html; charset=utf-8","YES","NO","ACTIVE","ACTIVE","LIKELY_RELEVANT","3","الرابط يعمل على HTTPS ونطاق رسمي.","الرابط يعمل على HTTPS ونطاق رسمي.","2026-09-23","2026-09-23T16:42:50.176Z","2026-09-22","NO","NO","","0"
"SRC-MOJ-JUDGMENT-OBJECT","الاعتراض على الحكم","وزارة العدل","GENERAL_GOVERNMENT_INFORMATION","https://www.moj.gov.sa/ar/eServices/Pages/cba332a0-28b8-4ce0-ab00-ef4ddeb9ab64.aspx","https://www.moj.gov.sa/ar/eServices/Pages/cba332a0-28b8-4ce0-ab00-ef4ddeb9ab64.aspx","www.moj.gov.sa","YES","200","HTTP_200","GET","text/html; charset=utf-8","YES","NO","ACTIVE","ACTIVE","LIKELY_RELEVANT","2","الرابط يعمل على HTTPS ونطاق رسمي.","الرابط يعمل على HTTPS ونطاق رسمي.","2026-09-23","2026-09-23T16:42:50.176Z","2026-09-15","NO","NO","R-LAWYER-JUDGMENT-STRATEGY","1"
"SRC-MOJ-JUDICIAL-COSTS","التكاليف القضائية","وزارة العدل","OFFICIAL_SERVICE_PAGE","https://www.moj.gov.sa/ar/eservices/pages/143507f9-e5db-4423-a0c1-9f489c6c3893.aspx","https://www.moj.gov.sa/ar/eservices/pages/143507f9-e5db-4423-a0c1-9f489c6c3893.aspx","www.moj.gov.sa","YES","200","HTTP_200","GET","text/html; charset=utf-8","YES","NO","ACTIVE","ACTIVE","LIKELY_RELEVANT","2","الرابط يعمل على HTTPS ونطاق رسمي.","الرابط يعمل على HTTPS ونطاق رسمي.","2026-09-23","2026-09-23T16:42:50.176Z","2026-09-19","NO","NO","","0"
"SRC-MOJ-JUDICIAL-REQUESTS-SLA","اتفاقية مستوى الخدمة — خدمات القضاء في ناجز","وزارة العدل","OFFICIAL_SERVICE_PAGE","https://www.moj.gov.sa/ar/Ministry/Pages/SLA.aspx","https://www.moj.gov.sa/ar/Ministry/Pages/SLA.aspx","www.moj.gov.sa","YES","200","HTTP_200","GET","text/html; charset=utf-8","YES","NO","ACTIVE","ACTIVE","LIKELY_RELEVANT","5","الرابط يعمل على HTTPS ونطاق رسمي.","الرابط يعمل على HTTPS ونطاق رسمي.","2026-09-23","2026-09-23T16:42:50.176Z","2026-09-21","NO","NO","","0"
"SRC-MOJ-MAINT-DEDUCT","تنفيذ الاستقطاع","وزارة العدل","GENERAL_GOVERNMENT_INFORMATION","https://www.moj.gov.sa/ar/eServices/pages/0756dde6-14de-481a-a6e6-ec9bd642b284.aspx","https://www.moj.gov.sa/ar/eServices/pages/0756dde6-14de-481a-a6e6-ec9bd642b284.aspx","www.moj.gov.sa","YES","200","HTTP_200","GET","text/html; charset=utf-8","YES","NO","ACTIVE","ACTIVE","LIKELY_RELEVANT","2","الرابط يعمل على HTTPS ونطاق رسمي.","الرابط يعمل على HTTPS ونطاق رسمي.","2026-09-23","2026-09-23T16:42:50.176Z","2026-09-14","NO","NO","","0"
"SRC-MOJ-MARRIAGE-NEW","وزارة العدل — إنشاء عقد زواج","وزارة العدل","GENERAL_GOVERNMENT_INFORMATION","https://www.moj.gov.sa/ar/eServices/Pages/3e5e8e63-9a67-4ada-bafb-b16bb6b9f3fd.aspx","https://www.moj.gov.sa/ar/eServices/Pages/3e5e8e63-9a67-4ada-bafb-b16bb6b9f3fd.aspx","www.moj.gov.sa","YES","200","HTTP_200","GET","text/html; charset=utf-8","YES","NO","ACTIVE","ACTIVE","LIKELY_RELEVANT","3","الرابط يعمل على HTTPS ونطاق رسمي.","الرابط يعمل على HTTPS ونطاق رسمي.","2026-09-23","2026-09-23T16:42:50.176Z","2026-09-16","NO","NO","","0"
"SRC-MOJ-MARRIAGE-NONSAUDI","وزارة العدل — توثيق زواج أحد الزوجين غير سعودي","وزارة العدل","GENERAL_GOVERNMENT_INFORMATION","https://www.moj.gov.sa/ar/eServices/pages/c5586468-24ca-47e2-81b6-625813dcfba2.aspx","https://www.moj.gov.sa/ar/eServices/pages/c5586468-24ca-47e2-81b6-625813dcfba2.aspx","www.moj.gov.sa","YES","200","HTTP_200","GET","text/html; charset=utf-8","YES","NO","ACTIVE","ACTIVE","LIKELY_RELEVANT","5","الرابط يعمل على HTTPS ونطاق رسمي.","الرابط يعمل على HTTPS ونطاق رسمي.","2026-09-23","2026-09-23T16:42:50.176Z","2026-09-16","NO","NO","","0"
"SRC-MOJ-MARRIAGE-PAPER-ATTEST","وزارة العدل — تصديق عقد زواج","وزارة العدل","GENERAL_GOVERNMENT_INFORMATION","https://www.moj.gov.sa/ar/eServices/pages/6f961e87-0b95-484a-9af7-055aeaf121c0.aspx","https://www.moj.gov.sa/ar/eServices/pages/6f961e87-0b95-484a-9af7-055aeaf121c0.aspx","www.moj.gov.sa","YES","200","HTTP_200","GET","text/html; charset=utf-8","YES","NO","ACTIVE","ACTIVE","LIKELY_RELEVANT","3","الرابط يعمل على HTTPS ونطاق رسمي.","الرابط يعمل على HTTPS ونطاق رسمي.","2026-09-23","2026-09-23T16:42:50.176Z","2026-09-16","NO","NO","","0"
"SRC-MOJ-MARRIAGE-VERIFY","وزارة العدل — التحقق من عقد زواج","وزارة العدل","GENERAL_GOVERNMENT_INFORMATION","https://www.moj.gov.sa/ar/eServices/pages/ab23882a-91f5-468a-aa9f-240c8cdc04b4.aspx","https://www.moj.gov.sa/ar/eServices/pages/ab23882a-91f5-468a-aa9f-240c8cdc04b4.aspx","www.moj.gov.sa","YES","200","HTTP_200","GET","text/html; charset=utf-8","YES","NO","ACTIVE","ACTIVE","LIKELY_RELEVANT","3","الرابط يعمل على HTTPS ونطاق رسمي.","الرابط يعمل على HTTPS ونطاق رسمي.","2026-09-23","2026-09-23T16:42:50.176Z","2026-09-16","NO","NO","","0"
"SRC-MOJ-MONEY-RECEIPT-ACK","وزارة العدل – الإقرار باستلام مبلغ مالي","وزارة العدل","OFFICIAL_SERVICE_PAGE","https://www.moj.gov.sa/ar/eservices/pages/1d20b5c0-3f84-4374-92d1-0976a99322d5.aspx","https://www.moj.gov.sa/ar/eservices/pages/1d20b5c0-3f84-4374-92d1-0976a99322d5.aspx","www.moj.gov.sa","YES","200","HTTP_200","GET","text/html; charset=utf-8","YES","NO","ACTIVE","ACTIVE","LIKELY_RELEVANT","5","الرابط يعمل على HTTPS ونطاق رسمي.","الرابط يعمل على HTTPS ونطاق رسمي.","2026-09-23","2026-09-23T16:42:50.176Z","2026-09-16","NO","NO","","0"
"SRC-MOJ-MORTGAGE-RELEASE","إنشاء طلب فك رهن عقاري","وزارة العدل","OFFICIAL_SERVICE_PAGE","https://www.moj.gov.sa/ar/eServices/Pages/fb45c8c7-da49-4d25-b0ff-ad270dcad1a7.aspx","https://www.moj.gov.sa/ar/eServices/Pages/fb45c8c7-da49-4d25-b0ff-ad270dcad1a7.aspx","www.moj.gov.sa","YES","200","HTTP_200","GET","text/html; charset=utf-8","YES","NO","ACTIVE","ACTIVE","LIKELY_RELEVANT","2","الرابط يعمل على HTTPS ونطاق رسمي.","الرابط يعمل على HTTPS ونطاق رسمي.","2026-09-23","2026-09-23T16:42:50.176Z","2026-09-14","NO","NO","","0"
"SRC-MOJ-MOVABLE-ACKS","الإقرار باستلام منقول / الإقرار بالتنازل عن منقول","وزارة العدل","OFFICIAL_SERVICE_PAGE","https://www.moj.gov.sa/ar/eservices/pages/4a40a308-f23d-42a7-ac33-cac0debbd13f.aspx","https://www.moj.gov.sa/ar/eservices/pages/4a40a308-f23d-42a7-ac33-cac0debbd13f.aspx","www.moj.gov.sa","YES","200","HTTP_200","GET","text/html; charset=utf-8","YES","NO","ACTIVE","ACTIVE","LIKELY_RELEVANT","6","الرابط يعمل على HTTPS ونطاق رسمي.","الرابط يعمل على HTTPS ونطاق رسمي.","2026-09-23","2026-09-23T16:42:50.176Z","2026-09-16","NO","NO","","0"
"SRC-MOJ-POA-ISSUE","إصدار وكالة فردية","وزارة العدل","OFFICIAL_SERVICE_PAGE","https://www.moj.gov.sa/ar/eServices/Pages/3472d517-7cb4-4cd5-a6bc-2abc9751eea3.aspx","https://www.moj.gov.sa/ar/eServices/Pages/3472d517-7cb4-4cd5-a6bc-2abc9751eea3.aspx","www.moj.gov.sa","YES","200","HTTP_200","GET","text/html; charset=utf-8","YES","NO","ACTIVE","ACTIVE","LIKELY_RELEVANT","3","الرابط يعمل على HTTPS ونطاق رسمي.","الرابط يعمل على HTTPS ونطاق رسمي.","2026-09-23","2026-09-23T16:42:50.176Z","2026-09-16","NO","NO","","0"
"SRC-MOJ-POA-REGISTER","طلب تسجيل وكالة","وزارة العدل","OFFICIAL_SERVICE_PAGE","https://www.moj.gov.sa/ar/eservices/pages/40e619cb-a221-44c2-ba99-af7b70c37bd8.aspx","https://www.moj.gov.sa/ar/eservices/pages/40e619cb-a221-44c2-ba99-af7b70c37bd8.aspx","www.moj.gov.sa","YES","200","HTTP_200","GET","text/html; charset=utf-8","YES","NO","ACTIVE","ACTIVE","LIKELY_RELEVANT","2","الرابط يعمل على HTTPS ونطاق رسمي.","الرابط يعمل على HTTPS ونطاق رسمي.","2026-09-23","2026-09-23T16:42:50.176Z","2026-09-16","NO","NO","","0"
"SRC-MOJ-POA-REVOKE","فسخ وكالة","وزارة العدل","GENERAL_GOVERNMENT_INFORMATION","https://www.moj.gov.sa/ar/eServices/Pages/98936b42-6b58-47e4-932c-c98840010095.aspx","https://www.moj.gov.sa/ar/eServices/Pages/98936b42-6b58-47e4-932c-c98840010095.aspx","www.moj.gov.sa","YES","200","HTTP_200","GET","text/html; charset=utf-8","YES","NO","ACTIVE","ACTIVE","LIKELY_RELEVANT","1","الرابط يعمل على HTTPS ونطاق رسمي.","الرابط يعمل على HTTPS ونطاق رسمي.","2026-09-23","2026-09-23T16:42:50.176Z","2026-09-14","NO","NO","","0"
"SRC-MOJ-POA-VERIFY","التحقق من وكالة","وزارة العدل","GENERAL_GOVERNMENT_INFORMATION","https://www.moj.gov.sa/ar/eServices/Pages/Verify-power-of-attorney.aspx","https://www.moj.gov.sa/ar/eServices/Pages/Verify-power-of-attorney.aspx","www.moj.gov.sa","YES","200","HTTP_200","GET","text/html; charset=utf-8","YES","NO","ACTIVE","ACTIVE","LIKELY_RELEVANT","2","الرابط يعمل على HTTPS ونطاق رسمي.","الرابط يعمل على HTTPS ونطاق رسمي.","2026-09-23","2026-09-23T16:42:50.176Z","2026-09-16","NO","NO","","0"
"SRC-MOJ-RECONSIDERATION","التماس إعادة النظر","وزارة العدل","GENERAL_GOVERNMENT_INFORMATION","https://www.moj.gov.sa/ar/eServices/pages/34a53f98-57e0-4f8b-9bad-78a095ebae4b.aspx","https://www.moj.gov.sa/ar/eServices/pages/34a53f98-57e0-4f8b-9bad-78a095ebae4b.aspx","www.moj.gov.sa","YES","200","HTTP_200","GET","text/html; charset=utf-8","YES","NO","ACTIVE","ACTIVE","LIKELY_RELEVANT","3","الرابط يعمل على HTTPS ونطاق رسمي.","الرابط يعمل على HTTPS ونطاق رسمي.","2026-09-23","2026-09-23T16:42:50.176Z","2026-09-22","NO","NO","R-JUDGMENT-RECONSIDERATION-REVIEW","1"
"SRC-MOJ-RESUME","طلب استمرار السير في الدعوى","وزارة العدل","OFFICIAL_SERVICE_PAGE","https://www.moj.gov.sa/ar/eServices/pages/7f9f1f8e-a582-4268-8c55-af8a9d9761ee.aspx","https://www.moj.gov.sa/ar/eServices/pages/7f9f1f8e-a582-4268-8c55-af8a9d9761ee.aspx","www.moj.gov.sa","YES","200","HTTP_200","GET","text/html; charset=utf-8","YES","NO","ACTIVE","ACTIVE","LIKELY_RELEVANT","3","الرابط يعمل على HTTPS ونطاق رسمي.","الرابط يعمل على HTTPS ونطاق رسمي.","2026-09-23","2026-09-23T16:42:50.176Z","2026-09-22","NO","NO","","0"
"SRC-MOJ-RETURN-DOC","توثيق رجعة","وزارة العدل","OFFICIAL_SERVICE_PAGE","https://www.moj.gov.sa/ar/eservices/pages/8f097103-691f-438f-9a20-d492b564965e.aspx","https://www.moj.gov.sa/ar/eservices/pages/8f097103-691f-438f-9a20-d492b564965e.aspx","www.moj.gov.sa","YES","200","HTTP_200","GET","text/html; charset=utf-8","YES","NO","ACTIVE","ACTIVE","LIKELY_RELEVANT","2","الرابط يعمل على HTTPS ونطاق رسمي.","الرابط يعمل على HTTPS ونطاق رسمي.","2026-09-23","2026-09-23T16:42:50.176Z","2026-09-22","NO","NO","","0"
"SRC-MOJ-SLA-CURRENT","اتفاقية مستوى الخدمة","وزارة العدل","OFFICIAL_SERVICE_PAGE","https://www.moj.gov.sa/ar/Ministry/Pages/SLA.aspx","https://www.moj.gov.sa/ar/Ministry/Pages/SLA.aspx","www.moj.gov.sa","YES","200","HTTP_200","GET","text/html; charset=utf-8","YES","NO","ACTIVE","ACTIVE","LIKELY_RELEVANT","3","الرابط يعمل على HTTPS ونطاق رسمي.","الرابط يعمل على HTTPS ونطاق رسمي.","2026-09-23","2026-09-23T16:42:50.176Z","2026-09-23","NO","NO","","0"
"SRC-MOJ-STATEMENT-OF-CLAIM","صحيفة دعوى","وزارة العدل","GENERAL_GOVERNMENT_INFORMATION","https://moj.gov.sa/ar/eServices/Pages/928b8f02-19a7-482b-ba0e-29a151d9a900.aspx","https://moj.gov.sa/ar/eServices/Pages/928b8f02-19a7-482b-ba0e-29a151d9a900.aspx","moj.gov.sa","YES","200","HTTP_200","GET","text/html; charset=utf-8","YES","NO","ACTIVE","ACTIVE","LIKELY_RELEVANT","2","الرابط يعمل على HTTPS ونطاق رسمي.","الرابط يعمل على HTTPS ونطاق رسمي.","2026-09-23","2026-09-23T16:42:50.176Z","2026-09-23","NO","NO","","0"
"SRC-MOJ-STAY","طلب وقف السير في الدعوى","وزارة العدل","OFFICIAL_SERVICE_PAGE","https://www.moj.gov.sa/ar/eservices/pages/d1ef87c9-918d-4106-81a3-1b937f114c27.aspx","https://www.moj.gov.sa/ar/eservices/pages/d1ef87c9-918d-4106-81a3-1b937f114c27.aspx","www.moj.gov.sa","YES","200","HTTP_200","GET","text/html; charset=utf-8","YES","NO","ACTIVE","ACTIVE","LIKELY_RELEVANT","2","الرابط يعمل على HTTPS ونطاق رسمي.","الرابط يعمل على HTTPS ونطاق رسمي.","2026-09-23","2026-09-23T16:42:50.176Z","2026-09-22","NO","NO","","0"
"SRC-MOJ-STRUCK","طلب إعادة النظر في قضية مشطوبة","وزارة العدل","OFFICIAL_SERVICE_PAGE","https://www.moj.gov.sa/ar/eServices/pages/ff1f9ae8-29dd-4fb9-bd91-04561c321fee.aspx","https://www.moj.gov.sa/ar/eServices/pages/ff1f9ae8-29dd-4fb9-bd91-04561c321fee.aspx","www.moj.gov.sa","YES","200","HTTP_200","GET","text/html; charset=utf-8","YES","NO","ACTIVE","ACTIVE","LIKELY_RELEVANT","4","الرابط يعمل على HTTPS ونطاق رسمي.","الرابط يعمل على HTTPS ونطاق رسمي.","2026-09-23","2026-09-23T16:42:50.176Z","2026-09-22","NO","NO","","0"
"SRC-MOJ-URGENT-CLAIMS","الدعاوى المستعجلة","وزارة العدل","OFFICIAL_SERVICE_PAGE","https://moj.gov.sa/ar/eservices/pages/d73f20f6-8693-4381-9a5a-1f7120815918.aspx","https://moj.gov.sa/ar/eservices/pages/d73f20f6-8693-4381-9a5a-1f7120815918.aspx","moj.gov.sa","YES","200","HTTP_200","GET","text/html; charset=utf-8","YES","NO","ACTIVE","ACTIVE","LIKELY_RELEVANT","2","الرابط يعمل على HTTPS ونطاق رسمي.","الرابط يعمل على HTTPS ونطاق رسمي.","2026-09-23","2026-09-23T16:42:50.176Z","2026-09-22","NO","NO","","0"
"SRC-MOJ-VISIT-EXEC","طلب خدمة زيارة","وزارة العدل","OFFICIAL_SERVICE_PAGE","https://www.moj.gov.sa/ar/eServices/pages/d5e26711-4105-4ad9-8cd8-bc6d66242591.aspx","https://www.moj.gov.sa/ar/eServices/pages/d5e26711-4105-4ad9-8cd8-bc6d66242591.aspx","www.moj.gov.sa","YES","200","HTTP_200","GET","text/html; charset=utf-8","YES","NO","ACTIVE","ACTIVE","LIKELY_RELEVANT","1","الرابط يعمل على HTTPS ونطاق رسمي.","الرابط يعمل على HTTPS ونطاق رسمي.","2026-09-23","2026-09-23T16:42:50.176Z","2026-09-14","NO","NO","","0"
"SRC-MOJ-WAQF-DOC","توثيق وقف","وزارة العدل","OFFICIAL_SERVICE_PAGE","https://www.moj.gov.sa/ar/eservices/pages/b65c996a-fe8e-4c0c-a906-986da7b2b183.aspx","https://www.moj.gov.sa/ar/eservices/pages/b65c996a-fe8e-4c0c-a906-986da7b2b183.aspx","www.moj.gov.sa","YES","200","HTTP_200","GET","text/html; charset=utf-8","YES","NO","ACTIVE","ACTIVE","LIKELY_RELEVANT","1","الرابط يعمل على HTTPS ونطاق رسمي.","الرابط يعمل على HTTPS ونطاق رسمي.","2026-09-23","2026-09-23T16:42:50.176Z","2026-09-16","NO","NO","","0"
"SRC-MOJ-WILL-DOC","توثيق وصية","وزارة العدل","GENERAL_GOVERNMENT_INFORMATION","https://www.moj.gov.sa/ar/eServices/Pages/9f1a7d54-2b76-4a92-bd26-85ae39878b5e.aspx","https://www.moj.gov.sa/ar/eServices/Pages/9f1a7d54-2b76-4a92-bd26-85ae39878b5e.aspx","www.moj.gov.sa","YES","200","HTTP_200","GET","text/html; charset=utf-8","YES","NO","ACTIVE","ACTIVE","LIKELY_RELEVANT","2","الرابط يعمل على HTTPS ونطاق رسمي.","الرابط يعمل على HTTPS ونطاق رسمي.","2026-09-23","2026-09-23T16:42:50.176Z","2026-09-16","NO","NO","","0"
"SRC-MOJ-WITHDRAW","طلب ترك الخصومة","وزارة العدل","OFFICIAL_SERVICE_PAGE","https://www.moj.gov.sa/ar/eServices/Pages/5ccadb53-2b3c-4f58-b898-5b0d481c903a.aspx","https://www.moj.gov.sa/ar/eServices/Pages/5ccadb53-2b3c-4f58-b898-5b0d481c903a.aspx","www.moj.gov.sa","YES","200","HTTP_200","GET","text/html; charset=utf-8","YES","NO","ACTIVE","ACTIVE","LIKELY_RELEVANT","1","الرابط يعمل على HTTPS ونطاق رسمي.","الرابط يعمل على HTTPS ونطاق رسمي.","2026-09-23","2026-09-23T16:42:50.176Z","2026-09-22","NO","NO","","0"
"SRC-MUDAD-WPS","برنامج حماية الأجور","وزارة الموارد البشرية والتنمية الاجتماعية","GENERAL_GOVERNMENT_INFORMATION","https://www.hrsd.gov.sa/knowledge-centre/articles/64398","https://www.hrsd.gov.sa/knowledge-centre/articles/64398","www.hrsd.gov.sa","YES","200","HTTP_200","GET","text/html; charset=utf-8","YES","NO","ACTIVE","ACTIVE","LIKELY_RELEVANT","2","الرابط يعمل على HTTPS ونطاق رسمي.","الرابط يعمل على HTTPS ونطاق رسمي.","2026-09-23","2026-09-23T16:42:50.176Z","2026-09-21","NO","NO","R-MUDAD-WPS","1"
"SRC-NCA-CYBER-VIOLATION","الإبلاغ عن مخالفة للأمن السيبراني","الهيئة الوطنية للأمن السيبراني","OFFICIAL_SERVICE_PAGE","https://nca.gov.sa/ar/services/report-a-cybersecurity-violation/","https://nca.gov.sa/ar/services/report-a-cybersecurity-violation/","nca.gov.sa","YES","200","HTTP_200","GET","text/html; charset=utf-8","YES","NO","ACTIVE","ACTIVE","LIKELY_RELEVANT","4","الرابط يعمل على HTTPS ونطاق رسمي.","الرابط يعمل على HTTPS ونطاق رسمي.","2026-09-23","2026-09-23T16:42:50.176Z","2026-09-16","NO","NO","R-SP-CYBER-REG-VIOLATION","1"
"SRC-QIWA-CONTRACT","إدارة وتوثيق العقود عبر قوى","وزارة الموارد البشرية والتنمية الاجتماعية","OFFICIAL_SERVICE_PAGE","https://www.hrsd.gov.sa/ministry-services/services/%D8%A5%D8%AF%D8%A7%D8%B1%D8%A9-%D8%A7%D9%84%D8%B9%D9%82%D9%88%D8%AF","https://www.hrsd.gov.sa/ministry-services/services/%D8%A5%D8%AF%D8%A7%D8%B1%D8%A9-%D8%A7%D9%84%D8%B9%D9%82%D9%88%D8%AF","www.hrsd.gov.sa","YES","200","HTTP_200","GET","text/html; charset=utf-8","YES","NO","ACTIVE","ACTIVE","LIKELY_RELEVANT","3","الرابط يعمل على HTTPS ونطاق رسمي.","الرابط يعمل على HTTPS ونطاق رسمي.","2026-09-23","2026-09-23T16:42:50.176Z","2026-09-23","NO","NO","R-QIWA-CONTRACT","1"
"SRC-QIWA-TRANSFER","طلب نقل العمالة الوافدة عبر قوى","وزارة الموارد البشرية والتنمية الاجتماعية","OFFICIAL_SERVICE_PAGE","https://www.hrsd.gov.sa/ministry-services/services/%D8%B7%D9%84%D8%A8-%D9%86%D9%82%D9%84-%D8%A7%D9%84%D8%B9%D9%85%D8%A7%D9%84%D8%A9-%D8%A7%D9%84%D9%88%D8%A7%D9%81%D8%AF%D8%A9","https://www.hrsd.gov.sa/ministry-services/services/%D8%B7%D9%84%D8%A8-%D9%86%D9%82%D9%84-%D8%A7%D9%84%D8%B9%D9%85%D8%A7%D9%84%D8%A9-%D8%A7%D9%84%D9%88%D8%A7%D9%81%D8%AF%D8%A9","www.hrsd.gov.sa","YES","200","HTTP_200","GET","text/html; charset=utf-8","YES","NO","ACTIVE","ACTIVE","LIKELY_RELEVANT","2","الرابط يعمل على HTTPS ونطاق رسمي.","الرابط يعمل على HTTPS ونطاق رسمي.","2026-09-23","2026-09-23T16:42:50.176Z","2026-09-23","NO","NO","R-QIWA-TRANSFER","1"
"SRC-QIWA-WORK-PERMIT","إصدار وتجديد رخص العمل","وزارة الموارد البشرية والتنمية الاجتماعية","OFFICIAL_SERVICE_PAGE","https://www.hrsd.gov.sa/ministry-services/services/%D8%A5%D8%B5%D8%AF%D8%A7%D8%B1-%D9%88-%D8%AA%D8%AC%D8%AF%D9%8A%D8%AF-%D8%B1%D8%AE%D8%B5-%D8%A7%D9%84%D8%B9%D9%85%D9%84","https://www.hrsd.gov.sa/ministry-services/services/%D8%A5%D8%B5%D8%AF%D8%A7%D8%B1-%D9%88-%D8%AA%D8%AC%D8%AF%D9%8A%D8%AF-%D8%B1%D8%AE%D8%B5-%D8%A7%D9%84%D8%B9%D9%85%D9%84","www.hrsd.gov.sa","YES","200","HTTP_200","GET","text/html; charset=utf-8","YES","NO","ACTIVE","ACTIVE","LIKELY_RELEVANT","2","الرابط يعمل على HTTPS ونطاق رسمي.","الرابط يعمل على HTTPS ونطاق رسمي.","2026-09-23","2026-09-23T16:42:50.176Z","2026-09-23","NO","NO","R-QIWA-WORK-PERMIT","1"
"SRC-RBR-AD","طلب إصدار فاتورة إعلان","وزارة العدل","OFFICIAL_SERVICE_PAGE","https://www.moj.gov.sa/ar/eServices/Pages/f05580e3-fadc-4227-bb2c-8500fabcf73f.aspx","https://www.moj.gov.sa/ar/eServices/Pages/f05580e3-fadc-4227-bb2c-8500fabcf73f.aspx","www.moj.gov.sa","YES","200","HTTP_200","GET","text/html; charset=utf-8","YES","NO","ACTIVE","ACTIVE","LIKELY_RELEVANT","3","الرابط يعمل على HTTPS ونطاق رسمي.","الرابط يعمل على HTTPS ونطاق رسمي.","2026-09-23","2026-09-23T16:42:50.176Z","2026-09-23","NO","NO","R-EXEC-AD-INVOICE-CURRENT","1"
"SRC-RBR-AMOUNT","تعديل مبلغ المطالبة","وزارة العدل","GENERAL_GOVERNMENT_INFORMATION","https://www.moj.gov.sa/ar/eServices/Pages/7b84d5eb-82aa-4b63-b06e-be92c72158ef.aspx","https://www.moj.gov.sa/ar/eServices/Pages/7b84d5eb-82aa-4b63-b06e-be92c72158ef.aspx","www.moj.gov.sa","YES","200","HTTP_200","GET","text/html; charset=utf-8","YES","NO","ACTIVE","ACTIVE","LIKELY_RELEVANT","3","الرابط يعمل على HTTPS ونطاق رسمي.","الرابط يعمل على HTTPS ونطاق رسمي.","2026-09-23","2026-09-23T16:42:50.176Z","2026-09-23","NO","NO","R-EXEC-AMOUNT-CHANGE","1"
"SRC-RBR-CUSTODY","طلب خدمة حضانة","وزارة العدل","OFFICIAL_SERVICE_PAGE","https://www.moj.gov.sa/ar/eservices/pages/739b4d6e-c736-4d27-ba3e-a6d17dd561aa.aspx","https://www.moj.gov.sa/ar/eservices/pages/739b4d6e-c736-4d27-ba3e-a6d17dd561aa.aspx","www.moj.gov.sa","YES","200","HTTP_200","GET","text/html; charset=utf-8","YES","NO","ACTIVE","ACTIVE","LIKELY_RELEVANT","1","الرابط يعمل على HTTPS ونطاق رسمي.","الرابط يعمل على HTTPS ونطاق رسمي.","2026-09-23","2026-09-23T16:42:50.176Z","2026-09-23","NO","NO","","0"
"SRC-RBR-CUSTODY65","طلب خدمة حضانة","وزارة العدل","OFFICIAL_SERVICE_PAGE","https://www.moj.gov.sa/ar/eservices/pages/739b4d6e-c736-4d27-ba3e-a6d17dd561aa.aspx","https://www.moj.gov.sa/ar/eservices/pages/739b4d6e-c736-4d27-ba3e-a6d17dd561aa.aspx","www.moj.gov.sa","YES","200","HTTP_200","GET","text/html; charset=utf-8","YES","NO","ACTIVE","ACTIVE","LIKELY_RELEVANT","1","الرابط يعمل على HTTPS ونطاق رسمي.","الرابط يعمل على HTTPS ونطاق رسمي.","2026-09-23","2026-09-23T16:42:50.176Z","2026-09-23","NO","NO","R-FAM-CUSTODY-DOC","1"
"SRC-RBR-CUSTODYDOC65","توثيق حضانة","وزارة العدل","OFFICIAL_SERVICE_PAGE","https://moj.gov.sa/ar/eservices/pages/e2560f40-ddf8-4e37-b212-394787344aef.aspx","https://moj.gov.sa/ar/eservices/pages/e2560f40-ddf8-4e37-b212-394787344aef.aspx","moj.gov.sa","YES","200","HTTP_200","GET","text/html; charset=utf-8","YES","NO","ACTIVE","ACTIVE","LIKELY_RELEVANT","2","الرابط يعمل على HTTPS ونطاق رسمي.","الرابط يعمل على HTTPS ونطاق رسمي.","2026-09-23","2026-09-23T16:42:50.176Z","2026-09-23","NO","NO","","0"
"SRC-RBR-END","إنهاء طلب التنفيذ","وزارة العدل","OFFICIAL_SERVICE_PAGE","https://www.moj.gov.sa/ar/eServices/Pages/152ff72e-0c8d-42b2-9f16-3f81e5cf38d2.aspx","https://www.moj.gov.sa/ar/eServices/Pages/152ff72e-0c8d-42b2-9f16-3f81e5cf38d2.aspx","www.moj.gov.sa","YES","200","HTTP_200","GET","text/html; charset=utf-8","YES","NO","ACTIVE","ACTIVE","LIKELY_RELEVANT","2","الرابط يعمل على HTTPS ونطاق رسمي.","الرابط يعمل على HTTPS ونطاق رسمي.","2026-09-23","2026-09-23T16:42:50.176Z","2026-09-23","NO","NO","R-EXEC-END","1"
"SRC-RBR-EXEC-APPLY","تقديم طلب تنفيذ","وزارة العدل","OFFICIAL_SERVICE_PAGE","https://www.moj.gov.sa/ar/eservices/pages/1c719954-3463-4754-85e1-1b319b937b86.aspx","https://www.moj.gov.sa/ar/eservices/pages/1c719954-3463-4754-85e1-1b319b937b86.aspx","www.moj.gov.sa","YES","200","HTTP_200","GET","text/html; charset=utf-8","YES","NO","ACTIVE","ACTIVE","LIKELY_RELEVANT","2","الرابط يعمل على HTTPS ونطاق رسمي.","الرابط يعمل على HTTPS ونطاق رسمي.","2026-09-23","2026-09-23T16:42:50.176Z","2026-09-23","NO","NO","R-EXEC-DIRECT-DELIVERY | R-EXEC-DIRECT-ACT","2"
"SRC-RBR-EXEC-DEDUCT","تنفيذ الاستقطاع","وزارة العدل","GENERAL_GOVERNMENT_INFORMATION","https://www.moj.gov.sa/ar/eServices/pages/0756dde6-14de-481a-a6e6-ec9bd642b284.aspx","https://www.moj.gov.sa/ar/eServices/pages/0756dde6-14de-481a-a6e6-ec9bd642b284.aspx","www.moj.gov.sa","YES","200","HTTP_200","GET","text/html; charset=utf-8","YES","NO","ACTIVE","ACTIVE","LIKELY_RELEVANT","2","الرابط يعمل على HTTPS ونطاق رسمي.","الرابط يعمل على HTTPS ونطاق رسمي.","2026-09-23","2026-09-23T16:42:50.176Z","2026-09-23","NO","NO","R-EXEC-PERSONAL-FINANCIAL","1"
"SRC-RBR-EXEC-STATUS","استعلام عن طلب تنفيذ","وزارة العدل","OFFICIAL_SERVICE_PAGE","https://www.moj.gov.sa/ar/eServices/pages/9bd2e276-3110-4e32-a00e-330de0fec9a4.aspx","https://www.moj.gov.sa/ar/eServices/pages/9bd2e276-3110-4e32-a00e-330de0fec9a4.aspx","www.moj.gov.sa","YES","200","HTTP_200","GET","text/html; charset=utf-8","YES","NO","ACTIVE","ACTIVE","LIKELY_RELEVANT","2","الرابط يعمل على HTTPS ونطاق رسمي.","الرابط يعمل على HTTPS ونطاق رسمي.","2026-09-23","2026-09-23T16:42:50.176Z","2026-09-23","NO","NO","R-EXEC-STATUS-CHECK | R-EXECUTION-ROUTE-CHECK","2"
"SRC-RBR-EXEC-VERIFY","التحقق من طلب التنفيذ","وزارة العدل","OFFICIAL_SERVICE_PAGE","https://www.moj.gov.sa/ar/eServices/Pages/8cc249d5-9f9c-464f-a772-25192e8fdf3b.aspx","https://www.moj.gov.sa/ar/eServices/Pages/8cc249d5-9f9c-464f-a772-25192e8fdf3b.aspx","www.moj.gov.sa","YES","200","HTTP_200","GET","text/html; charset=utf-8","YES","NO","ACTIVE","ACTIVE","LIKELY_RELEVANT","2","الرابط يعمل على HTTPS ونطاق رسمي.","الرابط يعمل على HTTPS ونطاق رسمي.","2026-09-23","2026-09-23T16:42:50.176Z","2026-09-23","NO","NO","","0"
"SRC-RBR-GRACE","طلب إمهال - تأجيل السند التنفيذي","وزارة العدل","OFFICIAL_SERVICE_PAGE","https://www.moj.gov.sa/ar/eServices/Pages/a7eef02b-d9ad-4d3f-9ad0-7b9a67399313.aspx","https://www.moj.gov.sa/ar/eServices/Pages/a7eef02b-d9ad-4d3f-9ad0-7b9a67399313.aspx","www.moj.gov.sa","YES","200","HTTP_200","GET","text/html; charset=utf-8","YES","NO","ACTIVE","ACTIVE","LIKELY_RELEVANT","4","الرابط يعمل على HTTPS ونطاق رسمي.","الرابط يعمل على HTTPS ونطاق رسمي.","2026-09-23","2026-09-23T16:42:50.176Z","2026-09-23","NO","NO","R-EXEC-GRACE","1"
"SRC-RBR-HEIR65","إضافة وارث في طلبات تنفيذ مورثه","وزارة العدل","OFFICIAL_SERVICE_PAGE","https://www.moj.gov.sa/ar/eservices/pages/d3061fe4-6bad-4bc1-b38d-63217c7a76b3.aspx","https://www.moj.gov.sa/ar/eservices/pages/d3061fe4-6bad-4bc1-b38d-63217c7a76b3.aspx","www.moj.gov.sa","YES","200","HTTP_200","GET","text/html; charset=utf-8","YES","NO","ACTIVE","ACTIVE","LIKELY_RELEVANT","5","الرابط يعمل على HTTPS ونطاق رسمي.","الرابط يعمل على HTTPS ونطاق رسمي.","2026-09-23","2026-09-23T16:42:50.176Z","2026-09-23","NO","NO","R-EXEC-ADD-HEIR","1"
"SRC-RBR-MOJ-CASETRIP","رحلة القضية في وزارة العدل","وزارة العدل","GENERAL_GOVERNMENT_INFORMATION","https://www.moj.gov.sa/ar/Ministry/Pages/CaseTripInMOJ.aspx","https://www.moj.gov.sa/ar/Ministry/Pages/CaseTripInMOJ.aspx","www.moj.gov.sa","YES","200","HTTP_200","GET","text/html; charset=utf-8","YES","NO","ACTIVE","ACTIVE","LIKELY_RELEVANT","3","الرابط يعمل على HTTPS ونطاق رسمي.","الرابط يعمل على HTTPS ونطاق رسمي.","2026-09-23","2026-09-23T16:42:50.176Z","2026-09-23","NO","NO","","0"
"SRC-RBR-MOJ-RECONSIDER","التماس إعادة النظر","وزارة العدل","GENERAL_GOVERNMENT_INFORMATION","https://www.moj.gov.sa/ar/eServices/pages/34a53f98-57e0-4f8b-9bad-78a095ebae4b.aspx","https://www.moj.gov.sa/ar/eServices/pages/34a53f98-57e0-4f8b-9bad-78a095ebae4b.aspx","www.moj.gov.sa","YES","200","HTTP_200","GET","text/html; charset=utf-8","YES","NO","ACTIVE","ACTIVE","LIKELY_RELEVANT","3","الرابط يعمل على HTTPS ونطاق رسمي.","الرابط يعمل على HTTPS ونطاق رسمي.","2026-09-23","2026-09-23T16:42:50.176Z","2026-09-23","NO","NO","","0"
"SRC-RBR-MOJ-SLA","اتفاقية مستوى الخدمة","وزارة العدل","OFFICIAL_SERVICE_PAGE","https://www.moj.gov.sa/ar/Ministry/Pages/SLA.aspx","https://www.moj.gov.sa/ar/Ministry/Pages/SLA.aspx","www.moj.gov.sa","YES","200","HTTP_200","GET","text/html; charset=utf-8","YES","NO","ACTIVE","ACTIVE","LIKELY_RELEVANT","3","الرابط يعمل على HTTPS ونطاق رسمي.","الرابط يعمل على HTTPS ونطاق رسمي.","2026-09-23","2026-09-23T16:42:50.176Z","2026-09-23","NO","NO","","0"
"SRC-RBR-PAY","إثبات السداد","وزارة العدل","GENERAL_GOVERNMENT_INFORMATION","https://www.moj.gov.sa/ar/eServices/pages/0fabf9ed-05ba-497e-9e4e-1e227103fc00.aspx","https://www.moj.gov.sa/ar/eServices/pages/0fabf9ed-05ba-497e-9e4e-1e227103fc00.aspx","www.moj.gov.sa","YES","200","HTTP_200","GET","text/html; charset=utf-8","YES","NO","ACTIVE","ACTIVE","LIKELY_RELEVANT","2","الرابط يعمل على HTTPS ونطاق رسمي.","الرابط يعمل على HTTPS ونطاق رسمي.","2026-09-23","2026-09-23T16:42:50.176Z","2026-09-23","NO","NO","R-EXEC-PROOF-PAYMENT","1"
"SRC-RBR-QUERY","استعلام عن طلب تنفيذ","وزارة العدل","OFFICIAL_SERVICE_PAGE","https://www.moj.gov.sa/ar/eServices/pages/9bd2e276-3110-4e32-a00e-330de0fec9a4.aspx","https://www.moj.gov.sa/ar/eServices/pages/9bd2e276-3110-4e32-a00e-330de0fec9a4.aspx","www.moj.gov.sa","YES","200","HTTP_200","GET","text/html; charset=utf-8","YES","NO","ACTIVE","ACTIVE","LIKELY_RELEVANT","2","الرابط يعمل على HTTPS ونطاق رسمي.","الرابط يعمل على HTTPS ونطاق رسمي.","2026-09-23","2026-09-23T16:42:50.176Z","2026-09-23","NO","NO","R-EXEC-QUERY","1"
"SRC-RBR-REACT","طلب إعادة تفعيل طلب تنفيذ بعد انتهاء مدة الإمهال","وزارة العدل","OFFICIAL_SERVICE_PAGE","https://www.moj.gov.sa/ar/eServices/Pages/42bc9d16-70e4-43ad-bb8d-0a8e156ffb72.aspx","https://www.moj.gov.sa/ar/eServices/Pages/42bc9d16-70e4-43ad-bb8d-0a8e156ffb72.aspx","www.moj.gov.sa","YES","200","HTTP_200","GET","text/html; charset=utf-8","YES","NO","ACTIVE","ACTIVE","LIKELY_RELEVANT","5","الرابط يعمل على HTTPS ونطاق رسمي.","الرابط يعمل على HTTPS ونطاق رسمي.","2026-09-23","2026-09-23T16:42:50.176Z","2026-09-23","NO","NO","R-EXEC-REACTIVATE","1"
"SRC-RBR-SLA","اتفاقية مستوى الخدمة","وزارة العدل","OFFICIAL_SERVICE_PAGE","https://www.moj.gov.sa/ar/Ministry/Pages/SLA.aspx","https://www.moj.gov.sa/ar/Ministry/Pages/SLA.aspx","www.moj.gov.sa","YES","200","HTTP_200","GET","text/html; charset=utf-8","YES","NO","ACTIVE","ACTIVE","LIKELY_RELEVANT","3","الرابط يعمل على HTTPS ونطاق رسمي.","الرابط يعمل على HTTPS ونطاق رسمي.","2026-09-23","2026-09-23T16:42:50.176Z","2026-09-23","NO","NO","","0"
"SRC-RBR-TRANSFER","طلب تحويل مبلغ محجوز","وزارة العدل","OFFICIAL_SERVICE_PAGE","https://www.moj.gov.sa/ar/eServices/Pages/9bc63703-4291-4cc6-9615-ac15a3cfce36.aspx","https://www.moj.gov.sa/ar/eServices/Pages/9bc63703-4291-4cc6-9615-ac15a3cfce36.aspx","www.moj.gov.sa","YES","200","HTTP_200","GET","text/html; charset=utf-8","YES","NO","ACTIVE","ACTIVE","LIKELY_RELEVANT","3","الرابط يعمل على HTTPS ونطاق رسمي.","الرابط يعمل على HTTPS ونطاق رسمي.","2026-09-23","2026-09-23T16:42:50.176Z","2026-09-23","NO","NO","R-EXEC-TRANSFER-SEIZED","1"
"SRC-RBR-VERIFY","التحقق من طلب التنفيذ","وزارة العدل","OFFICIAL_SERVICE_PAGE","https://www.moj.gov.sa/ar/eServices/Pages/8cc249d5-9f9c-464f-a772-25192e8fdf3b.aspx","https://www.moj.gov.sa/ar/eServices/Pages/8cc249d5-9f9c-464f-a772-25192e8fdf3b.aspx","www.moj.gov.sa","YES","200","HTTP_200","GET","text/html; charset=utf-8","YES","NO","ACTIVE","ACTIVE","LIKELY_RELEVANT","2","الرابط يعمل على HTTPS ونطاق رسمي.","الرابط يعمل على HTTPS ونطاق رسمي.","2026-09-23","2026-09-23T16:42:50.176Z","2026-09-23","NO","NO","","0"
"SRC-REGA-EJAR-SETTLEMENT","الصلح لمستفيدي برنامج إيجار","الهيئة العامة للعقار","OFFICIAL_SERVICE_PAGE","https://rega.gov.sa/rega-services/eservices/%D8%A7%D9%84%D8%B5%D9%84%D8%AD-%D9%84%D9%85%D8%B3%D8%AA%D9%81%D9%8A%D8%AF%D9%8A-%D8%A8%D8%B1%D9%86%D8%A7%D9%85%D8%AC-%D8%A5%D9%8A%D8%AC%D8%A7%D8%B1/","https://rega.gov.sa/rega-services/eservices/%D8%A7%D9%84%D8%B5%D9%84%D8%AD-%D9%84%D9%85%D8%B3%D8%AA%D9%81%D9%8A%D8%AF%D9%8A-%D8%A8%D8%B1%D9%86%D8%A7%D9%85%D8%AC-%D8%A5%D9%8A%D8%AC%D8%A7%D8%B1/","rega.gov.sa","YES","200","HTTP_200","GET","text/html; charset=utf-8","YES","NO","ACTIVE","ACTIVE","LIKELY_RELEVANT","3","الرابط يعمل على HTTPS ونطاق رسمي.","الرابط يعمل على HTTPS ونطاق رسمي.","2026-09-23","2026-09-23T16:42:50.176Z","2026-09-19","NO","NO","","0"
"SRC-REGA-FAL","تراخيص فال","الهيئة العامة للعقار","GENERAL_GOVERNMENT_INFORMATION","https://eservices.rega.gov.sa/","https://eservices.rega.gov.sa/","eservices.rega.gov.sa","YES","200","HTTP_200","GET","text/html; charset=utf-8","YES","NO","ACTIVE","ACTIVE","NEEDS_MANUAL_CONTENT_CHECK","0","الرابط يعمل على HTTPS ونطاق رسمي.","الرابط يعمل على HTTPS ونطاق رسمي.","2026-09-23","2026-09-23T16:42:50.176Z","2026-09-21","YES","NO","R-REGA-FAL","1"
"SRC-REGA-REGISTRY","السجل العقاري وخدمات التسجيل العيني","الهيئة العامة للعقار","GENERAL_GOVERNMENT_INFORMATION","https://rega.gov.sa/rega-services/platforms/real-estate-registry/","https://rega.gov.sa/rega-services/platforms/real-estate-registry/","rega.gov.sa","YES","200","HTTP_200","GET","text/html; charset=utf-8","YES","NO","ACTIVE","ACTIVE","LIKELY_RELEVANT","4","الرابط يعمل على HTTPS ونطاق رسمي.","الرابط يعمل على HTTPS ونطاق رسمي.","2026-09-23","2026-09-23T16:42:50.176Z","2026-09-14","NO","NO","","0"
"SRC-SAIP-COPYRIGHT","تسجيل مصنف جديد - المصنفات المكتوبة","الهيئة السعودية للملكية الفكرية","OFFICIAL_SERVICE_PAGE","https://www.saip.gov.sa/ar/services/copyrights/copyr7","https://www.saip.gov.sa/ar/services/copyrights/copyr7","www.saip.gov.sa","YES","200","HTTP_200","GET","text/html; charset=utf-8","YES","NO","ACTIVE","ACTIVE","LIKELY_RELEVANT","5","الرابط يعمل على HTTPS ونطاق رسمي.","الرابط يعمل على HTTPS ونطاق رسمي.","2026-09-23","2026-09-23T16:42:50.176Z","2026-09-14","NO","NO","","0"
"SRC-SAIP-HOME","خدمات الملكية الفكرية","الهيئة السعودية للملكية الفكرية","GENERAL_GOVERNMENT_INFORMATION","https://www.saip.gov.sa/ar","https://www.saip.gov.sa/ar","www.saip.gov.sa","YES","200","HTTP_200","GET","text/html; charset=utf-8","YES","NO","ACTIVE","ACTIVE","LIKELY_RELEVANT","3","الرابط يعمل على HTTPS ونطاق رسمي.","الرابط يعمل على HTTPS ونطاق رسمي.","2026-09-23","2026-09-23T16:42:50.176Z","2026-09-14","NO","NO","","0"
"SRC-SAIP-PATENT","إيداع طلب براءة اختراع","الهيئة السعودية للملكية الفكرية","OFFICIAL_SERVICE_PAGE","https://saip.gov.sa/ar/services/patents/patent1","https://saip.gov.sa/ar/services/patents/patent1","saip.gov.sa","YES","200","HTTP_200","GET","text/html; charset=utf-8","YES","NO","ACTIVE","ACTIVE","LIKELY_RELEVANT","3","الرابط يعمل على HTTPS ونطاق رسمي.","الرابط يعمل على HTTPS ونطاق رسمي.","2026-09-23","2026-09-23T16:42:50.176Z","2026-09-14","NO","NO","","0"
"SRC-SAIP-TRADEMARKS","العلامات التجارية","الهيئة السعودية للملكية الفكرية","OFFICIAL_SERVICE_PAGE","https://www.saip.gov.sa/ar/services/trademarks","https://www.saip.gov.sa/ar/services/trademarks","www.saip.gov.sa","YES","200","HTTP_200","GET","text/html; charset=utf-8","YES","NO","ACTIVE","ACTIVE","LIKELY_RELEVANT","2","الرابط يعمل على HTTPS ونطاق رسمي.","الرابط يعمل على HTTPS ونطاق رسمي.","2026-09-23","2026-09-23T16:42:50.176Z","2026-09-14","NO","NO","","0"
"SRC-SAMA-COMPLAINT","تقديم شكوى على المؤسسات المالية","البنك المركزي السعودي","OFFICIAL_SERVICE_PAGE","https://sama.gov.sa/ar-sa/Pages/LandingServices.aspx","https://sama.gov.sa/ar-sa/Pages/LandingServices.aspx","sama.gov.sa","YES","200","HTTP_200","GET","text/html; charset=utf-8","YES","NO","ACTIVE","ACTIVE","NEEDS_MANUAL_CONTENT_CHECK","0","الرابط يعمل على HTTPS ونطاق رسمي.","الرابط يعمل على HTTPS ونطاق رسمي.","2026-09-23","2026-09-23T16:42:50.176Z","2026-09-14","YES","NO","R-SP-FIN-COMPLAINT | R-SP-FIN-COMPLAINT-FOLLOW","2"
"SRC-SAMA-CONSUMER-PROTECTION","مبادئ وقواعد حماية عملاء المؤسسات المالية","البنك المركزي السعودي","REGULATOR_PAGE","https://rulebook.sama.gov.sa/ar/entiresection/5847","https://rulebook.sama.gov.sa/ar/entiresection/5847","rulebook.sama.gov.sa","YES","200","HTTP_200","GET","text/html; charset=UTF-8","YES","NO","ACTIVE","ACTIVE","LIKELY_RELEVANT","5","الرابط يعمل على HTTPS ونطاق رسمي.","الرابط يعمل على HTTPS ونطاق رسمي.","2026-09-23","2026-09-23T16:42:50.176Z","2026-09-20","NO","NO","R-SP-FIN-CLEARANCE | R-SP-FIN-DEBT-BUYOUT | R-SP-CREDIT-CARD-DISPUTE | R-SP-BANK-TRANSFER-DELAY | R-SP-BANK-ATM-CASH | R-SP-BANK-ATM-DEPOSIT | R-SP-BANK-ACCOUNT-OPEN-CLOSE | R-SP-FIN-EARLY-SETTLEMENT","8"
"SRC-SAMA-FRAUD-GUIDE","التوعية بالاحتيال المالي وحماية العملاء","البنك المركزي السعودي","REGULATOR_PAGE","https://www.sama.gov.sa/ar-sa/ConsumerProtection/Pages/FraudAwareness.aspx","https://www.sama.gov.sa/ar-sa/ConsumerProtection/Pages/FraudAwareness.aspx","www.sama.gov.sa","YES","200","HTTP_200","GET","text/html; charset=utf-8","YES","NO","ACTIVE","ACTIVE","NEEDS_MANUAL_CONTENT_CHECK","0","الرابط يعمل على HTTPS ونطاق رسمي.","الرابط يعمل على HTTPS ونطاق رسمي.","2026-09-23","2026-09-23T16:42:50.176Z","2026-09-20","YES","NO","R-SP-BANK-UNAUTHORIZED | R-SP-BANK-SCAM-TRANSFER | R-SP-BANK-CARD-LOST","3"
"SRC-SAMA-REAL-ESTATE-FINANCE-JURISDICTION","نظام التمويل العقاري — المادة الثالثة عشرة","البنك المركزي السعودي","LEGAL_SOURCE","https://rulebook.sama.gov.sa/ar/المادة-الثالثة-عشرة-13","https://rulebook.sama.gov.sa/ar/%D8%A7%D9%84%D9%85%D8%A7%D8%AF%D8%A9-%D8%A7%D9%84%D8%AB%D8%A7%D9%84%D8%AB%D8%A9-%D8%B9%D8%B4%D8%B1%D8%A9-13","rulebook.sama.gov.sa","YES","200","HTTP_200","GET","text/html; charset=UTF-8","YES","NO","ACTIVE","ACTIVE","LIKELY_RELEVANT","5","الرابط يعمل على HTTPS ونطاق رسمي.","الرابط يعمل على HTTPS ونطاق رسمي.","2026-09-23","2026-09-23T16:42:50.176Z","2026-09-16","NO","NO","R-SP-FINANCE-COMMITTEE","1"
"SRC-SCFHS-PRACTITIONER-FAQ","الأسئلة الشائعة للممارس — التصنيف والتسجيل المهني","الهيئة السعودية للتخصصات الصحية","GENERAL_GOVERNMENT_INFORMATION","https://scfhs.org.sa/ar/FAQ/Practitioner","https://scfhs.org.sa/ar/FAQ/Practitioner","scfhs.org.sa","YES","200","HTTP_200","GET","text/html; charset=UTF-8","YES","NO","ACTIVE","ACTIVE","LIKELY_RELEVANT","6","الرابط يعمل على HTTPS ونطاق رسمي.","الرابط يعمل على HTTPS ونطاق رسمي.","2026-09-23","2026-09-23T16:42:50.176Z","2026-09-21","NO","NO","R-PRO-SCFHS","1"
"SRC-SDAIA-PDPL-COMPLAINT","اللائحة التنفيذية لنظام حماية البيانات الشخصية — تقديم ومعالجة الشكاوى","الهيئة السعودية للبيانات والذكاء الاصطناعي (سدايا)","GENERAL_GOVERNMENT_INFORMATION","https://dgp.sdaia.gov.sa/wps/portal/pdp/knowledgecenter/details/PDPL2","https://dgp.sdaia.gov.sa/wps/portal/pdp/knowledgecenter/details/PDPL2","dgp.sdaia.gov.sa","YES","200","HTTP_200","GET","text/html; charset=UTF-8","YES","NO","ACTIVE","ACTIVE","LIKELY_RELEVANT","8","الرابط يعمل على HTTPS ونطاق رسمي.","الرابط يعمل على HTTPS ونطاق رسمي.","2026-09-23","2026-09-23T16:42:50.176Z","2026-09-16","NO","NO","R-SPECIAL-PRIVACY-FOLLOW | R-SPECIAL-PRIVACY-RESPONSE-REVIEW | R-SPECIAL-PRIVACY-START","3"
"SRC-SFDA-COSMETIC","نظام تيقظ — بلاغات أعراض جانبية لمنتجات التجميل","الهيئة العامة للغذاء والدواء","LEGAL_SOURCE","https://www.sfda.gov.sa/ar/eservices/%D9%86%D8%B8%D8%A7%D9%85-%D8%AA%D9%8A%D9%82%D8%B8-%D8%A8%D9%84%D8%A7%D8%BA%D8%A7%D8%AA-%D8%A3%D8%B9%D8%B1%D8%A7%D8%B6-%D8%AC%D8%A7%D9%86%D8%A8%D9%8A%D8%A9-%D9%84%D9%85%D9%86%D8%AA%D8%AC%D8%A7%D8%AA-%D8%A7%D9%84%D8%AA%D8%AC%D9%85%D9%8A%D9%84","https://www.sfda.gov.sa/ar/eservices/%D9%86%D8%B8%D8%A7%D9%85-%D8%AA%D9%8A%D9%82%D8%B8-%D8%A8%D9%84%D8%A7%D8%BA%D8%A7%D8%AA-%D8%A3%D8%B9%D8%B1%D8%A7%D8%B6-%D8%AC%D8%A7%D9%86%D8%A8%D9%8A%D8%A9-%D9%84%D9%85%D9%86%D8%AA%D8%AC%D8%A7%D8%AA-%D8%A7%D9%84%D8%AA%D8%AC%D9%85%D9%8A%D9%84","www.sfda.gov.sa","YES","200","HTTP_200","GET","text/html; charset=utf-8","YES","NO","ACTIVE","ACTIVE","LIKELY_RELEVANT","6","الرابط يعمل على HTTPS ونطاق رسمي.","الرابط يعمل على HTTPS ونطاق رسمي.","2026-09-23","2026-09-23T16:42:50.176Z","2026-09-21","NO","NO","R-SFDA-COSMETIC","1"
"SRC-SFDA-DRUG-ADVERSE","نظام تيقظ — بلاغات الأدوية للأعراض الجانبية","الهيئة العامة للغذاء والدواء","LEGAL_SOURCE","https://www.sfda.gov.sa/ar/eservices/338","https://www.sfda.gov.sa/ar/eservices/338","www.sfda.gov.sa","YES","200","HTTP_200","GET","text/html; charset=utf-8","YES","NO","ACTIVE","ACTIVE","LIKELY_RELEVANT","5","الرابط يعمل على HTTPS ونطاق رسمي.","الرابط يعمل على HTTPS ونطاق رسمي.","2026-09-23","2026-09-23T16:42:50.176Z","2026-09-21","NO","NO","R-SFDA-DRUG-ADVERSE","1"
"SRC-SFDA-DRUG-QUALITY","نظام تيقظ — بلاغات خلل جودة مستحضر صيدلاني","الهيئة العامة للغذاء والدواء","LEGAL_SOURCE","https://www.sfda.gov.sa/ar/eservices/341","https://www.sfda.gov.sa/ar/eservices/341","www.sfda.gov.sa","YES","200","HTTP_200","GET","text/html; charset=utf-8","YES","NO","ACTIVE","ACTIVE","LIKELY_RELEVANT","5","الرابط يعمل على HTTPS ونطاق رسمي.","الرابط يعمل على HTTPS ونطاق رسمي.","2026-09-23","2026-09-23T16:42:50.176Z","2026-09-21","NO","NO","R-SFDA-DRUG-QUALITY","1"
"SRC-SFDA-MEDDEVICE","المركز الوطني لبلاغات الأجهزة والمستلزمات الطبية","الهيئة العامة للغذاء والدواء","OFFICIAL_SERVICE_PAGE","https://www.sfda.gov.sa/ar/eservices/%D8%A7%D9%84%D9%85%D8%B1%D9%83%D8%B2-%D8%A7%D9%84%D9%88%D8%B7%D9%86%D9%8A-%D9%84%D8%A8%D9%84%D8%A7%D8%BA%D8%A7%D8%AA-%D8%A7%D9%84%D8%A3%D8%AC%D9%87%D8%B2%D8%A9-%D9%88%D8%A7%D9%84%D9%85%D8%B3%D8%AA%D9%84%D8%B2%D9%85%D8%A7%D8%AA-%D8%A7%D9%84%D8%B7%D8%A8%D9%8A%D8%A9","https://www.sfda.gov.sa/ar/eservices/%D8%A7%D9%84%D9%85%D8%B1%D9%83%D8%B2-%D8%A7%D9%84%D9%88%D8%B7%D9%86%D9%8A-%D9%84%D8%A8%D9%84%D8%A7%D8%BA%D8%A7%D8%AA-%D8%A7%D9%84%D8%A3%D8%AC%D9%87%D8%B2%D8%A9-%D9%88%D8%A7%D9%84%D9%85%D8%B3%D8%AA%D9%84%D8%B2%D9%85%D8%A7%D8%AA-%D8%A7%D9%84%D8%B7%D8%A8%D9%8A%D8%A9","www.sfda.gov.sa","YES","200","HTTP_200","GET","text/html; charset=utf-8","YES","NO","ACTIVE","ACTIVE","LIKELY_RELEVANT","6","الرابط يعمل على HTTPS ونطاق رسمي.","الرابط يعمل على HTTPS ونطاق رسمي.","2026-09-23","2026-09-23T16:42:50.176Z","2026-09-21","NO","NO","R-SFDA-MEDDEVICE","1"
"SRC-TAWAKKALNA-SUPPORT","توكلنا","توكلنا","GENERAL_GOVERNMENT_INFORMATION","https://ta.sdaia.gov.sa/","https://ta.sdaia.gov.sa/","ta.sdaia.gov.sa","YES","206","HTTP_206","GET","text/html","YES","NO","ACTIVE","ACTIVE","LIKELY_RELEVANT","1","الرابط يعمل على HTTPS ونطاق رسمي.","الرابط يعمل على HTTPS ونطاق رسمي.","2026-09-23","2026-09-23T16:42:50.176Z","2026-09-21","NO","NO","R-DIGITAL-TAWAKKALNA-SUPPORT","1"
"SRC-TVTC-TRAINING","التدريب الأهلي","المؤسسة العامة للتدريب التقني والمهني","GENERAL_GOVERNMENT_INFORMATION","https://tadreeb.tvtc.gov.sa/","https://tadreeb.tvtc.gov.sa/","tadreeb.tvtc.gov.sa","YES","200","HTTP_200","GET","text/html; charset=UTF-8","YES","NO","ACTIVE","ACTIVE","NEEDS_MANUAL_CONTENT_CHECK","1","الرابط يعمل على HTTPS ونطاق رسمي.","الرابط يعمل على HTTPS ونطاق رسمي.","2026-09-23","2026-09-23T16:42:50.176Z","2026-09-21","YES","NO","R-TVTC-TRAINING-LICENSE","1"
"SRC-UQN-RENT-CONTROLS","الأحكام النظامية الخاصة بضبط العلاقة بين المؤجر والمستأجر","جريدة أم القرى","GENERAL_GOVERNMENT_INFORMATION","https://www.uqn.gov.sa/details?p=28602","https://www.uqn.gov.sa/details?p=28602","www.uqn.gov.sa","YES","200","HTTP_200","GET","text/html; charset=UTF-8","YES","NO","ACTIVE","ACTIVE","LIKELY_RELEVANT","7","الرابط يعمل على HTTPS ونطاق رسمي.","الرابط يعمل على HTTPS ونطاق رسمي.","2026-09-23","2026-09-23T16:42:50.176Z","2026-09-23","NO","NO","","0"
"SRC-ZATCA-EINVOICE","الفوترة الإلكترونية (فاتورة)","هيئة الزكاة والضريبة والجمارك","REGULATOR_PAGE","https://zatca.gov.sa/ar/E-Invoicing/Pages/default.aspx","https://zatca.gov.sa/ar/E-Invoicing/Pages/default.aspx","zatca.gov.sa","YES","200","HTTP_200","GET","text/html; charset=utf-8","YES","NO","ACTIVE","ACTIVE","LIKELY_RELEVANT","2","الرابط يعمل على HTTPS ونطاق رسمي.","الرابط يعمل على HTTPS ونطاق رسمي.","2026-09-23","2026-09-23T16:42:50.176Z","2026-09-21","NO","NO","R-ZATCA-EINVOICE","1"
"SRC-ZATCA-GSTC","رفع الاعتراض للأمانة العامة للجان الزكوية والضريبية والجمركية","هيئة الزكاة والضريبة والجمارك","REGULATOR_PAGE","https://zatca.gov.sa/ar/eServices/Pages/eServices-028.aspx","https://zatca.gov.sa/ar/eServices/Pages/eServices-028.aspx","zatca.gov.sa","YES","200","HTTP_200","GET","text/html; charset=utf-8","YES","NO","ACTIVE","ACTIVE","LIKELY_RELEVANT","7","الرابط يعمل على HTTPS ونطاق رسمي.","الرابط يعمل على HTTPS ونطاق رسمي.","2026-09-23","2026-09-23T16:42:50.176Z","2026-09-15","NO","NO","R-SP-GSTC-ESCALATE | R-SP-GSTC-CHECK","2"
"SRC-ZATCA-OBJECT","خدمات الاعتراض","هيئة الزكاة والضريبة والجمارك","REGULATOR_PAGE","https://zatca.gov.sa/ar/eServices/Pages/eServices-021.aspx","https://zatca.gov.sa/ar/eServices/Pages/eServices-021.aspx","zatca.gov.sa","YES","200","HTTP_200","GET","text/html; charset=utf-8","YES","NO","ACTIVE","ACTIVE","LIKELY_RELEVANT","2","الرابط يعمل على HTTPS ونطاق رسمي.","الرابط يعمل على HTTPS ونطاق رسمي.","2026-09-23","2026-09-23T16:42:50.176Z","2026-09-15","NO","NO","R-SP-ZATCA-OBJECT | R-SP-ZATCA-WAIT","2"
"SRC101-COURTS","محاكم الدرجة الأولى - اختصاص المحاكم الجزائية","وزارة العدل","GENERAL_GOVERNMENT_INFORMATION","https://moj.gov.sa/ar/Ministry/Courts/Pages/FirstCourts.aspx","https://moj.gov.sa/ar/Ministry/Courts/Pages/FirstCourts.aspx","moj.gov.sa","YES","200","HTTP_200","GET","text/html; charset=utf-8","YES","NO","ACTIVE","ACTIVE","LIKELY_RELEVANT","6","الرابط يعمل على HTTPS ونطاق رسمي.","الرابط يعمل على HTTPS ونطاق رسمي.","2026-09-23","2026-09-23T16:42:50.176Z","2026-09-23","NO","NO","R-CRIM-REPORT-GENERAL | R-CRIM-CIVIL-GATE | R-CRIM-COURT","3"
"SRC101-TRIP","رحلة القضية في وزارة العدل","وزارة العدل","GENERAL_GOVERNMENT_INFORMATION","https://www.moj.gov.sa/ar/Ministry/Pages/CaseTripInMOJ.aspx","https://www.moj.gov.sa/ar/Ministry/Pages/CaseTripInMOJ.aspx","www.moj.gov.sa","YES","200","HTTP_200","GET","text/html; charset=utf-8","YES","NO","ACTIVE","ACTIVE","LIKELY_RELEVANT","3","الرابط يعمل على HTTPS ونطاق رسمي.","الرابط يعمل على HTTPS ونطاق رسمي.","2026-09-23","2026-09-23T16:42:50.176Z","2026-09-23","NO","NO","R-CRIM-JUDGMENT-PROCEDURE","1"
"SRC102-REGA-REG","اللائحة التنفيذية لنظام الوساطة العقارية","الهيئة العامة للعقار","GENERAL_GOVERNMENT_INFORMATION","https://rega.gov.sa/الأنظمة-والقرارات/الأنظمة-واللوائح-والأدلة/اللوائح/اللائحة-التنفيذية-لنظام-الوساطة-العقارية/","https://rega.gov.sa/%D8%A7%D9%84%D8%A3%D9%86%D8%B8%D9%85%D8%A9-%D9%88%D8%A7%D9%84%D9%82%D8%B1%D8%A7%D8%B1%D8%A7%D8%AA/%D8%A7%D9%84%D8%A3%D9%86%D8%B8%D9%85%D8%A9-%D9%88%D8%A7%D9%84%D9%84%D9%88%D8%A7%D8%A6%D8%AD-%D9%88%D8%A7%D9%84%D8%A3%D8%AF%D9%84%D8%A9/%D8%A7%D9%84%D9%84%D9%88%D8%A7%D8%A6%D8%AD/%D8%A7%D9%84%D9%84%D8%A7%D8%A6%D8%AD%D8%A9-%D8%A7%D9%84%D8%AA%D9%86%D9%81%D9%8A%D8%B0%D9%8A%D8%A9-%D9%84%D9%86%D8%B8%D8%A7%D9%85-%D8%A7%D9%84%D9%88%D8%B3%D8%A7%D8%B7%D8%A9-%D8%A7%D9%84%D8%B9%D9%82%D8%A7%D8%B1%D9%8A%D8%A9/","rega.gov.sa","YES","200","HTTP_200","GET","text/html; charset=utf-8","YES","NO","ACTIVE","ACTIVE","LIKELY_RELEVANT","3","الرابط يعمل على HTTPS ونطاق رسمي.","الرابط يعمل على HTTPS ونطاق رسمي.","2026-09-23","2026-09-23T16:42:50.176Z","2026-09-23","NO","NO","","0"
"SRC102-REGA-SYS","نظام الوساطة العقارية","الهيئة العامة للعقار","LEGAL_SOURCE","https://rega.gov.sa/الأنظمة-والقرارات/الأنظمة-واللوائح-والأدلة/الأنظمة/نظام-الوساطة-العقارية/","https://rega.gov.sa/%D8%A7%D9%84%D8%A3%D9%86%D8%B8%D9%85%D8%A9-%D9%88%D8%A7%D9%84%D9%82%D8%B1%D8%A7%D8%B1%D8%A7%D8%AA/%D8%A7%D9%84%D8%A3%D9%86%D8%B8%D9%85%D8%A9-%D9%88%D8%A7%D9%84%D9%84%D9%88%D8%A7%D8%A6%D8%AD-%D9%88%D8%A7%D9%84%D8%A3%D8%AF%D9%84%D8%A9/%D8%A7%D9%84%D8%A3%D9%86%D8%B8%D9%85%D8%A9/%D9%86%D8%B8%D8%A7%D9%85-%D8%A7%D9%84%D9%88%D8%B3%D8%A7%D8%B7%D8%A9-%D8%A7%D9%84%D8%B9%D9%82%D8%A7%D8%B1%D9%8A%D8%A9/","rega.gov.sa","YES","200","HTTP_200","GET","text/html; charset=utf-8","YES","NO","ACTIVE","ACTIVE","LIKELY_RELEVANT","2","الرابط يعمل على HTTPS ونطاق رسمي.","الرابط يعمل على HTTPS ونطاق رسمي.","2026-09-23","2026-09-23T16:42:50.176Z","2026-09-23","NO","NO","R-BROKERAGE-REAL","1"
"SRC103-CLAIM","صحيفة دعوى","وزارة العدل","GENERAL_GOVERNMENT_INFORMATION","https://moj.gov.sa/ar/eServices/Pages/928b8f02-19a7-482b-ba0e-29a151d9a900.aspx","https://moj.gov.sa/ar/eServices/Pages/928b8f02-19a7-482b-ba0e-29a151d9a900.aspx","moj.gov.sa","YES","200","HTTP_200","GET","text/html; charset=utf-8","YES","NO","ACTIVE","ACTIVE","LIKELY_RELEVANT","2","الرابط يعمل على HTTPS ونطاق رسمي.","الرابط يعمل على HTTPS ونطاق رسمي.","2026-09-23","2026-09-23T16:42:50.176Z","2026-09-23","NO","NO","R-BROKERAGE-COMMERCIAL | R-BROKERAGE-CIVIL","2"
"SRC103-TRIP","رحلة القضية في وزارة العدل","وزارة العدل","GENERAL_GOVERNMENT_INFORMATION","https://www.moj.gov.sa/ar/Ministry/Pages/CaseTripInMOJ.aspx","https://www.moj.gov.sa/ar/Ministry/Pages/CaseTripInMOJ.aspx","www.moj.gov.sa","YES","200","HTTP_200","GET","text/html; charset=utf-8","YES","NO","ACTIVE","ACTIVE","LIKELY_RELEVANT","3","الرابط يعمل على HTTPS ونطاق رسمي.","الرابط يعمل على HTTPS ونطاق رسمي.","2026-09-23","2026-09-23T16:42:50.176Z","2026-09-23","NO","NO","","0"
"SRC104-CLAIM","صحيفة دعوى","وزارة العدل","GENERAL_GOVERNMENT_INFORMATION","https://moj.gov.sa/ar/eServices/Pages/928b8f02-19a7-482b-ba0e-29a151d9a900.aspx","https://moj.gov.sa/ar/eServices/Pages/928b8f02-19a7-482b-ba0e-29a151d9a900.aspx","moj.gov.sa","YES","200","HTTP_200","GET","text/html; charset=utf-8","YES","NO","ACTIVE","ACTIVE","LIKELY_RELEVANT","2","الرابط يعمل على HTTPS ونطاق رسمي.","الرابط يعمل على HTTPS ونطاق رسمي.","2026-09-23","2026-09-23T16:42:50.176Z","2026-09-23","NO","NO","R-FAM-MAINT-ARREARS | R-FAM-NAFAQA-TEMP","2"
"SRC104-DEDUCT","تنفيذ الاستقطاع","وزارة العدل","GENERAL_GOVERNMENT_INFORMATION","https://www.moj.gov.sa/ar/eServices/pages/0756dde6-14de-481a-a6e6-ec9bd642b284.aspx","https://www.moj.gov.sa/ar/eServices/pages/0756dde6-14de-481a-a6e6-ec9bd642b284.aspx","www.moj.gov.sa","YES","200","HTTP_200","GET","text/html; charset=utf-8","YES","NO","ACTIVE","ACTIVE","LIKELY_RELEVANT","2","الرابط يعمل على HTTPS ونطاق رسمي.","الرابط يعمل على HTTPS ونطاق رسمي.","2026-09-23","2026-09-23T16:42:50.176Z","2026-09-23","NO","NO","","0"
"SRC104-EXEC","تقديم طلب تنفيذ","وزارة العدل","OFFICIAL_SERVICE_PAGE","https://www.moj.gov.sa/ar/eservices/pages/1c719954-3463-4754-85e1-1b319b937b86.aspx","https://www.moj.gov.sa/ar/eservices/pages/1c719954-3463-4754-85e1-1b319b937b86.aspx","www.moj.gov.sa","YES","200","HTTP_200","GET","text/html; charset=utf-8","YES","NO","ACTIVE","ACTIVE","LIKELY_RELEVANT","2","الرابط يعمل على HTTPS ونطاق رسمي.","الرابط يعمل على HTTPS ونطاق رسمي.","2026-09-23","2026-09-23T16:42:50.176Z","2026-09-23","NO","NO","R-FAM-MAINT-NOT-RECEIVED","1"
"SRC104-TRIP","رحلة القضية في وزارة العدل","وزارة العدل","GENERAL_GOVERNMENT_INFORMATION","https://www.moj.gov.sa/ar/Ministry/Pages/CaseTripInMOJ.aspx","https://www.moj.gov.sa/ar/Ministry/Pages/CaseTripInMOJ.aspx","www.moj.gov.sa","YES","200","HTTP_200","GET","text/html; charset=utf-8","YES","NO","ACTIVE","ACTIVE","LIKELY_RELEVANT","3","الرابط يعمل على HTTPS ونطاق رسمي.","الرابط يعمل على HTTPS ونطاق رسمي.","2026-09-23","2026-09-23T16:42:50.176Z","2026-09-23","NO","NO","","0"
"SRC105-CLAIM","صحيفة دعوى","وزارة العدل","GENERAL_GOVERNMENT_INFORMATION","https://moj.gov.sa/ar/eServices/Pages/928b8f02-19a7-482b-ba0e-29a151d9a900.aspx","https://moj.gov.sa/ar/eServices/Pages/928b8f02-19a7-482b-ba0e-29a151d9a900.aspx","moj.gov.sa","YES","200","HTTP_200","GET","text/html; charset=utf-8","YES","NO","ACTIVE","ACTIVE","LIKELY_RELEVANT","2","الرابط يعمل على HTTPS ونطاق رسمي.","الرابط يعمل على HTTPS ونطاق رسمي.","2026-09-23","2026-09-23T16:42:50.176Z","2026-09-23","NO","NO","R-FAM-MAHR-RIGHTS | R-FAM-NAFAQA-PAST-WIFE","2"
"SRC105-TRIP","رحلة القضية في وزارة العدل","وزارة العدل","GENERAL_GOVERNMENT_INFORMATION","https://www.moj.gov.sa/ar/Ministry/Pages/CaseTripInMOJ.aspx","https://www.moj.gov.sa/ar/Ministry/Pages/CaseTripInMOJ.aspx","www.moj.gov.sa","YES","200","HTTP_200","GET","text/html; charset=utf-8","YES","NO","ACTIVE","ACTIVE","LIKELY_RELEVANT","3","الرابط يعمل على HTTPS ونطاق رسمي.","الرابط يعمل على HTTPS ونطاق رسمي.","2026-09-23","2026-09-23T16:42:50.176Z","2026-09-23","NO","NO","","0"
"SRC106-CLAIM","صحيفة دعوى","وزارة العدل","GENERAL_GOVERNMENT_INFORMATION","https://moj.gov.sa/ar/eServices/Pages/928b8f02-19a7-482b-ba0e-29a151d9a900.aspx","https://moj.gov.sa/ar/eServices/Pages/928b8f02-19a7-482b-ba0e-29a151d9a900.aspx","moj.gov.sa","YES","200","HTTP_200","GET","text/html; charset=utf-8","YES","NO","ACTIVE","ACTIVE","LIKELY_RELEVANT","2","الرابط يعمل على HTTPS ونطاق رسمي.","الرابط يعمل على HTTPS ونطاق رسمي.","2026-09-23","2026-09-23T16:42:50.176Z","2026-09-23","NO","NO","","0"
"SRC106-EXEC","تقديم طلب تنفيذ","وزارة العدل","OFFICIAL_SERVICE_PAGE","https://www.moj.gov.sa/ar/eservices/pages/1c719954-3463-4754-85e1-1b319b937b86.aspx","https://www.moj.gov.sa/ar/eservices/pages/1c719954-3463-4754-85e1-1b319b937b86.aspx","www.moj.gov.sa","YES","200","HTTP_200","GET","text/html; charset=utf-8","YES","NO","ACTIVE","ACTIVE","LIKELY_RELEVANT","2","الرابط يعمل على HTTPS ونطاق رسمي.","الرابط يعمل على HTTPS ونطاق رسمي.","2026-09-23","2026-09-23T16:42:50.176Z","2026-09-23","NO","NO","","0"
"SRC107-CLAIM","صحيفة دعوى","وزارة العدل","GENERAL_GOVERNMENT_INFORMATION","https://moj.gov.sa/ar/eServices/Pages/928b8f02-19a7-482b-ba0e-29a151d9a900.aspx","https://moj.gov.sa/ar/eServices/Pages/928b8f02-19a7-482b-ba0e-29a151d9a900.aspx","moj.gov.sa","YES","200","HTTP_200","GET","text/html; charset=utf-8","YES","NO","ACTIVE","ACTIVE","LIKELY_RELEVANT","2","الرابط يعمل على HTTPS ونطاق رسمي.","الرابط يعمل على HTTPS ونطاق رسمي.","2026-09-23","2026-09-23T16:42:50.176Z","2026-09-23","NO","NO","","0"
"SRC110-CLAIM","صحيفة دعوى","وزارة العدل","GENERAL_GOVERNMENT_INFORMATION","https://moj.gov.sa/ar/eServices/Pages/928b8f02-19a7-482b-ba0e-29a151d9a900.aspx","https://moj.gov.sa/ar/eServices/Pages/928b8f02-19a7-482b-ba0e-29a151d9a900.aspx","moj.gov.sa","YES","200","HTTP_200","GET","text/html; charset=utf-8","YES","NO","ACTIVE","ACTIVE","LIKELY_RELEVANT","2","الرابط يعمل على HTTPS ونطاق رسمي.","الرابط يعمل على HTTPS ونطاق رسمي.","2026-09-23","2026-09-23T16:42:50.176Z","2026-09-23","NO","NO","","0"
"SRC110-TRIP","رحلة القضية في وزارة العدل","وزارة العدل","GENERAL_GOVERNMENT_INFORMATION","https://www.moj.gov.sa/ar/Ministry/Pages/CaseTripInMOJ.aspx","https://www.moj.gov.sa/ar/Ministry/Pages/CaseTripInMOJ.aspx","www.moj.gov.sa","YES","200","HTTP_200","GET","text/html; charset=utf-8","YES","NO","ACTIVE","ACTIVE","LIKELY_RELEVANT","3","الرابط يعمل على HTTPS ونطاق رسمي.","الرابط يعمل على HTTPS ونطاق رسمي.","2026-09-23","2026-09-23T16:42:50.176Z","2026-09-23","NO","NO","","0"
"SRC111-CLAIM","صحيفة دعوى","وزارة العدل","OFFICIAL_SERVICE_PAGE","https://www.moj.gov.sa/ar/eservices/pages/928b8f02-19a7-482b-ba0e-29a151d9a900.aspx","https://www.moj.gov.sa/ar/eservices/pages/928b8f02-19a7-482b-ba0e-29a151d9a900.aspx","www.moj.gov.sa","YES","200","HTTP_200","GET","text/html; charset=utf-8","YES","NO","ACTIVE","ACTIVE","LIKELY_RELEVANT","2","الرابط يعمل على HTTPS ونطاق رسمي.","الرابط يعمل على HTTPS ونطاق رسمي.","2026-09-23","2026-09-23T16:42:50.176Z","2026-09-23","NO","NO","","0"
"SRC111-TRIP","رحلة القضية","وزارة العدل","GENERAL_GOVERNMENT_INFORMATION","https://www.moj.gov.sa/ar/Ministry/Pages/CaseTripInMOJ.aspx","https://www.moj.gov.sa/ar/Ministry/Pages/CaseTripInMOJ.aspx","www.moj.gov.sa","YES","200","HTTP_200","GET","text/html; charset=utf-8","YES","NO","ACTIVE","ACTIVE","LIKELY_RELEVANT","2","الرابط يعمل على HTTPS ونطاق رسمي.","الرابط يعمل على HTTPS ونطاق رسمي.","2026-09-23","2026-09-23T16:42:50.176Z","2026-09-23","NO","NO","","0"
"SRC112-CLAIM","صحيفة دعوى","وزارة العدل","GENERAL_GOVERNMENT_INFORMATION","https://www.moj.gov.sa/ar/eServices/Pages/928b8f02-19a7-482b-ba0e-29a151d9a900.aspx","https://www.moj.gov.sa/ar/eServices/Pages/928b8f02-19a7-482b-ba0e-29a151d9a900.aspx","www.moj.gov.sa","YES","200","HTTP_200","GET","text/html; charset=utf-8","YES","NO","ACTIVE","ACTIVE","LIKELY_RELEVANT","2","الرابط يعمل على HTTPS ونطاق رسمي.","الرابط يعمل على HTTPS ونطاق رسمي.","2026-09-23","2026-09-23T16:42:50.176Z","2026-09-23","NO","NO","","0"
"SRC115-CLAIM","صحيفة دعوى","وزارة العدل","GENERAL_GOVERNMENT_INFORMATION","https://moj.gov.sa/ar/eServices/Pages/928b8f02-19a7-482b-ba0e-29a151d9a900.aspx","https://moj.gov.sa/ar/eServices/Pages/928b8f02-19a7-482b-ba0e-29a151d9a900.aspx","moj.gov.sa","YES","200","HTTP_200","GET","text/html; charset=utf-8","YES","NO","ACTIVE","ACTIVE","LIKELY_RELEVANT","2","الرابط يعمل على HTTPS ونطاق رسمي.","الرابط يعمل على HTTPS ونطاق رسمي.","2026-09-23","2026-09-23T16:42:50.176Z","2026-09-23","NO","NO","","0"
"SRC115-TRIP","رحلة القضية","وزارة العدل","GENERAL_GOVERNMENT_INFORMATION","https://www.moj.gov.sa/ar/Ministry/Pages/CaseTripInMOJ.aspx","https://www.moj.gov.sa/ar/Ministry/Pages/CaseTripInMOJ.aspx","www.moj.gov.sa","YES","200","HTTP_200","GET","text/html; charset=utf-8","YES","NO","ACTIVE","ACTIVE","LIKELY_RELEVANT","2","الرابط يعمل على HTTPS ونطاق رسمي.","الرابط يعمل على HTTPS ونطاق رسمي.","2026-09-23","2026-09-23T16:42:50.176Z","2026-09-23","NO","NO","","0"
"SRC116-CLAIM","صحيفة دعوى","وزارة العدل","OFFICIAL_SERVICE_PAGE","https://www.moj.gov.sa/ar/eservices/pages/928b8f02-19a7-482b-ba0e-29a151d9a900.aspx","https://www.moj.gov.sa/ar/eservices/pages/928b8f02-19a7-482b-ba0e-29a151d9a900.aspx","www.moj.gov.sa","YES","200","HTTP_200","GET","text/html; charset=utf-8","YES","NO","ACTIVE","ACTIVE","LIKELY_RELEVANT","2","الرابط يعمل على HTTPS ونطاق رسمي.","الرابط يعمل على HTTPS ونطاق رسمي.","2026-09-23","2026-09-23T16:42:50.176Z","2026-09-23","NO","NO","","0"
"SRC116-TRIP","رحلة القضية","وزارة العدل","GENERAL_GOVERNMENT_INFORMATION","https://www.moj.gov.sa/ar/Ministry/Pages/CaseTripInMOJ.aspx","https://www.moj.gov.sa/ar/Ministry/Pages/CaseTripInMOJ.aspx","www.moj.gov.sa","YES","200","HTTP_200","GET","text/html; charset=utf-8","YES","NO","ACTIVE","ACTIVE","LIKELY_RELEVANT","2","الرابط يعمل على HTTPS ونطاق رسمي.","الرابط يعمل على HTTPS ونطاق رسمي.","2026-09-23","2026-09-23T16:42:50.176Z","2026-09-23","NO","NO","","0"
"SRC117-CLAIM","صحيفة دعوى","وزارة العدل","GENERAL_GOVERNMENT_INFORMATION","https://moj.gov.sa/ar/eServices/Pages/928b8f02-19a7-482b-ba0e-29a151d9a900.aspx","https://moj.gov.sa/ar/eServices/Pages/928b8f02-19a7-482b-ba0e-29a151d9a900.aspx","moj.gov.sa","YES","200","HTTP_200","GET","text/html; charset=utf-8","YES","NO","ACTIVE","ACTIVE","LIKELY_RELEVANT","2","الرابط يعمل على HTTPS ونطاق رسمي.","الرابط يعمل على HTTPS ونطاق رسمي.","2026-09-23","2026-09-23T16:42:50.176Z","2026-09-23","NO","NO","","0"
"SRC117-EXEC","تقديم طلب تنفيذ","وزارة العدل","OFFICIAL_SERVICE_PAGE","https://moj.gov.sa/ar/eservices/pages/1c719954-3463-4754-85e1-1b319b937b86.aspx","https://moj.gov.sa/ar/eservices/pages/1c719954-3463-4754-85e1-1b319b937b86.aspx","moj.gov.sa","YES","200","HTTP_200","GET","text/html; charset=utf-8","YES","NO","ACTIVE","ACTIVE","LIKELY_RELEVANT","2","الرابط يعمل على HTTPS ونطاق رسمي.","الرابط يعمل على HTTPS ونطاق رسمي.","2026-09-23","2026-09-23T16:42:50.176Z","2026-09-23","NO","NO","","0"
"SRC118-CLAIM","صحيفة دعوى","وزارة العدل","GENERAL_GOVERNMENT_INFORMATION","https://moj.gov.sa/ar/eServices/Pages/928b8f02-19a7-482b-ba0e-29a151d9a900.aspx","https://moj.gov.sa/ar/eServices/Pages/928b8f02-19a7-482b-ba0e-29a151d9a900.aspx","moj.gov.sa","YES","200","HTTP_200","GET","text/html; charset=utf-8","YES","NO","ACTIVE","ACTIVE","LIKELY_RELEVANT","2","الرابط يعمل على HTTPS ونطاق رسمي.","الرابط يعمل على HTTPS ونطاق رسمي.","2026-09-23","2026-09-23T16:42:50.176Z","2026-09-23","NO","NO","","0"
"SRC118-TRIP","رحلة القضية","وزارة العدل","GENERAL_GOVERNMENT_INFORMATION","https://www.moj.gov.sa/ar/Ministry/Pages/CaseTripInMOJ.aspx","https://www.moj.gov.sa/ar/Ministry/Pages/CaseTripInMOJ.aspx","www.moj.gov.sa","YES","200","HTTP_200","GET","text/html; charset=utf-8","YES","NO","ACTIVE","ACTIVE","LIKELY_RELEVANT","2","الرابط يعمل على HTTPS ونطاق رسمي.","الرابط يعمل على HTTPS ونطاق رسمي.","2026-09-23","2026-09-23T16:42:50.176Z","2026-09-23","NO","NO","","0"
"SRC119-CLAIM","صحيفة دعوى","وزارة العدل","GENERAL_GOVERNMENT_INFORMATION","https://moj.gov.sa/ar/eServices/Pages/928b8f02-19a7-482b-ba0e-29a151d9a900.aspx","https://moj.gov.sa/ar/eServices/Pages/928b8f02-19a7-482b-ba0e-29a151d9a900.aspx","moj.gov.sa","YES","200","HTTP_200","GET","text/html; charset=utf-8","YES","NO","ACTIVE","ACTIVE","LIKELY_RELEVANT","2","الرابط يعمل على HTTPS ونطاق رسمي.","الرابط يعمل على HTTPS ونطاق رسمي.","2026-09-23","2026-09-23T16:42:50.176Z","2026-09-23","NO","NO","","0"
"SRC119-TRIP","رحلة القضية","وزارة العدل","GENERAL_GOVERNMENT_INFORMATION","https://www.moj.gov.sa/ar/Ministry/Pages/CaseTripInMOJ.aspx","https://www.moj.gov.sa/ar/Ministry/Pages/CaseTripInMOJ.aspx","www.moj.gov.sa","YES","200","HTTP_200","GET","text/html; charset=utf-8","YES","NO","ACTIVE","ACTIVE","LIKELY_RELEVANT","2","الرابط يعمل على HTTPS ونطاق رسمي.","الرابط يعمل على HTTPS ونطاق رسمي.","2026-09-23","2026-09-23T16:42:50.176Z","2026-09-23","NO","NO","","0"
"SRC120-CLAIM","صحيفة دعوى","وزارة العدل","GENERAL_GOVERNMENT_INFORMATION","https://moj.gov.sa/ar/eServices/Pages/928b8f02-19a7-482b-ba0e-29a151d9a900.aspx","https://moj.gov.sa/ar/eServices/Pages/928b8f02-19a7-482b-ba0e-29a151d9a900.aspx","moj.gov.sa","YES","200","HTTP_200","GET","text/html; charset=utf-8","YES","NO","ACTIVE","ACTIVE","LIKELY_RELEVANT","2","الرابط يعمل على HTTPS ونطاق رسمي.","الرابط يعمل على HTTPS ونطاق رسمي.","2026-09-23","2026-09-23T16:42:50.176Z","2026-09-23","NO","NO","","0"
"SRC120-EXEC","تقديم طلب تنفيذ","وزارة العدل","OFFICIAL_SERVICE_PAGE","https://www.moj.gov.sa/ar/eservices/pages/1c719954-3463-4754-85e1-1b319b937b86.aspx","https://www.moj.gov.sa/ar/eservices/pages/1c719954-3463-4754-85e1-1b319b937b86.aspx","www.moj.gov.sa","YES","200","HTTP_200","GET","text/html; charset=utf-8","YES","NO","ACTIVE","ACTIVE","LIKELY_RELEVANT","2","الرابط يعمل على HTTPS ونطاق رسمي.","الرابط يعمل على HTTPS ونطاق رسمي.","2026-09-23","2026-09-23T16:42:50.176Z","2026-09-23","NO","NO","","0"
"SRC121-CLAIM","صحيفة دعوى","وزارة العدل","GENERAL_GOVERNMENT_INFORMATION","https://moj.gov.sa/ar/eServices/Pages/928b8f02-19a7-482b-ba0e-29a151d9a900.aspx","https://moj.gov.sa/ar/eServices/Pages/928b8f02-19a7-482b-ba0e-29a151d9a900.aspx","moj.gov.sa","YES","200","HTTP_200","GET","text/html; charset=utf-8","YES","NO","ACTIVE","ACTIVE","LIKELY_RELEVANT","2","الرابط يعمل على HTTPS ونطاق رسمي.","الرابط يعمل على HTTPS ونطاق رسمي.","2026-09-23","2026-09-23T16:42:50.176Z","2026-09-23","NO","NO","","0"
"SRC121-EXEC","تقديم طلب تنفيذ","وزارة العدل","OFFICIAL_SERVICE_PAGE","https://www.moj.gov.sa/ar/eservices/pages/1c719954-3463-4754-85e1-1b319b937b86.aspx","https://www.moj.gov.sa/ar/eservices/pages/1c719954-3463-4754-85e1-1b319b937b86.aspx","www.moj.gov.sa","YES","200","HTTP_200","GET","text/html; charset=utf-8","YES","NO","ACTIVE","ACTIVE","LIKELY_RELEVANT","2","الرابط يعمل على HTTPS ونطاق رسمي.","الرابط يعمل على HTTPS ونطاق رسمي.","2026-09-23","2026-09-23T16:42:50.176Z","2026-09-23","NO","NO","","0"
"SRC121-TRIP","رحلة القضية","وزارة العدل","GENERAL_GOVERNMENT_INFORMATION","https://www.moj.gov.sa/ar/Ministry/Pages/CaseTripInMOJ.aspx","https://www.moj.gov.sa/ar/Ministry/Pages/CaseTripInMOJ.aspx","www.moj.gov.sa","YES","200","HTTP_200","GET","text/html; charset=utf-8","YES","NO","ACTIVE","ACTIVE","LIKELY_RELEVANT","2","الرابط يعمل على HTTPS ونطاق رسمي.","الرابط يعمل على HTTPS ونطاق رسمي.","2026-09-23","2026-09-23T16:42:50.176Z","2026-09-23","NO","NO","","0"
"SRC124-CLAIM","صحيفة دعوى","وزارة العدل","GENERAL_GOVERNMENT_INFORMATION","https://moj.gov.sa/ar/eServices/Pages/928b8f02-19a7-482b-ba0e-29a151d9a900.aspx","https://moj.gov.sa/ar/eServices/Pages/928b8f02-19a7-482b-ba0e-29a151d9a900.aspx","moj.gov.sa","YES","200","HTTP_200","GET","text/html; charset=utf-8","YES","NO","ACTIVE","ACTIVE","LIKELY_RELEVANT","2","الرابط يعمل على HTTPS ونطاق رسمي.","الرابط يعمل على HTTPS ونطاق رسمي.","2026-09-23","2026-09-23T16:42:50.176Z","2026-09-23","NO","NO","","0"
"SRC124-TRIP","رحلة القضية","وزارة العدل","GENERAL_GOVERNMENT_INFORMATION","https://www.moj.gov.sa/ar/Ministry/Pages/CaseTripInMOJ.aspx","https://www.moj.gov.sa/ar/Ministry/Pages/CaseTripInMOJ.aspx","www.moj.gov.sa","YES","200","HTTP_200","GET","text/html; charset=utf-8","YES","NO","ACTIVE","ACTIVE","LIKELY_RELEVANT","2","الرابط يعمل على HTTPS ونطاق رسمي.","الرابط يعمل على HTTPS ونطاق رسمي.","2026-09-23","2026-09-23T16:42:50.176Z","2026-09-23","NO","NO","","0"
"SRC125-CLAIM","صحيفة دعوى","وزارة العدل","OFFICIAL_SERVICE_PAGE","https://www.moj.gov.sa/ar/eservices/pages/928b8f02-19a7-482b-ba0e-29a151d9a900.aspx","https://www.moj.gov.sa/ar/eservices/pages/928b8f02-19a7-482b-ba0e-29a151d9a900.aspx","www.moj.gov.sa","YES","200","HTTP_200","GET","text/html; charset=utf-8","YES","NO","ACTIVE","ACTIVE","LIKELY_RELEVANT","2","الرابط يعمل على HTTPS ونطاق رسمي.","الرابط يعمل على HTTPS ونطاق رسمي.","2026-09-23","2026-09-23T16:42:50.176Z","2026-09-23","NO","NO","","0"
"SRC125-TRIP","رحلة القضية","وزارة العدل","GENERAL_GOVERNMENT_INFORMATION","https://www.moj.gov.sa/ar/Ministry/Pages/CaseTripInMOJ.aspx","https://www.moj.gov.sa/ar/Ministry/Pages/CaseTripInMOJ.aspx","www.moj.gov.sa","YES","200","HTTP_200","GET","text/html; charset=utf-8","YES","NO","ACTIVE","ACTIVE","LIKELY_RELEVANT","2","الرابط يعمل على HTTPS ونطاق رسمي.","الرابط يعمل على HTTPS ونطاق رسمي.","2026-09-23","2026-09-23T16:42:50.176Z","2026-09-23","NO","NO","","0"
"SRC127-CLAIM","صحيفة دعوى","وزارة العدل","GENERAL_GOVERNMENT_INFORMATION","https://moj.gov.sa/ar/eServices/Pages/928b8f02-19a7-482b-ba0e-29a151d9a900.aspx","https://moj.gov.sa/ar/eServices/Pages/928b8f02-19a7-482b-ba0e-29a151d9a900.aspx","moj.gov.sa","YES","200","HTTP_200","GET","text/html; charset=utf-8","YES","NO","ACTIVE","ACTIVE","LIKELY_RELEVANT","2","الرابط يعمل على HTTPS ونطاق رسمي.","الرابط يعمل على HTTPS ونطاق رسمي.","2026-09-23","2026-09-23T16:42:50.176Z","2026-09-23","NO","NO","","0"
"SRC127-TRIP","رحلة القضية","وزارة العدل","GENERAL_GOVERNMENT_INFORMATION","https://www.moj.gov.sa/ar/Ministry/Pages/CaseTripInMOJ.aspx","https://www.moj.gov.sa/ar/Ministry/Pages/CaseTripInMOJ.aspx","www.moj.gov.sa","YES","200","HTTP_200","GET","text/html; charset=utf-8","YES","NO","ACTIVE","ACTIVE","LIKELY_RELEVANT","2","الرابط يعمل على HTTPS ونطاق رسمي.","الرابط يعمل على HTTPS ونطاق رسمي.","2026-09-23","2026-09-23T16:42:50.176Z","2026-09-23","NO","NO","","0"
"SRC128-CLAIM","صحيفة دعوى","وزارة العدل","GENERAL_GOVERNMENT_INFORMATION","https://moj.gov.sa/ar/eServices/Pages/928b8f02-19a7-482b-ba0e-29a151d9a900.aspx","https://moj.gov.sa/ar/eServices/Pages/928b8f02-19a7-482b-ba0e-29a151d9a900.aspx","moj.gov.sa","YES","200","HTTP_200","GET","text/html; charset=utf-8","YES","NO","ACTIVE","ACTIVE","LIKELY_RELEVANT","2","الرابط يعمل على HTTPS ونطاق رسمي.","الرابط يعمل على HTTPS ونطاق رسمي.","2026-09-23","2026-09-23T16:42:50.176Z","2026-09-23","NO","NO","","0"
"SRC129-CLAIM","صحيفة دعوى","وزارة العدل","GENERAL_GOVERNMENT_INFORMATION","https://moj.gov.sa/ar/eServices/Pages/928b8f02-19a7-482b-ba0e-29a151d9a900.aspx","https://moj.gov.sa/ar/eServices/Pages/928b8f02-19a7-482b-ba0e-29a151d9a900.aspx","moj.gov.sa","YES","200","HTTP_200","GET","text/html; charset=utf-8","YES","NO","ACTIVE","ACTIVE","LIKELY_RELEVANT","2","الرابط يعمل على HTTPS ونطاق رسمي.","الرابط يعمل على HTTPS ونطاق رسمي.","2026-09-23","2026-09-23T16:42:50.176Z","2026-09-23","NO","NO","","0"
"SRC129-TRIP","رحلة القضية","وزارة العدل","GENERAL_GOVERNMENT_INFORMATION","https://www.moj.gov.sa/ar/Ministry/Pages/CaseTripInMOJ.aspx","https://www.moj.gov.sa/ar/Ministry/Pages/CaseTripInMOJ.aspx","www.moj.gov.sa","YES","200","HTTP_200","GET","text/html; charset=utf-8","YES","NO","ACTIVE","ACTIVE","LIKELY_RELEVANT","2","الرابط يعمل على HTTPS ونطاق رسمي.","الرابط يعمل على HTTPS ونطاق رسمي.","2026-09-23","2026-09-23T16:42:50.176Z","2026-09-23","NO","NO","","0"
"SRC130-CLAIM","صحيفة دعوى","وزارة العدل","OFFICIAL_SERVICE_PAGE","https://www.moj.gov.sa/ar/eservices/pages/928b8f02-19a7-482b-ba0e-29a151d9a900.aspx","https://www.moj.gov.sa/ar/eservices/pages/928b8f02-19a7-482b-ba0e-29a151d9a900.aspx","www.moj.gov.sa","YES","200","HTTP_200","GET","text/html; charset=utf-8","YES","NO","ACTIVE","ACTIVE","LIKELY_RELEVANT","2","الرابط يعمل على HTTPS ونطاق رسمي.","الرابط يعمل على HTTPS ونطاق رسمي.","2026-09-23","2026-09-23T16:42:50.176Z","2026-09-23","NO","NO","","0"
"SRC130-TRIP","رحلة القضية","وزارة العدل","GENERAL_GOVERNMENT_INFORMATION","https://www.moj.gov.sa/ar/Ministry/Pages/CaseTripInMOJ.aspx","https://www.moj.gov.sa/ar/Ministry/Pages/CaseTripInMOJ.aspx","www.moj.gov.sa","YES","200","HTTP_200","GET","text/html; charset=utf-8","YES","NO","ACTIVE","ACTIVE","LIKELY_RELEVANT","2","الرابط يعمل على HTTPS ونطاق رسمي.","الرابط يعمل على HTTPS ونطاق رسمي.","2026-09-23","2026-09-23T16:42:50.176Z","2026-09-23","NO","NO","","0"
"SRC132-MOJ","الخدمات القضائية الحالية","وزارة العدل","GENERAL_GOVERNMENT_INFORMATION","https://www.moj.gov.sa/ar/Pages/default.aspx","https://www.moj.gov.sa/ar/Pages/default.aspx","www.moj.gov.sa","YES","200","HTTP_200","GET","text/html; charset=utf-8","YES","NO","ACTIVE","ACTIVE","NEEDS_MANUAL_CONTENT_CHECK","1","الرابط يعمل على HTTPS ونطاق رسمي.","الرابط يعمل على HTTPS ونطاق رسمي.","2026-09-23","2026-09-23T16:42:50.176Z","2026-09-23","YES","NO","","0"
"SRC132-SLA","اتفاقية مستوى الخدمة","وزارة العدل","OFFICIAL_SERVICE_PAGE","https://www.moj.gov.sa/ar/Ministry/Pages/SLA.aspx","https://www.moj.gov.sa/ar/Ministry/Pages/SLA.aspx","www.moj.gov.sa","YES","200","HTTP_200","GET","text/html; charset=utf-8","YES","NO","ACTIVE","ACTIVE","LIKELY_RELEVANT","3","الرابط يعمل على HTTPS ونطاق رسمي.","الرابط يعمل على HTTPS ونطاق رسمي.","2026-09-23","2026-09-23T16:42:50.176Z","2026-09-23","NO","NO","","0"
"SRC133-CLAIM","صحيفة دعوى","وزارة العدل","OFFICIAL_SERVICE_PAGE","https://www.moj.gov.sa/ar/eservices/pages/928b8f02-19a7-482b-ba0e-29a151d9a900.aspx","https://www.moj.gov.sa/ar/eservices/pages/928b8f02-19a7-482b-ba0e-29a151d9a900.aspx","www.moj.gov.sa","YES","200","HTTP_200","GET","text/html; charset=utf-8","YES","NO","ACTIVE","ACTIVE","LIKELY_RELEVANT","2","الرابط يعمل على HTTPS ونطاق رسمي.","الرابط يعمل على HTTPS ونطاق رسمي.","2026-09-23","2026-09-23T16:42:50.176Z","2026-09-23","NO","NO","","0"
"SRC133-TRIP","رحلة القضية","وزارة العدل","GENERAL_GOVERNMENT_INFORMATION","https://www.moj.gov.sa/ar/Ministry/Pages/CaseTripInMOJ.aspx","https://www.moj.gov.sa/ar/Ministry/Pages/CaseTripInMOJ.aspx","www.moj.gov.sa","YES","200","HTTP_200","GET","text/html; charset=utf-8","YES","NO","ACTIVE","ACTIVE","LIKELY_RELEVANT","2","الرابط يعمل على HTTPS ونطاق رسمي.","الرابط يعمل على HTTPS ونطاق رسمي.","2026-09-23","2026-09-23T16:42:50.176Z","2026-09-23","NO","NO","","0"
"SRC134-CLAIM","صحيفة دعوى","وزارة العدل","GENERAL_GOVERNMENT_INFORMATION","https://moj.gov.sa/ar/eServices/Pages/928b8f02-19a7-482b-ba0e-29a151d9a900.aspx","https://moj.gov.sa/ar/eServices/Pages/928b8f02-19a7-482b-ba0e-29a151d9a900.aspx","moj.gov.sa","YES","200","HTTP_200","GET","text/html; charset=utf-8","YES","NO","ACTIVE","ACTIVE","LIKELY_RELEVANT","2","الرابط يعمل على HTTPS ونطاق رسمي.","الرابط يعمل على HTTPS ونطاق رسمي.","2026-09-23","2026-09-23T16:42:50.176Z","2026-09-23","NO","NO","","0"
"SRC134-TRIP","رحلة القضية","وزارة العدل","GENERAL_GOVERNMENT_INFORMATION","https://www.moj.gov.sa/ar/Ministry/Pages/CaseTripInMOJ.aspx","https://www.moj.gov.sa/ar/Ministry/Pages/CaseTripInMOJ.aspx","www.moj.gov.sa","YES","200","HTTP_200","GET","text/html; charset=utf-8","YES","NO","ACTIVE","ACTIVE","LIKELY_RELEVANT","2","الرابط يعمل على HTTPS ونطاق رسمي.","الرابط يعمل على HTTPS ونطاق رسمي.","2026-09-23","2026-09-23T16:42:50.176Z","2026-09-23","NO","NO","","0"
"SRC136-CLAIM","صحيفة دعوى","وزارة العدل","GENERAL_GOVERNMENT_INFORMATION","https://moj.gov.sa/ar/eServices/Pages/928b8f02-19a7-482b-ba0e-29a151d9a900.aspx","https://moj.gov.sa/ar/eServices/Pages/928b8f02-19a7-482b-ba0e-29a151d9a900.aspx","moj.gov.sa","YES","200","HTTP_200","GET","text/html; charset=utf-8","YES","NO","ACTIVE","ACTIVE","LIKELY_RELEVANT","2","الرابط يعمل على HTTPS ونطاق رسمي.","الرابط يعمل على HTTPS ونطاق رسمي.","2026-09-23","2026-09-23T16:42:50.176Z","2026-09-23","NO","NO","","0"
"SRC137-CLAIM","صحيفة دعوى","وزارة العدل","GENERAL_GOVERNMENT_INFORMATION","https://moj.gov.sa/ar/eServices/Pages/928b8f02-19a7-482b-ba0e-29a151d9a900.aspx","https://moj.gov.sa/ar/eServices/Pages/928b8f02-19a7-482b-ba0e-29a151d9a900.aspx","moj.gov.sa","YES","200","HTTP_200","GET","text/html; charset=utf-8","YES","NO","ACTIVE","ACTIVE","LIKELY_RELEVANT","2","الرابط يعمل على HTTPS ونطاق رسمي.","الرابط يعمل على HTTPS ونطاق رسمي.","2026-09-23","2026-09-23T16:42:50.176Z","2026-09-23","NO","NO","","0"
"SRC137-TRIP","رحلة القضية","وزارة العدل","GENERAL_GOVERNMENT_INFORMATION","https://www.moj.gov.sa/ar/Ministry/Pages/CaseTripInMOJ.aspx","https://www.moj.gov.sa/ar/Ministry/Pages/CaseTripInMOJ.aspx","www.moj.gov.sa","YES","200","HTTP_200","GET","text/html; charset=utf-8","YES","NO","ACTIVE","ACTIVE","LIKELY_RELEVANT","2","الرابط يعمل على HTTPS ونطاق رسمي.","الرابط يعمل على HTTPS ونطاق رسمي.","2026-09-23","2026-09-23T16:42:50.176Z","2026-09-23","NO","NO","","0"
"SRC138-CLAIM","صحيفة دعوى","وزارة العدل","GENERAL_GOVERNMENT_INFORMATION","https://moj.gov.sa/ar/eServices/Pages/928b8f02-19a7-482b-ba0e-29a151d9a900.aspx","https://moj.gov.sa/ar/eServices/Pages/928b8f02-19a7-482b-ba0e-29a151d9a900.aspx","moj.gov.sa","YES","200","HTTP_200","GET","text/html; charset=utf-8","YES","NO","ACTIVE","ACTIVE","LIKELY_RELEVANT","2","الرابط يعمل على HTTPS ونطاق رسمي.","الرابط يعمل على HTTPS ونطاق رسمي.","2026-09-23","2026-09-23T16:42:50.176Z","2026-09-23","NO","NO","","0"
"SRC138-TRIP","رحلة القضية","وزارة العدل","GENERAL_GOVERNMENT_INFORMATION","https://www.moj.gov.sa/ar/Ministry/Pages/CaseTripInMOJ.aspx","https://www.moj.gov.sa/ar/Ministry/Pages/CaseTripInMOJ.aspx","www.moj.gov.sa","YES","200","HTTP_200","GET","text/html; charset=utf-8","YES","NO","ACTIVE","ACTIVE","LIKELY_RELEVANT","2","الرابط يعمل على HTTPS ونطاق رسمي.","الرابط يعمل على HTTPS ونطاق رسمي.","2026-09-23","2026-09-23T16:42:50.176Z","2026-09-23","NO","NO","","0"
"SRC139-MOJ","صحيفة الدعوى","وزارة العدل","GENERAL_GOVERNMENT_INFORMATION","https://moj.gov.sa/ar/eServices/Pages/928b8f02-19a7-482b-ba0e-29a151d9a900.aspx","https://moj.gov.sa/ar/eServices/Pages/928b8f02-19a7-482b-ba0e-29a151d9a900.aspx","moj.gov.sa","YES","200","HTTP_200","GET","text/html; charset=utf-8","YES","NO","ACTIVE","ACTIVE","LIKELY_RELEVANT","2","الرابط يعمل على HTTPS ونطاق رسمي.","الرابط يعمل على HTTPS ونطاق رسمي.","2026-09-23","2026-09-23T16:42:50.176Z","2026-09-23","NO","NO","","0"
"SRC139-TRIP","رحلة القضية","وزارة العدل","GENERAL_GOVERNMENT_INFORMATION","https://www.moj.gov.sa/ar/Ministry/Pages/CaseTripInMOJ.aspx","https://www.moj.gov.sa/ar/Ministry/Pages/CaseTripInMOJ.aspx","www.moj.gov.sa","YES","200","HTTP_200","GET","text/html; charset=utf-8","YES","NO","ACTIVE","ACTIVE","LIKELY_RELEVANT","2","الرابط يعمل على HTTPS ونطاق رسمي.","الرابط يعمل على HTTPS ونطاق رسمي.","2026-09-23","2026-09-23T16:42:50.176Z","2026-09-23","NO","NO","","0"
"SRC140-MOJ","صحيفة الدعوى والخدمات القضائية","وزارة العدل","GENERAL_GOVERNMENT_INFORMATION","https://www.moj.gov.sa/ar/Pages/default.aspx","https://www.moj.gov.sa/ar/Pages/default.aspx","www.moj.gov.sa","YES","200","HTTP_200","GET","text/html; charset=utf-8","YES","NO","ACTIVE","ACTIVE","LIKELY_RELEVANT","3","الرابط يعمل على HTTPS ونطاق رسمي.","الرابط يعمل على HTTPS ونطاق رسمي.","2026-09-23","2026-09-23T16:42:50.176Z","2026-09-23","NO","NO","","0"
"SRC140-TRIP","رحلة القضية","وزارة العدل","GENERAL_GOVERNMENT_INFORMATION","https://www.moj.gov.sa/ar/Ministry/Pages/CaseTripInMOJ.aspx","https://www.moj.gov.sa/ar/Ministry/Pages/CaseTripInMOJ.aspx","www.moj.gov.sa","YES","200","HTTP_200","GET","text/html; charset=utf-8","YES","NO","ACTIVE","ACTIVE","LIKELY_RELEVANT","2","الرابط يعمل على HTTPS ونطاق رسمي.","الرابط يعمل على HTTPS ونطاق رسمي.","2026-09-23","2026-09-23T16:42:50.176Z","2026-09-23","NO","NO","","0"
"SRC141-CALC","حساب المواريث","وزارة العدل","GENERAL_GOVERNMENT_INFORMATION","https://www.moj.gov.sa/ar/eServices/Pages/7f678c3b-6251-439e-ab04-64638df6635f.aspx","https://www.moj.gov.sa/ar/eServices/Pages/7f678c3b-6251-439e-ab04-64638df6635f.aspx","www.moj.gov.sa","YES","200","HTTP_200","GET","text/html; charset=utf-8","YES","NO","ACTIVE","ACTIVE","LIKELY_RELEVANT","2","الرابط يعمل على HTTPS ونطاق رسمي.","الرابط يعمل على HTTPS ونطاق رسمي.","2026-09-23","2026-09-23T16:42:50.176Z","2026-09-23","NO","NO","","0"
"SRC141-ESTATE","إصدار حصر تركة","وزارة العدل","OFFICIAL_SERVICE_PAGE","https://www.moj.gov.sa/ar/eServices/pages/2841c3bc-6aea-4ef7-9c70-934c28952fd8.aspx","https://www.moj.gov.sa/ar/eServices/pages/2841c3bc-6aea-4ef7-9c70-934c28952fd8.aspx","www.moj.gov.sa","YES","200","HTTP_200","GET","text/html; charset=utf-8","YES","NO","ACTIVE","ACTIVE","LIKELY_RELEVANT","2","الرابط يعمل على HTTPS ونطاق رسمي.","الرابط يعمل على HTTPS ونطاق رسمي.","2026-09-23","2026-09-23T16:42:50.176Z","2026-09-23","NO","NO","","0"
"SRC142-CLAIM","صحيفة دعوى","وزارة العدل","GENERAL_GOVERNMENT_INFORMATION","https://moj.gov.sa/ar/eServices/Pages/928b8f02-19a7-482b-ba0e-29a151d9a900.aspx","https://moj.gov.sa/ar/eServices/Pages/928b8f02-19a7-482b-ba0e-29a151d9a900.aspx","moj.gov.sa","YES","200","HTTP_200","GET","text/html; charset=utf-8","YES","NO","ACTIVE","ACTIVE","LIKELY_RELEVANT","2","الرابط يعمل على HTTPS ونطاق رسمي.","الرابط يعمل على HTTPS ونطاق رسمي.","2026-09-23","2026-09-23T16:42:50.176Z","2026-09-23","NO","NO","","0"
"SRC142-COURTS","محاكم الدرجة الأولى - اختصاص الأحوال الشخصية","وزارة العدل","GENERAL_GOVERNMENT_INFORMATION","https://www.moj.gov.sa/ar/Ministry/Courts/Pages/FirstCourts.aspx","https://www.moj.gov.sa/ar/Ministry/Courts/Pages/FirstCourts.aspx","www.moj.gov.sa","YES","200","HTTP_200","GET","text/html; charset=utf-8","YES","NO","ACTIVE","ACTIVE","LIKELY_RELEVANT","6","الرابط يعمل على HTTPS ونطاق رسمي.","الرابط يعمل على HTTPS ونطاق رسمي.","2026-09-23","2026-09-23T16:42:50.176Z","2026-09-23","NO","NO","","0"
"SRC143-CALC","حساب المواريث","وزارة العدل","GENERAL_GOVERNMENT_INFORMATION","https://www.moj.gov.sa/ar/eServices/Pages/7f678c3b-6251-439e-ab04-64638df6635f.aspx","https://www.moj.gov.sa/ar/eServices/Pages/7f678c3b-6251-439e-ab04-64638df6635f.aspx","www.moj.gov.sa","YES","200","HTTP_200","GET","text/html; charset=utf-8","YES","NO","ACTIVE","ACTIVE","LIKELY_RELEVANT","2","الرابط يعمل على HTTPS ونطاق رسمي.","الرابط يعمل على HTTPS ونطاق رسمي.","2026-09-23","2026-09-23T16:42:50.176Z","2026-09-23","NO","NO","","0"
"SRC143-COURTS","اختصاص محاكم الأحوال الشخصية","وزارة العدل","GENERAL_GOVERNMENT_INFORMATION","https://moj.gov.sa/ar/Ministry/Courts/Pages/FirstCourts.aspx","https://moj.gov.sa/ar/Ministry/Courts/Pages/FirstCourts.aspx","moj.gov.sa","YES","200","HTTP_200","GET","text/html; charset=utf-8","YES","NO","ACTIVE","ACTIVE","LIKELY_RELEVANT","4","الرابط يعمل على HTTPS ونطاق رسمي.","الرابط يعمل على HTTPS ونطاق رسمي.","2026-09-23","2026-09-23T16:42:50.176Z","2026-09-23","NO","NO","","0"
"SRC143-ESTATE","قسمة تركة اتفاقية","وزارة العدل","GENERAL_GOVERNMENT_INFORMATION","https://www.moj.gov.sa/ar/eServices/Pages/f49aa181-459d-4d5f-b48c-64d092b919e6.aspx","https://www.moj.gov.sa/ar/eServices/Pages/f49aa181-459d-4d5f-b48c-64d092b919e6.aspx","www.moj.gov.sa","YES","200","HTTP_200","GET","text/html; charset=utf-8","YES","NO","ACTIVE","ACTIVE","LIKELY_RELEVANT","3","الرابط يعمل على HTTPS ونطاق رسمي.","الرابط يعمل على HTTPS ونطاق رسمي.","2026-09-23","2026-09-23T16:42:50.176Z","2026-09-23","NO","NO","","0"
"SRC144-COURTS","اختصاص محاكم الأحوال الشخصية","وزارة العدل","GENERAL_GOVERNMENT_INFORMATION","https://www.moj.gov.sa/ar/Ministry/Courts/Pages/FirstCourts.aspx","https://www.moj.gov.sa/ar/Ministry/Courts/Pages/FirstCourts.aspx","www.moj.gov.sa","YES","200","HTTP_200","GET","text/html; charset=utf-8","YES","NO","ACTIVE","ACTIVE","LIKELY_RELEVANT","4","الرابط يعمل على HTTPS ونطاق رسمي.","الرابط يعمل على HTTPS ونطاق رسمي.","2026-09-23","2026-09-23T16:42:50.176Z","2026-09-23","NO","NO","","0"
"SRC144-EXEC","طلب خدمة حضانة/تنفيذ أحوال شخصية","وزارة العدل","OFFICIAL_SERVICE_PAGE","https://www.moj.gov.sa/ar/eservices/pages/739b4d6e-c736-4d27-ba3e-a6d17dd561aa.aspx","https://www.moj.gov.sa/ar/eservices/pages/739b4d6e-c736-4d27-ba3e-a6d17dd561aa.aspx","www.moj.gov.sa","YES","200","HTTP_200","GET","text/html; charset=utf-8","YES","NO","ACTIVE","ACTIVE","NEEDS_MANUAL_CONTENT_CHECK","0","الرابط يعمل على HTTPS ونطاق رسمي.","الرابط يعمل على HTTPS ونطاق رسمي.","2026-09-23","2026-09-23T16:42:50.176Z","2026-09-23","YES","NO","","0"
"SRC144-MOJ","صحيفة دعوى","وزارة العدل","OFFICIAL_SERVICE_PAGE","https://www.moj.gov.sa/ar/eservices/pages/928b8f02-19a7-482b-ba0e-29a151d9a900.aspx","https://www.moj.gov.sa/ar/eservices/pages/928b8f02-19a7-482b-ba0e-29a151d9a900.aspx","www.moj.gov.sa","YES","200","HTTP_200","GET","text/html; charset=utf-8","YES","NO","ACTIVE","ACTIVE","LIKELY_RELEVANT","2","الرابط يعمل على HTTPS ونطاق رسمي.","الرابط يعمل على HTTPS ونطاق رسمي.","2026-09-23","2026-09-23T16:42:50.176Z","2026-09-23","NO","NO","","0"
"SRC144-TRIP","رحلة القضية","وزارة العدل","GENERAL_GOVERNMENT_INFORMATION","https://www.moj.gov.sa/ar/Ministry/Pages/CaseTripInMOJ.aspx","https://www.moj.gov.sa/ar/Ministry/Pages/CaseTripInMOJ.aspx","www.moj.gov.sa","YES","200","HTTP_200","GET","text/html; charset=utf-8","YES","NO","ACTIVE","ACTIVE","LIKELY_RELEVANT","2","الرابط يعمل على HTTPS ونطاق رسمي.","الرابط يعمل على HTTPS ونطاق رسمي.","2026-09-23","2026-09-23T16:42:50.176Z","2026-09-23","NO","NO","","0"
"SRC145-MOJ","صحيفة الدعوى","وزارة العدل","GENERAL_GOVERNMENT_INFORMATION","https://www.moj.gov.sa/ar/Pages/default.aspx","https://www.moj.gov.sa/ar/Pages/default.aspx","www.moj.gov.sa","YES","200","HTTP_200","GET","text/html; charset=utf-8","YES","NO","ACTIVE","ACTIVE","LIKELY_RELEVANT","2","الرابط يعمل على HTTPS ونطاق رسمي.","الرابط يعمل على HTTPS ونطاق رسمي.","2026-09-23","2026-09-23T16:42:50.176Z","2026-09-23","NO","NO","","0"
"SRC145-TRIP","رحلة القضية","وزارة العدل","GENERAL_GOVERNMENT_INFORMATION","https://www.moj.gov.sa/ar/Ministry/Pages/CaseTripInMOJ.aspx","https://www.moj.gov.sa/ar/Ministry/Pages/CaseTripInMOJ.aspx","www.moj.gov.sa","YES","200","HTTP_200","GET","text/html; charset=utf-8","YES","NO","ACTIVE","ACTIVE","LIKELY_RELEVANT","2","الرابط يعمل على HTTPS ونطاق رسمي.","الرابط يعمل على HTTPS ونطاق رسمي.","2026-09-23","2026-09-23T16:42:50.176Z","2026-09-23","NO","NO","","0"
"SRC146-DIVIDE","قسمة تركة اتفاقية","وزارة العدل","GENERAL_GOVERNMENT_INFORMATION","https://www.moj.gov.sa/ar/eServices/Pages/f49aa181-459d-4d5f-b48c-64d092b919e6.aspx","https://www.moj.gov.sa/ar/eServices/Pages/f49aa181-459d-4d5f-b48c-64d092b919e6.aspx","www.moj.gov.sa","YES","200","HTTP_200","GET","text/html; charset=utf-8","YES","NO","ACTIVE","ACTIVE","LIKELY_RELEVANT","3","الرابط يعمل على HTTPS ونطاق رسمي.","الرابط يعمل على HTTPS ونطاق رسمي.","2026-09-23","2026-09-23T16:42:50.176Z","2026-09-23","NO","NO","","0"
"SRC146-ESTATE","إصدار حصر تركة","وزارة العدل","OFFICIAL_SERVICE_PAGE","https://www.moj.gov.sa/ar/eServices/pages/2841c3bc-6aea-4ef7-9c70-934c28952fd8.aspx","https://www.moj.gov.sa/ar/eServices/pages/2841c3bc-6aea-4ef7-9c70-934c28952fd8.aspx","www.moj.gov.sa","YES","200","HTTP_200","GET","text/html; charset=utf-8","YES","NO","ACTIVE","ACTIVE","LIKELY_RELEVANT","2","الرابط يعمل على HTTPS ونطاق رسمي.","الرابط يعمل على HTTPS ونطاق رسمي.","2026-09-23","2026-09-23T16:42:50.176Z","2026-09-23","NO","NO","","0"
"SRC146-HEIRS","إصدار حصر الورثة","وزارة العدل","OFFICIAL_SERVICE_PAGE","https://www.moj.gov.sa/ar/eServices/Pages/17b08d90-809c-45cf-bd41-9eb8d15fabcb.aspx","https://www.moj.gov.sa/ar/eServices/Pages/17b08d90-809c-45cf-bd41-9eb8d15fabcb.aspx","www.moj.gov.sa","YES","200","HTTP_200","GET","text/html; charset=utf-8","YES","NO","ACTIVE","ACTIVE","LIKELY_RELEVANT","2","الرابط يعمل على HTTPS ونطاق رسمي.","الرابط يعمل على HTTPS ونطاق رسمي.","2026-09-23","2026-09-23T16:42:50.176Z","2026-09-23","NO","NO","R-FAM-HEIRS-CERT | R-FAM-ESTATE-AGREED","2"
"SRC146-MOJ","صحيفة الدعوى واختصاص الأحوال الشخصية","وزارة العدل","GENERAL_GOVERNMENT_INFORMATION","https://www.moj.gov.sa/ar/Pages/default.aspx","https://www.moj.gov.sa/ar/Pages/default.aspx","www.moj.gov.sa","YES","200","HTTP_200","GET","text/html; charset=utf-8","YES","NO","ACTIVE","ACTIVE","LIKELY_RELEVANT","4","الرابط يعمل على HTTPS ونطاق رسمي.","الرابط يعمل على HTTPS ونطاق رسمي.","2026-09-23","2026-09-23T16:42:50.176Z","2026-09-23","NO","NO","","0"
"SRC147-COST","نظام التكاليف القضائية","وزارة العدل","LEGAL_SOURCE","https://cfee.moj.gov.sa/system.html","https://cfee.moj.gov.sa/system.html","cfee.moj.gov.sa","YES","206","HTTP_206","GET","text/html","YES","NO","ACTIVE","ACTIVE","LIKELY_RELEVANT","2","الرابط يعمل على HTTPS ونطاق رسمي.","الرابط يعمل على HTTPS ونطاق رسمي.","2026-09-23","2026-09-23T16:42:50.176Z","2026-09-23","NO","NO","","0"
"SRC148-APPEAL","محاكم الاستئناف","وزارة العدل","GENERAL_GOVERNMENT_INFORMATION","https://moj.gov.sa/ar/Ministry/Courts/Pages/courtOfCassation.aspx","https://moj.gov.sa/ar/Ministry/Courts/Pages/courtOfCassation.aspx","moj.gov.sa","YES","200","HTTP_200","GET","text/html; charset=utf-8","YES","NO","ACTIVE","ACTIVE","LIKELY_RELEVANT","2","الرابط يعمل على HTTPS ونطاق رسمي.","الرابط يعمل على HTTPS ونطاق رسمي.","2026-09-23","2026-09-23T16:42:50.176Z","2026-09-23","NO","NO","","0"
"SRC148-CASS","طلب النقض","وزارة العدل","OFFICIAL_SERVICE_PAGE","https://www.moj.gov.sa/ar/eServices/pages/aee148d0-b7f7-43eb-b1cf-8eabf4d8b10d.aspx","https://www.moj.gov.sa/ar/eServices/pages/aee148d0-b7f7-43eb-b1cf-8eabf4d8b10d.aspx","www.moj.gov.sa","YES","200","HTTP_200","GET","text/html; charset=utf-8","YES","NO","ACTIVE","ACTIVE","LIKELY_RELEVANT","1","الرابط يعمل على HTTPS ونطاق رسمي.","الرابط يعمل على HTTPS ونطاق رسمي.","2026-09-23","2026-09-23T16:42:50.176Z","2026-09-23","NO","NO","","0"
"SRC148-COST","نظام التكاليف القضائية","وزارة العدل","LEGAL_SOURCE","https://cfee.moj.gov.sa/system.html","https://cfee.moj.gov.sa/system.html","cfee.moj.gov.sa","YES","206","HTTP_206","GET","text/html","YES","NO","ACTIVE","ACTIVE","LIKELY_RELEVANT","2","الرابط يعمل على HTTPS ونطاق رسمي.","الرابط يعمل على HTTPS ونطاق رسمي.","2026-09-23","2026-09-23T16:42:50.176Z","2026-09-23","NO","NO","","0"
"SRC148-HIGH","المحكمة العليا","وزارة العدل","GENERAL_GOVERNMENT_INFORMATION","https://www.moj.gov.sa/ar/Ministry/Courts/Pages/HighCourt.aspx","https://www.moj.gov.sa/ar/Ministry/Courts/Pages/HighCourt.aspx","www.moj.gov.sa","YES","200","HTTP_200","GET","text/html; charset=utf-8","YES","NO","ACTIVE","ACTIVE","LIKELY_RELEVANT","2","الرابط يعمل على HTTPS ونطاق رسمي.","الرابط يعمل على HTTPS ونطاق رسمي.","2026-09-23","2026-09-23T16:42:50.176Z","2026-09-23","NO","NO","","0"
"SRC150-LAW","نظام المحاماة والأسئلة الشائعة","وزارة العدل","LEGAL_SOURCE","https://moj.gov.sa/ar/Ministry/Departments/Mohammah/Pages/FAQ.aspx","https://moj.gov.sa/ar/Ministry/Departments/Mohammah/Pages/FAQ.aspx","moj.gov.sa","YES","200","HTTP_200","GET","text/html; charset=utf-8","YES","NO","ACTIVE","ACTIVE","LIKELY_RELEVANT","2","الرابط يعمل على HTTPS ونطاق رسمي.","الرابط يعمل على HTTPS ونطاق رسمي.","2026-09-23","2026-09-23T16:42:50.176Z","2026-09-23","NO","NO","","0"
"SRC150-NAJIZ","خدمات ناجز القضائية","وزارة العدل","GENERAL_GOVERNMENT_INFORMATION","https://www.moj.gov.sa/ar/UN-Metrices/Pages/default.aspx","https://www.moj.gov.sa/ar/UN-Metrices/Pages/default.aspx","www.moj.gov.sa","YES","200","HTTP_200","GET","text/html; charset=utf-8","YES","NO","ACTIVE","ACTIVE","LIKELY_RELEVANT","2","الرابط يعمل على HTTPS ونطاق رسمي.","الرابط يعمل على HTTPS ونطاق رسمي.","2026-09-23","2026-09-23T16:42:50.176Z","2026-09-23","NO","NO","","0"
"SRC151-LABOR","نظام العمل - علاقات العمل","وزارة الموارد البشرية والتنمية الاجتماعية","LEGAL_SOURCE","https://www.hrsd.gov.sa/علاقات-العمل","https://www.hrsd.gov.sa/%D8%B9%D9%84%D8%A7%D9%82%D8%A7%D8%AA-%D8%A7%D9%84%D8%B9%D9%85%D9%84","www.hrsd.gov.sa","YES","200","HTTP_200","GET","text/html; charset=utf-8","YES","NO","ACTIVE","ACTIVE","LIKELY_RELEVANT","3","الرابط يعمل على HTTPS ونطاق رسمي.","الرابط يعمل على HTTPS ونطاق رسمي.","2026-09-23","2026-09-23T16:42:50.176Z","2026-09-23","NO","NO","R-LABOR-RESIGN-EOS | R-LABOR-EOS | R-LABOR-DEDUCTION | R-LABOR-OVERTIME | R-LABOR-FINAL-SETTLEMENT | R-LABOR-WAGE-DELAY","6"
"SRC151-OT","ساعات العمل الإضافية","وزارة الموارد البشرية والتنمية الاجتماعية","GENERAL_GOVERNMENT_INFORMATION","https://www.hrsd.gov.sa/knowledge-centre/articles/313","https://www.hrsd.gov.sa/knowledge-centre/articles/313","www.hrsd.gov.sa","YES","200","HTTP_200","GET","text/html; charset=utf-8","YES","NO","ACTIVE","ACTIVE","LIKELY_RELEVANT","3","الرابط يعمل على HTTPS ونطاق رسمي.","الرابط يعمل على HTTPS ونطاق رسمي.","2026-09-23","2026-09-23T16:42:50.176Z","2026-09-23","NO","NO","","0"
"SRC151-SAFETY","الأجر والحسم والعمل الإضافي","وزارة الموارد البشرية والتنمية الاجتماعية","GENERAL_GOVERNMENT_INFORMATION","https://www.hrsd.gov.sa/care-about-you/health-and-safety","https://www.hrsd.gov.sa/care-about-you/health-and-safety","www.hrsd.gov.sa","YES","200","HTTP_200","GET","text/html; charset=utf-8","YES","NO","ACTIVE","ACTIVE","LIKELY_RELEVANT","3","الرابط يعمل على HTTPS ونطاق رسمي.","الرابط يعمل على HTTPS ونطاق رسمي.","2026-09-23","2026-09-23T16:42:50.176Z","2026-09-23","NO","NO","","0"
"SRC151-SETTLE","التسوية الودية للخلافات العمالية","وزارة الموارد البشرية والتنمية الاجتماعية","OFFICIAL_SERVICE_PAGE","https://www.hrsd.gov.sa/ministry-services/services/269970","https://www.hrsd.gov.sa/ministry-services/services/269970","www.hrsd.gov.sa","YES","200","HTTP_200","GET","text/html; charset=utf-8","YES","NO","ACTIVE","ACTIVE","LIKELY_RELEVANT","4","الرابط يعمل على HTTPS ونطاق رسمي.","الرابط يعمل على HTTPS ونطاق رسمي.","2026-09-23","2026-09-23T16:42:50.176Z","2026-09-23","NO","NO","","0"
"SRC152-AMEND","دليل استفسارات تعديلات نظام العمل","وزارة الموارد البشرية والتنمية الاجتماعية","LEGAL_SOURCE","https://www.hrsd.gov.sa/knowledge-centre/decisions-and-regulations/regulation-and-procedures/procedure","https://www.hrsd.gov.sa/knowledge-centre/decisions-and-regulations/regulation-and-procedures/procedure","www.hrsd.gov.sa","YES","200","HTTP_200","GET","text/html; charset=utf-8","YES","NO","ACTIVE","ACTIVE","LIKELY_RELEVANT","4","الرابط يعمل على HTTPS ونطاق رسمي.","الرابط يعمل على HTTPS ونطاق رسمي.","2026-09-23","2026-09-23T16:42:50.176Z","2026-09-23","NO","NO","","0"
"SRC152-LABOR","علاقات العمل - نظام العمل المحدث","وزارة الموارد البشرية والتنمية الاجتماعية","LEGAL_SOURCE","https://www.hrsd.gov.sa/علاقات-العمل","https://www.hrsd.gov.sa/%D8%B9%D9%84%D8%A7%D9%82%D8%A7%D8%AA-%D8%A7%D9%84%D8%B9%D9%85%D9%84","www.hrsd.gov.sa","YES","200","HTTP_200","GET","text/html; charset=utf-8","YES","NO","ACTIVE","ACTIVE","LIKELY_RELEVANT","3","الرابط يعمل على HTTPS ونطاق رسمي.","الرابط يعمل على HTTPS ونطاق رسمي.","2026-09-23","2026-09-23T16:42:50.176Z","2026-09-23","NO","NO","R-LABOR-ABSENCE-PRIVATE | R-LABOR-TERMINATION | R-LABOR-LEAVE | R-LABOR-NONCOMPETE | R-LABOR-TIME-BAR | R-LABOR-DURING-LITIGATION","6"
"SRC152-SETTLE","التسوية الودية للخلافات العمالية","وزارة الموارد البشرية والتنمية الاجتماعية","OFFICIAL_SERVICE_PAGE","https://www.hrsd.gov.sa/ministry-services/services/269970","https://www.hrsd.gov.sa/ministry-services/services/269970","www.hrsd.gov.sa","YES","200","HTTP_200","GET","text/html; charset=utf-8","YES","NO","ACTIVE","ACTIVE","LIKELY_RELEVANT","4","الرابط يعمل على HTTPS ونطاق رسمي.","الرابط يعمل على HTTPS ونطاق رسمي.","2026-09-23","2026-09-23T16:42:50.176Z","2026-09-23","NO","NO","","0"
"SRC153-COPY","تسجيل مصنف مكتوب","الهيئة السعودية للملكية الفكرية","OFFICIAL_SERVICE_PAGE","https://www.saip.gov.sa/ar/services/copyrights/copyr7","https://www.saip.gov.sa/ar/services/copyrights/copyr7","www.saip.gov.sa","YES","200","HTTP_200","GET","text/html; charset=utf-8","YES","NO","ACTIVE","ACTIVE","LIKELY_RELEVANT","3","الرابط يعمل على HTTPS ونطاق رسمي.","الرابط يعمل على HTTPS ونطاق رسمي.","2026-09-23","2026-09-23T16:42:50.176Z","2026-09-23","NO","NO","R-COMM-IP-COPYRIGHT-SERVICE | R-COMM-IP-COPYRIGHT-ENFORCEMENT","2"
"SRC153-COPYEX","تنفيذ حكم نهائي لحق المؤلف","الهيئة السعودية للملكية الفكرية","OFFICIAL_SERVICE_PAGE","https://www.saip.gov.sa/ar/services/copyrights/copyr5","https://www.saip.gov.sa/ar/services/copyrights/copyr5","www.saip.gov.sa","YES","200","HTTP_200","GET","text/html; charset=utf-8","YES","NO","ACTIVE","ACTIVE","LIKELY_RELEVANT","3","الرابط يعمل على HTTPS ونطاق رسمي.","الرابط يعمل على HTTPS ونطاق رسمي.","2026-09-23","2026-09-23T16:42:50.176Z","2026-09-23","NO","NO","","0"
"SRC153-PAT","إيداع طلب براءة اختراع","الهيئة السعودية للملكية الفكرية","OFFICIAL_SERVICE_PAGE","https://www.saip.gov.sa/ar/services/patents/patent-application","https://www.saip.gov.sa/ar/services/patents/patent-application","www.saip.gov.sa","YES","200","HTTP_200","GET","text/html; charset=utf-8","YES","NO","ACTIVE","ACTIVE","LIKELY_RELEVANT","3","الرابط يعمل على HTTPS ونطاق رسمي.","الرابط يعمل على HTTPS ونطاق رسمي.","2026-09-23","2026-09-23T16:42:50.176Z","2026-09-23","NO","NO","R-COMM-IP-PATENT-SERVICE | R-COMM-IP-PATENT-ENFORCEMENT","2"
"SRC153-PATEX","تنفيذ حكم نهائي لبراءة اختراع","الهيئة السعودية للملكية الفكرية","OFFICIAL_SERVICE_PAGE","https://saip.gov.sa/ar/services/patents/patent19","https://saip.gov.sa/ar/services/patents/patent19","saip.gov.sa","YES","200","HTTP_200","GET","text/html; charset=utf-8","YES","NO","ACTIVE","ACTIVE","LIKELY_RELEVANT","3","الرابط يعمل على HTTPS ونطاق رسمي.","الرابط يعمل على HTTPS ونطاق رسمي.","2026-09-23","2026-09-23T16:42:50.176Z","2026-09-23","NO","NO","","0"
"SRC154-SAIP-EXEC","تنفيذ حكم قضائي نهائي لحق المؤلف","الهيئة السعودية للملكية الفكرية","OFFICIAL_SERVICE_PAGE","https://www.saip.gov.sa/ar/services/copyrights/copyr5","https://www.saip.gov.sa/ar/services/copyrights/copyr5","www.saip.gov.sa","YES","200","HTTP_200","GET","text/html; charset=utf-8","YES","NO","ACTIVE","ACTIVE","LIKELY_RELEVANT","4","الرابط يعمل على HTTPS ونطاق رسمي.","الرابط يعمل على HTTPS ونطاق رسمي.","2026-09-23","2026-09-23T16:42:50.176Z","2026-09-23","NO","NO","","0"
"SRC154-SAIP-RES","موارد الملكية الفكرية ومساراتها","الهيئة السعودية للملكية الفكرية","GENERAL_GOVERNMENT_INFORMATION","https://www.saip.gov.sa/ar/resources","https://www.saip.gov.sa/ar/resources","www.saip.gov.sa","YES","200","HTTP_200","GET","text/html; charset=utf-8","YES","NO","ACTIVE","ACTIVE","LIKELY_RELEVANT","3","الرابط يعمل على HTTPS ونطاق رسمي.","الرابط يعمل على HTTPS ونطاق رسمي.","2026-09-23","2026-09-23T16:42:50.176Z","2026-09-23","NO","NO","","0"
"SRC154-SAIP-SYS","الأنظمة واللوائح","الهيئة السعودية للملكية الفكرية","GENERAL_GOVERNMENT_INFORMATION","https://www.saip.gov.sa/ar/resources/lows-and-regulations/systems-and-regulations","https://www.saip.gov.sa/ar/resources/lows-and-regulations/systems-and-regulations","www.saip.gov.sa","YES","200","HTTP_200","GET","text/html; charset=utf-8","YES","NO","ACTIVE","ACTIVE","LIKELY_RELEVANT","2","الرابط يعمل على HTTPS ونطاق رسمي.","الرابط يعمل على HTTPS ونطاق رسمي.","2026-09-23","2026-09-23T16:42:50.176Z","2026-09-23","NO","NO","R-COMM-IP-SERVICE | R-COMM-IP-ENFORCEMENT","2"
"SRC155-DEF","طلب مذكرة الدفاع الأولى","وزارة العدل","OFFICIAL_SERVICE_PAGE","https://www.moj.gov.sa/ar/eServices/pages/bcdcda2b-1b77-428b-ae80-0dfc04bf07fa.aspx","https://www.moj.gov.sa/ar/eServices/pages/bcdcda2b-1b77-428b-ae80-0dfc04bf07fa.aspx","www.moj.gov.sa","YES","200","HTTP_200","GET","text/html; charset=utf-8","YES","NO","ACTIVE","ACTIVE","LIKELY_RELEVANT","3","الرابط يعمل على HTTPS ونطاق رسمي.","الرابط يعمل على HTTPS ونطاق رسمي.","2026-09-23","2026-09-23T16:42:50.176Z","2026-09-23","NO","NO","","0"
"SRC156-COURT","محاكم التنفيذ","وزارة العدل","GENERAL_GOVERNMENT_INFORMATION","https://www.moj.gov.sa/ar/Ministry/Courts/Pages/EnforcementCourtsAndPanels.aspx","https://www.moj.gov.sa/ar/Ministry/Courts/Pages/EnforcementCourtsAndPanels.aspx","www.moj.gov.sa","YES","200","HTTP_200","GET","text/html; charset=utf-8","YES","NO","ACTIVE","ACTIVE","LIKELY_RELEVANT","2","الرابط يعمل على HTTPS ونطاق رسمي.","الرابط يعمل على HTTPS ونطاق رسمي.","2026-09-23","2026-09-23T16:42:50.176Z","2026-09-23","NO","NO","","0"
"SRC156-EXEC","تقديم طلب تنفيذ","وزارة العدل","OFFICIAL_SERVICE_PAGE","https://www.moj.gov.sa/ar/eservices/pages/1c719954-3463-4754-85e1-1b319b937b86.aspx","https://www.moj.gov.sa/ar/eservices/pages/1c719954-3463-4754-85e1-1b319b937b86.aspx","www.moj.gov.sa","YES","200","HTTP_200","GET","text/html; charset=utf-8","YES","NO","ACTIVE","ACTIVE","LIKELY_RELEVANT","2","الرابط يعمل على HTTPS ونطاق رسمي.","الرابط يعمل على HTTPS ونطاق رسمي.","2026-09-23","2026-09-23T16:42:50.176Z","2026-09-23","NO","NO","","0"
"SRC162-ABSHER-CIVIL","خدمات الأحوال المدنية: الهوية الوطنية، تسجيل المواليد، وسجل الأسرة","منصة أبشر — وزارة الداخلية","OFFICIAL_PROCEDURAL_GUIDE","https://www.absher.sa/wps/wcm/connect/individuals/contents/individuals+AR/eServices+User+Guide/eServices/Civil-Affairs-Services/","https://www.absher.sa/wps/wcm/connect/individuals/contents/individuals+AR/eServices+User+Guide/eServices/Civil-Affairs-Services/","www.absher.sa","YES","200","HTTP_200","GET","text/html; charset=UTF-8","YES","NO","ACTIVE","ACTIVE","LIKELY_RELEVANT","7","الرابط يعمل على HTTPS ونطاق رسمي.","الرابط يعمل على HTTPS ونطاق رسمي.","2026-09-23","2026-09-23T16:42:50.176Z","2026-09-23","NO","NO","R-CIVIL-ID-RENEW | R-CIVIL-ID-LOST | R-CIVIL-ID-DAMAGED | R-CIVIL-BIRTH-REGISTER | R-CIVIL-FAMILY-RECORD","5"
"SRC66-END","إنهاء طلب التنفيذ","وزارة العدل","OFFICIAL_SERVICE_PAGE","https://www.moj.gov.sa/ar/eServices/Pages/152ff72e-0c8d-42b2-9f16-3f81e5cf38d2.aspx","https://www.moj.gov.sa/ar/eServices/Pages/152ff72e-0c8d-42b2-9f16-3f81e5cf38d2.aspx","www.moj.gov.sa","YES","200","HTTP_200","GET","text/html; charset=utf-8","YES","NO","ACTIVE","ACTIVE","LIKELY_RELEVANT","2","الرابط يعمل على HTTPS ونطاق رسمي.","الرابط يعمل على HTTPS ونطاق رسمي.","2026-09-23","2026-09-23T16:42:50.176Z","2026-09-23","NO","NO","R-EXEC-NOT-END-ACTION","1"
"SRC66-EXEC-APPLY","تقديم طلب تنفيذ","وزارة العدل","OFFICIAL_SERVICE_PAGE","https://www.moj.gov.sa/ar/eservices/pages/1c719954-3463-4754-85e1-1b319b937b86.aspx","https://www.moj.gov.sa/ar/eservices/pages/1c719954-3463-4754-85e1-1b319b937b86.aspx","www.moj.gov.sa","YES","200","HTTP_200","GET","text/html; charset=utf-8","YES","NO","ACTIVE","ACTIVE","LIKELY_RELEVANT","2","الرابط يعمل على HTTPS ونطاق رسمي.","الرابط يعمل على HTTPS ونطاق رسمي.","2026-09-23","2026-09-23T16:42:50.176Z","2026-09-23","NO","NO","R-EXEC-SADAD-INVOICE | R-EXEC-DEBTOR-DEATH","2"
"SRC66-EXEC-QUERY","استعلام عن طلب تنفيذ","وزارة العدل","OFFICIAL_SERVICE_PAGE","https://www.moj.gov.sa/ar/eServices/pages/9bd2e276-3110-4e32-a00e-330de0fec9a4.aspx","https://www.moj.gov.sa/ar/eServices/pages/9bd2e276-3110-4e32-a00e-330de0fec9a4.aspx","www.moj.gov.sa","YES","200","HTTP_200","GET","text/html; charset=utf-8","YES","NO","ACTIVE","ACTIVE","LIKELY_RELEVANT","2","الرابط يعمل على HTTPS ونطاق رسمي.","الرابط يعمل على HTTPS ونطاق رسمي.","2026-09-23","2026-09-23T16:42:50.176Z","2026-09-23","NO","NO","","0"
"SRC66-GRACE","طلب إمهال - تأجيل السند التنفيذي","وزارة العدل","OFFICIAL_SERVICE_PAGE","https://www.moj.gov.sa/ar/eServices/Pages/a7eef02b-d9ad-4d3f-9ad0-7b9a67399313.aspx","https://www.moj.gov.sa/ar/eServices/Pages/a7eef02b-d9ad-4d3f-9ad0-7b9a67399313.aspx","www.moj.gov.sa","YES","200","HTTP_200","GET","text/html; charset=utf-8","YES","NO","ACTIVE","ACTIVE","LIKELY_RELEVANT","4","الرابط يعمل على HTTPS ونطاق رسمي.","الرابط يعمل على HTTPS ونطاق رسمي.","2026-09-23","2026-09-23T16:42:50.176Z","2026-09-23","NO","NO","R-EXEC-WAIT-GRACE","1"
"SRC66-PAY","إثبات السداد","وزارة العدل","GENERAL_GOVERNMENT_INFORMATION","https://www.moj.gov.sa/ar/eServices/pages/0fabf9ed-05ba-497e-9e4e-1e227103fc00.aspx","https://www.moj.gov.sa/ar/eServices/pages/0fabf9ed-05ba-497e-9e4e-1e227103fc00.aspx","www.moj.gov.sa","YES","200","HTTP_200","GET","text/html; charset=utf-8","YES","NO","ACTIVE","ACTIVE","LIKELY_RELEVANT","2","الرابط يعمل على HTTPS ونطاق رسمي.","الرابط يعمل على HTTPS ونطاق رسمي.","2026-09-23","2026-09-23T16:42:50.176Z","2026-09-23","NO","NO","","0"
"SRC66-REACT","إعادة تفعيل طلب تنفيذ بعد انتهاء الإمهال","وزارة العدل","OFFICIAL_SERVICE_PAGE","https://www.moj.gov.sa/ar/eServices/Pages/42bc9d16-70e4-43ad-bb8d-0a8e156ffb72.aspx","https://www.moj.gov.sa/ar/eServices/Pages/42bc9d16-70e4-43ad-bb8d-0a8e156ffb72.aspx","www.moj.gov.sa","YES","200","HTTP_200","GET","text/html; charset=utf-8","YES","NO","ACTIVE","ACTIVE","LIKELY_RELEVANT","5","الرابط يعمل على HTTPS ونطاق رسمي.","الرابط يعمل على HTTPS ونطاق رسمي.","2026-09-23","2026-09-23T16:42:50.176Z","2026-09-23","NO","NO","","0"
"SRC67-AD","طلب إصدار فاتورة إعلان","وزارة العدل","OFFICIAL_SERVICE_PAGE","https://www.moj.gov.sa/ar/eServices/Pages/f05580e3-fadc-4227-bb2c-8500fabcf73f.aspx","https://www.moj.gov.sa/ar/eServices/Pages/f05580e3-fadc-4227-bb2c-8500fabcf73f.aspx","www.moj.gov.sa","YES","200","HTTP_200","GET","text/html; charset=utf-8","YES","NO","ACTIVE","ACTIVE","LIKELY_RELEVANT","3","الرابط يعمل على HTTPS ونطاق رسمي.","الرابط يعمل على HTTPS ونطاق رسمي.","2026-09-23","2026-09-23T16:42:50.176Z","2026-09-23","NO","NO","R-EXEC-AD-INVOICE","1"
"SRC67-AMOUNT","تعديل مبلغ المطالبة","وزارة العدل","GENERAL_GOVERNMENT_INFORMATION","https://www.moj.gov.sa/ar/eServices/Pages/7b84d5eb-82aa-4b63-b06e-be92c72158ef.aspx","https://www.moj.gov.sa/ar/eServices/Pages/7b84d5eb-82aa-4b63-b06e-be92c72158ef.aspx","www.moj.gov.sa","YES","200","HTTP_200","GET","text/html; charset=utf-8","YES","NO","ACTIVE","ACTIVE","LIKELY_RELEVANT","3","الرابط يعمل على HTTPS ونطاق رسمي.","الرابط يعمل على HTTPS ونطاق رسمي.","2026-09-23","2026-09-23T16:42:50.176Z","2026-09-23","NO","NO","R-EXEC-AMEND-AMOUNT","1"
"SRC67-FIN","الاستعلام عن التقرير المالي","وزارة العدل","OFFICIAL_SERVICE_PAGE","https://www.moj.gov.sa/ar/eservices/pages/2200fd6a-d8d2-4583-a843-2d67839f5a1b.aspx","https://www.moj.gov.sa/ar/eservices/pages/2200fd6a-d8d2-4583-a843-2d67839f5a1b.aspx","www.moj.gov.sa","YES","200","HTTP_200","GET","text/html; charset=utf-8","YES","NO","ACTIVE","ACTIVE","LIKELY_RELEVANT","3","الرابط يعمل على HTTPS ونطاق رسمي.","الرابط يعمل على HTTPS ونطاق رسمي.","2026-09-23","2026-09-23T16:42:50.176Z","2026-09-23","NO","NO","R-EXEC-FIN-REPORT","1"
"SRC67-REP","إدراج ممثل نظامي","وزارة العدل","GENERAL_GOVERNMENT_INFORMATION","https://www.moj.gov.sa/ar/eServices/pages/477600c3-653d-42c7-b6ae-ac5484952123.aspx","https://www.moj.gov.sa/ar/eServices/pages/477600c3-653d-42c7-b6ae-ac5484952123.aspx","www.moj.gov.sa","YES","200","HTTP_200","GET","text/html; charset=utf-8","YES","NO","ACTIVE","ACTIVE","LIKELY_RELEVANT","3","الرابط يعمل على HTTPS ونطاق رسمي.","الرابط يعمل على HTTPS ونطاق رسمي.","2026-09-23","2026-09-23T16:42:50.176Z","2026-09-23","NO","NO","R-EXEC-LEGAL-REP","1"
"SRC67-SLA","اتفاقية مستوى الخدمة","وزارة العدل","OFFICIAL_SERVICE_PAGE","https://www.moj.gov.sa/ar/Ministry/Pages/SLA.aspx","https://www.moj.gov.sa/ar/Ministry/Pages/SLA.aspx","www.moj.gov.sa","YES","200","HTTP_200","GET","text/html; charset=utf-8","YES","NO","ACTIVE","ACTIVE","LIKELY_RELEVANT","3","الرابط يعمل على HTTPS ونطاق رسمي.","الرابط يعمل على HTTPS ونطاق رسمي.","2026-09-23","2026-09-23T16:42:50.176Z","2026-09-23","NO","NO","","0"
"SRC68-APPEAL","الاعتراض على الحكم","وزارة العدل","GENERAL_GOVERNMENT_INFORMATION","https://moj.gov.sa/ar/eServices/Pages/cba332a0-28b8-4ce0-ab00-ef4ddeb9ab64.aspx","https://moj.gov.sa/ar/eServices/Pages/cba332a0-28b8-4ce0-ab00-ef4ddeb9ab64.aspx","moj.gov.sa","YES","200","HTTP_200","GET","text/html; charset=utf-8","YES","NO","ACTIVE","ACTIVE","LIKELY_RELEVANT","2","الرابط يعمل على HTTPS ونطاق رسمي.","الرابط يعمل على HTTPS ونطاق رسمي.","2026-09-23","2026-09-23T16:42:50.176Z","2026-09-23","NO","NO","R-PROC-APPEAL | R-PROC-APPEAL-URGENT","2"
"SRC68-CASS","طلب النقض","وزارة العدل","OFFICIAL_SERVICE_PAGE","https://www.moj.gov.sa/ar/eServices/pages/aee148d0-b7f7-43eb-b1cf-8eabf4d8b10d.aspx","https://www.moj.gov.sa/ar/eServices/pages/aee148d0-b7f7-43eb-b1cf-8eabf4d8b10d.aspx","www.moj.gov.sa","YES","200","HTTP_200","GET","text/html; charset=utf-8","YES","NO","ACTIVE","ACTIVE","LIKELY_RELEVANT","1","الرابط يعمل على HTTPS ونطاق رسمي.","الرابط يعمل على HTTPS ونطاق رسمي.","2026-09-23","2026-09-23T16:42:50.176Z","2026-09-23","NO","NO","R-PROC-CASSATION","1"
"SRC68-CLAIM","رحلة القضية / صحيفة الدعوى","وزارة العدل","GENERAL_GOVERNMENT_INFORMATION","https://www.moj.gov.sa/ar/Ministry/Pages/CaseTripInMOJ.aspx","https://www.moj.gov.sa/ar/Ministry/Pages/CaseTripInMOJ.aspx","www.moj.gov.sa","YES","200","HTTP_200","GET","text/html; charset=utf-8","YES","NO","ACTIVE","ACTIVE","LIKELY_RELEVANT","4","الرابط يعمل على HTTPS ونطاق رسمي.","الرابط يعمل على HTTPS ونطاق رسمي.","2026-09-23","2026-09-23T16:42:50.176Z","2026-09-23","NO","NO","","0"
"SRC68-DEFENSE","طلب مذكرة الدفاع الأولى","وزارة العدل","OFFICIAL_SERVICE_PAGE","https://www.moj.gov.sa/ar/eServices/pages/bcdcda2b-1b77-428b-ae80-0dfc04bf07fa.aspx","https://www.moj.gov.sa/ar/eServices/pages/bcdcda2b-1b77-428b-ae80-0dfc04bf07fa.aspx","www.moj.gov.sa","YES","200","HTTP_200","GET","text/html; charset=utf-8","YES","NO","ACTIVE","ACTIVE","LIKELY_RELEVANT","3","الرابط يعمل على HTTPS ونطاق رسمي.","الرابط يعمل على HTTPS ونطاق رسمي.","2026-09-23","2026-09-23T16:42:50.176Z","2026-09-23","NO","NO","R-CASE-FIRST-DEFENSE-MEMO","1"
"SRC68-EXPERT","طلب الخبرة","وزارة العدل","OFFICIAL_SERVICE_PAGE","https://www.moj.gov.sa/ar/eservices/pages/fbe131b9-406f-4fae-9438-64e2f259e3e8.aspx","https://www.moj.gov.sa/ar/eservices/pages/fbe131b9-406f-4fae-9438-64e2f259e3e8.aspx","www.moj.gov.sa","YES","200","HTTP_200","GET","text/html; charset=utf-8","YES","NO","ACTIVE","ACTIVE","LIKELY_RELEVANT","1","الرابط يعمل على HTTPS ونطاق رسمي.","الرابط يعمل على HTTPS ونطاق رسمي.","2026-09-23","2026-09-23T16:42:50.176Z","2026-09-23","NO","NO","R-CASE-EXPERT","1"
"SRC68-INTERVENE","طلب التدخل","وزارة العدل","OFFICIAL_SERVICE_PAGE","https://www.moj.gov.sa/ar/eServices/Pages/f0778b45-0b49-4612-aef8-42e432d3b773.aspx","https://www.moj.gov.sa/ar/eServices/Pages/f0778b45-0b49-4612-aef8-42e432d3b773.aspx","www.moj.gov.sa","YES","200","HTTP_200","GET","text/html; charset=utf-8","YES","NO","ACTIVE","ACTIVE","LIKELY_RELEVANT","1","الرابط يعمل على HTTPS ونطاق رسمي.","الرابط يعمل على HTTPS ونطاق رسمي.","2026-09-23","2026-09-23T16:42:50.176Z","2026-09-23","NO","NO","R-CASE-INTERVENTION","1"
"SRC68-JOIN","طلب الإدخال","وزارة العدل","OFFICIAL_SERVICE_PAGE","https://www.moj.gov.sa/ar/eServices/pages/6d7b2dff-62e9-4d1e-b125-d6cc7d1cc1eb.aspx","https://www.moj.gov.sa/ar/eServices/pages/6d7b2dff-62e9-4d1e-b125-d6cc7d1cc1eb.aspx","www.moj.gov.sa","YES","200","HTTP_200","GET","text/html; charset=utf-8","YES","NO","ACTIVE","ACTIVE","LIKELY_RELEVANT","1","الرابط يعمل على HTTPS ونطاق رسمي.","الرابط يعمل على HTTPS ونطاق رسمي.","2026-09-23","2026-09-23T16:42:50.176Z","2026-09-23","NO","NO","R-CASE-JOIN","1"
"SRC68-MEMO","طلب إيداع مذكرة","وزارة العدل","OFFICIAL_SERVICE_PAGE","https://www.moj.gov.sa/ar/eservices/pages/d37abd59-ae3b-4881-9a13-4322bac124e1.aspx","https://www.moj.gov.sa/ar/eservices/pages/d37abd59-ae3b-4881-9a13-4322bac124e1.aspx","www.moj.gov.sa","YES","200","HTTP_200","GET","text/html; charset=utf-8","YES","NO","ACTIVE","ACTIVE","LIKELY_RELEVANT","2","الرابط يعمل على HTTPS ونطاق رسمي.","الرابط يعمل على HTTPS ونطاق رسمي.","2026-09-23","2026-09-23T16:42:50.176Z","2026-09-23","NO","NO","R-CASE-DEPOSIT-MEMO","1"
"SRC68-RECON","التماس إعادة النظر","وزارة العدل","GENERAL_GOVERNMENT_INFORMATION","https://www.moj.gov.sa/ar/eServices/pages/34a53f98-57e0-4f8b-9bad-78a095ebae4b.aspx","https://www.moj.gov.sa/ar/eServices/pages/34a53f98-57e0-4f8b-9bad-78a095ebae4b.aspx","www.moj.gov.sa","YES","200","HTTP_200","GET","text/html; charset=utf-8","YES","NO","ACTIVE","ACTIVE","LIKELY_RELEVANT","3","الرابط يعمل على HTTPS ونطاق رسمي.","الرابط يعمل على HTTPS ونطاق رسمي.","2026-09-23","2026-09-23T16:42:50.176Z","2026-09-23","NO","NO","R-PROC-RECONSIDERATION","1"
"SRC68-RESUME","طلب استمرار السير في الدعوى","وزارة العدل","OFFICIAL_SERVICE_PAGE","https://www.moj.gov.sa/ar/eServices/pages/7f9f1f8e-a582-4268-8c55-af8a9d9761ee.aspx","https://www.moj.gov.sa/ar/eServices/pages/7f9f1f8e-a582-4268-8c55-af8a9d9761ee.aspx","www.moj.gov.sa","YES","200","HTTP_200","GET","text/html; charset=utf-8","YES","NO","ACTIVE","ACTIVE","LIKELY_RELEVANT","3","الرابط يعمل على HTTPS ونطاق رسمي.","الرابط يعمل على HTTPS ونطاق رسمي.","2026-09-23","2026-09-23T16:42:50.176Z","2026-09-23","NO","NO","R-CASE-RESUME","1"
"SRC68-SLA","اتفاقية مستوى الخدمة","وزارة العدل","OFFICIAL_SERVICE_PAGE","https://www.moj.gov.sa/ar/Ministry/Pages/SLA.aspx","https://www.moj.gov.sa/ar/Ministry/Pages/SLA.aspx","www.moj.gov.sa","YES","200","HTTP_200","GET","text/html; charset=utf-8","YES","NO","ACTIVE","ACTIVE","LIKELY_RELEVANT","3","الرابط يعمل على HTTPS ونطاق رسمي.","الرابط يعمل على HTTPS ونطاق رسمي.","2026-09-23","2026-09-23T16:42:50.176Z","2026-09-23","NO","NO","","0"
"SRC68-STAY","طلب وقف السير في الدعوى","وزارة العدل","OFFICIAL_SERVICE_PAGE","https://www.moj.gov.sa/ar/eservices/pages/d1ef87c9-918d-4106-81a3-1b937f114c27.aspx","https://www.moj.gov.sa/ar/eservices/pages/d1ef87c9-918d-4106-81a3-1b937f114c27.aspx","www.moj.gov.sa","YES","200","HTTP_200","GET","text/html; charset=utf-8","YES","NO","ACTIVE","ACTIVE","LIKELY_RELEVANT","2","الرابط يعمل على HTTPS ونطاق رسمي.","الرابط يعمل على HTTPS ونطاق رسمي.","2026-09-23","2026-09-23T16:42:50.176Z","2026-09-23","NO","NO","R-CASE-STAY","1"
"SRC68-WITHDRAW","طلب ترك الخصومة","وزارة العدل","OFFICIAL_SERVICE_PAGE","https://www.moj.gov.sa/ar/eServices/Pages/5ccadb53-2b3c-4f58-b898-5b0d481c903a.aspx","https://www.moj.gov.sa/ar/eServices/Pages/5ccadb53-2b3c-4f58-b898-5b0d481c903a.aspx","www.moj.gov.sa","YES","200","HTTP_200","GET","text/html; charset=utf-8","YES","NO","ACTIVE","ACTIVE","LIKELY_RELEVANT","1","الرابط يعمل على HTTPS ونطاق رسمي.","الرابط يعمل على HTTPS ونطاق رسمي.","2026-09-23","2026-09-23T16:42:50.176Z","2026-09-23","NO","NO","R-CASE-WITHDRAW","1"
"SRC69-CASETRIP","رحلة القضية في وزارة العدل","وزارة العدل","GENERAL_GOVERNMENT_INFORMATION","https://www.moj.gov.sa/ar/Ministry/Pages/CaseTripInMOJ.aspx","https://www.moj.gov.sa/ar/Ministry/Pages/CaseTripInMOJ.aspx","www.moj.gov.sa","YES","200","HTTP_200","GET","text/html; charset=utf-8","YES","NO","ACTIVE","ACTIVE","LIKELY_RELEVANT","3","الرابط يعمل على HTTPS ونطاق رسمي.","الرابط يعمل على HTTPS ونطاق رسمي.","2026-09-23","2026-09-23T16:42:50.176Z","2026-09-23","NO","NO","","0"
"SRC69-CASS","طلب النقض","وزارة العدل","OFFICIAL_SERVICE_PAGE","https://www.moj.gov.sa/ar/eServices/pages/aee148d0-b7f7-43eb-b1cf-8eabf4d8b10d.aspx","https://www.moj.gov.sa/ar/eServices/pages/aee148d0-b7f7-43eb-b1cf-8eabf4d8b10d.aspx","www.moj.gov.sa","YES","200","HTTP_200","GET","text/html; charset=utf-8","YES","NO","ACTIVE","ACTIVE","LIKELY_RELEVANT","1","الرابط يعمل على HTTPS ونطاق رسمي.","الرابط يعمل على HTTPS ونطاق رسمي.","2026-09-23","2026-09-23T16:42:50.176Z","2026-09-23","NO","NO","R-PROC-CASSATION-STAY","1"
"SRC69-CLAIM","صحيفة دعوى","وزارة العدل","GENERAL_GOVERNMENT_INFORMATION","https://moj.gov.sa/ar/eServices/Pages/928b8f02-19a7-482b-ba0e-29a151d9a900.aspx","https://moj.gov.sa/ar/eServices/Pages/928b8f02-19a7-482b-ba0e-29a151d9a900.aspx","moj.gov.sa","YES","200","HTTP_200","GET","text/html; charset=utf-8","YES","NO","ACTIVE","ACTIVE","LIKELY_RELEVANT","2","الرابط يعمل على HTTPS ونطاق رسمي.","الرابط يعمل على HTTPS ونطاق رسمي.","2026-09-23","2026-09-23T16:42:50.176Z","2026-09-23","NO","NO","","0"
"SRC69-COST","التكاليف القضائية","وزارة العدل","OFFICIAL_SERVICE_PAGE","https://www.moj.gov.sa/ar/eservices/pages/143507f9-e5db-4423-a0c1-9f489c6c3893.aspx","https://www.moj.gov.sa/ar/eservices/pages/143507f9-e5db-4423-a0c1-9f489c6c3893.aspx","www.moj.gov.sa","YES","200","HTTP_200","GET","text/html; charset=utf-8","YES","NO","ACTIVE","ACTIVE","LIKELY_RELEVANT","2","الرابط يعمل على HTTPS ونطاق رسمي.","الرابط يعمل على HTTPS ونطاق رسمي.","2026-09-23","2026-09-23T16:42:50.176Z","2026-09-23","NO","NO","R-PROC-JUDICIAL-COSTS","1"
"SRC69-MOJ-HOME","الخدمات الإلكترونية الحالية","وزارة العدل","GENERAL_GOVERNMENT_INFORMATION","https://www.moj.gov.sa/ar/Pages/default.aspx","https://www.moj.gov.sa/ar/Pages/default.aspx","www.moj.gov.sa","YES","200","HTTP_200","GET","text/html; charset=utf-8","YES","NO","ACTIVE","ACTIVE","LIKELY_RELEVANT","2","الرابط يعمل على HTTPS ونطاق رسمي.","الرابط يعمل على HTTPS ونطاق رسمي.","2026-09-23","2026-09-23T16:42:50.176Z","2026-09-23","NO","NO","","0"
"SRC69-RECON","التماس إعادة النظر","وزارة العدل","GENERAL_GOVERNMENT_INFORMATION","https://www.moj.gov.sa/ar/eServices/pages/34a53f98-57e0-4f8b-9bad-78a095ebae4b.aspx","https://www.moj.gov.sa/ar/eServices/pages/34a53f98-57e0-4f8b-9bad-78a095ebae4b.aspx","www.moj.gov.sa","YES","200","HTTP_200","GET","text/html; charset=utf-8","YES","NO","ACTIVE","ACTIVE","LIKELY_RELEVANT","3","الرابط يعمل على HTTPS ونطاق رسمي.","الرابط يعمل على HTTPS ونطاق رسمي.","2026-09-23","2026-09-23T16:42:50.176Z","2026-09-23","NO","NO","R-PROC-RECONSIDERATION-STAY","1"
"SRC69-URGENT","الدعاوى المستعجلة","وزارة العدل","OFFICIAL_SERVICE_PAGE","https://moj.gov.sa/ar/eservices/pages/d73f20f6-8693-4381-9a5a-1f7120815918.aspx","https://moj.gov.sa/ar/eservices/pages/d73f20f6-8693-4381-9a5a-1f7120815918.aspx","moj.gov.sa","YES","200","HTTP_200","GET","text/html; charset=utf-8","YES","NO","ACTIVE","ACTIVE","LIKELY_RELEVANT","2","الرابط يعمل على HTTPS ونطاق رسمي.","الرابط يعمل على HTTPS ونطاق رسمي.","2026-09-23","2026-09-23T16:42:50.176Z","2026-09-23","NO","NO","R-PROC-URGENT","1"
"SRC70-MOJ","الخدمات الإلكترونية - الحالات الاجتماعية","وزارة العدل","GENERAL_GOVERNMENT_INFORMATION","https://www.moj.gov.sa/ar/Pages/default.aspx","https://www.moj.gov.sa/ar/Pages/default.aspx","www.moj.gov.sa","YES","200","HTTP_200","GET","text/html; charset=utf-8","YES","NO","ACTIVE","ACTIVE","LIKELY_RELEVANT","4","الرابط يعمل على HTTPS ونطاق رسمي.","الرابط يعمل على HTTPS ونطاق رسمي.","2026-09-23","2026-09-23T16:42:50.176Z","2026-09-23","NO","NO","R-FAM-DIVORCE-DOC | R-FAM-MARRIAGE-NEW | R-FAM-MARRIAGE-NONSAUDI | R-FAM-MARRIAGE-VERIFY","4"
"SRC70-SLA","اتفاقية مستوى الخدمة","وزارة العدل","OFFICIAL_SERVICE_PAGE","https://www.moj.gov.sa/ar/Ministry/Pages/SLA.aspx","https://www.moj.gov.sa/ar/Ministry/Pages/SLA.aspx","www.moj.gov.sa","YES","200","HTTP_200","GET","text/html; charset=utf-8","YES","NO","ACTIVE","ACTIVE","LIKELY_RELEVANT","3","الرابط يعمل على HTTPS ونطاق رسمي.","الرابط يعمل على HTTPS ونطاق رسمي.","2026-09-23","2026-09-23T16:42:50.176Z","2026-09-23","NO","NO","","0"
"SRC71-DIVIDE","قسمة تركة اتفاقية","وزارة العدل","GENERAL_GOVERNMENT_INFORMATION","https://www.moj.gov.sa/ar/eServices/Pages/f49aa181-459d-4d5f-b48c-64d092b919e6.aspx","https://www.moj.gov.sa/ar/eServices/Pages/f49aa181-459d-4d5f-b48c-64d092b919e6.aspx","www.moj.gov.sa","YES","200","HTTP_200","GET","text/html; charset=utf-8","YES","NO","ACTIVE","ACTIVE","LIKELY_RELEVANT","3","الرابط يعمل على HTTPS ونطاق رسمي.","الرابط يعمل على HTTPS ونطاق رسمي.","2026-09-23","2026-09-23T16:42:50.176Z","2026-09-23","NO","NO","","0"
"SRC71-ESTATE","إصدار حصر تركة","وزارة العدل","OFFICIAL_SERVICE_PAGE","https://www.moj.gov.sa/ar/eServices/pages/2841c3bc-6aea-4ef7-9c70-934c28952fd8.aspx","https://www.moj.gov.sa/ar/eServices/pages/2841c3bc-6aea-4ef7-9c70-934c28952fd8.aspx","www.moj.gov.sa","YES","200","HTTP_200","GET","text/html; charset=utf-8","YES","NO","ACTIVE","ACTIVE","LIKELY_RELEVANT","2","الرابط يعمل على HTTPS ونطاق رسمي.","الرابط يعمل على HTTPS ونطاق رسمي.","2026-09-23","2026-09-23T16:42:50.176Z","2026-09-23","NO","NO","R-FAM-ESTATE-INVENTORY","1"
"SRC71-MERATH","منصة التركات","وزارة العدل","GENERAL_GOVERNMENT_INFORMATION","https://merath.moj.gov.sa/","https://merath.moj.gov.sa/","merath.moj.gov.sa","YES","206","HTTP_206","GET","text/html; charset=UTF-8","YES","NO","ACTIVE","ACTIVE","LIKELY_RELEVANT","1","الرابط يعمل على HTTPS ونطاق رسمي.","الرابط يعمل على HTTPS ونطاق رسمي.","2026-09-23","2026-09-23T16:42:50.176Z","2026-09-23","NO","NO","","0"
"SRC71-MOJ","الخدمات الإلكترونية الحالية","وزارة العدل","GENERAL_GOVERNMENT_INFORMATION","https://www.moj.gov.sa/ar/UN-Metrices/Pages/default.aspx","https://www.moj.gov.sa/ar/UN-Metrices/Pages/default.aspx","www.moj.gov.sa","YES","200","HTTP_200","GET","text/html; charset=utf-8","YES","NO","ACTIVE","ACTIVE","LIKELY_RELEVANT","2","الرابط يعمل على HTTPS ونطاق رسمي.","الرابط يعمل على HTTPS ونطاق رسمي.","2026-09-23","2026-09-23T16:42:50.176Z","2026-09-23","NO","NO","","0"
"SRC71-SLA","اتفاقية مستوى الخدمة","وزارة العدل","OFFICIAL_SERVICE_PAGE","https://www.moj.gov.sa/ar/Ministry/Pages/SLA.aspx","https://www.moj.gov.sa/ar/Ministry/Pages/SLA.aspx","www.moj.gov.sa","YES","200","HTTP_200","GET","text/html; charset=utf-8","YES","NO","ACTIVE","ACTIVE","LIKELY_RELEVANT","3","الرابط يعمل على HTTPS ونطاق رسمي.","الرابط يعمل على HTTPS ونطاق رسمي.","2026-09-23","2026-09-23T16:42:50.176Z","2026-09-23","NO","NO","","0"
"SRC72-CASETRIP","رحلة القضية في وزارة العدل","وزارة العدل","GENERAL_GOVERNMENT_INFORMATION","https://www.moj.gov.sa/ar/Ministry/Pages/CaseTripInMOJ.aspx","https://www.moj.gov.sa/ar/Ministry/Pages/CaseTripInMOJ.aspx","www.moj.gov.sa","YES","200","HTTP_200","GET","text/html; charset=utf-8","YES","NO","ACTIVE","ACTIVE","LIKELY_RELEVANT","3","الرابط يعمل على HTTPS ونطاق رسمي.","الرابط يعمل على HTTPS ونطاق رسمي.","2026-09-23","2026-09-23T16:42:50.176Z","2026-09-23","NO","NO","R-CASE-MONITOR | R-CASE-HEARING | R-JUDGMENT-APPEAL-STATUS | R-JUDGMENT-SUPREME-STATUS | R-JUDGMENT-COPY","5"
"SRC72-CORRECT","طلب تصحيح الحكم أو تفسيره","وزارة العدل","OFFICIAL_SERVICE_PAGE","https://www.moj.gov.sa/ar/eservices/pages/3f275eb8-cf00-4a70-9e1d-e7aa2256bd75.aspx","https://www.moj.gov.sa/ar/eservices/pages/3f275eb8-cf00-4a70-9e1d-e7aa2256bd75.aspx","www.moj.gov.sa","YES","200","HTTP_200","GET","text/html; charset=utf-8","YES","NO","ACTIVE","ACTIVE","LIKELY_RELEVANT","3","الرابط يعمل على HTTPS ونطاق رسمي.","الرابط يعمل على HTTPS ونطاق رسمي.","2026-09-23","2026-09-23T16:42:50.176Z","2026-09-23","NO","NO","R-JUDGMENT-CORRECTION | R-JUDGMENT-INTERPRET","2"
"SRC72-ELIT","التقاضي الإلكتروني (المرافعة الكتابية)","وزارة العدل","GENERAL_GOVERNMENT_INFORMATION","https://www.moj.gov.sa/ar/Pages/default.aspx","https://www.moj.gov.sa/ar/Pages/default.aspx","www.moj.gov.sa","YES","200","HTTP_200","GET","text/html; charset=utf-8","YES","NO","ACTIVE","ACTIVE","LIKELY_RELEVANT","4","الرابط يعمل على HTTPS ونطاق رسمي.","الرابط يعمل على HTTPS ونطاق رسمي.","2026-09-23","2026-09-23T16:42:50.176Z","2026-09-23","NO","NO","R-CASE-E-LITIGATION","1"
"SRC73-CASE","رحلة القضية في وزارة العدل","وزارة العدل","GENERAL_GOVERNMENT_INFORMATION","https://www.moj.gov.sa/ar/Ministry/Pages/CaseTripInMOJ.aspx","https://www.moj.gov.sa/ar/Ministry/Pages/CaseTripInMOJ.aspx","www.moj.gov.sa","YES","200","HTTP_200","GET","text/html; charset=utf-8","YES","NO","ACTIVE","ACTIVE","LIKELY_RELEVANT","3","الرابط يعمل على HTTPS ونطاق رسمي.","الرابط يعمل على HTTPS ونطاق رسمي.","2026-09-23","2026-09-23T16:42:50.176Z","2026-09-23","NO","NO","R-MONEY-CLAIM-FIRST | R-NAJIZ-WAIT-AUDIT | R-NAJIZ-COMPLETE-DEFICIENCY | R-NAJIZ-READ-REASON | R-JUDGMENT-CHECK-STAGE","5"
"SRC73-EXEC","تقديم طلب تنفيذ","وزارة العدل","OFFICIAL_SERVICE_PAGE","https://www.moj.gov.sa/ar/eservices/pages/1c719954-3463-4754-85e1-1b319b937b86.aspx","https://www.moj.gov.sa/ar/eservices/pages/1c719954-3463-4754-85e1-1b319b937b86.aspx","www.moj.gov.sa","YES","200","HTTP_200","GET","text/html; charset=utf-8","YES","NO","ACTIVE","ACTIVE","LIKELY_RELEVANT","2","الرابط يعمل على HTTPS ونطاق رسمي.","الرابط يعمل على HTTPS ونطاق رسمي.","2026-09-23","2026-09-23T16:42:50.176Z","2026-09-23","NO","NO","R-MONEY-EXEC-APPLY","1"
"SRC73-INQ","استعلام عن طلب تنفيذ","وزارة العدل","OFFICIAL_SERVICE_PAGE","https://www.moj.gov.sa/ar/eServices/pages/9bd2e276-3110-4e32-a00e-330de0fec9a4.aspx","https://www.moj.gov.sa/ar/eServices/pages/9bd2e276-3110-4e32-a00e-330de0fec9a4.aspx","www.moj.gov.sa","YES","200","HTTP_200","GET","text/html; charset=utf-8","YES","NO","ACTIVE","ACTIVE","LIKELY_RELEVANT","2","الرابط يعمل على HTTPS ونطاق رسمي.","الرابط يعمل على HTTPS ونطاق رسمي.","2026-09-23","2026-09-23T16:42:50.176Z","2026-09-23","NO","NO","R-MONEY-DEBTOR-STATUS","1"
"SRC73-PAY","إثبات السداد","وزارة العدل","GENERAL_GOVERNMENT_INFORMATION","https://www.moj.gov.sa/ar/eServices/pages/0fabf9ed-05ba-497e-9e4e-1e227103fc00.aspx","https://www.moj.gov.sa/ar/eServices/pages/0fabf9ed-05ba-497e-9e4e-1e227103fc00.aspx","www.moj.gov.sa","YES","200","HTTP_200","GET","text/html; charset=utf-8","YES","NO","ACTIVE","ACTIVE","LIKELY_RELEVANT","2","الرابط يعمل على HTTPS ونطاق رسمي.","الرابط يعمل على HTTPS ونطاق رسمي.","2026-09-23","2026-09-23T16:42:50.176Z","2026-09-23","NO","NO","R-EXEC-PARTIAL-PAYMENT","1"
"SRC73-VERIFY","التحقق من طلب التنفيذ","وزارة العدل","OFFICIAL_SERVICE_PAGE","https://www.moj.gov.sa/ar/eServices/Pages/8cc249d5-9f9c-464f-a772-25192e8fdf3b.aspx","https://www.moj.gov.sa/ar/eServices/Pages/8cc249d5-9f9c-464f-a772-25192e8fdf3b.aspx","www.moj.gov.sa","YES","200","HTTP_200","GET","text/html; charset=utf-8","YES","NO","ACTIVE","ACTIVE","LIKELY_RELEVANT","2","الرابط يعمل على HTTPS ونطاق رسمي.","الرابط يعمل على HTTPS ونطاق رسمي.","2026-09-23","2026-09-23T16:42:50.176Z","2026-09-23","NO","NO","R-EXEC-INSPECT-ACTION","1"
"SRC74-CASE","رحلة القضية في وزارة العدل","وزارة العدل","GENERAL_GOVERNMENT_INFORMATION","https://www.moj.gov.sa/ar/Ministry/Pages/CaseTripInMOJ.aspx","https://www.moj.gov.sa/ar/Ministry/Pages/CaseTripInMOJ.aspx","www.moj.gov.sa","YES","200","HTTP_200","GET","text/html; charset=utf-8","YES","NO","ACTIVE","ACTIVE","LIKELY_RELEVANT","3","الرابط يعمل على HTTPS ونطاق رسمي.","الرابط يعمل على HTTPS ونطاق رسمي.","2026-09-23","2026-09-23T16:42:50.176Z","2026-09-23","NO","NO","R-JUDGMENT-NO-EXEC","1"
"SRC74-CASS","طلب النقض","وزارة العدل","OFFICIAL_SERVICE_PAGE","https://www.moj.gov.sa/ar/eServices/pages/aee148d0-b7f7-43eb-b1cf-8eabf4d8b10d.aspx","https://www.moj.gov.sa/ar/eServices/pages/aee148d0-b7f7-43eb-b1cf-8eabf4d8b10d.aspx","www.moj.gov.sa","YES","200","HTTP_200","GET","text/html; charset=utf-8","YES","NO","ACTIVE","ACTIVE","LIKELY_RELEVANT","1","الرابط يعمل على HTTPS ونطاق رسمي.","الرابط يعمل على HTTPS ونطاق رسمي.","2026-09-23","2026-09-23T16:42:50.176Z","2026-09-23","NO","NO","R-JUDGMENT-CASSATION","1"
"SRC74-COST","التكاليف القضائية","وزارة العدل","GENERAL_GOVERNMENT_INFORMATION","https://cfee.moj.gov.sa/","https://cfee.moj.gov.sa/","cfee.moj.gov.sa","YES","206","HTTP_206","GET","text/html","YES","NO","ACTIVE","ACTIVE","LIKELY_RELEVANT","2","الرابط يعمل على HTTPS ونطاق رسمي.","الرابط يعمل على HTTPS ونطاق رسمي.","2026-09-23","2026-09-23T16:42:50.176Z","2026-09-23","NO","NO","","0"
"SRC74-SLA","اتفاقية مستوى الخدمة","وزارة العدل","OFFICIAL_SERVICE_PAGE","https://www.moj.gov.sa/ar/Ministry/Pages/SLA.aspx","https://www.moj.gov.sa/ar/Ministry/Pages/SLA.aspx","www.moj.gov.sa","YES","200","HTTP_200","GET","text/html; charset=utf-8","YES","NO","ACTIVE","ACTIVE","LIKELY_RELEVANT","3","الرابط يعمل على HTTPS ونطاق رسمي.","الرابط يعمل على HTTPS ونطاق رسمي.","2026-09-23","2026-09-23T16:42:50.176Z","2026-09-23","NO","NO","","0"
"SRC75-DOM","القواعد والإجراءات المنظمة لتسوية خلافات العمالة المنزلية ومن في حكمهم","وزارة الموارد البشرية والتنمية الاجتماعية","GENERAL_GOVERNMENT_INFORMATION","https://www.hrsd.gov.sa/knowledge-centre/decisions-and-regulations/regulation-and-procedures/%D8%A7%D9%84%D9%82%D9%88%D8%A7%D8%B9%D8%AF-%D9%88%D8%A7%D9%84%D8%A5%D8%AC%D8%B1%D8%A7%D8%A1%D8%A7%D8%AA-%D8%A7%D9%84%D9%85%D9%86%D8%B8%D9%85%D8%A9-%D9%84%D8%AA%D8%B3%D9%88%D9%8A%D8%A9-%D8%AE%D9%84%D8%A7%D9%81%D8%A7%D8%AA-%D8%A7%D9%84%D8%B9%D9%85%D8%A7%D9%84%D8%A9","https://www.hrsd.gov.sa/knowledge-centre/decisions-and-regulations/regulation-and-procedures/%D8%A7%D9%84%D9%82%D9%88%D8%A7%D8%B9%D8%AF-%D9%88%D8%A7%D9%84%D8%A5%D8%AC%D8%B1%D8%A7%D8%A1%D8%A7%D8%AA-%D8%A7%D9%84%D9%85%D9%86%D8%B8%D9%85%D8%A9-%D9%84%D8%AA%D8%B3%D9%88%D9%8A%D8%A9-%D8%AE%D9%84%D8%A7%D9%81%D8%A7%D8%AA-%D8%A7%D9%84%D8%B9%D9%85%D8%A7%D9%84%D8%A9","www.hrsd.gov.sa","YES","200","HTTP_200","GET","text/html; charset=utf-8","YES","NO","ACTIVE","ACTIVE","LIKELY_RELEVANT","8","الرابط يعمل على HTTPS ونطاق رسمي.","الرابط يعمل على HTTPS ونطاق رسمي.","2026-09-23","2026-09-23T16:42:50.176Z","2026-09-23","NO","NO","R-DOMESTIC-START-SETTLEMENT | R-DOMESTIC-WAIT | R-DOMESTIC-SETTLED | R-DOMESTIC-AFTER-FAIL","4"
"SRC75-HRSD","التسوية الودية للخلافات العمالية","وزارة الموارد البشرية والتنمية الاجتماعية","OFFICIAL_SERVICE_PAGE","https://www.hrsd.gov.sa/ministry-services/services/269970","https://www.hrsd.gov.sa/ministry-services/services/269970","www.hrsd.gov.sa","YES","200","HTTP_200","GET","text/html; charset=utf-8","YES","NO","ACTIVE","ACTIVE","LIKELY_RELEVANT","4","الرابط يعمل على HTTPS ونطاق رسمي.","الرابط يعمل على HTTPS ونطاق رسمي.","2026-09-23","2026-09-23T16:42:50.176Z","2026-09-23","NO","NO","R-LABOR-START-SETTLEMENT | R-LABOR-WAIT-SETTLEMENT | R-LABOR-SETTLED | R-LABOR-READ-REASON | R-LABOR-FILE-COURT | R-LABOR-STAGE-CHECK","6"
"SRC75-MOJ","الخدمات الإلكترونية - صحيفة دعوى","وزارة العدل","GENERAL_GOVERNMENT_INFORMATION","https://moj.gov.sa/ar/pages/default.aspx","https://moj.gov.sa/ar/pages/default.aspx","moj.gov.sa","YES","200","HTTP_200","GET","text/html; charset=utf-8","YES","NO","ACTIVE","ACTIVE","LIKELY_RELEVANT","4","الرابط يعمل على HTTPS ونطاق رسمي.","الرابط يعمل على HTTPS ونطاق رسمي.","2026-09-23","2026-09-23T16:42:50.176Z","2026-09-23","NO","NO","","0"
"SRC76-DIVIDE","قسمة تركة اتفاقية","وزارة العدل","GENERAL_GOVERNMENT_INFORMATION","https://www.moj.gov.sa/ar/eServices/Pages/f49aa181-459d-4d5f-b48c-64d092b919e6.aspx","https://www.moj.gov.sa/ar/eServices/Pages/f49aa181-459d-4d5f-b48c-64d092b919e6.aspx","www.moj.gov.sa","YES","200","HTTP_200","GET","text/html; charset=utf-8","YES","NO","ACTIVE","ACTIVE","LIKELY_RELEVANT","3","الرابط يعمل على HTTPS ونطاق رسمي.","الرابط يعمل على HTTPS ونطاق رسمي.","2026-09-23","2026-09-23T16:42:50.176Z","2026-09-23","NO","NO","R-FAM-ESTATE-AGREED-DIVISION","1"
"SRC76-ESTATE","إصدار حصر تركة","وزارة العدل","OFFICIAL_SERVICE_PAGE","https://www.moj.gov.sa/ar/eServices/pages/2841c3bc-6aea-4ef7-9c70-934c28952fd8.aspx","https://www.moj.gov.sa/ar/eServices/pages/2841c3bc-6aea-4ef7-9c70-934c28952fd8.aspx","www.moj.gov.sa","YES","200","HTTP_200","GET","text/html; charset=utf-8","YES","NO","ACTIVE","ACTIVE","LIKELY_RELEVANT","2","الرابط يعمل على HTTPS ونطاق رسمي.","الرابط يعمل على HTTPS ونطاق رسمي.","2026-09-23","2026-09-23T16:42:50.176Z","2026-09-23","NO","NO","","0"
"SRC76-MOJ","الخدمات الإلكترونية الحالية","وزارة العدل","GENERAL_GOVERNMENT_INFORMATION","https://www.moj.gov.sa/ar/UN-Metrices/Pages/default.aspx","https://www.moj.gov.sa/ar/UN-Metrices/Pages/default.aspx","www.moj.gov.sa","YES","200","HTTP_200","GET","text/html; charset=utf-8","YES","NO","ACTIVE","ACTIVE","LIKELY_RELEVANT","2","الرابط يعمل على HTTPS ونطاق رسمي.","الرابط يعمل على HTTPS ونطاق رسمي.","2026-09-23","2026-09-23T16:42:50.176Z","2026-09-23","NO","NO","","0"
"SRC78-EXEC","تقديم طلب تنفيذ","وزارة العدل","OFFICIAL_SERVICE_PAGE","https://www.moj.gov.sa/ar/eservices/pages/1c719954-3463-4754-85e1-1b319b937b86.aspx","https://www.moj.gov.sa/ar/eservices/pages/1c719954-3463-4754-85e1-1b319b937b86.aspx","www.moj.gov.sa","YES","200","HTTP_200","GET","text/html; charset=utf-8","YES","NO","ACTIVE","ACTIVE","LIKELY_RELEVANT","2","الرابط يعمل على HTTPS ونطاق رسمي.","الرابط يعمل على HTTPS ونطاق رسمي.","2026-09-23","2026-09-23T16:42:50.176Z","2026-09-23","NO","NO","","0"
"SRC78-MOJCASE","رحلة القضية في وزارة العدل","وزارة العدل","GENERAL_GOVERNMENT_INFORMATION","https://www.moj.gov.sa/ar/Ministry/Pages/CaseTripInMOJ.aspx","https://www.moj.gov.sa/ar/Ministry/Pages/CaseTripInMOJ.aspx","www.moj.gov.sa","YES","200","HTTP_200","GET","text/html; charset=utf-8","YES","NO","ACTIVE","ACTIVE","LIKELY_RELEVANT","3","الرابط يعمل على HTTPS ونطاق رسمي.","الرابط يعمل على HTTPS ونطاق رسمي.","2026-09-23","2026-09-23T16:42:50.176Z","2026-09-23","NO","NO","","0"
"SRC79-SLA","اتفاقية مستوى الخدمة","وزارة العدل","OFFICIAL_SERVICE_PAGE","https://www.moj.gov.sa/ar/Ministry/Pages/SLA.aspx","https://www.moj.gov.sa/ar/Ministry/Pages/SLA.aspx","www.moj.gov.sa","YES","200","HTTP_200","GET","text/html; charset=utf-8","YES","NO","ACTIVE","ACTIVE","LIKELY_RELEVANT","3","الرابط يعمل على HTTPS ونطاق رسمي.","الرابط يعمل على HTTPS ونطاق رسمي.","2026-09-23","2026-09-23T16:42:50.176Z","2026-09-23","NO","NO","","0"
"SRC80-EXECREQ","تقديم طلب تنفيذ","وزارة العدل","OFFICIAL_SERVICE_PAGE","https://www.moj.gov.sa/ar/eservices/pages/1c719954-3463-4754-85e1-1b319b937b86.aspx","https://www.moj.gov.sa/ar/eservices/pages/1c719954-3463-4754-85e1-1b319b937b86.aspx","www.moj.gov.sa","YES","200","HTTP_200","GET","text/html; charset=utf-8","YES","NO","ACTIVE","ACTIVE","LIKELY_RELEVANT","2","الرابط يعمل على HTTPS ونطاق رسمي.","الرابط يعمل على HTTPS ونطاق رسمي.","2026-09-23","2026-09-23T16:42:50.176Z","2026-09-23","NO","NO","","0"
"SRC81-QUERY","استعلام عن طلب تنفيذ","وزارة العدل","OFFICIAL_SERVICE_PAGE","https://www.moj.gov.sa/ar/eServices/pages/9bd2e276-3110-4e32-a00e-330de0fec9a4.aspx","https://www.moj.gov.sa/ar/eServices/pages/9bd2e276-3110-4e32-a00e-330de0fec9a4.aspx","www.moj.gov.sa","YES","200","HTTP_200","GET","text/html; charset=utf-8","YES","NO","ACTIVE","ACTIVE","LIKELY_RELEVANT","2","الرابط يعمل على HTTPS ونطاق رسمي.","الرابط يعمل على HTTPS ونطاق رسمي.","2026-09-23","2026-09-23T16:42:50.176Z","2026-09-23","NO","NO","","0"
"SRC81-VERIFY","التحقق من طلب التنفيذ","وزارة العدل","OFFICIAL_SERVICE_PAGE","https://www.moj.gov.sa/ar/eServices/Pages/8cc249d5-9f9c-464f-a772-25192e8fdf3b.aspx","https://www.moj.gov.sa/ar/eServices/Pages/8cc249d5-9f9c-464f-a772-25192e8fdf3b.aspx","www.moj.gov.sa","YES","200","HTTP_200","GET","text/html; charset=utf-8","YES","NO","ACTIVE","ACTIVE","LIKELY_RELEVANT","2","الرابط يعمل على HTTPS ونطاق رسمي.","الرابط يعمل على HTTPS ونطاق رسمي.","2026-09-23","2026-09-23T16:42:50.176Z","2026-09-23","NO","NO","R-EXEC-DECISION-NOTICE","1"
"SRC82-CUSTDOC","توثيق حضانة","وزارة العدل","OFFICIAL_SERVICE_PAGE","https://www.moj.gov.sa/ar/eservices/pages/e2560f40-ddf8-4e37-b212-394787344aef.aspx","https://www.moj.gov.sa/ar/eservices/pages/e2560f40-ddf8-4e37-b212-394787344aef.aspx","www.moj.gov.sa","YES","200","HTTP_200","GET","text/html; charset=utf-8","YES","NO","ACTIVE","ACTIVE","LIKELY_RELEVANT","2","الرابط يعمل على HTTPS ونطاق رسمي.","الرابط يعمل على HTTPS ونطاق رسمي.","2026-09-23","2026-09-23T16:42:50.176Z","2026-09-23","NO","NO","","0"
"SRC82-CUSTEXEC","طلب خدمة حضانة","وزارة العدل","OFFICIAL_SERVICE_PAGE","https://www.moj.gov.sa/ar/eservices/pages/739b4d6e-c736-4d27-ba3e-a6d17dd561aa.aspx","https://www.moj.gov.sa/ar/eservices/pages/739b4d6e-c736-4d27-ba3e-a6d17dd561aa.aspx","www.moj.gov.sa","YES","200","HTTP_200","GET","text/html; charset=utf-8","YES","NO","ACTIVE","ACTIVE","LIKELY_RELEVANT","1","الرابط يعمل على HTTPS ونطاق رسمي.","الرابط يعمل على HTTPS ونطاق رسمي.","2026-09-23","2026-09-23T16:42:50.176Z","2026-09-23","NO","NO","R-FAM-CUSTODY-EXEC | R-FAMILY-DOCUMENT-CHECK","2"
"SRC82-DEDUCT","تنفيذ الاستقطاع","وزارة العدل","GENERAL_GOVERNMENT_INFORMATION","https://www.moj.gov.sa/ar/eServices/pages/0756dde6-14de-481a-a6e6-ec9bd642b284.aspx","https://www.moj.gov.sa/ar/eServices/pages/0756dde6-14de-481a-a6e6-ec9bd642b284.aspx","www.moj.gov.sa","YES","200","HTTP_200","GET","text/html; charset=utf-8","YES","NO","ACTIVE","ACTIVE","LIKELY_RELEVANT","2","الرابط يعمل على HTTPS ونطاق رسمي.","الرابط يعمل على HTTPS ونطاق رسمي.","2026-09-23","2026-09-23T16:42:50.176Z","2026-09-23","NO","NO","R-FAM-MAINT-DEDUCTION","1"
"SRC83-DOMRULE","القواعد والإجراءات المنظمة لتسوية خلافات العمالة المنزلية ومن في حكمهم","وزارة الموارد البشرية والتنمية الاجتماعية","GENERAL_GOVERNMENT_INFORMATION","https://www.hrsd.gov.sa/knowledge-centre/decisions-and-regulations/regulation-and-procedures/%D8%A7%D9%84%D9%82%D9%88%D8%A7%D8%B9%D8%AF-%D9%88%D8%A7%D9%84%D8%A5%D8%AC%D8%B1%D8%A7%D8%A1%D8%A7%D8%AA-%D8%A7%D9%84%D9%85%D9%86%D8%B8%D9%85%D8%A9-%D9%84%D8%AA%D8%B3%D9%88%D9%8A%D8%A9-%D8%AE%D9%84%D8%A7%D9%81%D8%A7%D8%AA-%D8%A7%D9%84%D8%B9%D9%85%D8%A7%D9%84%D8%A9","https://www.hrsd.gov.sa/knowledge-centre/decisions-and-regulations/regulation-and-procedures/%D8%A7%D9%84%D9%82%D9%88%D8%A7%D8%B9%D8%AF-%D9%88%D8%A7%D9%84%D8%A5%D8%AC%D8%B1%D8%A7%D8%A1%D8%A7%D8%AA-%D8%A7%D9%84%D9%85%D9%86%D8%B8%D9%85%D8%A9-%D9%84%D8%AA%D8%B3%D9%88%D9%8A%D8%A9-%D8%AE%D9%84%D8%A7%D9%81%D8%A7%D8%AA-%D8%A7%D9%84%D8%B9%D9%85%D8%A7%D9%84%D8%A9","www.hrsd.gov.sa","YES","200","HTTP_200","GET","text/html; charset=utf-8","YES","NO","ACTIVE","ACTIVE","LIKELY_RELEVANT","8","الرابط يعمل على HTTPS ونطاق رسمي.","الرابط يعمل على HTTPS ونطاق رسمي.","2026-09-23","2026-09-23T16:42:50.176Z","2026-09-23","NO","NO","R-DOMESTIC-WAGE","1"
"SRC83-LABSET","التسوية الودية للخلافات العمالية","وزارة الموارد البشرية والتنمية الاجتماعية","OFFICIAL_SERVICE_PAGE","https://www.hrsd.gov.sa/ministry-services/services/269970","https://www.hrsd.gov.sa/ministry-services/services/269970","www.hrsd.gov.sa","YES","200","HTTP_200","GET","text/html; charset=utf-8","YES","NO","ACTIVE","ACTIVE","LIKELY_RELEVANT","4","الرابط يعمل على HTTPS ونطاق رسمي.","الرابط يعمل على HTTPS ونطاق رسمي.","2026-09-23","2026-09-23T16:42:50.176Z","2026-09-23","NO","NO","R-LABOR-WAGE-DIRECT-EXEC | R-LABOR-LAWYER-MERITS","2"
"SRC84-EXECREQ","تقديم طلب تنفيذ","وزارة العدل","OFFICIAL_SERVICE_PAGE","https://www.moj.gov.sa/ar/eservices/pages/1c719954-3463-4754-85e1-1b319b937b86.aspx","https://www.moj.gov.sa/ar/eservices/pages/1c719954-3463-4754-85e1-1b319b937b86.aspx","www.moj.gov.sa","YES","200","HTTP_200","GET","text/html; charset=utf-8","YES","NO","ACTIVE","ACTIVE","LIKELY_RELEVANT","2","الرابط يعمل على HTTPS ونطاق رسمي.","الرابط يعمل على HTTPS ونطاق رسمي.","2026-09-23","2026-09-23T16:42:50.176Z","2026-09-23","NO","NO","","0"
"SRC86-INHREN","الإقرار بالتنازل عن حصة إرثية","وزارة العدل","GENERAL_GOVERNMENT_INFORMATION","https://www.moj.gov.sa/ar/eServices/Pages/f67eca8c-bdfc-419e-8815-8b28a1c1d464.aspx","https://www.moj.gov.sa/ar/eServices/Pages/f67eca8c-bdfc-419e-8815-8b28a1c1d464.aspx","www.moj.gov.sa","YES","200","HTTP_200","GET","text/html; charset=utf-8","YES","NO","ACTIVE","ACTIVE","LIKELY_RELEVANT","3","الرابط يعمل على HTTPS ونطاق رسمي.","الرابط يعمل على HTTPS ونطاق رسمي.","2026-09-23","2026-09-23T16:42:50.176Z","2026-09-23","NO","NO","R-FAM-INHERITANCE-RENUNCIATION","1"
"SRC86-SLA","اتفاقية مستوى الخدمات الإلكترونية","وزارة العدل","GENERAL_GOVERNMENT_INFORMATION","https://www.moj.gov.sa/ar/Ministry/Pages/SLA.aspx","https://www.moj.gov.sa/ar/Ministry/Pages/SLA.aspx","www.moj.gov.sa","YES","200","HTTP_200","GET","text/html; charset=utf-8","YES","NO","ACTIVE","ACTIVE","LIKELY_RELEVANT","4","الرابط يعمل على HTTPS ونطاق رسمي.","الرابط يعمل على HTTPS ونطاق رسمي.","2026-09-23","2026-09-23T16:42:50.176Z","2026-09-23","NO","NO","R-REAL-FIRST-REG | R-REAL-TRANSFER | R-REAL-RIGHTS-RESTRICTIONS | R-REAL-SPLIT-MERGE | R-REAL-RELEASE-MORTGAGE","5"
"SRC87-PAY","الإقرار بسداد دين","وزارة العدل","GENERAL_GOVERNMENT_INFORMATION","https://www.moj.gov.sa/ar/eServices/pages/20f22820-099f-49c2-b43d-42db8db0ac86.aspx","https://www.moj.gov.sa/ar/eServices/pages/20f22820-099f-49c2-b43d-42db8db0ac86.aspx","www.moj.gov.sa","YES","200","HTTP_200","GET","text/html; charset=utf-8","YES","NO","ACTIVE","ACTIVE","LIKELY_RELEVANT","2","الرابط يعمل على HTTPS ونطاق رسمي.","الرابط يعمل على HTTPS ونطاق رسمي.","2026-09-23","2026-09-23T16:42:50.176Z","2026-09-23","NO","NO","R-DOC-PAYMENT-ACK","1"
"SRC87-REC","الإقرار باستلام مبلغ مالي","وزارة العدل","OFFICIAL_SERVICE_PAGE","https://www.moj.gov.sa/ar/eservices/pages/1d20b5c0-3f84-4374-92d1-0976a99322d5.aspx","https://www.moj.gov.sa/ar/eservices/pages/1d20b5c0-3f84-4374-92d1-0976a99322d5.aspx","www.moj.gov.sa","YES","200","HTTP_200","GET","text/html; charset=utf-8","YES","NO","ACTIVE","ACTIVE","LIKELY_RELEVANT","4","الرابط يعمل على HTTPS ونطاق رسمي.","الرابط يعمل على HTTPS ونطاق رسمي.","2026-09-23","2026-09-23T16:42:50.176Z","2026-09-23","NO","NO","R-DOC-MONEY-RECEIPT-ACK","1"
"SRC87-WD","الإقرار بالتنازل عن دين","وزارة العدل","GENERAL_GOVERNMENT_INFORMATION","https://www.moj.gov.sa/ar/eServices/Pages/77e3313f-b87b-42c9-b146-b16b51ce768c.aspx","https://www.moj.gov.sa/ar/eServices/Pages/77e3313f-b87b-42c9-b146-b16b51ce768c.aspx","www.moj.gov.sa","YES","200","HTTP_200","GET","text/html; charset=utf-8","YES","NO","ACTIVE","ACTIVE","LIKELY_RELEVANT","2","الرابط يعمل على HTTPS ونطاق رسمي.","الرابط يعمل على HTTPS ونطاق رسمي.","2026-09-23","2026-09-23T16:42:50.176Z","2026-09-23","NO","NO","R-DOC-DEBT-WAIVER","1"
"SRC87-WM","الإقرار بالتنازل عن مبلغ مالي","وزارة العدل","GENERAL_GOVERNMENT_INFORMATION","https://www.moj.gov.sa/ar/eServices/pages/e60fa60a-a113-4126-a1f4-be40896df5a2.aspx","https://www.moj.gov.sa/ar/eServices/pages/e60fa60a-a113-4126-a1f4-be40896df5a2.aspx","www.moj.gov.sa","YES","200","HTTP_200","GET","text/html; charset=utf-8","YES","NO","ACTIVE","ACTIVE","LIKELY_RELEVANT","4","الرابط يعمل على HTTPS ونطاق رسمي.","الرابط يعمل على HTTPS ونطاق رسمي.","2026-09-23","2026-09-23T16:42:50.176Z","2026-09-23","NO","NO","R-DOC-MONEY-WAIVER","1"
"SRC88-DEBTW","الإقرار بالتنازل عن دين","وزارة العدل","GENERAL_GOVERNMENT_INFORMATION","https://www.moj.gov.sa/ar/eServices/Pages/77e3313f-b87b-42c9-b146-b16b51ce768c.aspx","https://www.moj.gov.sa/ar/eServices/Pages/77e3313f-b87b-42c9-b146-b16b51ce768c.aspx","www.moj.gov.sa","YES","200","HTTP_200","GET","text/html; charset=utf-8","YES","NO","ACTIVE","ACTIVE","LIKELY_RELEVANT","2","الرابط يعمل على HTTPS ونطاق رسمي.","الرابط يعمل على HTTPS ونطاق رسمي.","2026-09-23","2026-09-23T16:42:50.176Z","2026-09-23","NO","NO","","0"
"SRC88-MOVREC","الإقرار باستلام منقول","وزارة العدل","GENERAL_GOVERNMENT_INFORMATION","https://www.moj.gov.sa/ar/eServices/pages/937727d6-914d-4cda-a04a-aaecfb0eb05e.aspx","https://www.moj.gov.sa/ar/eServices/pages/937727d6-914d-4cda-a04a-aaecfb0eb05e.aspx","www.moj.gov.sa","YES","200","HTTP_200","GET","text/html; charset=utf-8","YES","NO","ACTIVE","ACTIVE","LIKELY_RELEVANT","3","الرابط يعمل على HTTPS ونطاق رسمي.","الرابط يعمل على HTTPS ونطاق رسمي.","2026-09-23","2026-09-23T16:42:50.176Z","2026-09-23","NO","NO","R-DOC-MOVABLE-RECEIPT","1"
"SRC88-SLA","اتفاقية مستوى الخدمات الإلكترونية","وزارة العدل","GENERAL_GOVERNMENT_INFORMATION","https://www.moj.gov.sa/ar/Ministry/Pages/SLA.aspx","https://www.moj.gov.sa/ar/Ministry/Pages/SLA.aspx","www.moj.gov.sa","YES","200","HTTP_200","GET","text/html; charset=utf-8","YES","NO","ACTIVE","ACTIVE","LIKELY_RELEVANT","4","الرابط يعمل على HTTPS ونطاق رسمي.","الرابط يعمل على HTTPS ونطاق رسمي.","2026-09-23","2026-09-23T16:42:50.176Z","2026-09-23","NO","NO","R-DOC-POWER-REVOKE | R-DOC-POWER-VERIFY | R-DOC-DEBT-ACK","3"
"SRC89-PAY","الإقرار بسداد دين","وزارة العدل","GENERAL_GOVERNMENT_INFORMATION","https://www.moj.gov.sa/ar/eServices/pages/20f22820-099f-49c2-b43d-42db8db0ac86.aspx","https://www.moj.gov.sa/ar/eServices/pages/20f22820-099f-49c2-b43d-42db8db0ac86.aspx","www.moj.gov.sa","YES","200","HTTP_200","GET","text/html; charset=utf-8","YES","NO","ACTIVE","ACTIVE","LIKELY_RELEVANT","2","الرابط يعمل على HTTPS ونطاق رسمي.","الرابط يعمل على HTTPS ونطاق رسمي.","2026-09-23","2026-09-23T16:42:50.176Z","2026-09-23","NO","NO","","0"
"SRC89-REC","الإقرار باستلام مبلغ مالي","وزارة العدل","OFFICIAL_SERVICE_PAGE","https://www.moj.gov.sa/ar/eservices/pages/1d20b5c0-3f84-4374-92d1-0976a99322d5.aspx","https://www.moj.gov.sa/ar/eservices/pages/1d20b5c0-3f84-4374-92d1-0976a99322d5.aspx","www.moj.gov.sa","YES","200","HTTP_200","GET","text/html; charset=utf-8","YES","NO","ACTIVE","ACTIVE","LIKELY_RELEVANT","4","الرابط يعمل على HTTPS ونطاق رسمي.","الرابط يعمل على HTTPS ونطاق رسمي.","2026-09-23","2026-09-23T16:42:50.176Z","2026-09-23","NO","NO","","0"
"SRC89-WM","الإقرار بالتنازل عن مبلغ مالي","وزارة العدل","GENERAL_GOVERNMENT_INFORMATION","https://www.moj.gov.sa/ar/eServices/pages/e60fa60a-a113-4126-a1f4-be40896df5a2.aspx","https://www.moj.gov.sa/ar/eServices/pages/e60fa60a-a113-4126-a1f4-be40896df5a2.aspx","www.moj.gov.sa","YES","200","HTTP_200","GET","text/html; charset=utf-8","YES","NO","ACTIVE","ACTIVE","LIKELY_RELEVANT","4","الرابط يعمل على HTTPS ونطاق رسمي.","الرابط يعمل على HTTPS ونطاق رسمي.","2026-09-23","2026-09-23T16:42:50.176Z","2026-09-23","NO","NO","","0"
"SRC89-WMOV","الإقرار بالتنازل عن منقول","وزارة العدل","OFFICIAL_SERVICE_PAGE","https://www.moj.gov.sa/ar/eservices/pages/4a40a308-f23d-42a7-ac33-cac0debbd13f.aspx","https://www.moj.gov.sa/ar/eservices/pages/4a40a308-f23d-42a7-ac33-cac0debbd13f.aspx","www.moj.gov.sa","YES","200","HTTP_200","GET","text/html; charset=utf-8","YES","NO","ACTIVE","ACTIVE","LIKELY_RELEVANT","3","الرابط يعمل على HTTPS ونطاق رسمي.","الرابط يعمل على HTTPS ونطاق رسمي.","2026-09-23","2026-09-23T16:42:50.176Z","2026-09-23","NO","NO","R-DOC-MOVABLE-WAIVER","1"
"SRC90-MOJ-SLA","اتفاقية مستوى الخدمات الإلكترونية","وزارة العدل","GENERAL_GOVERNMENT_INFORMATION","https://www.moj.gov.sa/ar/Ministry/Pages/SLA.aspx","https://www.moj.gov.sa/ar/Ministry/Pages/SLA.aspx","www.moj.gov.sa","YES","200","HTTP_200","GET","text/html; charset=utf-8","YES","NO","ACTIVE","ACTIVE","LIKELY_RELEVANT","4","الرابط يعمل على HTTPS ونطاق رسمي.","الرابط يعمل على HTTPS ونطاق رسمي.","2026-09-23","2026-09-23T16:42:50.176Z","2026-09-23","NO","NO","R-REAL-COOWNERS-DISPUTE | R-REAL-FINANCE-SPECIAL","2"
"SRC90-REALREG","السجل العقاري","الهيئة العامة للعقار","GENERAL_GOVERNMENT_INFORMATION","https://rer.sa/","https://rer.sa/","rer.sa","YES","200","HTTP_200","GET","text/html;charset=utf-8","YES","NO","ACTIVE","ACTIVE","LIKELY_RELEVANT","2","الرابط يعمل على HTTPS ونطاق رسمي.","الرابط يعمل على HTTPS ونطاق رسمي.","2026-09-23","2026-09-23T16:42:50.176Z","2026-09-23","NO","NO","","0"
"SRC91-DATA","البيانات العقارية","وزارة العدل","GENERAL_GOVERNMENT_INFORMATION","https://www.moj.gov.sa/ar/eServices/Pages/943e79bb-1b55-49e1-bab8-dd2d356f882b.aspx","https://www.moj.gov.sa/ar/eServices/Pages/943e79bb-1b55-49e1-bab8-dd2d356f882b.aspx","www.moj.gov.sa","YES","200","HTTP_200","GET","text/html; charset=utf-8","YES","NO","ACTIVE","ACTIVE","LIKELY_RELEVANT","2","الرابط يعمل على HTTPS ونطاق رسمي.","الرابط يعمل على HTTPS ونطاق رسمي.","2026-09-23","2026-09-23T16:42:50.176Z","2026-09-23","NO","NO","","0"
"SRC91-OPS","سجل العمليات العقارية","وزارة العدل","OFFICIAL_SERVICE_PAGE","https://www.moj.gov.sa/ar/eservices/pages/3405697d-5a05-466b-91c3-145d93960a64.aspx","https://www.moj.gov.sa/ar/eservices/pages/3405697d-5a05-466b-91c3-145d93960a64.aspx","www.moj.gov.sa","YES","200","HTTP_200","GET","text/html; charset=utf-8","YES","NO","ACTIVE","ACTIVE","LIKELY_RELEVANT","2","الرابط يعمل على HTTPS ونطاق رسمي.","الرابط يعمل على HTTPS ونطاق رسمي.","2026-09-23","2026-09-23T16:42:50.176Z","2026-09-23","NO","NO","","0"
"SRC91-RELEASE","إنشاء طلب فك رهن عقاري","وزارة العدل","OFFICIAL_SERVICE_PAGE","https://www.moj.gov.sa/ar/eServices/Pages/fb45c8c7-da49-4d25-b0ff-ad270dcad1a7.aspx","https://www.moj.gov.sa/ar/eServices/Pages/fb45c8c7-da49-4d25-b0ff-ad270dcad1a7.aspx","www.moj.gov.sa","YES","200","HTTP_200","GET","text/html; charset=utf-8","YES","NO","ACTIVE","ACTIVE","LIKELY_RELEVANT","2","الرابط يعمل على HTTPS ونطاق رسمي.","الرابط يعمل على HTTPS ونطاق رسمي.","2026-09-23","2026-09-23T16:42:50.176Z","2026-09-23","NO","NO","","0"
"SRC91-SLA","اتفاقية مستوى الخدمات الإلكترونية","وزارة العدل","GENERAL_GOVERNMENT_INFORMATION","https://www.moj.gov.sa/ar/Ministry/Pages/SLA.aspx","https://www.moj.gov.sa/ar/Ministry/Pages/SLA.aspx","www.moj.gov.sa","YES","200","HTTP_200","GET","text/html; charset=utf-8","YES","NO","ACTIVE","ACTIVE","LIKELY_RELEVANT","4","الرابط يعمل على HTTPS ونطاق رسمي.","الرابط يعمل على HTTPS ونطاق رسمي.","2026-09-23","2026-09-23T16:42:50.176Z","2026-09-23","NO","NO","","0"
"SRC91-STOP","معالجة الصكوك الموقوفة والملغاة","وزارة العدل","GENERAL_GOVERNMENT_INFORMATION","https://www.moj.gov.sa/ar/eServices/Pages/ce63006b-bf3c-459a-9983-fc1ce2f49b76.aspx","https://www.moj.gov.sa/ar/eServices/Pages/ce63006b-bf3c-459a-9983-fc1ce2f49b76.aspx","www.moj.gov.sa","YES","200","HTTP_200","GET","text/html; charset=utf-8","YES","NO","ACTIVE","ACTIVE","LIKELY_RELEVANT","4","الرابط يعمل على HTTPS ونطاق رسمي.","الرابط يعمل على HTTPS ونطاق رسمي.","2026-09-23","2026-09-23T16:42:50.176Z","2026-09-23","NO","NO","","0"
"SRC92-CUSTODY","طلب خدمة حضانة","وزارة العدل","OFFICIAL_SERVICE_PAGE","https://www.moj.gov.sa/ar/eservices/pages/739b4d6e-c736-4d27-ba3e-a6d17dd561aa.aspx","https://www.moj.gov.sa/ar/eservices/pages/739b4d6e-c736-4d27-ba3e-a6d17dd561aa.aspx","www.moj.gov.sa","YES","200","HTTP_200","GET","text/html; charset=utf-8","YES","NO","ACTIVE","ACTIVE","LIKELY_RELEVANT","1","الرابط يعمل على HTTPS ونطاق رسمي.","الرابط يعمل على HTTPS ونطاق رسمي.","2026-09-23","2026-09-23T16:42:50.176Z","2026-09-23","NO","NO","R-FAM-CUSTODY-OBSTRUCTION","1"
"SRC92-SHAML","حقوق الطفل والأسرة — مبادرة شمل","وزارة العدل","GENERAL_GOVERNMENT_INFORMATION","https://moj.gov.sa/ar/Ministry/WeCare/Pages/ChildAndFamilyRights.aspx","https://moj.gov.sa/ar/Ministry/WeCare/Pages/ChildAndFamilyRights.aspx","moj.gov.sa","YES","200","HTTP_200","GET","text/html; charset=utf-8","YES","NO","ACTIVE","ACTIVE","LIKELY_RELEVANT","4","الرابط يعمل على HTTPS ونطاق رسمي.","الرابط يعمل على HTTPS ونطاق رسمي.","2026-09-23","2026-09-23T16:42:50.176Z","2026-09-23","NO","NO","R-FAM-SHAML","1"
"SRC92-SLA","اتفاقية مستوى الخدمات الإلكترونية","وزارة العدل","GENERAL_GOVERNMENT_INFORMATION","https://www.moj.gov.sa/ar/Ministry/Pages/SLA.aspx","https://www.moj.gov.sa/ar/Ministry/Pages/SLA.aspx","www.moj.gov.sa","YES","200","HTTP_200","GET","text/html; charset=utf-8","YES","NO","ACTIVE","ACTIVE","LIKELY_RELEVANT","4","الرابط يعمل على HTTPS ونطاق رسمي.","الرابط يعمل على HTTPS ونطاق رسمي.","2026-09-23","2026-09-23T16:42:50.176Z","2026-09-23","NO","NO","R-FAM-VISIT-LETTER | R-FAM-DECISION-CUSTODY","2"
"SRC92-VISIT","طلب خدمة زيارة","وزارة العدل","OFFICIAL_SERVICE_PAGE","https://www.moj.gov.sa/ar/eServices/pages/d5e26711-4105-4ad9-8cd8-bc6d66242591.aspx","https://www.moj.gov.sa/ar/eServices/pages/d5e26711-4105-4ad9-8cd8-bc6d66242591.aspx","www.moj.gov.sa","YES","200","HTTP_200","GET","text/html; charset=utf-8","YES","NO","ACTIVE","ACTIVE","LIKELY_RELEVANT","1","الرابط يعمل على HTTPS ونطاق رسمي.","الرابط يعمل على HTTPS ونطاق رسمي.","2026-09-23","2026-09-23T16:42:50.176Z","2026-09-23","NO","NO","R-FAM-VISIT-OBSTRUCTION","1"
"SRC93-DIV","توثيق طلاق","وزارة العدل","GENERAL_GOVERNMENT_INFORMATION","https://www.moj.gov.sa/ar/eServices/Pages/0205e7ab-9006-4cc5-9c42-cc279e08a831.aspx","https://www.moj.gov.sa/ar/eServices/Pages/0205e7ab-9006-4cc5-9c42-cc279e08a831.aspx","www.moj.gov.sa","YES","200","HTTP_200","GET","text/html; charset=utf-8","YES","NO","ACTIVE","ACTIVE","LIKELY_RELEVANT","2","الرابط يعمل على HTTPS ونطاق رسمي.","الرابط يعمل على HTTPS ونطاق رسمي.","2026-09-23","2026-09-23T16:42:50.176Z","2026-09-23","NO","NO","R-FAM-DIVORCE-DOCUMENT | R-FAM-DIVORCE-NOT-DOC","2"
"SRC93-RET","توثيق رجعة","وزارة العدل","OFFICIAL_SERVICE_PAGE","https://www.moj.gov.sa/ar/eservices/pages/8f097103-691f-438f-9a20-d492b564965e.aspx","https://www.moj.gov.sa/ar/eservices/pages/8f097103-691f-438f-9a20-d492b564965e.aspx","www.moj.gov.sa","YES","200","HTTP_200","GET","text/html; charset=utf-8","YES","NO","ACTIVE","ACTIVE","LIKELY_RELEVANT","2","الرابط يعمل على HTTPS ونطاق رسمي.","الرابط يعمل على HTTPS ونطاق رسمي.","2026-09-23","2026-09-23T16:42:50.176Z","2026-09-23","NO","NO","R-FAM-RETURN-DOCUMENT | R-FAM-RETURN-NOT-KNOWN","2"
"SRC93-SLA","اتفاقية مستوى الخدمات الإلكترونية","وزارة العدل","GENERAL_GOVERNMENT_INFORMATION","https://www.moj.gov.sa/ar/Ministry/Pages/SLA.aspx","https://www.moj.gov.sa/ar/Ministry/Pages/SLA.aspx","www.moj.gov.sa","YES","200","HTTP_200","GET","text/html; charset=utf-8","YES","NO","ACTIVE","ACTIVE","LIKELY_RELEVANT","4","الرابط يعمل على HTTPS ونطاق رسمي.","الرابط يعمل على HTTPS ونطاق رسمي.","2026-09-23","2026-09-23T16:42:50.176Z","2026-09-23","NO","NO","","0"
"SRC94-CUST","توثيق حضانة","وزارة العدل","OFFICIAL_SERVICE_PAGE","https://moj.gov.sa/ar/eservices/pages/e2560f40-ddf8-4e37-b212-394787344aef.aspx","https://moj.gov.sa/ar/eservices/pages/e2560f40-ddf8-4e37-b212-394787344aef.aspx","moj.gov.sa","YES","200","HTTP_200","GET","text/html; charset=utf-8","YES","NO","ACTIVE","ACTIVE","LIKELY_RELEVANT","2","الرابط يعمل على HTTPS ونطاق رسمي.","الرابط يعمل على HTTPS ونطاق رسمي.","2026-09-23","2026-09-23T16:42:50.176Z","2026-09-23","NO","NO","","0"
"SRC94-ESTATE","إصدار حصر تركة","وزارة العدل","OFFICIAL_SERVICE_PAGE","https://www.moj.gov.sa/ar/eServices/pages/2841c3bc-6aea-4ef7-9c70-934c28952fd8.aspx","https://www.moj.gov.sa/ar/eServices/pages/2841c3bc-6aea-4ef7-9c70-934c28952fd8.aspx","www.moj.gov.sa","YES","200","HTTP_200","GET","text/html; charset=utf-8","YES","NO","ACTIVE","ACTIVE","LIKELY_RELEVANT","2","الرابط يعمل على HTTPS ونطاق رسمي.","الرابط يعمل على HTTPS ونطاق رسمي.","2026-09-23","2026-09-23T16:42:50.176Z","2026-09-23","NO","NO","","0"
"SRC94-HEIR","إصدار حصر الورثة","وزارة العدل","OFFICIAL_SERVICE_PAGE","https://www.moj.gov.sa/ar/eServices/Pages/17b08d90-809c-45cf-bd41-9eb8d15fabcb.aspx","https://www.moj.gov.sa/ar/eServices/Pages/17b08d90-809c-45cf-bd41-9eb8d15fabcb.aspx","www.moj.gov.sa","YES","200","HTTP_200","GET","text/html; charset=utf-8","YES","NO","ACTIVE","ACTIVE","LIKELY_RELEVANT","2","الرابط يعمل على HTTPS ونطاق رسمي.","الرابط يعمل على HTTPS ونطاق رسمي.","2026-09-23","2026-09-23T16:42:50.176Z","2026-09-23","NO","NO","","0"
"SRC94-HEIR-DIG","طلب رقمنة وثيقة حصر الورثة","وزارة العدل","OFFICIAL_SERVICE_PAGE","https://www.moj.gov.sa/ar/eServices/Pages/f8cc5fe9-1957-41e5-a2d9-7ebad1e25ff3.aspx","https://www.moj.gov.sa/ar/eServices/Pages/f8cc5fe9-1957-41e5-a2d9-7ebad1e25ff3.aspx","www.moj.gov.sa","YES","200","HTTP_200","GET","text/html; charset=utf-8","YES","NO","ACTIVE","ACTIVE","LIKELY_RELEVANT","3","الرابط يعمل على HTTPS ونطاق رسمي.","الرابط يعمل على HTTPS ونطاق رسمي.","2026-09-23","2026-09-23T16:42:50.176Z","2026-09-23","NO","NO","","0"
"SRC94-MARR-NONSA","توثيق زواج أحد الزوجين غير سعودي","وزارة العدل","GENERAL_GOVERNMENT_INFORMATION","https://moj.gov.sa/ar/eServices/Pages/c5586468-24ca-47e2-81b6-625813dcfba2.aspx","https://moj.gov.sa/ar/eServices/Pages/c5586468-24ca-47e2-81b6-625813dcfba2.aspx","moj.gov.sa","YES","200","HTTP_200","GET","text/html; charset=utf-8","YES","NO","ACTIVE","ACTIVE","LIKELY_RELEVANT","4","الرابط يعمل على HTTPS ونطاق رسمي.","الرابط يعمل على HTTPS ونطاق رسمي.","2026-09-23","2026-09-23T16:42:50.176Z","2026-09-23","NO","NO","","0"
"SRC94-MARR-PAPER","تصديق عقد زواج","وزارة العدل","GENERAL_GOVERNMENT_INFORMATION","https://www.moj.gov.sa/ar/eServices/pages/6f961e87-0b95-484a-9af7-055aeaf121c0.aspx","https://www.moj.gov.sa/ar/eServices/pages/6f961e87-0b95-484a-9af7-055aeaf121c0.aspx","www.moj.gov.sa","YES","200","HTTP_200","GET","text/html; charset=utf-8","YES","NO","ACTIVE","ACTIVE","LIKELY_RELEVANT","2","الرابط يعمل على HTTPS ونطاق رسمي.","الرابط يعمل على HTTPS ونطاق رسمي.","2026-09-23","2026-09-23T16:42:50.176Z","2026-09-23","NO","NO","","0"
"SRC95-MOJ","الخدمات العدلية الإلكترونية","وزارة العدل","GENERAL_GOVERNMENT_INFORMATION","https://www.moj.gov.sa/ar/UN-Metrices/Pages/default.aspx","https://www.moj.gov.sa/ar/UN-Metrices/Pages/default.aspx","www.moj.gov.sa","YES","200","HTTP_200","GET","text/html; charset=utf-8","YES","NO","ACTIVE","ACTIVE","LIKELY_RELEVANT","3","الرابط يعمل على HTTPS ونطاق رسمي.","الرابط يعمل على HTTPS ونطاق رسمي.","2026-09-23","2026-09-23T16:42:50.176Z","2026-09-23","NO","NO","","0"
"SRC96-ACK","التحقق من إقرار","وزارة العدل","GENERAL_GOVERNMENT_INFORMATION","https://www.moj.gov.sa/ar/eServices/Pages/ea04c420-0602-4045-80a0-070063feb122.aspx","https://www.moj.gov.sa/ar/eServices/Pages/ea04c420-0602-4045-80a0-070063feb122.aspx","www.moj.gov.sa","YES","200","HTTP_200","GET","text/html; charset=utf-8","YES","NO","ACTIVE","ACTIVE","LIKELY_RELEVANT","2","الرابط يعمل على HTTPS ونطاق رسمي.","الرابط يعمل على HTTPS ونطاق رسمي.","2026-09-23","2026-09-23T16:42:50.176Z","2026-09-23","NO","NO","R-DOC-OTHER-ACK","1"
"SRC96-EXEC","تقديم طلب تنفيذ","وزارة العدل","OFFICIAL_SERVICE_PAGE","https://www.moj.gov.sa/ar/eservices/pages/1c719954-3463-4754-85e1-1b319b937b86.aspx","https://www.moj.gov.sa/ar/eservices/pages/1c719954-3463-4754-85e1-1b319b937b86.aspx","www.moj.gov.sa","YES","200","HTTP_200","GET","text/html; charset=utf-8","YES","NO","ACTIVE","ACTIVE","LIKELY_RELEVANT","2","الرابط يعمل على HTTPS ونطاق رسمي.","الرابط يعمل على HTTPS ونطاق رسمي.","2026-09-23","2026-09-23T16:42:50.176Z","2026-09-23","NO","NO","R-DOC-PAYMENT-EXEC-GATE","1"
"SRC96-POA","إصدار وكالة","وزارة العدل","OFFICIAL_SERVICE_PAGE","https://www.moj.gov.sa/ar/eServices/Pages/3472d517-7cb4-4cd5-a6bc-2abc9751eea3.aspx","https://www.moj.gov.sa/ar/eServices/Pages/3472d517-7cb4-4cd5-a6bc-2abc9751eea3.aspx","www.moj.gov.sa","YES","200","HTTP_200","GET","text/html; charset=utf-8","YES","NO","ACTIVE","ACTIVE","LIKELY_RELEVANT","2","الرابط يعمل على HTTPS ونطاق رسمي.","الرابط يعمل على HTTPS ونطاق رسمي.","2026-09-23","2026-09-23T16:42:50.176Z","2026-09-23","NO","NO","R-DOC-POWER-ISSUE | R-DOC-POWER-FIRST65","2"
"SRC96-REG","طلب تسجيل وكالة","وزارة العدل","OFFICIAL_SERVICE_PAGE","https://www.moj.gov.sa/ar/eServices/Pages/40e619cb-a221-44c2-ba99-af7b70c37bd8.aspx","https://www.moj.gov.sa/ar/eServices/Pages/40e619cb-a221-44c2-ba99-af7b70c37bd8.aspx","www.moj.gov.sa","YES","200","HTTP_200","GET","text/html; charset=utf-8","YES","NO","ACTIVE","ACTIVE","LIKELY_RELEVANT","2","الرابط يعمل على HTTPS ونطاق رسمي.","الرابط يعمل على HTTPS ونطاق رسمي.","2026-09-23","2026-09-23T16:42:50.176Z","2026-09-23","NO","NO","R-DOC-POWER-REGISTER","1"
"SRC96-VERIFY","التحقق من وكالة","وزارة العدل","GENERAL_GOVERNMENT_INFORMATION","https://www.moj.gov.sa/ar/eServices/pages/67699648-9709-4d94-8d40-a427c4204fd5.aspx","https://www.moj.gov.sa/ar/eServices/pages/67699648-9709-4d94-8d40-a427c4204fd5.aspx","www.moj.gov.sa","YES","200","HTTP_200","GET","text/html; charset=utf-8","YES","NO","ACTIVE","ACTIVE","LIKELY_RELEVANT","2","الرابط يعمل على HTTPS ونطاق رسمي.","الرابط يعمل على HTTPS ونطاق رسمي.","2026-09-23","2026-09-23T16:42:50.176Z","2026-09-23","NO","NO","","0"
"SRC97-CLAIM","صحيفة دعوى","وزارة العدل","GENERAL_GOVERNMENT_INFORMATION","https://moj.gov.sa/ar/eServices/Pages/928b8f02-19a7-482b-ba0e-29a151d9a900.aspx","https://moj.gov.sa/ar/eServices/Pages/928b8f02-19a7-482b-ba0e-29a151d9a900.aspx","moj.gov.sa","YES","200","HTTP_200","GET","text/html; charset=utf-8","YES","NO","ACTIVE","ACTIVE","LIKELY_RELEVANT","2","الرابط يعمل على HTTPS ونطاق رسمي.","الرابط يعمل على HTTPS ونطاق رسمي.","2026-09-23","2026-09-23T16:42:50.176Z","2026-09-23","NO","NO","","0"
"SRC97-COST","التكاليف القضائية","وزارة العدل","OFFICIAL_SERVICE_PAGE","https://www.moj.gov.sa/ar/eservices/pages/143507f9-e5db-4423-a0c1-9f489c6c3893.aspx","https://www.moj.gov.sa/ar/eservices/pages/143507f9-e5db-4423-a0c1-9f489c6c3893.aspx","www.moj.gov.sa","YES","200","HTTP_200","GET","text/html; charset=utf-8","YES","NO","ACTIVE","ACTIVE","LIKELY_RELEVANT","2","الرابط يعمل على HTTPS ونطاق رسمي.","الرابط يعمل على HTTPS ونطاق رسمي.","2026-09-23","2026-09-23T16:42:50.176Z","2026-09-23","NO","NO","R-NAJIZ-JUDICIAL-COSTS-OBJECTION","1"
"SRC97-COSTREG","اللائحة التنفيذية لنظام التكاليف القضائية","وزارة العدل","GENERAL_GOVERNMENT_INFORMATION","https://cfee.moj.gov.sa/executive.html","https://cfee.moj.gov.sa/executive.html","cfee.moj.gov.sa","YES","206","HTTP_206","GET","text/html","YES","NO","ACTIVE","ACTIVE","LIKELY_RELEVANT","4","الرابط يعمل على HTTPS ونطاق رسمي.","الرابط يعمل على HTTPS ونطاق رسمي.","2026-09-23","2026-09-23T16:42:50.176Z","2026-09-23","NO","NO","","0"
"SRC97-COSTSYS","نظام التكاليف القضائية","وزارة العدل","LEGAL_SOURCE","https://cfee.moj.gov.sa/system.html","https://cfee.moj.gov.sa/system.html","cfee.moj.gov.sa","YES","206","HTTP_206","GET","text/html","YES","NO","ACTIVE","ACTIVE","LIKELY_RELEVANT","2","الرابط يعمل على HTTPS ونطاق رسمي.","الرابط يعمل على HTTPS ونطاق رسمي.","2026-09-23","2026-09-23T16:42:50.176Z","2026-09-23","NO","NO","","0"
"SRC97-TRIP","رحلة القضية في وزارة العدل","وزارة العدل","GENERAL_GOVERNMENT_INFORMATION","https://www.moj.gov.sa/ar/Ministry/Pages/CaseTripInMOJ.aspx","https://www.moj.gov.sa/ar/Ministry/Pages/CaseTripInMOJ.aspx","www.moj.gov.sa","YES","200","HTTP_200","GET","text/html; charset=utf-8","YES","NO","ACTIVE","ACTIVE","LIKELY_RELEVANT","3","الرابط يعمل على HTTPS ونطاق رسمي.","الرابط يعمل على HTTPS ونطاق رسمي.","2026-09-23","2026-09-23T16:42:50.176Z","2026-09-23","NO","NO","","0"
"SRC99-CLAIM","صحيفة دعوى","وزارة العدل","GENERAL_GOVERNMENT_INFORMATION","https://moj.gov.sa/ar/eServices/Pages/928b8f02-19a7-482b-ba0e-29a151d9a900.aspx","https://moj.gov.sa/ar/eServices/Pages/928b8f02-19a7-482b-ba0e-29a151d9a900.aspx","moj.gov.sa","YES","200","HTTP_200","GET","text/html; charset=utf-8","YES","NO","ACTIVE","ACTIVE","LIKELY_RELEVANT","2","الرابط يعمل على HTTPS ونطاق رسمي.","الرابط يعمل على HTTPS ونطاق رسمي.","2026-09-23","2026-09-23T16:42:50.176Z","2026-09-23","NO","NO","","0"
"SRC99-FIRST","محاكم الدرجة الأولى","وزارة العدل","GENERAL_GOVERNMENT_INFORMATION","https://www.moj.gov.sa/ar/Ministry/Courts/Pages/FirstCourts.aspx","https://www.moj.gov.sa/ar/Ministry/Courts/Pages/FirstCourts.aspx","www.moj.gov.sa","YES","200","HTTP_200","GET","text/html; charset=utf-8","YES","NO","ACTIVE","ACTIVE","LIKELY_RELEVANT","3","الرابط يعمل على HTTPS ونطاق رسمي.","الرابط يعمل على HTTPS ونطاق رسمي.","2026-09-23","2026-09-23T16:42:50.176Z","2026-09-23","NO","NO","","0"
"SRC99-TRIP","رحلة القضية","وزارة العدل","GENERAL_GOVERNMENT_INFORMATION","https://www.moj.gov.sa/ar/Ministry/Pages/CaseTripInMOJ.aspx","https://www.moj.gov.sa/ar/Ministry/Pages/CaseTripInMOJ.aspx","www.moj.gov.sa","YES","200","HTTP_200","GET","text/html; charset=utf-8","YES","NO","ACTIVE","ACTIVE","LIKELY_RELEVANT","2","الرابط يعمل على HTTPS ونطاق رسمي.","الرابط يعمل على HTTPS ونطاق رسمي.","2026-09-23","2026-09-23T16:42:50.176Z","2026-09-23","NO","NO","R-MASTER-GENERAL","1"
"SRCNEXT-CLAIM","صحيفة دعوى","وزارة العدل","OFFICIAL_SERVICE_PAGE","https://www.moj.gov.sa/ar/eservices/pages/928b8f02-19a7-482b-ba0e-29a151d9a900.aspx","https://www.moj.gov.sa/ar/eservices/pages/928b8f02-19a7-482b-ba0e-29a151d9a900.aspx","www.moj.gov.sa","YES","200","HTTP_200","GET","text/html; charset=utf-8","YES","NO","ACTIVE","ACTIVE","LIKELY_RELEVANT","2","الرابط يعمل على HTTPS ونطاق رسمي.","الرابط يعمل على HTTPS ونطاق رسمي.","2026-09-23","2026-09-23T16:42:50.176Z","2026-09-23","NO","NO","R-CIVIL-SALE-DELIVERY | R-CIVIL-SALE-QUANTITY | R-CIVIL-SALE-DEFECT | R-CIVIL-SALE-HIDDEN-DEFECT | R-CIVIL-SALE-PRICE","5"
"SRCNEXT-TRIP","رحلة القضية في وزارة العدل","وزارة العدل","GENERAL_GOVERNMENT_INFORMATION","https://www.moj.gov.sa/ar/Ministry/Pages/CaseTripInMOJ.aspx","https://www.moj.gov.sa/ar/Ministry/Pages/CaseTripInMOJ.aspx","www.moj.gov.sa","YES","200","HTTP_200","GET","text/html; charset=utf-8","YES","NO","ACTIVE","ACTIVE","LIKELY_RELEVANT","3","الرابط يعمل على HTTPS ونطاق رسمي.","الرابط يعمل على HTTPS ونطاق رسمي.","2026-09-23","2026-09-23T16:42:50.176Z","2026-09-23","NO","NO","","0"
"SRC-BALADY-BUILDING-INQUIRY","استعلام عن رخصة بناء","منصة بلدي — وزارة البلديات والإسكان","OFFICIAL_SERVICE_PAGE","https://balady.gov.sa/ar/services/استعلام-عن-رخصة-بناء","https://balady.gov.sa/ar/services/استعلام-عن-رخصة-بناء","balady.gov.sa","YES","","fetch failed","GET","","YES","NO","BLOCKED_FROM_AUTOMATED_CHECK","BLOCKED_FROM_AUTOMATED_CHECK","NOT_MACHINE_READABLE","0","تعذر الاتصال الآلي بالمصدر الرسمي (fetch failed)؛ لا يعد رابطًا مكسورًا.","تعذر الاتصال الآلي بالمصدر الرسمي (fetch failed)؛ لا يعد رابطًا مكسورًا.","2026-09-23","2026-09-23T16:42:50.176Z","2026-09-21","YES","NO","R-BALADY-BUILDING-INQUIRY","1"
"SRC-BALADY-BUILDING-LICENSE","إصدار رخصة بناء — الرخص الإنشائية","منصة بلدي — وزارة البلديات والإسكان","OFFICIAL_SERVICE_PAGE","https://balady.gov.sa/ar/services/10472","https://balady.gov.sa/ar/services/10472","balady.gov.sa","YES","","fetch failed","GET","","YES","NO","BLOCKED_FROM_AUTOMATED_CHECK","BLOCKED_FROM_AUTOMATED_CHECK","NOT_MACHINE_READABLE","0","تعذر الاتصال الآلي بالمصدر الرسمي (fetch failed)؛ لا يعد رابطًا مكسورًا.","تعذر الاتصال الآلي بالمصدر الرسمي (fetch failed)؛ لا يعد رابطًا مكسورًا.","2026-09-23","2026-09-23T16:42:50.176Z","2026-09-21","YES","NO","R-BALADY-BUILDING-LICENSE","1"
"SRC-BALADY-BUILDING-RENEW","تجديد رخصة بناء","منصة بلدي — وزارة البلديات والإسكان","OFFICIAL_SERVICE_PAGE","https://balady.gov.sa/ar/services/تجديد-رخصة-بناء","https://balady.gov.sa/ar/services/تجديد-رخصة-بناء","balady.gov.sa","YES","","fetch failed","GET","","YES","NO","BLOCKED_FROM_AUTOMATED_CHECK","BLOCKED_FROM_AUTOMATED_CHECK","NOT_MACHINE_READABLE","0","تعذر الاتصال الآلي بالمصدر الرسمي (fetch failed)؛ لا يعد رابطًا مكسورًا.","تعذر الاتصال الآلي بالمصدر الرسمي (fetch failed)؛ لا يعد رابطًا مكسورًا.","2026-09-23","2026-09-23T16:42:50.176Z","2026-09-21","YES","NO","R-BALADY-BUILDING-RENEW","1"
"SRC-BALADY-COMMERCIAL-ISSUE","إصدار رخصة تجارية","وزارة البلديات والإسكان — بلدي","OFFICIAL_SERVICE_PAGE","https://www.balady.gov.sa/ar/services/11010","https://www.balady.gov.sa/ar/services/11010","www.balady.gov.sa","YES","","fetch failed","GET","","YES","NO","BLOCKED_FROM_AUTOMATED_CHECK","BLOCKED_FROM_AUTOMATED_CHECK","NOT_MACHINE_READABLE","0","تعذر الاتصال الآلي بالمصدر الرسمي (fetch failed)؛ لا يعد رابطًا مكسورًا.","تعذر الاتصال الآلي بالمصدر الرسمي (fetch failed)؛ لا يعد رابطًا مكسورًا.","2026-09-23","2026-09-23T16:42:50.176Z","2026-09-21","YES","NO","R-BALADY-LICENSE-ISSUE","1"
"SRC-BALADY-COMMERCIAL-RENEW","تجديد رخصة نشاط تجاري","وزارة البلديات والإسكان — بلدي","OFFICIAL_SERVICE_PAGE","https://www.balady.gov.sa/ar/services/10485","https://www.balady.gov.sa/ar/services/10485","www.balady.gov.sa","YES","","fetch failed","GET","","YES","NO","BLOCKED_FROM_AUTOMATED_CHECK","BLOCKED_FROM_AUTOMATED_CHECK","NOT_MACHINE_READABLE","0","تعذر الاتصال الآلي بالمصدر الرسمي (fetch failed)؛ لا يعد رابطًا مكسورًا.","تعذر الاتصال الآلي بالمصدر الرسمي (fetch failed)؛ لا يعد رابطًا مكسورًا.","2026-09-23","2026-09-23T16:42:50.176Z","2026-09-21","YES","NO","R-BALADY-LICENSE-RENEW","1"
"SRC-BALADY-CONSTRUCTION-PRODUCT","الرخص الإنشائية — إصدار شهادة إشغال","منصة بلدي — وزارة البلديات والإسكان","OFFICIAL_SERVICE_PAGE","https://balady.gov.sa/ar/products/الرخص-الإنشائية?page=1","https://balady.gov.sa/ar/products/الرخص-الإنشائية?page=1","balady.gov.sa","YES","","fetch failed","GET","","YES","NO","BLOCKED_FROM_AUTOMATED_CHECK","BLOCKED_FROM_AUTOMATED_CHECK","NOT_MACHINE_READABLE","0","تعذر الاتصال الآلي بالمصدر الرسمي (fetch failed)؛ لا يعد رابطًا مكسورًا.","تعذر الاتصال الآلي بالمصدر الرسمي (fetch failed)؛ لا يعد رابطًا مكسورًا.","2026-09-23","2026-09-23T16:42:50.176Z","2026-09-21","YES","NO","R-BALADY-OCCUPANCY","1"
"SRC-BALADY-OBJECTION","منصة الاعتراضات الموحدة — الاعتراض على الغرامات البلدية","منصة بلدي — وزارة البلديات والإسكان","GENERAL_GOVERNMENT_INFORMATION","https://balady.gov.sa/ar/all-products/10634","https://balady.gov.sa/ar/all-products/10634","balady.gov.sa","YES","","fetch failed","GET","","YES","NO","BLOCKED_FROM_AUTOMATED_CHECK","BLOCKED_FROM_AUTOMATED_CHECK","NOT_MACHINE_READABLE","0","تعذر الاتصال الآلي بالمصدر الرسمي (fetch failed)؛ لا يعد رابطًا مكسورًا.","تعذر الاتصال الآلي بالمصدر الرسمي (fetch failed)؛ لا يعد رابطًا مكسورًا.","2026-09-23","2026-09-23T16:42:50.176Z","2026-09-17","YES","NO","R-MUN-FINE-OBJECTION","1"
"SRC-BALADY-REPORTS-940","تقديم بلاغ بلدي","وزارة البلديات والإسكان — منصة بلدي","OFFICIAL_SERVICE_PAGE","https://balady.gov.sa/ar/services/%D8%AA%D9%82%D8%AF%D9%8A%D9%85-%D8%A8%D9%84%D8%A7%D8%BA","https://balady.gov.sa/ar/services/%D8%AA%D9%82%D8%AF%D9%8A%D9%85-%D8%A8%D9%84%D8%A7%D8%BA","balady.gov.sa","YES","","fetch failed","GET","","YES","NO","BLOCKED_FROM_AUTOMATED_CHECK","BLOCKED_FROM_AUTOMATED_CHECK","NOT_MACHINE_READABLE","0","تعذر الاتصال الآلي بالمصدر الرسمي (fetch failed)؛ لا يعد رابطًا مكسورًا.","تعذر الاتصال الآلي بالمصدر الرسمي (fetch failed)؛ لا يعد رابطًا مكسورًا.","2026-09-23","2026-09-23T16:42:50.176Z","2026-09-23","YES","NO","R-MUN-BALAG-940","1"
"SRC-BOE-ADMIN-PLEADINGS","نظام المرافعات أمام ديوان المظالم","هيئة الخبراء بمجلس الوزراء","LEGAL_SOURCE","https://laws.boe.gov.sa/BoeLaws/Laws/LawDetails/f2f7b465-b576-4f47-a8e7-a9a700f27202/1","https://laws.boe.gov.sa/BoeLaws/Laws/LawDetails/f2f7b465-b576-4f47-a8e7-a9a700f27202/1","laws.boe.gov.sa","YES","","fetch failed","GET","","YES","NO","BLOCKED_FROM_AUTOMATED_CHECK","BLOCKED_FROM_AUTOMATED_CHECK","NOT_MACHINE_READABLE","0","تعذر الاتصال الآلي بالمصدر الرسمي (fetch failed)؛ لا يعد رابطًا مكسورًا.","تعذر الاتصال الآلي بالمصدر الرسمي (fetch failed)؛ لا يعد رابطًا مكسورًا.","2026-09-23","2026-09-23T16:42:50.176Z","2026-09-22","YES","NO","R-ADMIN-DISCIPLINARY","1"
"SRC-BOE-ARBITRATION","نظام التحكيم","هيئة الخبراء بمجلس الوزراء","LEGAL_SOURCE","https://laws.boe.gov.sa/BoeLaws/Laws/LawDetails/5535039e-13da-43f6-8f53-a9a700f26485/1","https://laws.boe.gov.sa/BoeLaws/Laws/LawDetails/5535039e-13da-43f6-8f53-a9a700f26485/1","laws.boe.gov.sa","YES","","fetch failed","GET","","YES","NO","BLOCKED_FROM_AUTOMATED_CHECK","BLOCKED_FROM_AUTOMATED_CHECK","NOT_MACHINE_READABLE","0","تعذر الاتصال الآلي بالمصدر الرسمي (fetch failed)؛ لا يعد رابطًا مكسورًا.","تعذر الاتصال الآلي بالمصدر الرسمي (fetch failed)؛ لا يعد رابطًا مكسورًا.","2026-09-23","2026-09-23T16:42:50.176Z","2026-09-16","YES","NO","","0"
"SRC-BOE-BANKRUPTCY","نظام الإفلاس","هيئة الخبراء بمجلس الوزراء","LEGAL_SOURCE","https://laws.boe.gov.sa/BoeLaws/Laws/LawDetails/68204119-84f1-4789-8fad-a9ec014c3788/1","https://laws.boe.gov.sa/BoeLaws/Laws/LawDetails/68204119-84f1-4789-8fad-a9ec014c3788/1","laws.boe.gov.sa","YES","","fetch failed","GET","","YES","NO","BLOCKED_FROM_AUTOMATED_CHECK","BLOCKED_FROM_AUTOMATED_CHECK","NOT_MACHINE_READABLE","0","تعذر الاتصال الآلي بالمصدر الرسمي (fetch failed)؛ لا يعد رابطًا مكسورًا.","تعذر الاتصال الآلي بالمصدر الرسمي (fetch failed)؛ لا يعد رابطًا مكسورًا.","2026-09-23","2026-09-23T16:42:50.176Z","2026-09-16","YES","NO","","0"
"SRC-BOE-BOARD-GRIEVANCES","نظام ديوان المظالم","هيئة الخبراء بمجلس الوزراء","LEGAL_SOURCE","https://laws.boe.gov.sa/BoeLaws/Laws/LawDetails/5d3379bd-3547-494e-9fbd-a9a700f26e24/1","https://laws.boe.gov.sa/BoeLaws/Laws/LawDetails/5d3379bd-3547-494e-9fbd-a9a700f26e24/1","laws.boe.gov.sa","YES","","fetch failed","GET","","YES","NO","BLOCKED_FROM_AUTOMATED_CHECK","BLOCKED_FROM_AUTOMATED_CHECK","NOT_MACHINE_READABLE","0","تعذر الاتصال الآلي بالمصدر الرسمي (fetch failed)؛ لا يعد رابطًا مكسورًا.","تعذر الاتصال الآلي بالمصدر الرسمي (fetch failed)؛ لا يعد رابطًا مكسورًا.","2026-09-23","2026-09-23T16:42:50.176Z","2026-09-22","YES","NO","R-ADMIN-SERVICE-RIGHTS | R-ADMIN-COMPENSATION | R-ADMIN-GOV-CONTRACT","3"
"SRC-BOE-BOG-PLEADINGS","نظام المرافعات أمام ديوان المظالم","هيئة الخبراء بمجلس الوزراء","LEGAL_SOURCE","https://laws.boe.gov.sa/BoeLaws/Laws/LawDetails/f2f7b465-b576-4f47-a8e7-a9a700f27202/1","https://laws.boe.gov.sa/BoeLaws/Laws/LawDetails/f2f7b465-b576-4f47-a8e7-a9a700f27202/1","laws.boe.gov.sa","YES","","fetch failed","GET","","YES","NO","BLOCKED_FROM_AUTOMATED_CHECK","BLOCKED_FROM_AUTOMATED_CHECK","NOT_MACHINE_READABLE","0","تعذر الاتصال الآلي بالمصدر الرسمي (fetch failed)؛ لا يعد رابطًا مكسورًا.","تعذر الاتصال الآلي بالمصدر الرسمي (fetch failed)؛ لا يعد رابطًا مكسورًا.","2026-09-23","2026-09-23T16:42:50.176Z","2026-09-17","YES","NO","R-SP-ADMIN-START | R-SP-ADMIN-GRIEVANCE-PENDING | R-SP-ADMIN-TIMING-REVIEW | R-SP-ADMIN-GRIEVANCE-RESPONSE","4"
"SRC-BOE-BOG-PROC","نظام المرافعات أمام ديوان المظالم","هيئة الخبراء بمجلس الوزراء","LEGAL_SOURCE","https://laws.boe.gov.sa/BoeLaws/Laws/LawDetails/f2f7b465-b576-4f47-a8e7-a9a700f27202/1","https://laws.boe.gov.sa/BoeLaws/Laws/LawDetails/f2f7b465-b576-4f47-a8e7-a9a700f27202/1","laws.boe.gov.sa","YES","","fetch failed","GET","","YES","NO","BLOCKED_FROM_AUTOMATED_CHECK","BLOCKED_FROM_AUTOMATED_CHECK","NOT_MACHINE_READABLE","0","تعذر الاتصال الآلي بالمصدر الرسمي (fetch failed)؛ لا يعد رابطًا مكسورًا.","تعذر الاتصال الآلي بالمصدر الرسمي (fetch failed)؛ لا يعد رابطًا مكسورًا.","2026-09-23","2026-09-23T16:42:50.176Z","2026-09-22","YES","NO","R-ADMIN-EVIDENCE","1"
"SRC-BOE-CIVIL-PROCEDURE","نظام المرافعات الشرعية","هيئة الخبراء بمجلس الوزراء","LEGAL_SOURCE","https://laws.boe.gov.sa/BoeLaws/Laws/LawDetails/f0eaae46-9f84-40ee-815e-a9a700f268b3/1","https://laws.boe.gov.sa/BoeLaws/Laws/LawDetails/f0eaae46-9f84-40ee-815e-a9a700f268b3/1","laws.boe.gov.sa","YES","","fetch failed","GET","","YES","NO","BLOCKED_FROM_AUTOMATED_CHECK","BLOCKED_FROM_AUTOMATED_CHECK","NOT_MACHINE_READABLE","0","تعذر الاتصال الآلي بالمصدر الرسمي (fetch failed)؛ لا يعد رابطًا مكسورًا.","تعذر الاتصال الآلي بالمصدر الرسمي (fetch failed)؛ لا يعد رابطًا مكسورًا.","2026-09-23","2026-09-23T16:42:50.176Z","2026-09-17","YES","NO","","0"
"SRC-BOE-CIVIL-TRANSACTIONS","نظام المعاملات المدنية","هيئة الخبراء بمجلس الوزراء","LEGAL_SOURCE","https://laws.boe.gov.sa/BoeLaws/Laws/LawDetails/655fdb42-8c96-422b-b8c4-b04f0095c94c/1","https://laws.boe.gov.sa/BoeLaws/Laws/LawDetails/655fdb42-8c96-422b-b8c4-b04f0095c94c/1","laws.boe.gov.sa","YES","","fetch failed","GET","","YES","NO","BLOCKED_FROM_AUTOMATED_CHECK","BLOCKED_FROM_AUTOMATED_CHECK","NOT_MACHINE_READABLE","0","تعذر الاتصال الآلي بالمصدر الرسمي (fetch failed)؛ لا يعد رابطًا مكسورًا.","تعذر الاتصال الآلي بالمصدر الرسمي (fetch failed)؛ لا يعد رابطًا مكسورًا.","2026-09-23","2026-09-23T16:42:50.176Z","2026-09-22","YES","NO","R-MOVABLE-CIVIL-CLAIM | R-MOVABLE-CONTRACT-CLAIM | R-MOVABLE-DAMAGE-CLAIM | R-PRODUCT-FINANCIAL-REVIEW | R-PRODUCT-BODILY-HARM | R-CIVIL-LOAN-NO-TERM | R-CIVIL-LOAN-EQUIVALENT | R-CIVIL-SETTLEMENT-EFFECT | R-CIVIL-SETTLEMENT-DEBT | R-CIVIL-SETTLEMENT-UNKNOWN | R-CIVIL-LEASE-DELIVERY | R-CIVIL-LEASE-DAMAGE | R-CIVIL-LEASE-RENT | R-CIVIL-LEASE-TENANT-DAMAGE | R-CIVIL-LEASE-HOLDOVER | R-CIVIL-LEASE-SUBLEASE | R-CIVIL-LEASE-END | R-CIVIL-GIFT-FORMALITY | R-CIVIL-GIFT-NONOWNER | R-CIVIL-GIFT-REVOCATION | R-CIVIL-GIFT-CONDITION | R-CIVIL-AGENCY-SCOPE | R-CIVIL-AGENCY-SELFDEAL | R-CIVIL-AGENCY-ACCOUNT | R-CIVIL-AGENCY-FEES | R-CIVIL-AGENCY-END | R-CIVIL-DEPOSIT-MISUSE | R-CIVIL-DEPOSIT-LOSS | R-CIVIL-CUSTODIAN-APPOINT | R-CIVIL-CUSTODIAN-BREACH | R-CIVIL-CUSTODIAN-END | R-CIVIL-GUARANTEE-CLAIM | R-CIVIL-GUARANTEE-LIMIT | R-CIVIL-GUARANTEE-SECURITY-FIRST | R-CIVIL-GUARANTEE-RECOURSE | R-CIVIL-GUARANTEE-END | R-CIVIL-COOWNERSHIP-DIVISION | R-CIVIL-COOWNERSHIP-USE | R-CIVIL-PREEMPTION | R-CIVIL-PREEMPTION-DEADLINES","40"
"SRC-BOE-COMMERCIAL-COURTS","نظام المحاكم التجارية","هيئة الخبراء بمجلس الوزراء","LEGAL_SOURCE","https://laws.boe.gov.sa/BoeLaws/Laws/LawDetails/38334008-3b70-4c6c-b3af-aba3016a8061/1","https://laws.boe.gov.sa/BoeLaws/Laws/LawDetails/38334008-3b70-4c6c-b3af-aba3016a8061/1","laws.boe.gov.sa","YES","","fetch failed","GET","","YES","NO","BLOCKED_FROM_AUTOMATED_CHECK","BLOCKED_FROM_AUTOMATED_CHECK","NOT_MACHINE_READABLE","0","تعذر الاتصال الآلي بالمصدر الرسمي (fetch failed)؛ لا يعد رابطًا مكسورًا.","تعذر الاتصال الآلي بالمصدر الرسمي (fetch failed)؛ لا يعد رابطًا مكسورًا.","2026-09-23","2026-09-23T16:42:50.176Z","2026-09-17","YES","NO","","0"
"SRC-BOE-COMMERCIAL-PAPERS","نظام الأوراق التجارية","هيئة الخبراء بمجلس الوزراء","LEGAL_SOURCE","https://laws.boe.gov.sa/BoeLaws/Laws/LawDetails/4763eb94-047b-46f1-9697-a9a700f1b7ed/1","https://laws.boe.gov.sa/BoeLaws/Laws/LawDetails/4763eb94-047b-46f1-9697-a9a700f1b7ed/1","laws.boe.gov.sa","YES","","fetch failed","GET","","YES","NO","BLOCKED_FROM_AUTOMATED_CHECK","BLOCKED_FROM_AUTOMATED_CHECK","NOT_MACHINE_READABLE","0","تعذر الاتصال الآلي بالمصدر الرسمي (fetch failed)؛ لا يعد رابطًا مكسورًا.","تعذر الاتصال الآلي بالمصدر الرسمي (fetch failed)؛ لا يعد رابطًا مكسورًا.","2026-09-23","2026-09-23T16:42:50.176Z","2026-09-16","YES","NO","","0"
"SRC-BOE-CRIM-PROC","نظام الإجراءات الجزائية","هيئة الخبراء بمجلس الوزراء","LEGAL_SOURCE","https://laws.boe.gov.sa/BoeLaws/Laws/LawDetails/8f1b7079-a5f0-425d-b5e0-a9a700f26b2d/1","https://laws.boe.gov.sa/BoeLaws/Laws/LawDetails/8f1b7079-a5f0-425d-b5e0-a9a700f26b2d/1","laws.boe.gov.sa","YES","","fetch failed","GET","","YES","NO","BLOCKED_FROM_AUTOMATED_CHECK","BLOCKED_FROM_AUTOMATED_CHECK","NOT_MACHINE_READABLE","0","تعذر الاتصال الآلي بالمصدر الرسمي (fetch failed)؛ لا يعد رابطًا مكسورًا.","تعذر الاتصال الآلي بالمصدر الرسمي (fetch failed)؛ لا يعد رابطًا مكسورًا.","2026-09-23","2026-09-23T16:42:50.176Z","2026-09-22","YES","NO","","0"
"SRC-BOE-CRIM-REG","اللائحة التنفيذية لنظام الإجراءات الجزائية","هيئة الخبراء بمجلس الوزراء","LEGAL_SOURCE","https://laws.boe.gov.sa/BoeLaws/Laws/LawDetails/9a0249b7-f835-48fa-8d1e-a9a700f1981a/1","https://laws.boe.gov.sa/BoeLaws/Laws/LawDetails/9a0249b7-f835-48fa-8d1e-a9a700f1981a/1","laws.boe.gov.sa","YES","","fetch failed","GET","","YES","NO","BLOCKED_FROM_AUTOMATED_CHECK","BLOCKED_FROM_AUTOMATED_CHECK","NOT_MACHINE_READABLE","0","تعذر الاتصال الآلي بالمصدر الرسمي (fetch failed)؛ لا يعد رابطًا مكسورًا.","تعذر الاتصال الآلي بالمصدر الرسمي (fetch failed)؛ لا يعد رابطًا مكسورًا.","2026-09-23","2026-09-23T16:42:50.176Z","2026-09-14","YES","NO","","0"
"SRC-BOE-ENFORCEMENT-LAW","نظام التنفيذ","هيئة الخبراء بمجلس الوزراء","LEGAL_SOURCE","https://laws.boe.gov.sa/BoeLaws/Laws/LawDetails/c81ba2f1-1bf1-443b-9b1c-a9a700f27110/1","https://laws.boe.gov.sa/BoeLaws/Laws/LawDetails/c81ba2f1-1bf1-443b-9b1c-a9a700f27110/1","laws.boe.gov.sa","YES","","fetch failed","GET","","YES","NO","BLOCKED_FROM_AUTOMATED_CHECK","BLOCKED_FROM_AUTOMATED_CHECK","NOT_MACHINE_READABLE","0","تعذر الاتصال الآلي بالمصدر الرسمي (fetch failed)؛ لا يعد رابطًا مكسورًا.","تعذر الاتصال الآلي بالمصدر الرسمي (fetch failed)؛ لا يعد رابطًا مكسورًا.","2026-09-23","2026-09-23T16:42:50.176Z","2026-09-22","YES","NO","","0"
"SRC-BOE-EVIDENCE","نظام الإثبات","هيئة الخبراء بمجلس الوزراء","LEGAL_SOURCE","https://laws.boe.gov.sa/BoeLaws/Laws/LawDetails/2716057c-c097-4bad-8e1e-ae1400c678d5/1","https://laws.boe.gov.sa/BoeLaws/Laws/LawDetails/2716057c-c097-4bad-8e1e-ae1400c678d5/1","laws.boe.gov.sa","YES","","fetch failed","GET","","YES","NO","BLOCKED_FROM_AUTOMATED_CHECK","BLOCKED_FROM_AUTOMATED_CHECK","NOT_MACHINE_READABLE","0","تعذر الاتصال الآلي بالمصدر الرسمي (fetch failed)؛ لا يعد رابطًا مكسورًا.","تعذر الاتصال الآلي بالمصدر الرسمي (fetch failed)؛ لا يعد رابطًا مكسورًا.","2026-09-23","2026-09-23T16:42:50.176Z","2026-09-22","YES","NO","","0"
"SRC-BOE-FRAUD-BREACH-TRUST","نظام مكافحة الاحتيال المالي وخيانة الأمانة","هيئة الخبراء بمجلس الوزراء","LEGAL_SOURCE","https://laws.boe.gov.sa/BoeLaws/Laws/LawDetails/905e11b3-4d66-496c-9c1b-ad240106367f/1","https://laws.boe.gov.sa/BoeLaws/Laws/LawDetails/905e11b3-4d66-496c-9c1b-ad240106367f/1","laws.boe.gov.sa","YES","","fetch failed","GET","","YES","NO","BLOCKED_FROM_AUTOMATED_CHECK","BLOCKED_FROM_AUTOMATED_CHECK","NOT_MACHINE_READABLE","0","تعذر الاتصال الآلي بالمصدر الرسمي (fetch failed)؛ لا يعد رابطًا مكسورًا.","تعذر الاتصال الآلي بالمصدر الرسمي (fetch failed)؛ لا يعد رابطًا مكسورًا.","2026-09-23","2026-09-23T16:42:50.176Z","2026-09-16","YES","NO","R-COMM-FRAUD-GATE","1"
"SRC-BOE-HEALTH-PRACTICE","نظام مزاولة المهن الصحية","هيئة الخبراء بمجلس الوزراء","LEGAL_SOURCE","https://laws.boe.gov.sa/BoeLaws/Laws/LawDetails/f1de206c-eef4-4a76-904a-a9a700f2899a/1","https://laws.boe.gov.sa/BoeLaws/Laws/LawDetails/f1de206c-eef4-4a76-904a-a9a700f2899a/1","laws.boe.gov.sa","YES","","fetch failed","GET","","YES","NO","BLOCKED_FROM_AUTOMATED_CHECK","BLOCKED_FROM_AUTOMATED_CHECK","NOT_MACHINE_READABLE","0","تعذر الاتصال الآلي بالمصدر الرسمي (fetch failed)؛ لا يعد رابطًا مكسورًا.","تعذر الاتصال الآلي بالمصدر الرسمي (fetch failed)؛ لا يعد رابطًا مكسورًا.","2026-09-23","2026-09-23T16:42:50.176Z","2026-09-16","YES","NO","R-SP-HEALTH-HARM","1"
"SRC-BOE-JUDICIAL-COSTS","نظام التكاليف القضائية","هيئة الخبراء بمجلس الوزراء","LEGAL_SOURCE","https://laws.boe.gov.sa/BoeLaws/Laws/LawDetails/3e368087-7b31-46e7-8005-ada100b8f703/1","https://laws.boe.gov.sa/BoeLaws/Laws/LawDetails/3e368087-7b31-46e7-8005-ada100b8f703/1","laws.boe.gov.sa","YES","","fetch failed","GET","","YES","NO","BLOCKED_FROM_AUTOMATED_CHECK","BLOCKED_FROM_AUTOMATED_CHECK","NOT_MACHINE_READABLE","0","تعذر الاتصال الآلي بالمصدر الرسمي (fetch failed)؛ لا يعد رابطًا مكسورًا.","تعذر الاتصال الآلي بالمصدر الرسمي (fetch failed)؛ لا يعد رابطًا مكسورًا.","2026-09-23","2026-09-23T16:42:50.176Z","2026-09-22","YES","NO","","0"
"SRC-BOE-JUDICIARY","نظام القضاء","هيئة الخبراء بمجلس الوزراء","LEGAL_SOURCE","https://laws.boe.gov.sa/BoeLaws/Laws/LawDetails/ea1765a3-dec3-41a0-a32f-a9a700f26d58/1","https://laws.boe.gov.sa/BoeLaws/Laws/LawDetails/ea1765a3-dec3-41a0-a32f-a9a700f26d58/1","laws.boe.gov.sa","YES","","fetch failed","GET","","YES","NO","BLOCKED_FROM_AUTOMATED_CHECK","BLOCKED_FROM_AUTOMATED_CHECK","NOT_MACHINE_READABLE","0","تعذر الاتصال الآلي بالمصدر الرسمي (fetch failed)؛ لا يعد رابطًا مكسورًا.","تعذر الاتصال الآلي بالمصدر الرسمي (fetch failed)؛ لا يعد رابطًا مكسورًا.","2026-09-23","2026-09-23T16:42:50.176Z","2026-09-22","YES","NO","","0"
"SRC-BOE-LABOR-LAW","نظام العمل","هيئة الخبراء بمجلس الوزراء","LEGAL_SOURCE","https://laws.boe.gov.sa/BoeLaws/Laws/LawDetails/08381293-6388-48e2-8ad2-a9a700f2aa94/1","https://laws.boe.gov.sa/BoeLaws/Laws/LawDetails/08381293-6388-48e2-8ad2-a9a700f2aa94/1","laws.boe.gov.sa","YES","","fetch failed","GET","","YES","NO","BLOCKED_FROM_AUTOMATED_CHECK","BLOCKED_FROM_AUTOMATED_CHECK","NOT_MACHINE_READABLE","0","تعذر الاتصال الآلي بالمصدر الرسمي (fetch failed)؛ لا يعد رابطًا مكسورًا.","تعذر الاتصال الآلي بالمصدر الرسمي (fetch failed)؛ لا يعد رابطًا مكسورًا.","2026-09-23","2026-09-23T16:42:50.176Z","2026-09-22","YES","NO","","0"
"SRC-BOE-LAW-PRACTICE","نظام المحاماة — المادة السادسة والعشرون بعد تعديل 1447هـ","هيئة الخبراء بمجلس الوزراء","LEGAL_SOURCE","https://laws.boe.gov.sa/BoeLaws/Laws/LawDetails/f42655be-79b0-4fd4-bb90-a9a700f26a3e/1","https://laws.boe.gov.sa/BoeLaws/Laws/LawDetails/f42655be-79b0-4fd4-bb90-a9a700f26a3e/1","laws.boe.gov.sa","YES","","fetch failed","GET","","YES","NO","BLOCKED_FROM_AUTOMATED_CHECK","BLOCKED_FROM_AUTOMATED_CHECK","NOT_MACHINE_READABLE","0","تعذر الاتصال الآلي بالمصدر الرسمي (fetch failed)؛ لا يعد رابطًا مكسورًا.","تعذر الاتصال الآلي بالمصدر الرسمي (fetch failed)؛ لا يعد رابطًا مكسورًا.","2026-09-23","2026-09-23T16:42:50.176Z","2026-09-17","YES","NO","R-LEGAL-FEES-AGREEMENT | R-LEGAL-FEES-ESTIMATE","2"
"SRC-BOE-MUNICIPAL-LICENSING","نظام إجراءات التراخيص البلدية","هيئة الخبراء بمجلس الوزراء","LEGAL_SOURCE","https://laws.boe.gov.sa/BoeLaws/Laws/LawDetails/1dd4c3d4-f4e9-4c15-852f-a9a700f21cab/1","https://laws.boe.gov.sa/BoeLaws/Laws/LawDetails/1dd4c3d4-f4e9-4c15-852f-a9a700f21cab/1","laws.boe.gov.sa","YES","","fetch failed","GET","","YES","NO","BLOCKED_FROM_AUTOMATED_CHECK","BLOCKED_FROM_AUTOMATED_CHECK","NOT_MACHINE_READABLE","0","تعذر الاتصال الآلي بالمصدر الرسمي (fetch failed)؛ لا يعد رابطًا مكسورًا.","تعذر الاتصال الآلي بالمصدر الرسمي (fetch failed)؛ لا يعد رابطًا مكسورًا.","2026-09-23","2026-09-23T16:42:50.176Z","2026-09-17","YES","NO","R-MUN-LICENSE-GRIEVANCE | R-MUN-LICENSE-DAMAGE | R-MUN-COMMITTEE-JUDICIAL","3"
"SRC-BOE-PERSONAL-STATUS","نظام الأحوال الشخصية","هيئة الخبراء بمجلس الوزراء","LEGAL_SOURCE","https://laws.boe.gov.sa/BoeLaws/Laws/LawDetails/4d72d829-947b-45d5-b9b5-ae5800d6bac2/1","https://laws.boe.gov.sa/BoeLaws/Laws/LawDetails/4d72d829-947b-45d5-b9b5-ae5800d6bac2/1","laws.boe.gov.sa","YES","","fetch failed","GET","","YES","NO","BLOCKED_FROM_AUTOMATED_CHECK","BLOCKED_FROM_AUTOMATED_CHECK","NOT_MACHINE_READABLE","0","تعذر الاتصال الآلي بالمصدر الرسمي (fetch failed)؛ لا يعد رابطًا مكسورًا.","تعذر الاتصال الآلي بالمصدر الرسمي (fetch failed)؛ لا يعد رابطًا مكسورًا.","2026-09-23","2026-09-23T16:42:50.176Z","2026-09-22","YES","NO","R-FAM-ESTATE-DISPUTE","1"
"SRC-BOE-PLEADINGS","نظام المرافعات الشرعية","هيئة الخبراء بمجلس الوزراء","LEGAL_SOURCE","https://laws.boe.gov.sa/BoeLaws/Laws/LawDetails/f0eaae46-9f84-40ee-815e-a9a700f268b3/1","https://laws.boe.gov.sa/BoeLaws/Laws/LawDetails/f0eaae46-9f84-40ee-815e-a9a700f268b3/1","laws.boe.gov.sa","YES","","fetch failed","GET","","YES","NO","BLOCKED_FROM_AUTOMATED_CHECK","BLOCKED_FROM_AUTOMATED_CHECK","NOT_MACHINE_READABLE","0","تعذر الاتصال الآلي بالمصدر الرسمي (fetch failed)؛ لا يعد رابطًا مكسورًا.","تعذر الاتصال الآلي بالمصدر الرسمي (fetch failed)؛ لا يعد رابطًا مكسورًا.","2026-09-23","2026-09-23T16:42:50.176Z","2026-09-22","YES","NO","","0"
"SRC-BOE-PROTECTION-ABUSE","نظام الحماية من الإيذاء","هيئة الخبراء بمجلس الوزراء","LEGAL_SOURCE","https://laws.boe.gov.sa/BoeLaws/Laws/LawDetails/83f450eb-7985-461f-b053-a9a700f2ba08/1","https://laws.boe.gov.sa/BoeLaws/Laws/LawDetails/83f450eb-7985-461f-b053-a9a700f2ba08/1","laws.boe.gov.sa","YES","","fetch failed","GET","","YES","NO","BLOCKED_FROM_AUTOMATED_CHECK","BLOCKED_FROM_AUTOMATED_CHECK","NOT_MACHINE_READABLE","0","تعذر الاتصال الآلي بالمصدر الرسمي (fetch failed)؛ لا يعد رابطًا مكسورًا.","تعذر الاتصال الآلي بالمصدر الرسمي (fetch failed)؛ لا يعد رابطًا مكسورًا.","2026-09-23","2026-09-23T16:42:50.176Z","2026-09-18","YES","NO","R-DV-CRIMINAL-PROTECTION","1"
"SRC-BOE-REAL-REG-1443","نظام التسجيل العيني للعقار","هيئة الخبراء بمجلس الوزراء","LEGAL_SOURCE","https://laws.boe.gov.sa/BoeLaws/Laws/LawDetails/c9756bfb-ff81-4226-a820-ae8200dc074c/1","https://laws.boe.gov.sa/BoeLaws/Laws/LawDetails/c9756bfb-ff81-4226-a820-ae8200dc074c/1","laws.boe.gov.sa","YES","","fetch failed","GET","","YES","NO","BLOCKED_FROM_AUTOMATED_CHECK","BLOCKED_FROM_AUTOMATED_CHECK","NOT_MACHINE_READABLE","0","تعذر الاتصال الآلي بالمصدر الرسمي (fetch failed)؛ لا يعد رابطًا مكسورًا.","تعذر الاتصال الآلي بالمصدر الرسمي (fetch failed)؛ لا يعد رابطًا مكسورًا.","2026-09-23","2026-09-23T16:42:50.176Z","2026-09-23","YES","NO","R-CIVIL-REALRIGHT-REGISTRATION","1"
"SRC-BOE-SHARIA-PLEADINGS","نظام المرافعات الشرعية","هيئة الخبراء بمجلس الوزراء","LEGAL_SOURCE","https://laws.boe.gov.sa/BoeLaws/Laws/LawDetails/f0eaae46-9f84-40ee-815e-a9a700f268b3/1","https://laws.boe.gov.sa/BoeLaws/Laws/LawDetails/f0eaae46-9f84-40ee-815e-a9a700f268b3/1","laws.boe.gov.sa","YES","","fetch failed","GET","","YES","NO","BLOCKED_FROM_AUTOMATED_CHECK","BLOCKED_FROM_AUTOMATED_CHECK","NOT_MACHINE_READABLE","0","تعذر الاتصال الآلي بالمصدر الرسمي (fetch failed)؛ لا يعد رابطًا مكسورًا.","تعذر الاتصال الآلي بالمصدر الرسمي (fetch failed)؛ لا يعد رابطًا مكسورًا.","2026-09-23","2026-09-23T16:42:50.176Z","2026-09-22","YES","NO","","0"
"SRC-BOG-ADMIN-EXEC-CURRENT","منصة التنفيذ الإدارية — تقديم طلب/منازعة تنفيذ","ديوان المظالم","OFFICIAL_SERVICE_PAGE","https://www.bog.gov.sa/EServices/Pages/tanfeedh.aspx","https://www.bog.gov.sa/EServices/Pages/tanfeedh.aspx","www.bog.gov.sa","YES","","fetch failed","GET","","YES","NO","BLOCKED_FROM_AUTOMATED_CHECK","BLOCKED_FROM_AUTOMATED_CHECK","NOT_MACHINE_READABLE","0","تعذر الاتصال الآلي بالمصدر الرسمي (fetch failed)؛ لا يعد رابطًا مكسورًا.","تعذر الاتصال الآلي بالمصدر الرسمي (fetch failed)؛ لا يعد رابطًا مكسورًا.","2026-09-23","2026-09-23T16:42:50.176Z","2026-09-22","YES","NO","R-ADMIN-EXEC-DEMAND | R-ADMIN-EXEC-DEADLINES","2"
"SRC-BOG-APPEAL-CURRENT","طلب استئناف — منصة معين الرقمية","ديوان المظالم","OFFICIAL_SERVICE_PAGE","https://www.bog.gov.sa/EServices/Pages/file-appeal.aspx","https://www.bog.gov.sa/EServices/Pages/file-appeal.aspx","www.bog.gov.sa","YES","","fetch failed","GET","","YES","NO","BLOCKED_FROM_AUTOMATED_CHECK","BLOCKED_FROM_AUTOMATED_CHECK","NOT_MACHINE_READABLE","0","تعذر الاتصال الآلي بالمصدر الرسمي (fetch failed)؛ لا يعد رابطًا مكسورًا.","تعذر الاتصال الآلي بالمصدر الرسمي (fetch failed)؛ لا يعد رابطًا مكسورًا.","2026-09-23","2026-09-23T16:42:50.176Z","2026-09-22","YES","NO","","0"
"SRC-BOG-JUDICIAL-REQUESTS","تقديم الطلبات القضائية","ديوان المظالم","OFFICIAL_SERVICE_PAGE","https://www.bog.gov.sa/EServices/Pages/submit-judicial-requests.aspx","https://www.bog.gov.sa/EServices/Pages/submit-judicial-requests.aspx","www.bog.gov.sa","YES","","fetch failed","GET","","YES","NO","BLOCKED_FROM_AUTOMATED_CHECK","BLOCKED_FROM_AUTOMATED_CHECK","NOT_MACHINE_READABLE","0","تعذر الاتصال الآلي بالمصدر الرسمي (fetch failed)؛ لا يعد رابطًا مكسورًا.","تعذر الاتصال الآلي بالمصدر الرسمي (fetch failed)؛ لا يعد رابطًا مكسورًا.","2026-09-23","2026-09-23T16:42:50.176Z","2026-09-23","YES","NO","","0"
"SRC-BOG-MOEEN","منصة معين الرقمية","ديوان المظالم","REGULATOR_PAGE","https://www.bog.gov.sa/EServices/Pages/moen.aspx","https://www.bog.gov.sa/EServices/Pages/moen.aspx","www.bog.gov.sa","YES","","fetch failed","GET","","YES","NO","BLOCKED_FROM_AUTOMATED_CHECK","BLOCKED_FROM_AUTOMATED_CHECK","NOT_MACHINE_READABLE","0","تعذر الاتصال الآلي بالمصدر الرسمي (fetch failed)؛ لا يعد رابطًا مكسورًا.","تعذر الاتصال الآلي بالمصدر الرسمي (fetch failed)؛ لا يعد رابطًا مكسورًا.","2026-09-23","2026-09-23T16:42:50.176Z","2026-09-14","YES","NO","R-GOV-EMPLOYEE-ADMIN | R-GOV-CASE-MOEN | R-SP-ADMIN-JUDGMENT","3"
"SRC-BOG-PLATFORMS","المنصات القضائية الرقمية","ديوان المظالم","REGULATOR_PAGE","https://www.bog.gov.sa/EServices/Pages/platform.aspx","https://www.bog.gov.sa/EServices/Pages/platform.aspx","www.bog.gov.sa","YES","","fetch failed","GET","","YES","NO","BLOCKED_FROM_AUTOMATED_CHECK","BLOCKED_FROM_AUTOMATED_CHECK","NOT_MACHINE_READABLE","0","تعذر الاتصال الآلي بالمصدر الرسمي (fetch failed)؛ لا يعد رابطًا مكسورًا.","تعذر الاتصال الآلي بالمصدر الرسمي (fetch failed)؛ لا يعد رابطًا مكسورًا.","2026-09-23","2026-09-23T16:42:50.176Z","2026-09-23","YES","NO","","0"
"SRC-BOG-REQUESTS","تقديم الطلبات القضائية","ديوان المظالم","OFFICIAL_SERVICE_PAGE","https://www.bog.gov.sa/EServices/Pages/submit-judicial-requests.aspx","https://www.bog.gov.sa/EServices/Pages/submit-judicial-requests.aspx","www.bog.gov.sa","YES","","fetch failed","GET","","YES","NO","BLOCKED_FROM_AUTOMATED_CHECK","BLOCKED_FROM_AUTOMATED_CHECK","NOT_MACHINE_READABLE","0","تعذر الاتصال الآلي بالمصدر الرسمي (fetch failed)؛ لا يعد رابطًا مكسورًا.","تعذر الاتصال الآلي بالمصدر الرسمي (fetch failed)؛ لا يعد رابطًا مكسورًا.","2026-09-23","2026-09-23T16:42:50.176Z","2026-09-14","YES","NO","R-SP-ADMIN-CASE","1"
"SRC-BOG-SUPREME-OBJECTION","طلب اعتراض أمام المحكمة الإدارية العليا","ديوان المظالم","OFFICIAL_SERVICE_PAGE","https://www.bog.gov.sa/EServices/Pages/file-objection-supreme-court.aspx","https://www.bog.gov.sa/EServices/Pages/file-objection-supreme-court.aspx","www.bog.gov.sa","YES","","fetch failed","GET","","YES","NO","BLOCKED_FROM_AUTOMATED_CHECK","BLOCKED_FROM_AUTOMATED_CHECK","NOT_MACHINE_READABLE","0","تعذر الاتصال الآلي بالمصدر الرسمي (fetch failed)؛ لا يعد رابطًا مكسورًا.","تعذر الاتصال الآلي بالمصدر الرسمي (fetch failed)؛ لا يعد رابطًا مكسورًا.","2026-09-23","2026-09-23T16:42:50.176Z","2026-09-23","YES","NO","","0"
"SRC-BULK-BOE_CPL","مصدر رسمي للتدقيق الشامل","جهة حكومية سعودية رسمية","LEGAL_SOURCE","https://laws.boe.gov.sa/BoeLaws/Laws/LawDetails/f0eaae46-9f84-40ee-815e-a9a700f268b3/1","https://laws.boe.gov.sa/BoeLaws/Laws/LawDetails/f0eaae46-9f84-40ee-815e-a9a700f268b3/1","laws.boe.gov.sa","YES","","fetch failed","GET","","YES","NO","BLOCKED_FROM_AUTOMATED_CHECK","BLOCKED_FROM_AUTOMATED_CHECK","NOT_MACHINE_READABLE","0","تعذر الاتصال الآلي بالمصدر الرسمي (fetch failed)؛ لا يعد رابطًا مكسورًا.","تعذر الاتصال الآلي بالمصدر الرسمي (fetch failed)؛ لا يعد رابطًا مكسورًا.","2026-09-23","2026-09-23T16:42:50.176Z","2026-09-23","YES","NO","","0"
"SRC-CHI-EMPLOYER-COMPLAINT","تقديم شكوى ضد صاحب العمل","مجلس الضمان الصحي","OFFICIAL_SERVICE_PAGE","https://www.chi.gov.sa/ServicesDirectory/pages/complaintagaistemployerfinsured.aspx","https://www.chi.gov.sa/ServicesDirectory/pages/complaintagaistemployerfinsured.aspx","www.chi.gov.sa","YES","","fetch failed","GET","","YES","NO","BLOCKED_FROM_AUTOMATED_CHECK","BLOCKED_FROM_AUTOMATED_CHECK","NOT_MACHINE_READABLE","0","تعذر الاتصال الآلي بالمصدر الرسمي (fetch failed)؛ لا يعد رابطًا مكسورًا.","تعذر الاتصال الآلي بالمصدر الرسمي (fetch failed)؛ لا يعد رابطًا مكسورًا.","2026-09-23","2026-09-23T16:42:50.176Z","2026-09-20","YES","NO","R-SP-HEALTH-EMPLOYER-NOINS","1"
"SRC-CHI-INS-CHECK","الاستعلام عن معلومات التأمين الصحي","مجلس الضمان الصحي","GENERAL_GOVERNMENT_INFORMATION","https://www.chi.gov.sa/ServicesDirectory/Pages/CheckInsurance.aspx","https://www.chi.gov.sa/ServicesDirectory/Pages/CheckInsurance.aspx","www.chi.gov.sa","YES","","fetch failed","GET","","YES","NO","BLOCKED_FROM_AUTOMATED_CHECK","BLOCKED_FROM_AUTOMATED_CHECK","NOT_MACHINE_READABLE","0","تعذر الاتصال الآلي بالمصدر الرسمي (fetch failed)؛ لا يعد رابطًا مكسورًا.","تعذر الاتصال الآلي بالمصدر الرسمي (fetch failed)؛ لا يعد رابطًا مكسورًا.","2026-09-23","2026-09-23T16:42:50.176Z","2026-09-20","YES","NO","R-SP-HEALTH-INS-CHECK","1"
"SRC-CHI-INS-COMPLAINT","تقديم شكوى ضد شركة التأمين وحقوق المستفيد","مجلس الضمان الصحي","OFFICIAL_SERVICE_PAGE","https://www.chi.gov.sa/ServicesDirectory/Pages/ComplaintAgaistICFIC.aspx","https://www.chi.gov.sa/ServicesDirectory/Pages/ComplaintAgaistICFIC.aspx","www.chi.gov.sa","YES","","fetch failed","GET","","YES","NO","BLOCKED_FROM_AUTOMATED_CHECK","BLOCKED_FROM_AUTOMATED_CHECK","NOT_MACHINE_READABLE","0","تعذر الاتصال الآلي بالمصدر الرسمي (fetch failed)؛ لا يعد رابطًا مكسورًا.","تعذر الاتصال الآلي بالمصدر الرسمي (fetch failed)؛ لا يعد رابطًا مكسورًا.","2026-09-23","2026-09-23T16:42:50.176Z","2026-09-20","YES","NO","R-SP-HEALTH-INS-DENIAL","1"
"SRC-CHI-INS-LINK","طلب عدم اكتمال البيانات للربط - أفراد","مجلس الضمان الصحي","OFFICIAL_SERVICE_PAGE","https://www.chi.gov.sa/ServicesDirectory/Pages/UploadComplaintResVisFTPAIndi.aspx?cat=1&sub=4","https://www.chi.gov.sa/ServicesDirectory/Pages/UploadComplaintResVisFTPAIndi.aspx?cat=1&sub=4","www.chi.gov.sa","YES","","fetch failed","GET","","YES","NO","BLOCKED_FROM_AUTOMATED_CHECK","BLOCKED_FROM_AUTOMATED_CHECK","NOT_MACHINE_READABLE","0","تعذر الاتصال الآلي بالمصدر الرسمي (fetch failed)؛ لا يعد رابطًا مكسورًا.","تعذر الاتصال الآلي بالمصدر الرسمي (fetch failed)؛ لا يعد رابطًا مكسورًا.","2026-09-23","2026-09-23T16:42:50.176Z","2026-09-20","YES","NO","R-SP-HEALTH-INS-LINK","1"
"SRC-CHI-PROVIDER-COMPLAINT","تقديم شكوى ضد مقدم خدمة — المؤمن عليه","مجلس الضمان الصحي","OFFICIAL_SERVICE_PAGE","https://www.chi.gov.sa/ServicesDirectory/Pages/ComplaintAgaistHCPFInsured.aspx?cat=1&sub=4","https://www.chi.gov.sa/ServicesDirectory/Pages/ComplaintAgaistHCPFInsured.aspx?cat=1&sub=4","www.chi.gov.sa","YES","","fetch failed","GET","","YES","NO","BLOCKED_FROM_AUTOMATED_CHECK","BLOCKED_FROM_AUTOMATED_CHECK","NOT_MACHINE_READABLE","0","تعذر الاتصال الآلي بالمصدر الرسمي (fetch failed)؛ لا يعد رابطًا مكسورًا.","تعذر الاتصال الآلي بالمصدر الرسمي (fetch failed)؛ لا يعد رابطًا مكسورًا.","2026-09-23","2026-09-23T16:42:50.176Z","2026-09-21","YES","NO","R-SP-HEALTH-PROVIDER-INS-COMPLAINT","1"
"SRC-CIV-BOE","نظام المعاملات المدنية","هيئة الخبراء بمجلس الوزراء","LEGAL_SOURCE","https://laws.boe.gov.sa/BoeLaws/Laws/LawDetails/655fdb42-8c96-422b-b8c4-b04f0095c94c/1","https://laws.boe.gov.sa/BoeLaws/Laws/LawDetails/655fdb42-8c96-422b-b8c4-b04f0095c94c/1","laws.boe.gov.sa","YES","","fetch failed","GET","","YES","NO","BLOCKED_FROM_AUTOMATED_CHECK","BLOCKED_FROM_AUTOMATED_CHECK","NOT_MACHINE_READABLE","0","تعذر الاتصال الآلي بالمصدر الرسمي (fetch failed)؛ لا يعد رابطًا مكسورًا.","تعذر الاتصال الآلي بالمصدر الرسمي (fetch failed)؛ لا يعد رابطًا مكسورًا.","2026-09-23","2026-09-23T16:42:50.176Z","2026-09-23","YES","NO","R-CIVIL-SPECIFIC-PERFORMANCE | R-CIVIL-CONTRACT-DAMAGES | R-CIVIL-TORT-DAMAGES | R-CIVIL-NOTICE | R-CIVIL-CREDITOR-REFUSAL","5"
"SRC-EJAR-FAQ","الأسئلة الشائعة - العقد الموحد والسند التنفيذي","إيجار / الهيئة العامة للعقار","GENERAL_GOVERNMENT_INFORMATION","https://www.ejar.sa/ar/faqs","https://www.ejar.sa/ar/faqs","www.ejar.sa","YES","403","HTTP_403","GET","text/html; charset=UTF-8","YES","NO","BLOCKED_FROM_AUTOMATED_CHECK","BLOCKED_FROM_AUTOMATED_CHECK","NEEDS_MANUAL_CONTENT_CHECK","0","المصدر الرسمي منع/قيّد الفحص أو أعاد عطلًا مؤقتًا (HTTP 403)؛ لا يعد رابطًا مكسورًا.","المصدر الرسمي منع/قيّد الفحص أو أعاد عطلًا مؤقتًا (HTTP 403)؛ لا يعد رابطًا مكسورًا.","2026-09-23","2026-09-23T16:42:50.176Z","2026-09-14","YES","NO","","0"
"SRC-EJAR-FAQ-CURRENT","الأسئلة الشائعة - العقد الموحد والسند التنفيذي","إيجار - الهيئة العامة للعقار","GENERAL_GOVERNMENT_INFORMATION","https://www.ejar.sa/ar/faqs","https://www.ejar.sa/ar/faqs","www.ejar.sa","YES","403","HTTP_403","GET","text/html; charset=UTF-8","YES","NO","BLOCKED_FROM_AUTOMATED_CHECK","BLOCKED_FROM_AUTOMATED_CHECK","NEEDS_MANUAL_CONTENT_CHECK","0","المصدر الرسمي منع/قيّد الفحص أو أعاد عطلًا مؤقتًا (HTTP 403)؛ لا يعد رابطًا مكسورًا.","المصدر الرسمي منع/قيّد الفحص أو أعاد عطلًا مؤقتًا (HTTP 403)؛ لا يعد رابطًا مكسورًا.","2026-09-23","2026-09-23T16:42:50.176Z","2026-09-23","YES","NO","","0"
"SRC-FAM-PSL-OFFICIAL","نظام الأحوال الشخصية","هيئة الخبراء بمجلس الوزراء","LEGAL_SOURCE","https://laws.boe.gov.sa/BoeLaws/Laws/LawDetails/4d72d829-947b-45d5-b9b5-ae5800d6bac2/1","https://laws.boe.gov.sa/BoeLaws/Laws/LawDetails/4d72d829-947b-45d5-b9b5-ae5800d6bac2/1","laws.boe.gov.sa","YES","","fetch failed","GET","","YES","NO","BLOCKED_FROM_AUTOMATED_CHECK","BLOCKED_FROM_AUTOMATED_CHECK","NOT_MACHINE_READABLE","0","تعذر الاتصال الآلي بالمصدر الرسمي (fetch failed)؛ لا يعد رابطًا مكسورًا.","تعذر الاتصال الآلي بالمصدر الرسمي (fetch failed)؛ لا يعد رابطًا مكسورًا.","2026-09-23","2026-09-23T16:42:50.176Z","2026-09-22","YES","NO","","0"
"SRC-GCAM-MEDIA","الخدمات والتراخيص الإعلامية","الهيئة العامة لتنظيم الإعلام","GENERAL_GOVERNMENT_INFORMATION","https://gmedia.gov.sa/","https://gmedia.gov.sa/","gmedia.gov.sa","YES","","fetch failed","GET","","YES","NO","BLOCKED_FROM_AUTOMATED_CHECK","BLOCKED_FROM_AUTOMATED_CHECK","NOT_MACHINE_READABLE","0","تعذر الاتصال الآلي بالمصدر الرسمي (fetch failed)؛ لا يعد رابطًا مكسورًا.","تعذر الاتصال الآلي بالمصدر الرسمي (fetch failed)؛ لا يعد رابطًا مكسورًا.","2026-09-23","2026-09-23T16:42:50.176Z","2026-09-21","YES","NO","R-GCAM-MEDIA","1"
"SRC-GOSI-REVIEW-IND","طلب التماس / اعتراض بشأن قرار متخذ من المؤسسة — الأفراد","المؤسسة العامة للتأمينات الاجتماعية","LEGAL_SOURCE","https://beta.gosi.gov.sa/ar/services/individual-services/Review_Decision1","https://beta.gosi.gov.sa/ar/services/individual-services/Review_Decision1","beta.gosi.gov.sa","YES","","TIMEOUT","GET","","YES","NO","BLOCKED_FROM_AUTOMATED_CHECK","BLOCKED_FROM_AUTOMATED_CHECK","NOT_MACHINE_READABLE","0","تعذر الاتصال الآلي بالمصدر الرسمي (TIMEOUT)؛ لا يعد رابطًا مكسورًا.","تعذر الاتصال الآلي بالمصدر الرسمي (TIMEOUT)؛ لا يعد رابطًا مكسورًا.","2026-09-23","2026-09-23T16:42:50.176Z","2026-09-16","YES","NO","R-GOSI-REVIEW-IND","1"
"SRC-HAJ-COMPLAINT-GUIDE","اتفاقية مستوى الخدمة وقنوات الشكاوى والبلاغات","وزارة الحج والعمرة","OFFICIAL_SERVICE_PAGE","https://haj.gov.sa/ar/service-level-agreement","https://haj.gov.sa/ar/service-level-agreement","haj.gov.sa","YES","403","HTTP_403","GET","text/html; charset=UTF-8","YES","NO","BLOCKED_FROM_AUTOMATED_CHECK","BLOCKED_FROM_AUTOMATED_CHECK","NEEDS_MANUAL_CONTENT_CHECK","0","المصدر الرسمي منع/قيّد الفحص أو أعاد عطلًا مؤقتًا (HTTP 403)؛ لا يعد رابطًا مكسورًا.","المصدر الرسمي منع/قيّد الفحص أو أعاد عطلًا مؤقتًا (HTTP 403)؛ لا يعد رابطًا مكسورًا.","2026-09-23","2026-09-23T16:42:50.176Z","2026-09-23","YES","NO","R-HAJ-COMPLAINT","1"
"SRC-HAJ-OFFICIAL","وزارة الحج والعمرة — البوابة الرسمية","وزارة الحج والعمرة","GENERAL_GOVERNMENT_INFORMATION","https://haj.gov.sa/ar","https://haj.gov.sa/ar","haj.gov.sa","YES","403","HTTP_403","GET","text/html; charset=UTF-8","YES","NO","BLOCKED_FROM_AUTOMATED_CHECK","BLOCKED_FROM_AUTOMATED_CHECK","NEEDS_MANUAL_CONTENT_CHECK","0","المصدر الرسمي منع/قيّد الفحص أو أعاد عطلًا مؤقتًا (HTTP 403)؛ لا يعد رابطًا مكسورًا.","المصدر الرسمي منع/قيّد الفحص أو أعاد عطلًا مؤقتًا (HTTP 403)؛ لا يعد رابطًا مكسورًا.","2026-09-23","2026-09-23T16:42:50.176Z","2026-09-21","YES","NO","R-HAJ-NUSUK-GUIDANCE","1"
"SRC-HAJ-RIGHTS-GUIDE","دليل حقوق وواجبات ضيف الرحمن","وزارة الحج والعمرة","OFFICIAL_PROCEDURAL_GUIDE","https://haj.gov.sa/s-core/-/media/Project/HAJJ/PDF-and-FILES/Document-Library/AR-Guide-to-the-Rights-and-Duties-of-the-Guests-of-Allah.pdf","https://haj.gov.sa/sitecore/service/notfound.aspx","haj.gov.sa","YES","403","HTTP_403","GET","text/html; charset=UTF-8","YES","YES","BLOCKED_FROM_AUTOMATED_CHECK","BLOCKED_FROM_AUTOMATED_CHECK","NEEDS_MANUAL_CONTENT_CHECK","0","المصدر الرسمي منع/قيّد الفحص أو أعاد عطلًا مؤقتًا (HTTP 403)؛ لا يعد رابطًا مكسورًا.","المصدر الرسمي منع/قيّد الفحص أو أعاد عطلًا مؤقتًا (HTTP 403)؛ لا يعد رابطًا مكسورًا.","2026-09-23","2026-09-23T16:42:50.176Z","2026-09-21","YES","NO","R-HAJ-NUSUK-PERMIT","1"
"SRC-MC-COMPLAINT-FOLLOW","شكوى على بلاغ","وزارة التجارة","OFFICIAL_SERVICE_PAGE","https://mc.gov.sa/ar/Pages/ReportConfirmation.aspx","https://mc.gov.sa/ar/Pages/ReportConfirmation.aspx","mc.gov.sa","YES","","fetch failed","GET","","YES","NO","BLOCKED_FROM_AUTOMATED_CHECK","BLOCKED_FROM_AUTOMATED_CHECK","NOT_MACHINE_READABLE","0","تعذر الاتصال الآلي بالمصدر الرسمي (fetch failed)؛ لا يعد رابطًا مكسورًا.","تعذر الاتصال الآلي بالمصدر الرسمي (fetch failed)؛ لا يعد رابطًا مكسورًا.","2026-09-23","2026-09-23T16:42:50.176Z","2026-09-15","YES","NO","R-SP-CONSUMER-ESCALATE","1"
"SRC-MC-CONCEALMENT","البرنامج الوطني لمكافحة التستر التجاري","وزارة التجارة","GENERAL_GOVERNMENT_INFORMATION","https://mc.gov.sa/ar/anticoncealment/","https://mc.gov.sa/ar/anticoncealment/","mc.gov.sa","YES","","fetch failed","GET","","YES","NO","BLOCKED_FROM_AUTOMATED_CHECK","BLOCKED_FROM_AUTOMATED_CHECK","NOT_MACHINE_READABLE","0","تعذر الاتصال الآلي بالمصدر الرسمي (fetch failed)؛ لا يعد رابطًا مكسورًا.","تعذر الاتصال الآلي بالمصدر الرسمي (fetch failed)؛ لا يعد رابطًا مكسورًا.","2026-09-23","2026-09-23T16:42:50.176Z","2026-09-21","YES","NO","R-MC-CONCEALMENT","1"
"SRC-MC-CONSUMER-REPORT","استقبال بلاغ تجاري","وزارة التجارة","OFFICIAL_SERVICE_PAGE","https://mc.gov.sa/ar/eservices/Pages/ServiceDetails.aspx?sID=55","https://mc.gov.sa/ar/eservices/Pages/ServiceDetails.aspx?sID=55","mc.gov.sa","YES","","fetch failed","GET","","YES","NO","BLOCKED_FROM_AUTOMATED_CHECK","BLOCKED_FROM_AUTOMATED_CHECK","NOT_MACHINE_READABLE","0","تعذر الاتصال الآلي بالمصدر الرسمي (fetch failed)؛ لا يعد رابطًا مكسورًا.","تعذر الاتصال الآلي بالمصدر الرسمي (fetch failed)؛ لا يعد رابطًا مكسورًا.","2026-09-23","2026-09-23T16:42:50.176Z","2026-09-15","YES","NO","R-SP-CONSUMER-REPORT | R-SP-CONSUMER-FOLLOW","2"
"SRC-MC-CR-ANNUAL","التأكيد السنوي لبيانات السجل التجاري","وزارة التجارة","OFFICIAL_SERVICE_PAGE","https://mc.gov.sa/ar/eservices/Pages/ServiceDetails.aspx?sID=15","https://mc.gov.sa/ar/eservices/Pages/ServiceDetails.aspx?sID=15","mc.gov.sa","YES","","fetch failed","GET","","YES","NO","BLOCKED_FROM_AUTOMATED_CHECK","BLOCKED_FROM_AUTOMATED_CHECK","NOT_MACHINE_READABLE","0","تعذر الاتصال الآلي بالمصدر الرسمي (fetch failed)؛ لا يعد رابطًا مكسورًا.","تعذر الاتصال الآلي بالمصدر الرسمي (fetch failed)؛ لا يعد رابطًا مكسورًا.","2026-09-23","2026-09-23T16:42:50.176Z","2026-09-21","YES","NO","R-SBC-CR-ANNUAL","1"
"SRC-MC-DEFECTIVE-RECALL","الاستعلام عن المنتجات المعيبة","وزارة التجارة","OFFICIAL_SERVICE_PAGE","https://mc.gov.sa/ar/eservices/Pages/ServiceDetails.aspx?sID=30","https://mc.gov.sa/ar/eservices/Pages/ServiceDetails.aspx?sID=30","mc.gov.sa","YES","","fetch failed","GET","","YES","NO","BLOCKED_FROM_AUTOMATED_CHECK","BLOCKED_FROM_AUTOMATED_CHECK","NOT_MACHINE_READABLE","0","تعذر الاتصال الآلي بالمصدر الرسمي (fetch failed)؛ لا يعد رابطًا مكسورًا.","تعذر الاتصال الآلي بالمصدر الرسمي (fetch failed)؛ لا يعد رابطًا مكسورًا.","2026-09-23","2026-09-23T16:42:50.176Z","2026-09-21","YES","NO","R-MC-VEHICLE-RECALL","1"
"SRC-MC-ECOM-RIGHTS","نظام التجارة الإلكترونية وحقوق المستهلك","وزارة التجارة","LEGAL_SOURCE","https://mc.gov.sa/ar/ecc/pages/default.aspx","https://mc.gov.sa/ar/ecc/pages/default.aspx","mc.gov.sa","YES","","fetch failed","GET","","YES","NO","BLOCKED_FROM_AUTOMATED_CHECK","BLOCKED_FROM_AUTOMATED_CHECK","NOT_MACHINE_READABLE","0","تعذر الاتصال الآلي بالمصدر الرسمي (fetch failed)؛ لا يعد رابطًا مكسورًا.","تعذر الاتصال الآلي بالمصدر الرسمي (fetch failed)؛ لا يعد رابطًا مكسورًا.","2026-09-23","2026-09-23T16:42:50.176Z","2026-09-20","YES","NO","R-SP-ECOM-DELAY | R-SP-ECOM-RETURN | R-SP-ECOM-REFUND","3"
"SRC-MC-FRANCHISE","قيد الامتياز التجاري (تسجيل - تعديل - إلغاء)","وزارة التجارة","OFFICIAL_SERVICE_PAGE","https://mc.gov.sa/ar/eservices/pages/servicedetails.aspx?sid=24","https://mc.gov.sa/ar/eservices/pages/servicedetails.aspx?sid=24","mc.gov.sa","YES","","fetch failed","GET","","YES","NO","BLOCKED_FROM_AUTOMATED_CHECK","BLOCKED_FROM_AUTOMATED_CHECK","NOT_MACHINE_READABLE","0","تعذر الاتصال الآلي بالمصدر الرسمي (fetch failed)؛ لا يعد رابطًا مكسورًا.","تعذر الاتصال الآلي بالمصدر الرسمي (fetch failed)؛ لا يعد رابطًا مكسورًا.","2026-09-23","2026-09-23T16:42:50.176Z","2026-09-14","YES","NO","","0"
"SRC-MC-TRADE-NAME","حجز اسم تجاري","وزارة التجارة","OFFICIAL_SERVICE_PAGE","https://mc.gov.sa/ar/eservices/Pages/ServiceDetails.aspx?sID=1","https://mc.gov.sa/ar/eservices/Pages/ServiceDetails.aspx?sID=1","mc.gov.sa","YES","","fetch failed","GET","","YES","NO","BLOCKED_FROM_AUTOMATED_CHECK","BLOCKED_FROM_AUTOMATED_CHECK","NOT_MACHINE_READABLE","0","تعذر الاتصال الآلي بالمصدر الرسمي (fetch failed)؛ لا يعد رابطًا مكسورًا.","تعذر الاتصال الآلي بالمصدر الرسمي (fetch failed)؛ لا يعد رابطًا مكسورًا.","2026-09-23","2026-09-23T16:42:50.176Z","2026-09-21","YES","NO","R-SBC-TRADE-NAME","1"
"SRC-MIM-INDUSTRIAL","منصة صناعي","وزارة الصناعة والثروة المعدنية","GENERAL_GOVERNMENT_INFORMATION","https://senaei.mc.gov.sa/","https://senaei.mc.gov.sa/","senaei.mc.gov.sa","YES","","fetch failed","GET","","YES","NO","BLOCKED_FROM_AUTOMATED_CHECK","BLOCKED_FROM_AUTOMATED_CHECK","NOT_MACHINE_READABLE","0","تعذر الاتصال الآلي بالمصدر الرسمي (fetch failed)؛ لا يعد رابطًا مكسورًا.","تعذر الاتصال الآلي بالمصدر الرسمي (fetch failed)؛ لا يعد رابطًا مكسورًا.","2026-09-23","2026-09-23T16:42:50.176Z","2026-09-21","YES","NO","R-MIM-INDUSTRIAL-LICENSE","1"
"SRC-MOJ-EXEC-LAW","نظام التنفيذ","هيئة الخبراء بمجلس الوزراء","LEGAL_SOURCE","https://laws.boe.gov.sa/BoeLaws/Laws/LawDetails/c81ba2f1-1bf1-443b-9b1c-a9a700f27110/1","https://laws.boe.gov.sa/BoeLaws/Laws/LawDetails/c81ba2f1-1bf1-443b-9b1c-a9a700f27110/1","laws.boe.gov.sa","YES","","fetch failed","GET","","YES","NO","BLOCKED_FROM_AUTOMATED_CHECK","BLOCKED_FROM_AUTOMATED_CHECK","NOT_MACHINE_READABLE","0","تعذر الاتصال الآلي بالمصدر الرسمي (fetch failed)؛ لا يعد رابطًا مكسورًا.","تعذر الاتصال الآلي بالمصدر الرسمي (fetch failed)؛ لا يعد رابطًا مكسورًا.","2026-09-23","2026-09-23T16:42:50.176Z","2026-09-22","YES","NO","","0"
"SRC-MOMRA-CONTRACTOR","تصنيف المقاولين","وزارة البلديات والإسكان","GENERAL_GOVERNMENT_INFORMATION","https://contractors.momah.gov.sa/","https://contractors.momah.gov.sa/","contractors.momah.gov.sa","YES","","fetch failed","GET","","YES","NO","BLOCKED_FROM_AUTOMATED_CHECK","BLOCKED_FROM_AUTOMATED_CHECK","NOT_MACHINE_READABLE","0","تعذر الاتصال الآلي بالمصدر الرسمي (fetch failed)؛ لا يعد رابطًا مكسورًا.","تعذر الاتصال الآلي بالمصدر الرسمي (fetch failed)؛ لا يعد رابطًا مكسورًا.","2026-09-23","2026-09-23T16:42:50.176Z","2026-09-21","YES","NO","R-MOMRA-CONTRACTOR","1"
"SRC-MONSHAT","منشآت — البرامج والخدمات","الهيئة العامة للمنشآت الصغيرة والمتوسطة","GENERAL_GOVERNMENT_INFORMATION","https://www.monshaat.gov.sa/","https://www.monshaat.gov.sa/","www.monshaat.gov.sa","YES","","fetch failed","GET","","YES","NO","BLOCKED_FROM_AUTOMATED_CHECK","BLOCKED_FROM_AUTOMATED_CHECK","NOT_MACHINE_READABLE","0","تعذر الاتصال الآلي بالمصدر الرسمي (fetch failed)؛ لا يعد رابطًا مكسورًا.","تعذر الاتصال الآلي بالمصدر الرسمي (fetch failed)؛ لا يعد رابطًا مكسورًا.","2026-09-23","2026-09-23T16:42:50.176Z","2026-09-21","YES","NO","R-MONSHAT-SUPPORT | R-MONSHAT-FINANCE","2"
"SRC-MOT-HOSPITALITY-RIGHTS","حقوق وواجبات السائح — مرافق الضيافة السياحية والشكاوى","وزارة السياحة","GENERAL_GOVERNMENT_INFORMATION","https://mt.gov.sa/tic/Pages/Rights-and-Duties.aspx","https://mt.gov.sa/tic/Pages/Rights-and-Duties.aspx","mt.gov.sa","YES","403","HTTP_403","GET","text/html; charset=UTF-8","YES","NO","BLOCKED_FROM_AUTOMATED_CHECK","BLOCKED_FROM_AUTOMATED_CHECK","NEEDS_MANUAL_CONTENT_CHECK","0","المصدر الرسمي منع/قيّد الفحص أو أعاد عطلًا مؤقتًا (HTTP 403)؛ لا يعد رابطًا مكسورًا.","المصدر الرسمي منع/قيّد الفحص أو أعاد عطلًا مؤقتًا (HTTP 403)؛ لا يعد رابطًا مكسورًا.","2026-09-23","2026-09-23T16:42:50.176Z","2026-09-19","YES","NO","R-TOURISM-HOSPITALITY-COMPLAINT | R-TOURISM-BOOKING-PRICE | R-TOURISM-SERVICE-QUALITY","3"
"SRC-MOT-LICENSE","بوابة تراخيص الأنشطة السياحية","وزارة السياحة","GENERAL_GOVERNMENT_INFORMATION","https://tlg.mt.gov.sa/","https://tlg.mt.gov.sa/","tlg.mt.gov.sa","YES","","fetch failed","GET","","YES","NO","BLOCKED_FROM_AUTOMATED_CHECK","BLOCKED_FROM_AUTOMATED_CHECK","NOT_MACHINE_READABLE","0","تعذر الاتصال الآلي بالمصدر الرسمي (fetch failed)؛ لا يعد رابطًا مكسورًا.","تعذر الاتصال الآلي بالمصدر الرسمي (fetch failed)؛ لا يعد رابطًا مكسورًا.","2026-09-23","2026-09-23T16:42:50.176Z","2026-09-21","YES","NO","R-MOT-TOURISM-LICENSE","1"
"SRC-MYGOV-CYBER-REPORT","Cyber Crime Reports — Ministry of Interior","المنصة الوطنية / وزارة الداخلية","OFFICIAL_SERVICE_PAGE","https://my.gov.sa/en/services/398352","https://my.gov.sa/en/services/398352","my.gov.sa","YES","403","HTTP_403","GET","text/html; charset=UTF-8","YES","NO","BLOCKED_FROM_AUTOMATED_CHECK","BLOCKED_FROM_AUTOMATED_CHECK","NEEDS_MANUAL_CONTENT_CHECK","0","المصدر الرسمي منع/قيّد الفحص أو أعاد عطلًا مؤقتًا (HTTP 403)؛ لا يعد رابطًا مكسورًا.","المصدر الرسمي منع/قيّد الفحص أو أعاد عطلًا مؤقتًا (HTTP 403)؛ لا يعد رابطًا مكسورًا.","2026-09-23","2026-09-23T16:42:50.176Z","2026-09-19","YES","NO","","0"
"SRC-NAZAHA-CORRUPTION","الإبلاغ عن فساد مالي أو إداري","هيئة الرقابة ومكافحة الفساد (نزاهة)","OFFICIAL_SERVICE_PAGE","https://my.gov.sa/en/services/21629","https://my.gov.sa/en/services/21629","my.gov.sa","YES","403","HTTP_403","GET","text/html; charset=UTF-8","YES","NO","BLOCKED_FROM_AUTOMATED_CHECK","BLOCKED_FROM_AUTOMATED_CHECK","NEEDS_MANUAL_CONTENT_CHECK","0","المصدر الرسمي منع/قيّد الفحص أو أعاد عطلًا مؤقتًا (HTTP 403)؛ لا يعد رابطًا مكسورًا.","المصدر الرسمي منع/قيّد الفحص أو أعاد عطلًا مؤقتًا (HTTP 403)؛ لا يعد رابطًا مكسورًا.","2026-09-23","2026-09-23T16:42:50.176Z","2026-09-21","YES","NO","R-SP-NAZAHA-CORRUPTION","1"
"SRC-NCAR-PERSONAL-STATUS-REG","لائحة نظام الأحوال الشخصية","المركز الوطني للوثائق والمحفوظات/منصة استطلاع الأنظمة","LEGAL_SOURCE","https://ncar.gov.sa/document-details/eyJpdiI6ImRxVHRENzEvS0I1WFBlbDR0Uk5PM1E9PSIsInZhbHVlIjoiRDNScjdoajNZc0dpZENLZDFyWHJhZz09IiwibWFjIjoiOTVhZTE3NTMwYWY1OWU4NmE0NWM0MDBiM2NhNThjZTgzZDhhZDQ4MDY5OGVmZmRmNzIyNTI5N2IwYjI1YzUzZSIsInRhZyI6IiJ9","https://ncar.gov.sa/document-details/eyJpdiI6ImRxVHRENzEvS0I1WFBlbDR0Uk5PM1E9PSIsInZhbHVlIjoiRDNScjdoajNZc0dpZENLZDFyWHJhZz09IiwibWFjIjoiOTVhZTE3NTMwYWY1OWU4NmE0NWM0MDBiM2NhNThjZTgzZDhhZDQ4MDY5OGVmZmRmNzIyNTI5N2IwYjI1YzUzZSIsInRhZyI6IiJ9","ncar.gov.sa","YES","","fetch failed","GET","","YES","NO","BLOCKED_FROM_AUTOMATED_CHECK","BLOCKED_FROM_AUTOMATED_CHECK","NOT_MACHINE_READABLE","0","تعذر الاتصال الآلي بالمصدر الرسمي (fetch failed)؛ لا يعد رابطًا مكسورًا.","تعذر الاتصال الآلي بالمصدر الرسمي (fetch failed)؛ لا يعد رابطًا مكسورًا.","2026-09-23","2026-09-23T16:42:50.176Z","2026-09-22","YES","NO","","0"
"SRC-RBR-COSTREG","اللائحة التنفيذية لنظام التكاليف القضائية","هيئة الخبراء بمجلس الوزراء","LEGAL_SOURCE","https://laws.boe.gov.sa/BoeLaws/Laws/LawDetails/d7e8efd3-4021-4413-8255-ae7c00f190de/1","https://laws.boe.gov.sa/BoeLaws/Laws/LawDetails/d7e8efd3-4021-4413-8255-ae7c00f190de/1","laws.boe.gov.sa","YES","","fetch failed","GET","","YES","NO","BLOCKED_FROM_AUTOMATED_CHECK","BLOCKED_FROM_AUTOMATED_CHECK","NOT_MACHINE_READABLE","0","تعذر الاتصال الآلي بالمصدر الرسمي (fetch failed)؛ لا يعد رابطًا مكسورًا.","تعذر الاتصال الآلي بالمصدر الرسمي (fetch failed)؛ لا يعد رابطًا مكسورًا.","2026-09-23","2026-09-23T16:42:50.176Z","2026-09-23","YES","NO","","0"
"SRC-RBR-COSTS-LAW","نظام التكاليف القضائية","هيئة الخبراء بمجلس الوزراء","LEGAL_SOURCE","https://laws.boe.gov.sa/BoeLaws/Laws/LawDetails/3e368087-7b31-46e7-8005-ada100b8f703/1","https://laws.boe.gov.sa/BoeLaws/Laws/LawDetails/3e368087-7b31-46e7-8005-ada100b8f703/1","laws.boe.gov.sa","YES","","fetch failed","GET","","YES","NO","BLOCKED_FROM_AUTOMATED_CHECK","BLOCKED_FROM_AUTOMATED_CHECK","NOT_MACHINE_READABLE","0","تعذر الاتصال الآلي بالمصدر الرسمي (fetch failed)؛ لا يعد رابطًا مكسورًا.","تعذر الاتصال الآلي بالمصدر الرسمي (fetch failed)؛ لا يعد رابطًا مكسورًا.","2026-09-23","2026-09-23T16:42:50.176Z","2026-09-23","YES","NO","","0"
"SRC-RBR-COSTS-REG","اللائحة التنفيذية لنظام التكاليف القضائية","هيئة الخبراء بمجلس الوزراء","LEGAL_SOURCE","https://laws.boe.gov.sa/BoeLaws/Laws/LawDetails/d7e8efd3-4021-4413-8255-ae7c00f190de/1","https://laws.boe.gov.sa/BoeLaws/Laws/LawDetails/d7e8efd3-4021-4413-8255-ae7c00f190de/1","laws.boe.gov.sa","YES","","fetch failed","GET","","YES","NO","BLOCKED_FROM_AUTOMATED_CHECK","BLOCKED_FROM_AUTOMATED_CHECK","NOT_MACHINE_READABLE","0","تعذر الاتصال الآلي بالمصدر الرسمي (fetch failed)؛ لا يعد رابطًا مكسورًا.","تعذر الاتصال الآلي بالمصدر الرسمي (fetch failed)؛ لا يعد رابطًا مكسورًا.","2026-09-23","2026-09-23T16:42:50.176Z","2026-09-23","YES","NO","","0"
"SRC-RBR-CPL","نظام المرافعات الشرعية","هيئة الخبراء بمجلس الوزراء","LEGAL_SOURCE","https://laws.boe.gov.sa/BoeLaws/Laws/LawDetails/f0eaae46-9f84-40ee-815e-a9a700f268b3/1","https://laws.boe.gov.sa/BoeLaws/Laws/LawDetails/f0eaae46-9f84-40ee-815e-a9a700f268b3/1","laws.boe.gov.sa","YES","","fetch failed","GET","","YES","NO","BLOCKED_FROM_AUTOMATED_CHECK","BLOCKED_FROM_AUTOMATED_CHECK","NOT_MACHINE_READABLE","0","تعذر الاتصال الآلي بالمصدر الرسمي (fetch failed)؛ لا يعد رابطًا مكسورًا.","تعذر الاتصال الآلي بالمصدر الرسمي (fetch failed)؛ لا يعد رابطًا مكسورًا.","2026-09-23","2026-09-23T16:42:50.176Z","2026-09-23","YES","NO","","0"
"SRC-RBR-EXEC","نظام التنفيذ","هيئة الخبراء بمجلس الوزراء","LEGAL_SOURCE","https://laws.boe.gov.sa/BoeLaws/Laws/LawDetails/c81ba2f1-1bf1-443b-9b1c-a9a700f27110/1","https://laws.boe.gov.sa/BoeLaws/Laws/LawDetails/c81ba2f1-1bf1-443b-9b1c-a9a700f27110/1","laws.boe.gov.sa","YES","","fetch failed","GET","","YES","NO","BLOCKED_FROM_AUTOMATED_CHECK","BLOCKED_FROM_AUTOMATED_CHECK","NOT_MACHINE_READABLE","0","تعذر الاتصال الآلي بالمصدر الرسمي (fetch failed)؛ لا يعد رابطًا مكسورًا.","تعذر الاتصال الآلي بالمصدر الرسمي (fetch failed)؛ لا يعد رابطًا مكسورًا.","2026-09-23","2026-09-23T16:42:50.176Z","2026-09-23","YES","NO","","0"
"SRC-SAKANI-DEVELOPMENTAL","طلب الاستفادة من خدمة الإسكان التنموي","برنامج سكني","OFFICIAL_SERVICE_PAGE","https://sakani.sa/services/tanmwy","https://sakani.sa/services/tanmwy","sakani.sa","YES","403","HTTP_403","GET","text/html; charset=UTF-8","YES","NO","BLOCKED_FROM_AUTOMATED_CHECK","BLOCKED_FROM_AUTOMATED_CHECK","NEEDS_MANUAL_CONTENT_CHECK","0","المصدر الرسمي منع/قيّد الفحص أو أعاد عطلًا مؤقتًا (HTTP 403)؛ لا يعد رابطًا مكسورًا.","المصدر الرسمي منع/قيّد الفحص أو أعاد عطلًا مؤقتًا (HTTP 403)؛ لا يعد رابطًا مكسورًا.","2026-09-23","2026-09-23T16:42:50.176Z","2026-09-21","YES","NO","R-SAKANI-DEVELOPMENTAL","1"
"SRC-SAKANI-ELIGIBILITY","التحقق من استحقاق الدعم السكني","برنامج سكني","OFFICIAL_SERVICE_PAGE","https://sakani.sa/services/check-eligibility","https://sakani.sa/services/check-eligibility","sakani.sa","YES","403","HTTP_403","GET","text/html; charset=UTF-8","YES","NO","BLOCKED_FROM_AUTOMATED_CHECK","BLOCKED_FROM_AUTOMATED_CHECK","NEEDS_MANUAL_CONTENT_CHECK","0","المصدر الرسمي منع/قيّد الفحص أو أعاد عطلًا مؤقتًا (HTTP 403)؛ لا يعد رابطًا مكسورًا.","المصدر الرسمي منع/قيّد الفحص أو أعاد عطلًا مؤقتًا (HTTP 403)؛ لا يعد رابطًا مكسورًا.","2026-09-23","2026-09-23T16:42:50.176Z","2026-09-21","YES","NO","R-SAKANI-ELIGIBILITY | R-SAKANI-ELIGIBILITY-APPEAL","2"
"SRC-SAKANI-POLICY","لائحة الدعم السكني","برنامج سكني","LEGAL_SOURCE","https://sakani.sa/housing-subsidy-policy","https://sakani.sa/housing-subsidy-policy","sakani.sa","YES","403","HTTP_403","GET","text/html; charset=UTF-8","YES","NO","BLOCKED_FROM_AUTOMATED_CHECK","BLOCKED_FROM_AUTOMATED_CHECK","NEEDS_MANUAL_CONTENT_CHECK","0","المصدر الرسمي منع/قيّد الفحص أو أعاد عطلًا مؤقتًا (HTTP 403)؛ لا يعد رابطًا مكسورًا.","المصدر الرسمي منع/قيّد الفحص أو أعاد عطلًا مؤقتًا (HTTP 403)؛ لا يعد رابطًا مكسورًا.","2026-09-23","2026-09-23T16:42:50.176Z","2026-09-21","YES","NO","R-SAKANI-GRIEVANCE","1"
"SRC-SBC-BO","خدمات المستفيد الحقيقي","المركز السعودي للأعمال","GENERAL_GOVERNMENT_INFORMATION","https://business.sa/","https://business.sa/","business.sa","YES","","fetch failed","GET","","YES","NO","BLOCKED_FROM_AUTOMATED_CHECK","BLOCKED_FROM_AUTOMATED_CHECK","NOT_MACHINE_READABLE","0","تعذر الاتصال الآلي بالمصدر الرسمي (fetch failed)؛ لا يعد رابطًا مكسورًا.","تعذر الاتصال الآلي بالمصدر الرسمي (fetch failed)؛ لا يعد رابطًا مكسورًا.","2026-09-23","2026-09-23T16:42:50.176Z","2026-09-21","YES","NO","R-SBC-BENEFICIAL-OWNER","1"
"SRC-SBC-COMPANY-EST","تأسيس الشركات عبر منصة الأعمال","المركز السعودي للأعمال","GENERAL_GOVERNMENT_INFORMATION","https://business.sa/","https://business.sa/","business.sa","YES","","fetch failed","GET","","YES","NO","BLOCKED_FROM_AUTOMATED_CHECK","BLOCKED_FROM_AUTOMATED_CHECK","NOT_MACHINE_READABLE","0","تعذر الاتصال الآلي بالمصدر الرسمي (fetch failed)؛ لا يعد رابطًا مكسورًا.","تعذر الاتصال الآلي بالمصدر الرسمي (fetch failed)؛ لا يعد رابطًا مكسورًا.","2026-09-23","2026-09-23T16:42:50.176Z","2026-09-21","YES","NO","R-SBC-COMPANY-EST","1"
"SRC-SBC-CR-CANCEL","شطب السجل التجاري","المركز السعودي للأعمال","GENERAL_GOVERNMENT_INFORMATION","https://business.sa/","https://business.sa/","business.sa","YES","","fetch failed","GET","","YES","NO","BLOCKED_FROM_AUTOMATED_CHECK","BLOCKED_FROM_AUTOMATED_CHECK","NOT_MACHINE_READABLE","0","تعذر الاتصال الآلي بالمصدر الرسمي (fetch failed)؛ لا يعد رابطًا مكسورًا.","تعذر الاتصال الآلي بالمصدر الرسمي (fetch failed)؛ لا يعد رابطًا مكسورًا.","2026-09-23","2026-09-23T16:42:50.176Z","2026-09-21","YES","NO","R-SBC-CR-CANCEL","1"
"SRC-SBC-CR-JOURNEY","رحلة المستثمر — إصدار السجلات التجارية وبدء النشاط","المركز السعودي للأعمال","OFFICIAL_SERVICE_PAGE","https://business.sa/","https://business.sa/","business.sa","YES","","fetch failed","GET","","YES","NO","BLOCKED_FROM_AUTOMATED_CHECK","BLOCKED_FROM_AUTOMATED_CHECK","NOT_MACHINE_READABLE","0","تعذر الاتصال الآلي بالمصدر الرسمي (fetch failed)؛ لا يعد رابطًا مكسورًا.","تعذر الاتصال الآلي بالمصدر الرسمي (fetch failed)؛ لا يعد رابطًا مكسورًا.","2026-09-23","2026-09-23T16:42:50.176Z","2026-09-21","YES","NO","R-SBC-CR-ISSUE","1"
"SRC-SBC-ECOM-DOC","توثيق التجارة الإلكترونية والاستعلام عن متجر إلكتروني موثق — منصة الأعمال","المركز السعودي للأعمال","GENERAL_GOVERNMENT_INFORMATION","https://business.sa/","https://business.sa/","business.sa","YES","","fetch failed","GET","","YES","NO","BLOCKED_FROM_AUTOMATED_CHECK","BLOCKED_FROM_AUTOMATED_CHECK","NOT_MACHINE_READABLE","0","تعذر الاتصال الآلي بالمصدر الرسمي (fetch failed)؛ لا يعد رابطًا مكسورًا.","تعذر الاتصال الآلي بالمصدر الرسمي (fetch failed)؛ لا يعد رابطًا مكسورًا.","2026-09-23","2026-09-23T16:42:50.176Z","2026-09-21","YES","NO","R-SBC-ECOM-DOC | R-SBC-ECOM-CHECK","2"
"SRC-SBC-SOLE-TRANSFER","خدمات السجل التجاري","المركز السعودي للأعمال","GENERAL_GOVERNMENT_INFORMATION","https://business.sa/","https://business.sa/","business.sa","YES","","fetch failed","GET","","YES","NO","BLOCKED_FROM_AUTOMATED_CHECK","BLOCKED_FROM_AUTOMATED_CHECK","NOT_MACHINE_READABLE","0","تعذر الاتصال الآلي بالمصدر الرسمي (fetch failed)؛ لا يعد رابطًا مكسورًا.","تعذر الاتصال الآلي بالمصدر الرسمي (fetch failed)؛ لا يعد رابطًا مكسورًا.","2026-09-23","2026-09-23T16:42:50.176Z","2026-09-21","YES","NO","R-SBC-SOLE-TRANSFER","1"
"SRC-SOCPA-MEMBERSHIP","دليل العضويات","الهيئة السعودية للمراجعين والمحاسبين","OFFICIAL_PROCEDURAL_GUIDE","https://socpa.org.sa/CMSPages/GetFile.aspx?guid=fb9e4ef9-296e-4c92-96a6-a94a89a26ce0","https://socpa.org.sa/CMSPages/GetFile.aspx?guid=fb9e4ef9-296e-4c92-96a6-a94a89a26ce0","socpa.org.sa","YES","","fetch failed","GET","","YES","NO","BLOCKED_FROM_AUTOMATED_CHECK","BLOCKED_FROM_AUTOMATED_CHECK","NOT_MACHINE_READABLE","0","تعذر الاتصال الآلي بالمصدر الرسمي (fetch failed)؛ لا يعد رابطًا مكسورًا.","تعذر الاتصال الآلي بالمصدر الرسمي (fetch failed)؛ لا يعد رابطًا مكسورًا.","2026-09-23","2026-09-23T16:42:50.176Z","2026-09-21","YES","NO","R-PRO-SOCPA","1"
"SRC-TAQEEM-MOTOR","تقييم أضرار المركبات ومنظومة تقدير","الهيئة السعودية للمقيّمين المعتمدين","GENERAL_GOVERNMENT_INFORMATION","https://taqeem.gov.sa/sector/vehicle","https://taqeem.gov.sa/sector/vehicle","taqeem.gov.sa","YES","403","HTTP_403","GET","text/html; charset=UTF-8","YES","NO","BLOCKED_FROM_AUTOMATED_CHECK","BLOCKED_FROM_AUTOMATED_CHECK","NEEDS_MANUAL_CONTENT_CHECK","0","المصدر الرسمي منع/قيّد الفحص أو أعاد عطلًا مؤقتًا (HTTP 403)؛ لا يعد رابطًا مكسورًا.","المصدر الرسمي منع/قيّد الفحص أو أعاد عطلًا مؤقتًا (HTTP 403)؛ لا يعد رابطًا مكسورًا.","2026-09-23","2026-09-23T16:42:50.176Z","2026-09-16","YES","NO","R-SP-MOTOR-ESTIMATE","1"
"SRC-TGA-E","الخدمات الإلكترونية والتراخيص","الهيئة العامة للنقل","GENERAL_GOVERNMENT_INFORMATION","https://eservices.tga.gov.sa/","https://eservices.tga.gov.sa/","eservices.tga.gov.sa","YES","","fetch failed","GET","","YES","NO","BLOCKED_FROM_AUTOMATED_CHECK","BLOCKED_FROM_AUTOMATED_CHECK","NOT_MACHINE_READABLE","0","تعذر الاتصال الآلي بالمصدر الرسمي (fetch failed)؛ لا يعد رابطًا مكسورًا.","تعذر الاتصال الآلي بالمصدر الرسمي (fetch failed)؛ لا يعد رابطًا مكسورًا.","2026-09-23","2026-09-23T16:42:50.176Z","2026-09-21","YES","NO","R-TGA-LICENSE","1"
"SRC-TGA-POSTAL-RIGHTS","حقوقك والتزاماتك مع شركات الطرود البريدية — الشكاوى والتصعيد","الهيئة العامة للنقل","GENERAL_GOVERNMENT_INFORMATION","https://www.tga.gov.sa/ar/WebSiteFile/bd07e77a-640e-4dd7-a24d-23ca361e8ea6","https://www.tga.gov.sa/ar/WebSiteFile/bd07e77a-640e-4dd7-a24d-23ca361e8ea6","www.tga.gov.sa","YES","","fetch failed","GET","","YES","NO","BLOCKED_FROM_AUTOMATED_CHECK","BLOCKED_FROM_AUTOMATED_CHECK","NOT_MACHINE_READABLE","0","تعذر الاتصال الآلي بالمصدر الرسمي (fetch failed)؛ لا يعد رابطًا مكسورًا.","تعذر الاتصال الآلي بالمصدر الرسمي (fetch failed)؛ لا يعد رابطًا مكسورًا.","2026-09-23","2026-09-23T16:42:50.176Z","2026-09-19","YES","NO","R-POSTAL-COMPLAINT | R-POSTAL-DAMAGE | R-POSTAL-ESCALATE","3"
"SRC100-PROOF","نظام الإثبات","هيئة الخبراء بمجلس الوزراء / وزارة العدل","LEGAL_SOURCE","https://laws.boe.gov.sa/BoeLaws/Laws/LawDetails/2716057c-c097-4bad-8e1e-ae1400c678d5/1","https://laws.boe.gov.sa/BoeLaws/Laws/LawDetails/2716057c-c097-4bad-8e1e-ae1400c678d5/1","laws.boe.gov.sa","YES","","fetch failed","GET","","YES","NO","BLOCKED_FROM_AUTOMATED_CHECK","BLOCKED_FROM_AUTOMATED_CHECK","NOT_MACHINE_READABLE","0","تعذر الاتصال الآلي بالمصدر الرسمي (fetch failed)؛ لا يعد رابطًا مكسورًا.","تعذر الاتصال الآلي بالمصدر الرسمي (fetch failed)؛ لا يعد رابطًا مكسورًا.","2026-09-23","2026-09-23T16:42:50.176Z","2026-09-23","YES","NO","R-EVID-BURDEN | R-EVID-ADMISSION | R-EVID-WRITING | R-EVID-DIGITAL | R-EVID-WITNESS | R-EVID-DOCUMENT-PRODUCTION | R-EVID-DENIAL-FORGERY | R-EVID-OATH | R-EVID-EXPERT | R-EVID-INSPECTION | R-EVID-RES-JUDICATA","11"
"SRC101-CYBER","بلاغات الجرائم المعلوماتية","المنصة الوطنية الموحدة / وزارة الداخلية","OFFICIAL_SERVICE_PAGE","https://my.gov.sa/.well-known/services/398352","https://my.gov.sa/.well-known/services/398352","my.gov.sa","YES","403","HTTP_403","GET","text/html; charset=UTF-8","YES","NO","BLOCKED_FROM_AUTOMATED_CHECK","BLOCKED_FROM_AUTOMATED_CHECK","NEEDS_MANUAL_CONTENT_CHECK","0","المصدر الرسمي منع/قيّد الفحص أو أعاد عطلًا مؤقتًا (HTTP 403)؛ لا يعد رابطًا مكسورًا.","المصدر الرسمي منع/قيّد الفحص أو أعاد عطلًا مؤقتًا (HTTP 403)؛ لا يعد رابطًا مكسورًا.","2026-09-23","2026-09-23T16:42:50.176Z","2026-09-23","YES","NO","R-CRIM-CYBER-REPORT","1"
"SRC107-PSL","نظام الأحوال الشخصية","هيئة الخبراء بمجلس الوزراء","LEGAL_SOURCE","https://laws.boe.gov.sa/BoeLaws/Laws/LawDetails/4d72d829-947b-45d5-b9b5-ae5800d6bac2/1","https://laws.boe.gov.sa/BoeLaws/Laws/LawDetails/4d72d829-947b-45d5-b9b5-ae5800d6bac2/1","laws.boe.gov.sa","YES","","fetch failed","GET","","YES","NO","BLOCKED_FROM_AUTOMATED_CHECK","BLOCKED_FROM_AUTOMATED_CHECK","NOT_MACHINE_READABLE","0","تعذر الاتصال الآلي بالمصدر الرسمي (fetch failed)؛ لا يعد رابطًا مكسورًا.","تعذر الاتصال الآلي بالمصدر الرسمي (fetch failed)؛ لا يعد رابطًا مكسورًا.","2026-09-23","2026-09-23T16:42:50.176Z","2026-09-23","YES","NO","R-FAM-MAHR-BEFORE | R-FAM-MAHR-DEBT | R-FAM-MAHR-DIVORCE-BEFORE | R-FAM-MAHR-EQUIVALENT","4"
"SRC110-CIV","نظام المعاملات المدنية","هيئة الخبراء بمجلس الوزراء","LEGAL_SOURCE","https://laws.boe.gov.sa/BoeLaws/Laws/LawDetails/655fdb42-8c96-422b-b8c4-b04f0095c94c/1","https://laws.boe.gov.sa/BoeLaws/Laws/LawDetails/655fdb42-8c96-422b-b8c4-b04f0095c94c/1","laws.boe.gov.sa","YES","","fetch failed","GET","","YES","NO","BLOCKED_FROM_AUTOMATED_CHECK","BLOCKED_FROM_AUTOMATED_CHECK","NOT_MACHINE_READABLE","0","تعذر الاتصال الآلي بالمصدر الرسمي (fetch failed)؛ لا يعد رابطًا مكسورًا.","تعذر الاتصال الآلي بالمصدر الرسمي (fetch failed)؛ لا يعد رابطًا مكسورًا.","2026-09-23","2026-09-23T16:42:50.176Z","2026-09-23","YES","NO","R-CIVIL-CONTRACTOR-DELAY | R-CIVIL-CONTRACTOR-PRICE-INCREASE | R-CIVIL-CONTRACTOR-ESTIMATE | R-CIVIL-SUBCONTRACT | R-CIVIL-CONTRACTOR-IMPOSSIBLE","5"
"SRC111-CIV","نظام المعاملات المدنية","هيئة الخبراء بمجلس الوزراء","LEGAL_SOURCE","https://laws.boe.gov.sa/BoeLaws/Laws/LawDetails/655fdb42-8c96-422b-b8c4-b04f0095c94c/1","https://laws.boe.gov.sa/BoeLaws/Laws/LawDetails/655fdb42-8c96-422b-b8c4-b04f0095c94c/1","laws.boe.gov.sa","YES","","fetch failed","GET","","YES","NO","BLOCKED_FROM_AUTOMATED_CHECK","BLOCKED_FROM_AUTOMATED_CHECK","NOT_MACHINE_READABLE","0","تعذر الاتصال الآلي بالمصدر الرسمي (fetch failed)؛ لا يعد رابطًا مكسورًا.","تعذر الاتصال الآلي بالمصدر الرسمي (fetch failed)؛ لا يعد رابطًا مكسورًا.","2026-09-23","2026-09-23T16:42:50.176Z","2026-09-23","YES","NO","R-CIVIL-UNDUE-PAYMENT | R-CIVIL-UNJUST-ENRICHMENT | R-CIVIL-SALE-RISK | R-CIVIL-SALE-OTHER-OWNER | R-CIVIL-SALE-COSTS | R-CIVIL-LOAN-REPAY | R-CIVIL-LOAN-INCREASE","7"
"SRC112-CIV","نظام المعاملات المدنية","هيئة الخبراء بمجلس الوزراء","LEGAL_SOURCE","https://laws.boe.gov.sa/BoeLaws/Laws/LawDetails/655fdb42-8c96-422b-b8c4-b04f0095c94c/1","https://laws.boe.gov.sa/BoeLaws/Laws/LawDetails/655fdb42-8c96-422b-b8c4-b04f0095c94c/1","laws.boe.gov.sa","YES","","fetch failed","GET","","YES","NO","BLOCKED_FROM_AUTOMATED_CHECK","BLOCKED_FROM_AUTOMATED_CHECK","NOT_MACHINE_READABLE","0","تعذر الاتصال الآلي بالمصدر الرسمي (fetch failed)؛ لا يعد رابطًا مكسورًا.","تعذر الاتصال الآلي بالمصدر الرسمي (fetch failed)؛ لا يعد رابطًا مكسورًا.","2026-09-23","2026-09-23T16:42:50.176Z","2026-09-23","YES","NO","R-CIVIL-RESCISSION-BREACH | R-CIVIL-INVALID-CONTRACT | R-CIVIL-LIQUIDATED-DAMAGES | R-CIVIL-LIMITATION | R-CIVIL-CONTRACTOR-TERMINATION","5"
"SRC115-CIV","نظام المعاملات المدنية","هيئة الخبراء بمجلس الوزراء","LEGAL_SOURCE","https://laws.boe.gov.sa/BoeLaws/Laws/LawDetails/655fdb42-8c96-422b-b8c4-b04f0095c94c/1","https://laws.boe.gov.sa/BoeLaws/Laws/LawDetails/655fdb42-8c96-422b-b8c4-b04f0095c94c/1","laws.boe.gov.sa","YES","","fetch failed","GET","","YES","NO","BLOCKED_FROM_AUTOMATED_CHECK","BLOCKED_FROM_AUTOMATED_CHECK","NOT_MACHINE_READABLE","0","تعذر الاتصال الآلي بالمصدر الرسمي (fetch failed)؛ لا يعد رابطًا مكسورًا.","تعذر الاتصال الآلي بالمصدر الرسمي (fetch failed)؛ لا يعد رابطًا مكسورًا.","2026-09-23","2026-09-23T16:42:50.176Z","2026-09-23","YES","NO","R-CIVIL-MISTAKE | R-CIVIL-FRAUD | R-CIVIL-DURESS | R-CIVIL-EXPLOITATION","4"
"SRC116-CIV","نظام المعاملات المدنية","هيئة الخبراء بمجلس الوزراء","LEGAL_SOURCE","https://laws.boe.gov.sa/BoeLaws/Laws/LawDetails/655fdb42-8c96-422b-b8c4-b04f0095c94c/1","https://laws.boe.gov.sa/BoeLaws/Laws/LawDetails/655fdb42-8c96-422b-b8c4-b04f0095c94c/1","laws.boe.gov.sa","YES","","fetch failed","GET","","YES","NO","BLOCKED_FROM_AUTOMATED_CHECK","BLOCKED_FROM_AUTOMATED_CHECK","NOT_MACHINE_READABLE","0","تعذر الاتصال الآلي بالمصدر الرسمي (fetch failed)؛ لا يعد رابطًا مكسورًا.","تعذر الاتصال الآلي بالمصدر الرسمي (fetch failed)؛ لا يعد رابطًا مكسورًا.","2026-09-23","2026-09-23T16:42:50.176Z","2026-09-23","YES","NO","R-CIVIL-RESCISSION-CLAUSE","1"
"SRC117-CIV","نظام المعاملات المدنية","هيئة الخبراء بمجلس الوزراء","LEGAL_SOURCE","https://laws.boe.gov.sa/BoeLaws/Laws/LawDetails/655fdb42-8c96-422b-b8c4-b04f0095c94c/1","https://laws.boe.gov.sa/BoeLaws/Laws/LawDetails/655fdb42-8c96-422b-b8c4-b04f0095c94c/1","laws.boe.gov.sa","YES","","fetch failed","GET","","YES","NO","BLOCKED_FROM_AUTOMATED_CHECK","BLOCKED_FROM_AUTOMATED_CHECK","NOT_MACHINE_READABLE","0","تعذر الاتصال الآلي بالمصدر الرسمي (fetch failed)؛ لا يعد رابطًا مكسورًا.","تعذر الاتصال الآلي بالمصدر الرسمي (fetch failed)؛ لا يعد رابطًا مكسورًا.","2026-09-23","2026-09-23T16:42:50.176Z","2026-09-23","YES","NO","R-CIVIL-SETOFF | R-CIVIL-SALE-EVICTION | R-CIVIL-SALE-NONPAYMENT-CLAUSE","3"
"SRC118-FAM","نظام الأحوال الشخصية","هيئة الخبراء بمجلس الوزراء","LEGAL_SOURCE","https://laws.boe.gov.sa/BoeLaws/Laws/LawDetails/4d72d829-947b-45d5-b9b5-ae5800d6bac2/1","https://laws.boe.gov.sa/BoeLaws/Laws/LawDetails/4d72d829-947b-45d5-b9b5-ae5800d6bac2/1","laws.boe.gov.sa","YES","","fetch failed","GET","","YES","NO","BLOCKED_FROM_AUTOMATED_CHECK","BLOCKED_FROM_AUTOMATED_CHECK","NOT_MACHINE_READABLE","0","تعذر الاتصال الآلي بالمصدر الرسمي (fetch failed)؛ لا يعد رابطًا مكسورًا.","تعذر الاتصال الآلي بالمصدر الرسمي (fetch failed)؛ لا يعد رابطًا مكسورًا.","2026-09-23","2026-09-23T16:42:50.176Z","2026-09-23","YES","NO","R-FAM-KHUL-DEEP | R-FAM-ANNUL-DEFECT | R-FAM-ANNUL-NO-MAINT","3"
"SRC120-FAM","نظام الأحوال الشخصية - الحضانة","هيئة الخبراء بمجلس الوزراء","LEGAL_SOURCE","https://laws.boe.gov.sa/BoeLaws/Laws/LawDetails/4d72d829-947b-45d5-b9b5-ae5800d6bac2/1","https://laws.boe.gov.sa/BoeLaws/Laws/LawDetails/4d72d829-947b-45d5-b9b5-ae5800d6bac2/1","laws.boe.gov.sa","YES","","fetch failed","GET","","YES","NO","BLOCKED_FROM_AUTOMATED_CHECK","BLOCKED_FROM_AUTOMATED_CHECK","NOT_MACHINE_READABLE","0","تعذر الاتصال الآلي بالمصدر الرسمي (fetch failed)؛ لا يعد رابطًا مكسورًا.","تعذر الاتصال الآلي بالمصدر الرسمي (fetch failed)؛ لا يعد رابطًا مكسورًا.","2026-09-23","2026-09-23T16:42:50.176Z","2026-09-23","YES","NO","R-FAM-CUSTODY-ORDER | R-FAM-CUSTODY-LOSS | R-FAM-CUSTODY-VISIT-RIGHT | R-FAM-CUSTODY-TRAVEL-PARENT | R-FAM-CUSTODY-TRAVEL-NONPARENT","5"
"SRC121-FAM","نظام الأحوال الشخصية","هيئة الخبراء بمجلس الوزراء","LEGAL_SOURCE","https://laws.boe.gov.sa/BoeLaws/Laws/LawDetails/4d72d829-947b-45d5-b9b5-ae5800d6bac2/1","https://laws.boe.gov.sa/BoeLaws/Laws/LawDetails/4d72d829-947b-45d5-b9b5-ae5800d6bac2/1","laws.boe.gov.sa","YES","","fetch failed","GET","","YES","NO","BLOCKED_FROM_AUTOMATED_CHECK","BLOCKED_FROM_AUTOMATED_CHECK","NOT_MACHINE_READABLE","0","تعذر الاتصال الآلي بالمصدر الرسمي (fetch failed)؛ لا يعد رابطًا مكسورًا.","تعذر الاتصال الآلي بالمصدر الرسمي (fetch failed)؛ لا يعد رابطًا مكسورًا.","2026-09-23","2026-09-23T16:42:50.176Z","2026-09-23","YES","NO","R-FAM-CUSTODY-DEEP | R-FAM-CUSTODY-LEFT-HOME | R-FAM-MINOR-GUARDIAN | R-FAM-GUARDIAN-CONTINUE | R-FAM-GUARDIAN-REMOVE","5"
"SRC124-FAM","نظام الأحوال الشخصية - التركة والإرث","هيئة الخبراء بمجلس الوزراء","LEGAL_SOURCE","https://laws.boe.gov.sa/BoeLaws/Laws/LawDetails/4d72d829-947b-45d5-b9b5-ae5800d6bac2/1","https://laws.boe.gov.sa/BoeLaws/Laws/LawDetails/4d72d829-947b-45d5-b9b5-ae5800d6bac2/1","laws.boe.gov.sa","YES","","fetch failed","GET","","YES","NO","BLOCKED_FROM_AUTOMATED_CHECK","BLOCKED_FROM_AUTOMATED_CHECK","NOT_MACHINE_READABLE","0","تعذر الاتصال الآلي بالمصدر الرسمي (fetch failed)؛ لا يعد رابطًا مكسورًا.","تعذر الاتصال الآلي بالمصدر الرسمي (fetch failed)؛ لا يعد رابطًا مكسورًا.","2026-09-23","2026-09-23T16:42:50.176Z","2026-09-23","YES","NO","R-FAM-ESTATE-PRIORITY | R-FAM-INHERITANCE-DIVORCED-SPOUSE | R-FAM-INHERITANCE-SPOUSE-SHARE | R-FAM-INHERITANCE-CORE-SHARES","4"
"SRC125-FAM","نظام الأحوال الشخصية - الإرث","هيئة الخبراء بمجلس الوزراء","LEGAL_SOURCE","https://laws.boe.gov.sa/BoeLaws/Laws/LawDetails/4d72d829-947b-45d5-b9b5-ae5800d6bac2/1","https://laws.boe.gov.sa/BoeLaws/Laws/LawDetails/4d72d829-947b-45d5-b9b5-ae5800d6bac2/1","laws.boe.gov.sa","YES","","fetch failed","GET","","YES","NO","BLOCKED_FROM_AUTOMATED_CHECK","BLOCKED_FROM_AUTOMATED_CHECK","NOT_MACHINE_READABLE","0","تعذر الاتصال الآلي بالمصدر الرسمي (fetch failed)؛ لا يعد رابطًا مكسورًا.","تعذر الاتصال الآلي بالمصدر الرسمي (fetch failed)؛ لا يعد رابطًا مكسورًا.","2026-09-23","2026-09-23T16:42:50.176Z","2026-09-23","YES","NO","R-FAM-INHERITANCE-ASABA | R-FAM-INHERITANCE-DHAWI-ARHAM | R-FAM-INHERITANCE-PREGNANCY","3"
"SRC127-FAM","نظام الأحوال الشخصية - ميراث المفقود والحمل والإقرار","هيئة الخبراء بمجلس الوزراء","LEGAL_SOURCE","https://laws.boe.gov.sa/BoeLaws/Laws/LawDetails/4d72d829-947b-45d5-b9b5-ae5800d6bac2/1","https://laws.boe.gov.sa/BoeLaws/Laws/LawDetails/4d72d829-947b-45d5-b9b5-ae5800d6bac2/1","laws.boe.gov.sa","YES","","fetch failed","GET","","YES","NO","BLOCKED_FROM_AUTOMATED_CHECK","BLOCKED_FROM_AUTOMATED_CHECK","NOT_MACHINE_READABLE","0","تعذر الاتصال الآلي بالمصدر الرسمي (fetch failed)؛ لا يعد رابطًا مكسورًا.","تعذر الاتصال الآلي بالمصدر الرسمي (fetch failed)؛ لا يعد رابطًا مكسورًا.","2026-09-23","2026-09-23T16:42:50.176Z","2026-09-23","YES","NO","R-FAM-INHERITANCE-ACKNOWLEDGED-HEIR","1"
"SRC128-FAM","نظام الأحوال الشخصية - الوصية","هيئة الخبراء بمجلس الوزراء","LEGAL_SOURCE","https://laws.boe.gov.sa/BoeLaws/Laws/LawDetails/4d72d829-947b-45d5-b9b5-ae5800d6bac2/1","https://laws.boe.gov.sa/BoeLaws/Laws/LawDetails/4d72d829-947b-45d5-b9b5-ae5800d6bac2/1","laws.boe.gov.sa","YES","","fetch failed","GET","","YES","NO","BLOCKED_FROM_AUTOMATED_CHECK","BLOCKED_FROM_AUTOMATED_CHECK","NOT_MACHINE_READABLE","0","تعذر الاتصال الآلي بالمصدر الرسمي (fetch failed)؛ لا يعد رابطًا مكسورًا.","تعذر الاتصال الآلي بالمصدر الرسمي (fetch failed)؛ لا يعد رابطًا مكسورًا.","2026-09-23","2026-09-23T16:42:50.176Z","2026-09-23","YES","NO","","0"
"SRC129-EVID","نظام الإثبات","هيئة الخبراء بمجلس الوزراء","LEGAL_SOURCE","https://laws.boe.gov.sa/BoeLaws/Laws/LawDetails/2716057c-c097-4bad-8e1e-ae1400c678d5/1","https://laws.boe.gov.sa/BoeLaws/Laws/LawDetails/2716057c-c097-4bad-8e1e-ae1400c678d5/1","laws.boe.gov.sa","YES","","fetch failed","GET","","YES","NO","BLOCKED_FROM_AUTOMATED_CHECK","BLOCKED_FROM_AUTOMATED_CHECK","NOT_MACHINE_READABLE","0","تعذر الاتصال الآلي بالمصدر الرسمي (fetch failed)؛ لا يعد رابطًا مكسورًا.","تعذر الاتصال الآلي بالمصدر الرسمي (fetch failed)؛ لا يعد رابطًا مكسورًا.","2026-09-23","2026-09-23T16:42:50.176Z","2026-09-23","YES","NO","","0"
"SRC130-FAM","نظام الأحوال الشخصية - العدة والنفقة","هيئة الخبراء بمجلس الوزراء","LEGAL_SOURCE","https://laws.boe.gov.sa/BoeLaws/Laws/LawDetails/4d72d829-947b-45d5-b9b5-ae5800d6bac2/1","https://laws.boe.gov.sa/BoeLaws/Laws/LawDetails/4d72d829-947b-45d5-b9b5-ae5800d6bac2/1","laws.boe.gov.sa","YES","","fetch failed","GET","","YES","NO","BLOCKED_FROM_AUTOMATED_CHECK","BLOCKED_FROM_AUTOMATED_CHECK","NOT_MACHINE_READABLE","0","تعذر الاتصال الآلي بالمصدر الرسمي (fetch failed)؛ لا يعد رابطًا مكسورًا.","تعذر الاتصال الآلي بالمصدر الرسمي (fetch failed)؛ لا يعد رابطًا مكسورًا.","2026-09-23","2026-09-23T16:42:50.176Z","2026-09-23","YES","NO","R-FAM-IDDAH-START | R-FAM-IDDAH-DEATH | R-FAM-IDDAH-PREGNANT | R-FAM-IDDAH-MAINT | R-FAM-CUSTODY-RESTORE | R-FAM-CUSTODY-NO-CLAIMANT | R-FAM-CUSTODY-NO-PARENTS | R-FAM-CUSTODY-AGE15-18","8"
"SRC132-EVID","نظام الإثبات","هيئة الخبراء بمجلس الوزراء","LEGAL_SOURCE","https://laws.boe.gov.sa/BoeLaws/Laws/LawDetails/2716057c-c097-4bad-8e1e-ae1400c678d5/1","https://laws.boe.gov.sa/BoeLaws/Laws/LawDetails/2716057c-c097-4bad-8e1e-ae1400c678d5/1","laws.boe.gov.sa","YES","","fetch failed","GET","","YES","NO","BLOCKED_FROM_AUTOMATED_CHECK","BLOCKED_FROM_AUTOMATED_CHECK","NOT_MACHINE_READABLE","0","تعذر الاتصال الآلي بالمصدر الرسمي (fetch failed)؛ لا يعد رابطًا مكسورًا.","تعذر الاتصال الآلي بالمصدر الرسمي (fetch failed)؛ لا يعد رابطًا مكسورًا.","2026-09-23","2026-09-23T16:42:50.176Z","2026-09-23","YES","NO","","0"
"SRC133-FAM","نظام الأحوال الشخصية - النفقة","هيئة الخبراء بمجلس الوزراء","LEGAL_SOURCE","https://laws.boe.gov.sa/BoeLaws/Laws/LawDetails/4d72d829-947b-45d5-b9b5-ae5800d6bac2/1","https://laws.boe.gov.sa/BoeLaws/Laws/LawDetails/4d72d829-947b-45d5-b9b5-ae5800d6bac2/1","laws.boe.gov.sa","YES","","fetch failed","GET","","YES","NO","BLOCKED_FROM_AUTOMATED_CHECK","BLOCKED_FROM_AUTOMATED_CHECK","NOT_MACHINE_READABLE","0","تعذر الاتصال الآلي بالمصدر الرسمي (fetch failed)؛ لا يعد رابطًا مكسورًا.","تعذر الاتصال الآلي بالمصدر الرسمي (fetch failed)؛ لا يعد رابطًا مكسورًا.","2026-09-23","2026-09-23T16:42:50.176Z","2026-09-23","YES","NO","R-FAM-NAFAQA-CHILD-FATHER-ABSENT | R-FAM-NAFAQA-CHILD-FATHER-UNABLE | R-FAM-NAFAQA-PARENTS | R-FAM-NAFAQA-RELATIVE | R-FAM-NAFAQA-PRIORITY","5"
"SRC134-FAM","نظام الأحوال الشخصية - النسب","هيئة الخبراء بمجلس الوزراء","LEGAL_SOURCE","https://laws.boe.gov.sa/BoeLaws/Laws/LawDetails/4d72d829-947b-45d5-b9b5-ae5800d6bac2/1","https://laws.boe.gov.sa/BoeLaws/Laws/LawDetails/4d72d829-947b-45d5-b9b5-ae5800d6bac2/1","laws.boe.gov.sa","YES","","fetch failed","GET","","YES","NO","BLOCKED_FROM_AUTOMATED_CHECK","BLOCKED_FROM_AUTOMATED_CHECK","NOT_MACHINE_READABLE","0","تعذر الاتصال الآلي بالمصدر الرسمي (fetch failed)؛ لا يعد رابطًا مكسورًا.","تعذر الاتصال الآلي بالمصدر الرسمي (fetch failed)؛ لا يعد رابطًا مكسورًا.","2026-09-23","2026-09-23T16:42:50.176Z","2026-09-23","YES","NO","R-FAM-LINEAGE-PROVE | R-FAM-LINEAGE-DENY","2"
"SRC136-FAM","نظام الأحوال الشخصية - الولاية والغائب والمفقود","هيئة الخبراء بمجلس الوزراء","LEGAL_SOURCE","https://laws.boe.gov.sa/BoeLaws/Laws/LawDetails/4d72d829-947b-45d5-b9b5-ae5800d6bac2/1","https://laws.boe.gov.sa/BoeLaws/Laws/LawDetails/4d72d829-947b-45d5-b9b5-ae5800d6bac2/1","laws.boe.gov.sa","YES","","fetch failed","GET","","YES","NO","BLOCKED_FROM_AUTOMATED_CHECK","BLOCKED_FROM_AUTOMATED_CHECK","NOT_MACHINE_READABLE","0","تعذر الاتصال الآلي بالمصدر الرسمي (fetch failed)؛ لا يعد رابطًا مكسورًا.","تعذر الاتصال الآلي بالمصدر الرسمي (fetch failed)؛ لا يعد رابطًا مكسورًا.","2026-09-23","2026-09-23T16:42:50.176Z","2026-09-23","YES","NO","R-FAM-GUARDIAN-END | R-FAM-ABSENT-ASSETS | R-FAM-MISSING-PERSON | R-FAM-MISSING-DEATH | R-FAM-MISSING-RETURN","5"
"SRC137-FAM","نظام الأحوال الشخصية - الحضانة","هيئة الخبراء بمجلس الوزراء","LEGAL_SOURCE","https://laws.boe.gov.sa/BoeLaws/Laws/LawDetails/4d72d829-947b-45d5-b9b5-ae5800d6bac2/1","https://laws.boe.gov.sa/BoeLaws/Laws/LawDetails/4d72d829-947b-45d5-b9b5-ae5800d6bac2/1","laws.boe.gov.sa","YES","","fetch failed","GET","","YES","NO","BLOCKED_FROM_AUTOMATED_CHECK","BLOCKED_FROM_AUTOMATED_CHECK","NOT_MACHINE_READABLE","0","تعذر الاتصال الآلي بالمصدر الرسمي (fetch failed)؛ لا يعد رابطًا مكسورًا.","تعذر الاتصال الآلي بالمصدر الرسمي (fetch failed)؛ لا يعد رابطًا مكسورًا.","2026-09-23","2026-09-23T16:42:50.176Z","2026-09-23","YES","NO","","0"
"SRC138-FAM","نظام الأحوال الشخصية","هيئة الخبراء بمجلس الوزراء","LEGAL_SOURCE","https://laws.boe.gov.sa/BoeLaws/Laws/LawDetails/4d72d829-947b-45d5-b9b5-ae5800d6bac2/1","https://laws.boe.gov.sa/BoeLaws/Laws/LawDetails/4d72d829-947b-45d5-b9b5-ae5800d6bac2/1","laws.boe.gov.sa","YES","","fetch failed","GET","","YES","NO","BLOCKED_FROM_AUTOMATED_CHECK","BLOCKED_FROM_AUTOMATED_CHECK","NOT_MACHINE_READABLE","0","تعذر الاتصال الآلي بالمصدر الرسمي (fetch failed)؛ لا يعد رابطًا مكسورًا.","تعذر الاتصال الآلي بالمصدر الرسمي (fetch failed)؛ لا يعد رابطًا مكسورًا.","2026-09-23","2026-09-23T16:42:50.176Z","2026-09-23","YES","NO","R-FAM-ANNUL-MAHR | R-FAM-ANNUL-INTERCOURSE | R-FAM-ANNUL-MISSING | R-FAM-MARRIAGE-CONDITION-BREACH | R-FAM-MARRIAGE-RECONTRACT","5"
"SRC139-FAM","نظام الأحوال الشخصية","هيئة الخبراء","LEGAL_SOURCE","https://laws.boe.gov.sa/BoeLaws/Laws/LawDetails/4d72d829-947b-45d5-b9b5-ae5800d6bac2/1","https://laws.boe.gov.sa/BoeLaws/Laws/LawDetails/4d72d829-947b-45d5-b9b5-ae5800d6bac2/1","laws.boe.gov.sa","YES","","fetch failed","GET","","YES","NO","BLOCKED_FROM_AUTOMATED_CHECK","BLOCKED_FROM_AUTOMATED_CHECK","NOT_MACHINE_READABLE","0","تعذر الاتصال الآلي بالمصدر الرسمي (fetch failed)؛ لا يعد رابطًا مكسورًا.","تعذر الاتصال الآلي بالمصدر الرسمي (fetch failed)؛ لا يعد رابطًا مكسورًا.","2026-09-23","2026-09-23T16:42:50.176Z","2026-09-23","YES","NO","R-FAM-ENGAGEMENT-GIFTS | R-FAM-ENGAGEMENT-MAHR | R-FAM-BREASTFEEDING-PROHIBITION | R-FAM-MARRIAGE-PERMANENT-PROHIBITION | R-FAM-MARRIAGE-TEMP-PROHIBITION","5"
"SRC140-FAM","نظام الأحوال الشخصية","هيئة الخبراء","LEGAL_SOURCE","https://laws.boe.gov.sa/BoeLaws/Laws/LawDetails/4d72d829-947b-45d5-b9b5-ae5800d6bac2/1","https://laws.boe.gov.sa/BoeLaws/Laws/LawDetails/4d72d829-947b-45d5-b9b5-ae5800d6bac2/1","laws.boe.gov.sa","YES","","fetch failed","GET","","YES","NO","BLOCKED_FROM_AUTOMATED_CHECK","BLOCKED_FROM_AUTOMATED_CHECK","NOT_MACHINE_READABLE","0","تعذر الاتصال الآلي بالمصدر الرسمي (fetch failed)؛ لا يعد رابطًا مكسورًا.","تعذر الاتصال الآلي بالمصدر الرسمي (fetch failed)؛ لا يعد رابطًا مكسورًا.","2026-09-23","2026-09-23T16:42:50.176Z","2026-09-23","YES","NO","R-FAM-MARRIAGE-CONDITION-VALIDITY | R-FAM-MARRIAGE-VALIDITY-REQ | R-FAM-MARRIAGE-VOID | R-FAM-MARRIAGE-DEFECTIVE | R-FAM-BREASTFEEDING-WAGE","5"
"SRC141-FAM","نظام الأحوال الشخصية","هيئة الخبراء بمجلس الوزراء","LEGAL_SOURCE","https://laws.boe.gov.sa/BoeLaws/Laws/LawDetails/4d72d829-947b-45d5-b9b5-ae5800d6bac2/1","https://laws.boe.gov.sa/BoeLaws/Laws/LawDetails/4d72d829-947b-45d5-b9b5-ae5800d6bac2/1","laws.boe.gov.sa","YES","","fetch failed","GET","","YES","NO","BLOCKED_FROM_AUTOMATED_CHECK","BLOCKED_FROM_AUTOMATED_CHECK","NOT_MACHINE_READABLE","0","تعذر الاتصال الآلي بالمصدر الرسمي (fetch failed)؛ لا يعد رابطًا مكسورًا.","تعذر الاتصال الآلي بالمصدر الرسمي (fetch failed)؛ لا يعد رابطًا مكسورًا.","2026-09-23","2026-09-23T16:42:50.176Z","2026-09-23","YES","NO","R-FAM-WILL-REVOKE | R-FAM-INHERITANCE-CALCULATOR | R-FAM-WILL-VALIDITY | R-FAM-WILL-MULTIPLE | R-FAM-ESTATE-RIGHTS-ORDER","5"
"SRC142-FAM","نظام الأحوال الشخصية","وزارة العدل","LEGAL_SOURCE","https://laws.boe.gov.sa/BoeLaws/Laws/LawDetails/4d72d829-947b-45d5-b9b5-ae5800d6bac2/1","https://laws.boe.gov.sa/BoeLaws/Laws/LawDetails/4d72d829-947b-45d5-b9b5-ae5800d6bac2/1","laws.boe.gov.sa","YES","","fetch failed","GET","","YES","NO","BLOCKED_FROM_AUTOMATED_CHECK","BLOCKED_FROM_AUTOMATED_CHECK","NOT_MACHINE_READABLE","0","تعذر الاتصال الآلي بالمصدر الرسمي (fetch failed)؛ لا يعد رابطًا مكسورًا.","تعذر الاتصال الآلي بالمصدر الرسمي (fetch failed)؛ لا يعد رابطًا مكسورًا.","2026-09-23","2026-09-23T16:42:50.176Z","2026-09-23","YES","NO","R-FAM-MINOR-ASSET-PERMISSION | R-FAM-MINOR-GUARDIAN-DISPUTE | R-FAM-MINOR-MAJORITY | R-FAM-GUARDIAN-FEE | R-FAM-INTERDICTION-IMPOSE | R-FAM-INTERDICTION-LIFT","6"
"SRC143-FAM","نظام الأحوال الشخصية - الإرث","هيئة الخبراء بمجلس الوزراء","LEGAL_SOURCE","https://laws.boe.gov.sa/BoeLaws/Laws/LawDetails/4d72d829-947b-45d5-b9b5-ae5800d6bac2/1","https://laws.boe.gov.sa/BoeLaws/Laws/LawDetails/4d72d829-947b-45d5-b9b5-ae5800d6bac2/1","laws.boe.gov.sa","YES","","fetch failed","GET","","YES","NO","BLOCKED_FROM_AUTOMATED_CHECK","BLOCKED_FROM_AUTOMATED_CHECK","NOT_MACHINE_READABLE","0","تعذر الاتصال الآلي بالمصدر الرسمي (fetch failed)؛ لا يعد رابطًا مكسورًا.","تعذر الاتصال الآلي بالمصدر الرسمي (fetch failed)؛ لا يعد رابطًا مكسورًا.","2026-09-23","2026-09-23T16:42:50.176Z","2026-09-23","YES","NO","R-FAM-INHERITANCE-AWL-RADD | R-FAM-INHERITANCE-HAJB | R-FAM-INHERITANCE-ASABA-DEEP | R-FAM-INHERITANCE-NO-HEIR | R-FAM-INHERITANCE-MISSING-PERSON | R-FAM-INHERITANCE-NO-FATHER-LINEAGE | R-FAM-INHERITANCE-TAKHARUJ","7"
"SRC144-FAM","نظام الأحوال الشخصية — المادة 134","وزارة العدل","LEGAL_SOURCE","https://laws.boe.gov.sa/BoeLaws/Laws/LawDetails/4d72d829-947b-45d5-b9b5-ae5800d6bac2/1","https://laws.boe.gov.sa/BoeLaws/Laws/LawDetails/4d72d829-947b-45d5-b9b5-ae5800d6bac2/1","laws.boe.gov.sa","YES","","fetch failed","GET","","YES","NO","BLOCKED_FROM_AUTOMATED_CHECK","BLOCKED_FROM_AUTOMATED_CHECK","NOT_MACHINE_READABLE","0","تعذر الاتصال الآلي بالمصدر الرسمي (fetch failed)؛ لا يعد رابطًا مكسورًا.","تعذر الاتصال الآلي بالمصدر الرسمي (fetch failed)؛ لا يعد رابطًا مكسورًا.","2026-09-23","2026-09-23T16:42:50.176Z","2026-09-23","YES","NO","R-FAM-VISIT-DEEP | R-FAM-CUSTODY-VISIT-MODIFY-JUDGMENT | R-FAM-ESTATE-MINOR-ABSENT | R-FAM-ESTATE-JUDICIAL-DIVISION | R-FAM-ESTATE-ASSET-MISSING","5"
"SRC145-FAM","نظام الأحوال الشخصية","هيئة الخبراء","LEGAL_SOURCE","https://laws.boe.gov.sa/BoeLaws/Laws/LawDetails/4d72d829-947b-45d5-b9b5-ae5800d6bac2/1","https://laws.boe.gov.sa/BoeLaws/Laws/LawDetails/4d72d829-947b-45d5-b9b5-ae5800d6bac2/1","laws.boe.gov.sa","YES","","fetch failed","GET","","YES","NO","BLOCKED_FROM_AUTOMATED_CHECK","BLOCKED_FROM_AUTOMATED_CHECK","NOT_MACHINE_READABLE","0","تعذر الاتصال الآلي بالمصدر الرسمي (fetch failed)؛ لا يعد رابطًا مكسورًا.","تعذر الاتصال الآلي بالمصدر الرسمي (fetch failed)؛ لا يعد رابطًا مكسورًا.","2026-09-23","2026-09-23T16:42:50.176Z","2026-09-23","YES","NO","R-FAM-ANNUL-DEEP | R-FAM-ADHL-DEEP | R-FAM-DIVORCE-DISPUTE","3"
"SRC146-FAM","نظام الأحوال الشخصية - المادة 25","هيئة الخبراء","LEGAL_SOURCE","https://laws.boe.gov.sa/BoeLaws/Laws/LawDetails/4d72d829-947b-45d5-b9b5-ae5800d6bac2/1","https://laws.boe.gov.sa/BoeLaws/Laws/LawDetails/4d72d829-947b-45d5-b9b5-ae5800d6bac2/1","laws.boe.gov.sa","YES","","fetch failed","GET","","YES","NO","BLOCKED_FROM_AUTOMATED_CHECK","BLOCKED_FROM_AUTOMATED_CHECK","NOT_MACHINE_READABLE","0","تعذر الاتصال الآلي بالمصدر الرسمي (fetch failed)؛ لا يعد رابطًا مكسورًا.","تعذر الاتصال الآلي بالمصدر الرسمي (fetch failed)؛ لا يعد رابطًا مكسورًا.","2026-09-23","2026-09-23T16:42:50.176Z","2026-09-23","YES","NO","R-FAM-BREASTFEEDING-DOC","1"
"SRC147-FAM","نظام الأحوال الشخصية","هيئة الخبراء","LEGAL_SOURCE","https://laws.boe.gov.sa/BoeLaws/Laws/LawDetails/4d72d829-947b-45d5-b9b5-ae5800d6bac2/1","https://laws.boe.gov.sa/BoeLaws/Laws/LawDetails/4d72d829-947b-45d5-b9b5-ae5800d6bac2/1","laws.boe.gov.sa","YES","","fetch failed","GET","","YES","NO","BLOCKED_FROM_AUTOMATED_CHECK","BLOCKED_FROM_AUTOMATED_CHECK","NOT_MACHINE_READABLE","0","تعذر الاتصال الآلي بالمصدر الرسمي (fetch failed)؛ لا يعد رابطًا مكسورًا.","تعذر الاتصال الآلي بالمصدر الرسمي (fetch failed)؛ لا يعد رابطًا مكسورًا.","2026-09-23","2026-09-23T16:42:50.176Z","2026-09-23","YES","NO","R-FAM-MULTIPLE-TRUSTEES","1"
"SRC153-FR","قيد الامتياز التجاري","وزارة التجارة","OFFICIAL_SERVICE_PAGE","https://mc.gov.sa/ar/eservices/pages/ServiceDetails.aspx?sID=24","https://mc.gov.sa/ar/eservices/pages/ServiceDetails.aspx?sID=24","mc.gov.sa","YES","","fetch failed","GET","","YES","NO","BLOCKED_FROM_AUTOMATED_CHECK","BLOCKED_FROM_AUTOMATED_CHECK","NOT_MACHINE_READABLE","0","تعذر الاتصال الآلي بالمصدر الرسمي (fetch failed)؛ لا يعد رابطًا مكسورًا.","تعذر الاتصال الآلي بالمصدر الرسمي (fetch failed)؛ لا يعد رابطًا مكسورًا.","2026-09-23","2026-09-23T16:42:50.176Z","2026-09-23","YES","NO","R-COMM-FRANCHISE-REGISTER | R-COMM-FRANCHISE-MANAGE | R-COMM-FRANCHISE-DISPUTE","3"
"SRC156-ARB","نظام التحكيم","هيئة الخبراء بمجلس الوزراء","LEGAL_SOURCE","https://laws.boe.gov.sa/BoeLaws/Laws/LawDetails/5535039e-13da-43f6-8f53-a9a700f26485/1","https://laws.boe.gov.sa/BoeLaws/Laws/LawDetails/5535039e-13da-43f6-8f53-a9a700f26485/1","laws.boe.gov.sa","YES","","fetch failed","GET","","YES","NO","BLOCKED_FROM_AUTOMATED_CHECK","BLOCKED_FROM_AUTOMATED_CHECK","NOT_MACHINE_READABLE","0","تعذر الاتصال الآلي بالمصدر الرسمي (fetch failed)؛ لا يعد رابطًا مكسورًا.","تعذر الاتصال الآلي بالمصدر الرسمي (fetch failed)؛ لا يعد رابطًا مكسورًا.","2026-09-23","2026-09-23T16:42:50.176Z","2026-09-23","YES","NO","R-COMM-ARBITRATION-WRITTEN | R-COMM-ARBITRATION-ENFORCE | R-COMM-ARBITRATION-NULLITY-EXEC","3"
"SRC69-CPL","نظام المرافعات الشرعية","هيئة الخبراء بمجلس الوزراء","LEGAL_SOURCE","https://laws.boe.gov.sa/BoeLaws/Laws/LawDetails/f0eaae46-9f84-40ee-815e-a9a700f268b3/1","https://laws.boe.gov.sa/BoeLaws/Laws/LawDetails/f0eaae46-9f84-40ee-815e-a9a700f268b3/1","laws.boe.gov.sa","YES","","fetch failed","GET","","YES","NO","BLOCKED_FROM_AUTOMATED_CHECK","BLOCKED_FROM_AUTOMATED_CHECK","NOT_MACHINE_READABLE","0","تعذر الاتصال الآلي بالمصدر الرسمي (fetch failed)؛ لا يعد رابطًا مكسورًا.","تعذر الاتصال الآلي بالمصدر الرسمي (fetch failed)؛ لا يعد رابطًا مكسورًا.","2026-09-23","2026-09-23T16:42:50.176Z","2026-09-23","YES","NO","R-PROC-DEADLINE-EXPIRED","1"
"SRC72-CPL","نظام المرافعات الشرعية","هيئة الخبراء بمجلس الوزراء","LEGAL_SOURCE","https://laws.boe.gov.sa/BoeLaws/Laws/LawDetails/f0eaae46-9f84-40ee-815e-a9a700f268b3/1","https://laws.boe.gov.sa/BoeLaws/Laws/LawDetails/f0eaae46-9f84-40ee-815e-a9a700f268b3/1","laws.boe.gov.sa","YES","","fetch failed","GET","","YES","NO","BLOCKED_FROM_AUTOMATED_CHECK","BLOCKED_FROM_AUTOMATED_CHECK","NOT_MACHINE_READABLE","0","تعذر الاتصال الآلي بالمصدر الرسمي (fetch failed)؛ لا يعد رابطًا مكسورًا.","تعذر الاتصال الآلي بالمصدر الرسمي (fetch failed)؛ لا يعد رابطًا مكسورًا.","2026-09-23","2026-09-23T16:42:50.176Z","2026-09-23","YES","NO","","0"
"SRC74-CPL","نظام المرافعات الشرعية","هيئة الخبراء بمجلس الوزراء","LEGAL_SOURCE","https://laws.boe.gov.sa/BoeLaws/Laws/LawDetails/f0eaae46-9f84-40ee-815e-a9a700f268b3/1","https://laws.boe.gov.sa/BoeLaws/Laws/LawDetails/f0eaae46-9f84-40ee-815e-a9a700f268b3/1","laws.boe.gov.sa","YES","","fetch failed","GET","","YES","NO","BLOCKED_FROM_AUTOMATED_CHECK","BLOCKED_FROM_AUTOMATED_CHECK","NOT_MACHINE_READABLE","0","تعذر الاتصال الآلي بالمصدر الرسمي (fetch failed)؛ لا يعد رابطًا مكسورًا.","تعذر الاتصال الآلي بالمصدر الرسمي (fetch failed)؛ لا يعد رابطًا مكسورًا.","2026-09-23","2026-09-23T16:42:50.176Z","2026-09-23","YES","NO","R-JUDGMENT-OBJECT | R-JUDGMENT-DEADLINE-REVIEW","2"
"SRC77-EJAR","الأسئلة الشائعة - عقد إيجار الموحد سند تنفيذي","إيجار","GENERAL_GOVERNMENT_INFORMATION","https://www.ejar.sa/ar/faqs","https://www.ejar.sa/ar/faqs","www.ejar.sa","YES","403","HTTP_403","GET","text/html; charset=UTF-8","YES","NO","BLOCKED_FROM_AUTOMATED_CHECK","BLOCKED_FROM_AUTOMATED_CHECK","NEEDS_MANUAL_CONTENT_CHECK","0","المصدر الرسمي منع/قيّد الفحص أو أعاد عطلًا مؤقتًا (HTTP 403)؛ لا يعد رابطًا مكسورًا.","المصدر الرسمي منع/قيّد الفحص أو أعاد عطلًا مؤقتًا (HTTP 403)؛ لا يعد رابطًا مكسورًا.","2026-09-23","2026-09-23T16:42:50.176Z","2026-09-23","YES","NO","R-REAL-LEASE-NONSTANDARD | R-REAL-LEASE-DISPUTE | R-REAL-GENERAL-COURT","3"
"SRC77-EJAR-RES","عقد إيجار السكني","إيجار","GENERAL_GOVERNMENT_INFORMATION","https://www.ejar.sa/ar/page/19420","https://www.ejar.sa/ar/page/19420","www.ejar.sa","YES","403","HTTP_403","GET","text/html; charset=UTF-8","YES","NO","BLOCKED_FROM_AUTOMATED_CHECK","BLOCKED_FROM_AUTOMATED_CHECK","NEEDS_MANUAL_CONTENT_CHECK","0","المصدر الرسمي منع/قيّد الفحص أو أعاد عطلًا مؤقتًا (HTTP 403)؛ لا يعد رابطًا مكسورًا.","المصدر الرسمي منع/قيّد الفحص أو أعاد عطلًا مؤقتًا (HTTP 403)؛ لا يعد رابطًا مكسورًا.","2026-09-23","2026-09-23T16:42:50.176Z","2026-09-23","YES","NO","","0"
"SRC79-CPL","نظام المرافعات الشرعية","هيئة الخبراء بمجلس الوزراء","LEGAL_SOURCE","https://laws.boe.gov.sa/BoeLaws/Laws/LawDetails/f0eaae46-9f84-40ee-815e-a9a700f268b3/1","https://laws.boe.gov.sa/BoeLaws/Laws/LawDetails/f0eaae46-9f84-40ee-815e-a9a700f268b3/1","laws.boe.gov.sa","YES","","fetch failed","GET","","YES","NO","BLOCKED_FROM_AUTOMATED_CHECK","BLOCKED_FROM_AUTOMATED_CHECK","NOT_MACHINE_READABLE","0","تعذر الاتصال الآلي بالمصدر الرسمي (fetch failed)؛ لا يعد رابطًا مكسورًا.","تعذر الاتصال الآلي بالمصدر الرسمي (fetch failed)؛ لا يعد رابطًا مكسورًا.","2026-09-23","2026-09-23T16:42:50.176Z","2026-09-23","YES","NO","R-CASE-STRUCK-REVIEW | R-PROC-ABSENCE | R-PROC-DEFENSES | R-PROC-DEADLINE-CALC | R-CASE-INTERRUPTION | R-JUDGMENT-OMITTED-REQUEST","6"
"SRC80-EXEC-LAW","نظام التنفيذ","هيئة الخبراء بمجلس الوزراء","LEGAL_SOURCE","https://laws.boe.gov.sa/BoeLaws/Laws/LawDetails/c81ba2f1-1bf1-443b-9b1c-a9a700f27110/1","https://laws.boe.gov.sa/BoeLaws/Laws/LawDetails/c81ba2f1-1bf1-443b-9b1c-a9a700f27110/1","laws.boe.gov.sa","YES","","fetch failed","GET","","YES","NO","BLOCKED_FROM_AUTOMATED_CHECK","BLOCKED_FROM_AUTOMATED_CHECK","NOT_MACHINE_READABLE","0","تعذر الاتصال الآلي بالمصدر الرسمي (fetch failed)؛ لا يعد رابطًا مكسورًا.","تعذر الاتصال الآلي بالمصدر الرسمي (fetch failed)؛ لا يعد رابطًا مكسورًا.","2026-09-23","2026-09-23T16:42:50.176Z","2026-09-23","YES","NO","R-EXEC-ACTION-TEXT-REVIEW | R-EXEC-LIFT46 | R-EXEC-DISPUTE | R-EXEC-ARTICLE46 | R-EXEC-FIVE-DAYS","5"
"SRC81-EXEC","نظام التنفيذ","هيئة الخبراء بمجلس الوزراء","LEGAL_SOURCE","https://laws.boe.gov.sa/BoeLaws/Laws/LawDetails/c81ba2f1-1bf1-443b-9b1c-a9a700f27110/1","https://laws.boe.gov.sa/BoeLaws/Laws/LawDetails/c81ba2f1-1bf1-443b-9b1c-a9a700f27110/1","laws.boe.gov.sa","YES","","fetch failed","GET","","YES","NO","BLOCKED_FROM_AUTOMATED_CHECK","BLOCKED_FROM_AUTOMATED_CHECK","NOT_MACHINE_READABLE","0","تعذر الاتصال الآلي بالمصدر الرسمي (fetch failed)؛ لا يعد رابطًا مكسورًا.","تعذر الاتصال الآلي بالمصدر الرسمي (fetch failed)؛ لا يعد رابطًا مكسورًا.","2026-09-23","2026-09-23T16:42:50.176Z","2026-09-23","YES","NO","R-EXEC-AFTER34 | R-EXEC-MERITS-NOT-DISPUTE","2"
"SRC82-PSL","نظام الأحوال الشخصية","هيئة الخبراء بمجلس الوزراء","LEGAL_SOURCE","https://laws.boe.gov.sa/BoeLaws/Laws/LawDetails/4d72d829-947b-45d5-b9b5-ae5800d6bac2/1","https://laws.boe.gov.sa/BoeLaws/Laws/LawDetails/4d72d829-947b-45d5-b9b5-ae5800d6bac2/1","laws.boe.gov.sa","YES","","fetch failed","GET","","YES","NO","BLOCKED_FROM_AUTOMATED_CHECK","BLOCKED_FROM_AUTOMATED_CHECK","NOT_MACHINE_READABLE","0","تعذر الاتصال الآلي بالمصدر الرسمي (fetch failed)؛ لا يعد رابطًا مكسورًا.","تعذر الاتصال الآلي بالمصدر الرسمي (fetch failed)؛ لا يعد رابطًا مكسورًا.","2026-09-23","2026-09-23T16:42:50.176Z","2026-09-23","YES","NO","","0"
"SRC84-ARB","نظام التحكيم","هيئة الخبراء بمجلس الوزراء","LEGAL_SOURCE","https://laws.boe.gov.sa/BoeLaws/Laws/LawDetails/7e95b5f8-5f24-4d6a-8f39-a9a700f16e0b/1","https://laws.boe.gov.sa/BoeLaws/Laws/LawDetails/7e95b5f8-5f24-4d6a-8f39-a9a700f16e0b/1","laws.boe.gov.sa","YES","","fetch failed","GET","","YES","NO","BLOCKED_FROM_AUTOMATED_CHECK","BLOCKED_FROM_AUTOMATED_CHECK","NOT_MACHINE_READABLE","0","تعذر الاتصال الآلي بالمصدر الرسمي (fetch failed)؛ لا يعد رابطًا مكسورًا.","تعذر الاتصال الآلي بالمصدر الرسمي (fetch failed)؛ لا يعد رابطًا مكسورًا.","2026-09-23","2026-09-23T16:42:50.176Z","2026-09-23","YES","NO","R-COMM-ARBITRATION-CLAUSE | R-COMM-ARBITRATION-ACTIVE | R-COMM-ARBITRATION-AWARD-EXEC | R-COMM-ARBITRATION-ANNUL","4"
"SRC84-EXEC","نظام التنفيذ","هيئة الخبراء بمجلس الوزراء","LEGAL_SOURCE","https://laws.boe.gov.sa/BoeLaws/Laws/LawDetails/c81ba2f1-1bf1-443b-9b1c-a9a700f27110/1","https://laws.boe.gov.sa/BoeLaws/Laws/LawDetails/c81ba2f1-1bf1-443b-9b1c-a9a700f27110/1","laws.boe.gov.sa","YES","","fetch failed","GET","","YES","NO","BLOCKED_FROM_AUTOMATED_CHECK","BLOCKED_FROM_AUTOMATED_CHECK","NOT_MACHINE_READABLE","0","تعذر الاتصال الآلي بالمصدر الرسمي (fetch failed)؛ لا يعد رابطًا مكسورًا.","تعذر الاتصال الآلي بالمصدر الرسمي (fetch failed)؛ لا يعد رابطًا مكسورًا.","2026-09-23","2026-09-23T16:42:50.176Z","2026-09-23","YES","NO","","0"
"SRC95-CPL","نظام المرافعات الشرعية","هيئة الخبراء بمجلس الوزراء","LEGAL_SOURCE","https://laws.boe.gov.sa/BoeLaws/Laws/LawDetails/f0eaae46-9f84-40ee-815e-a9a700f268b3/1","https://laws.boe.gov.sa/BoeLaws/Laws/LawDetails/f0eaae46-9f84-40ee-815e-a9a700f268b3/1","laws.boe.gov.sa","YES","","fetch failed","GET","","YES","NO","BLOCKED_FROM_AUTOMATED_CHECK","BLOCKED_FROM_AUTOMATED_CHECK","NOT_MACHINE_READABLE","0","تعذر الاتصال الآلي بالمصدر الرسمي (fetch failed)؛ لا يعد رابطًا مكسورًا.","تعذر الاتصال الآلي بالمصدر الرسمي (fetch failed)؛ لا يعد رابطًا مكسورًا.","2026-09-23","2026-09-23T16:42:50.176Z","2026-09-23","YES","NO","","0"
"SRC95-PSL","نظام الأحوال الشخصية","هيئة الخبراء بمجلس الوزراء","LEGAL_SOURCE","https://laws.boe.gov.sa/BoeLaws/Laws/LawDetails/4d72d829-947b-45d5-b9b5-ae5800d6bac2/1","https://laws.boe.gov.sa/BoeLaws/Laws/LawDetails/4d72d829-947b-45d5-b9b5-ae5800d6bac2/1","laws.boe.gov.sa","YES","","fetch failed","GET","","YES","NO","BLOCKED_FROM_AUTOMATED_CHECK","BLOCKED_FROM_AUTOMATED_CHECK","NOT_MACHINE_READABLE","0","تعذر الاتصال الآلي بالمصدر الرسمي (fetch failed)؛ لا يعد رابطًا مكسورًا.","تعذر الاتصال الآلي بالمصدر الرسمي (fetch failed)؛ لا يعد رابطًا مكسورًا.","2026-09-23","2026-09-23T16:42:50.176Z","2026-09-23","YES","NO","R-FAM-KHUL-AGREED | R-FAM-KHUL-MAHR | R-FAM-KHUL-CHILD-RIGHTS | R-FAM-WILL-LIMITS | R-FAM-WILL-AFTER-DEBTS | R-FAM-INHERITANCE-ELIGIBILITY | R-FAM-INHERITANCE-KILLING | R-FAM-INHERITANCE-RELIGION | R-FAM-INHERITANCE-SIMULTANEOUS-DEATH | R-FAM-WILL-ACCEPT-REJECT","10"
"SRC99-ARB","نظام التحكيم","هيئة الخبراء بمجلس الوزراء","LEGAL_SOURCE","https://laws.boe.gov.sa/BoeLaws/Laws/LawDetails/5535039e-13da-43f6-8f53-a9a700f26485/1","https://laws.boe.gov.sa/BoeLaws/Laws/LawDetails/5535039e-13da-43f6-8f53-a9a700f26485/1","laws.boe.gov.sa","YES","","fetch failed","GET","","YES","NO","BLOCKED_FROM_AUTOMATED_CHECK","BLOCKED_FROM_AUTOMATED_CHECK","NOT_MACHINE_READABLE","0","تعذر الاتصال الآلي بالمصدر الرسمي (fetch failed)؛ لا يعد رابطًا مكسورًا.","تعذر الاتصال الآلي بالمصدر الرسمي (fetch failed)؛ لا يعد رابطًا مكسورًا.","2026-09-23","2026-09-23T16:42:50.176Z","2026-09-23","YES","NO","R-REAL-CONTRACT-ARBITRATION","1"
"SRCNEXT-CIV","نظام المعاملات المدنية","هيئة الخبراء بمجلس الوزراء","LEGAL_SOURCE","https://laws.boe.gov.sa/BoeLaws/Laws/LawDetails/655fdb42-8c96-422b-b8c4-b04f0095c94c/1","https://laws.boe.gov.sa/BoeLaws/Laws/LawDetails/655fdb42-8c96-422b-b8c4-b04f0095c94c/1","laws.boe.gov.sa","YES","","fetch failed","GET","","YES","NO","BLOCKED_FROM_AUTOMATED_CHECK","BLOCKED_FROM_AUTOMATED_CHECK","NOT_MACHINE_READABLE","0","تعذر الاتصال الآلي بالمصدر الرسمي (fetch failed)؛ لا يعد رابطًا مكسورًا.","تعذر الاتصال الآلي بالمصدر الرسمي (fetch failed)؛ لا يعد رابطًا مكسورًا.","2026-09-23","2026-09-23T16:42:50.176Z","2026-09-23","YES","NO","","0"
"SRC-IAM-NAFATH","النفاذ الوطني الموحد","النفاذ الوطني الموحد","GENERAL_GOVERNMENT_INFORMATION","https://www.iam.gov.sa/","https://www.iam.gov.sa/idpinit/process?lang=ar","www.iam.gov.sa","YES","206","HTTP_206","GET","text/html;charset=utf-8","YES","YES","LOGIN_REQUIRED","LOGIN_REQUIRED","NEEDS_MANUAL_CONTENT_CHECK","0","الوصول إلى المحتوى يتطلب تسجيل دخول (HTTP 206).","الوصول إلى المحتوى يتطلب تسجيل دخول (HTTP 206).","2026-09-23","2026-09-23T16:42:50.176Z","2026-09-21","YES","NO","R-DIGITAL-NAFATH-SUPPORT | R-DOCUMENTATION-SERVICE-CHECK","2"
"SRC-CA-AMOUNT-2026","مقدار الدعم المقدم من خلال حساب المواطن","برنامج حساب المواطن","OFFICIAL_PROCEDURAL_GUIDE","https://portal.ca.gov.sa/sites/default/files/مقدار الدعم المقدم من خلال حساب المواطن_0.pdf","https://portal.ca.gov.sa/sites/default/files/%D9%85%D9%82%D8%AF%D8%A7%D8%B1%20%D8%A7%D9%84%D8%AF%D8%B9%D9%85%20%D8%A7%D9%84%D9%85%D9%82%D8%AF%D9%85%20%D9%85%D9%86%20%D8%AE%D9%84%D8%A7%D9%84%20%D8%AD%D8%B3%D8%A7%D8%A8%20%D8%A7%D9%84%D9%85%D9%88%D8%A7%D8%B7%D9%86_0.pdf","portal.ca.gov.sa","YES","206","HTTP_206","GET","text/html","YES","NO","PDF_OR_DOCUMENT","PDF_OR_DOCUMENT","LIKELY_RELEVANT","2","رابط وثيقة رسمية استجاب؛ يلزم فتح الوثيقة للتحقق من مضمونها.","رابط وثيقة رسمية استجاب؛ يلزم فتح الوثيقة للتحقق من مضمونها.","2026-09-23","2026-09-23T16:42:50.176Z","2026-09-21","NO","NO","R-CA-PAYMENT-COMPLAINT | R-CA-IBAN","2"
"SRC-CA-RULES-2026","ضوابط الدعم المقدم من خلال برنامج حساب المواطن","برنامج حساب المواطن","OFFICIAL_PROCEDURAL_GUIDE","https://portal.ca.gov.sa/sites/default/files/لوائح وأنظمة ضوابط الدعم المقدم من خلال برنامج حساب المواطن.pdf","https://portal.ca.gov.sa/sites/default/files/%D9%84%D9%88%D8%A7%D8%A6%D8%AD%20%D9%88%D8%A3%D9%86%D8%B8%D9%85%D8%A9%20%D8%B6%D9%88%D8%A7%D8%A8%D8%B7%20%D8%A7%D9%84%D8%AF%D8%B9%D9%85%20%D8%A7%D9%84%D9%85%D9%82%D8%AF%D9%85%20%D9%85%D9%86%20%D8%AE%D9%84%D8%A7%D9%84%20%D8%A8%D8%B1%D9%86%D8%A7%D9%85%D8%AC%20%D8%AD%D8%B3%D8%A7%D8%A8%20%D8%A7%D9%84%D9%85%D9%88%D8%A7%D8%B7%D9%86.pdf","portal.ca.gov.sa","YES","206","HTTP_206","GET","text/html","YES","NO","PDF_OR_DOCUMENT","PDF_OR_DOCUMENT","LIKELY_RELEVANT","2","رابط وثيقة رسمية استجاب؛ يلزم فتح الوثيقة للتحقق من مضمونها.","رابط وثيقة رسمية استجاب؛ يلزم فتح الوثيقة للتحقق من مضمونها.","2026-09-23","2026-09-23T16:42:50.176Z","2026-09-21","NO","NO","R-CA-APPEAL","1"
"SRC-CMA-CRSD","الدليل الإرشادي — الدعاوى المدنية والتظلمات الإدارية","الأمانة العامة للجان الفصل في منازعات الأوراق المالية","OFFICIAL_PROCEDURAL_GUIDE","https://crsd.org.sa/ar/Guidelines/Documents/%D8%A7%D9%84%D8%AF%D9%84%D9%8A%D9%84%20%D8%A7%D9%84%D8%A5%D8%B1%D8%B4%D8%A7%D8%AF%D9%8A.pdf","https://crsd.org.sa/ar/Guidelines/Documents/%D8%A7%D9%84%D8%AF%D9%84%D9%8A%D9%84%20%D8%A7%D9%84%D8%A5%D8%B1%D8%B4%D8%A7%D8%AF%D9%8A.pdf","crsd.org.sa","YES","","fetch failed","GET","","YES","NO","PDF_OR_DOCUMENT","PDF_OR_DOCUMENT","NOT_MACHINE_READABLE","0","الرابط وثيقة رسمية لكن الوصول الآلي تعذر (fetch failed).","الرابط وثيقة رسمية لكن الوصول الآلي تعذر (fetch failed).","2026-09-23","2026-09-23T16:42:50.176Z","2026-09-16","NO","NO","R-SP-CMA-COMPLAINT | R-SP-CMA-WAIT | R-SP-CRSD-FILE | R-SP-CMA-ADMIN-GRIEVANCE | R-SP-CMA-ADMIN-FOLLOWUP","5"
"SRC-GACA-PASSENGER-RIGHTS","لائحة حماية حقوق المسافرين — ضوابط وشروط تقديم الشكوى","الهيئة العامة للطيران المدني","LEGAL_SOURCE","https://gaca.gov.sa/-/media/Files/PDF/Content--Pages/Know-your-rights-AR.pdf","https://gaca.gov.sa/-/media/Files/PDF/Content--Pages/Know-your-rights-AR.pdf","gaca.gov.sa","YES","","fetch failed","GET","","YES","NO","PDF_OR_DOCUMENT","PDF_OR_DOCUMENT","NOT_MACHINE_READABLE","0","الرابط وثيقة رسمية لكن الوصول الآلي تعذر (fetch failed).","الرابط وثيقة رسمية لكن الوصول الآلي تعذر (fetch failed).","2026-09-23","2026-09-23T16:42:50.176Z","2026-09-21","NO","NO","R-SPECIAL-AIR-PASSENGER | R-SPECIAL-AIR-FOLLOW | R-SPECIAL-AIR-ESCALATE","3"
"SRC-MOI-EMERGENCY","الدليل الرقمي — أرقام الطوارئ","وزارة الداخلية","OFFICIAL_PROCEDURAL_GUIDE","https://www.moi.gov.sa/wps/wcm/connect/1d7766f8-b8af-40cb-a3c7-55603ee286ec/Guidance.pdf?CACHEID=ROOTWORKSPACE-1d7766f8-b8af-40cb-a3c7-55603ee286ec-o0jvZ6U&CONVERT_TO=url&MOD=AJPERES","https://www.moi.gov.sa/wps/wcm/connect/1d7766f8-b8af-40cb-a3c7-55603ee286ec/Guidance.pdf?CACHEID=ROOTWORKSPACE-1d7766f8-b8af-40cb-a3c7-55603ee286ec-o0jvZ6U&CONVERT_TO=url&MOD=AJPERES","www.moi.gov.sa","YES","","fetch failed","GET","","YES","NO","PDF_OR_DOCUMENT","PDF_OR_DOCUMENT","NOT_MACHINE_READABLE","0","الرابط وثيقة رسمية لكن الوصول الآلي تعذر (fetch failed).","الرابط وثيقة رسمية لكن الوصول الآلي تعذر (fetch failed).","2026-09-23","2026-09-23T16:42:50.176Z","2026-09-18","NO","NO","R-DV-IMMEDIATE","1"
"SRC-MOJ-BREASTFEEDING-DOC","وزارة العدل — دليل خدمة توثيق الرضاعة عبر ناجز","وزارة العدل","OFFICIAL_PROCEDURAL_GUIDE","https://www.moj.gov.sa/sites/knowledgebase/Documents02/CRM_CCTS_6bf85c7c-4aa4-4d9b-824c-9019fc400ac7.pdf","https://www.moj.gov.sa/sites/knowledgebase/Documents02/CRM_CCTS_6bf85c7c-4aa4-4d9b-824c-9019fc400ac7.pdf","www.moj.gov.sa","YES","200","HTTP_200","HEAD","application/pdf","YES","NO","PDF_OR_DOCUMENT","PDF_OR_DOCUMENT","DOCUMENT_LINK_ONLY","0","رابط وثيقة رسمية استجاب؛ يلزم فتح الوثيقة للتحقق من مضمونها.","رابط وثيقة رسمية استجاب؛ يلزم فتح الوثيقة للتحقق من مضمونها.","2026-09-23","2026-09-23T16:42:50.176Z","2026-09-22","NO","NO","","0"
"SRC-MOJ-EXEC-34-GUIDE","دليل خدمة طلب إصدار قرار 34 عبر ناجز","وزارة العدل","LEGAL_SOURCE","https://www.moj.gov.sa/sites/knowledgebase/Documents02/CRM_CCTS_4fa4ff3f-8f52-43c9-b80c-d214d8b5f79d.pdf","https://www.moj.gov.sa/sites/knowledgebase/Documents02/CRM_CCTS_4fa4ff3f-8f52-43c9-b80c-d214d8b5f79d.pdf","www.moj.gov.sa","YES","200","HTTP_200","HEAD","application/pdf","YES","NO","PDF_OR_DOCUMENT","PDF_OR_DOCUMENT","DOCUMENT_LINK_ONLY","0","رابط وثيقة رسمية استجاب؛ يلزم فتح الوثيقة للتحقق من مضمونها.","رابط وثيقة رسمية استجاب؛ يلزم فتح الوثيقة للتحقق من مضمونها.","2026-09-23","2026-09-23T16:42:50.176Z","2026-09-22","NO","NO","","0"
"SRC-MOJ-EXEC-46-GUIDE","دليل خدمة طلب إصدار قرار 46 عبر ناجز","وزارة العدل","LEGAL_SOURCE","https://www.moj.gov.sa/sites/knowledgebase/Documents02/CRM_CCTS_1d8a2b5c-38fc-43fa-ad27-0c4a8aac7e07.pdf","https://www.moj.gov.sa/sites/knowledgebase/Documents02/CRM_CCTS_1d8a2b5c-38fc-43fa-ad27-0c4a8aac7e07.pdf","www.moj.gov.sa","YES","200","HTTP_200","HEAD","application/pdf","YES","NO","PDF_OR_DOCUMENT","PDF_OR_DOCUMENT","DOCUMENT_LINK_ONLY","0","رابط وثيقة رسمية استجاب؛ يلزم فتح الوثيقة للتحقق من مضمونها.","رابط وثيقة رسمية استجاب؛ يلزم فتح الوثيقة للتحقق من مضمونها.","2026-09-23","2026-09-23T16:42:50.176Z","2026-09-22","NO","NO","","0"
"SRC-MOJ-EXEC-CUSTODY-LETTER","طلب إصدار خطاب حضانة - دليل ناجز","وزارة العدل","OFFICIAL_PROCEDURAL_GUIDE","https://www.moj.gov.sa/sites/knowledgebase/Documents02/CRM_CCTS_2c37a563-df95-416b-b229-e2d037a3e575.pdf","https://www.moj.gov.sa/sites/knowledgebase/Documents02/CRM_CCTS_2c37a563-df95-416b-b229-e2d037a3e575.pdf","www.moj.gov.sa","YES","200","HTTP_200","HEAD","application/pdf","YES","NO","PDF_OR_DOCUMENT","PDF_OR_DOCUMENT","DOCUMENT_LINK_ONLY","0","رابط وثيقة رسمية استجاب؛ يلزم فتح الوثيقة للتحقق من مضمونها.","رابط وثيقة رسمية استجاب؛ يلزم فتح الوثيقة للتحقق من مضمونها.","2026-09-23","2026-09-23T16:42:50.176Z","2026-09-22","NO","NO","","0"
"SRC-MOJ-EXEC-LIFT46-GUIDE","طلب إصدار قرار رفع 46 — دليل ناجز","وزارة العدل","LEGAL_SOURCE","https://www.moj.gov.sa/sites/knowledgebase/Documents02/CRM_CCTS_aec3b66e-9f50-45cc-aff2-17f162613248.pdf","https://www.moj.gov.sa/sites/knowledgebase/Documents02/CRM_CCTS_aec3b66e-9f50-45cc-aff2-17f162613248.pdf","www.moj.gov.sa","YES","200","HTTP_200","HEAD","application/pdf","YES","NO","PDF_OR_DOCUMENT","PDF_OR_DOCUMENT","DOCUMENT_LINK_ONLY","0","رابط وثيقة رسمية استجاب؛ يلزم فتح الوثيقة للتحقق من مضمونها.","رابط وثيقة رسمية استجاب؛ يلزم فتح الوثيقة للتحقق من مضمونها.","2026-09-23","2026-09-23T16:42:50.176Z","2026-09-21","NO","NO","","0"
"SRC-MOJ-EXEC-SADAD-INVOICE","طلب إصدار فاتورة سداد","وزارة العدل","OFFICIAL_PROCEDURAL_GUIDE","https://www.moj.gov.sa/sites/knowledgebase/Documents02/CRM_CCTS_f960150a-e7d9-40a8-835a-cdffe08d96a5.pdf","https://www.moj.gov.sa/sites/knowledgebase/Documents02/CRM_CCTS_f960150a-e7d9-40a8-835a-cdffe08d96a5.pdf","www.moj.gov.sa","YES","200","HTTP_200","HEAD","application/pdf","YES","NO","PDF_OR_DOCUMENT","PDF_OR_DOCUMENT","DOCUMENT_LINK_ONLY","0","رابط وثيقة رسمية استجاب؛ يلزم فتح الوثيقة للتحقق من مضمونها.","رابط وثيقة رسمية استجاب؛ يلزم فتح الوثيقة للتحقق من مضمونها.","2026-09-23","2026-09-23T16:42:50.176Z","2026-09-21","NO","NO","","0"
"SRC-MOJ-EXEC-VISIT-LETTER","طلب إصدار خطاب زيارة","وزارة العدل","OFFICIAL_PROCEDURAL_GUIDE","https://www.moj.gov.sa/sites/knowledgebase/Documents02/CRM_CCTS_a4dccf2e-bd5c-4bcc-8320-9add6037e783.pdf","https://www.moj.gov.sa/sites/knowledgebase/Documents02/CRM_CCTS_a4dccf2e-bd5c-4bcc-8320-9add6037e783.pdf","www.moj.gov.sa","YES","200","HTTP_200","HEAD","application/pdf","YES","NO","PDF_OR_DOCUMENT","PDF_OR_DOCUMENT","DOCUMENT_LINK_ONLY","0","رابط وثيقة رسمية استجاب؛ يلزم فتح الوثيقة للتحقق من مضمونها.","رابط وثيقة رسمية استجاب؛ يلزم فتح الوثيقة للتحقق من مضمونها.","2026-09-23","2026-09-23T16:42:50.176Z","2026-09-21","NO","NO","","0"
"SRC-MOJ-FINANCIAL-ACK-WAIVERS","وزارة العدل – خدمات الإقرارات المالية في ناجز","وزارة العدل","OFFICIAL_PROCEDURAL_GUIDE","https://www.moj.gov.sa/sites/knowledgebase/Documents02/CRM_CCTS_55491383-8acb-4671-90f3-0850fb87b85a.pdf","https://www.moj.gov.sa/sites/knowledgebase/Documents02/CRM_CCTS_55491383-8acb-4671-90f3-0850fb87b85a.pdf","www.moj.gov.sa","YES","200","HTTP_200","HEAD","application/pdf","YES","NO","PDF_OR_DOCUMENT","PDF_OR_DOCUMENT","DOCUMENT_LINK_ONLY","0","رابط وثيقة رسمية استجاب؛ يلزم فتح الوثيقة للتحقق من مضمونها.","رابط وثيقة رسمية استجاب؛ يلزم فتح الوثيقة للتحقق من مضمونها.","2026-09-23","2026-09-23T16:42:50.176Z","2026-09-16","NO","NO","","0"
"SRC-MOJ-KHULA-DOC","توثيق خلع — وزارة العدل","وزارة العدل","OFFICIAL_PROCEDURAL_GUIDE","https://www.moj.gov.sa/Documents/Sharing/ElectronicJudicialServices2.pdf","https://www.moj.gov.sa/Documents/Sharing/ElectronicJudicialServices2.pdf","www.moj.gov.sa","YES","200","HTTP_200","HEAD","application/pdf","YES","NO","PDF_OR_DOCUMENT","PDF_OR_DOCUMENT","DOCUMENT_LINK_ONLY","0","رابط وثيقة رسمية استجاب؛ يلزم فتح الوثيقة للتحقق من مضمونها.","رابط وثيقة رسمية استجاب؛ يلزم فتح الوثيقة للتحقق من مضمونها.","2026-09-23","2026-09-23T16:42:50.176Z","2026-09-20","NO","NO","","0"
"SRC-MOJ-MARRIAGE-PREVIOUS","وزارة العدل — توثيق زواج سابق","وزارة العدل","OFFICIAL_PROCEDURAL_GUIDE","https://www.moj.gov.sa/sites/knowledgebase/Documents02/CRM_CCTS_6815673a-0b49-484b-b9b5-069b557d9827.pdf","https://www.moj.gov.sa/sites/knowledgebase/Documents02/CRM_CCTS_6815673a-0b49-484b-b9b5-069b557d9827.pdf","www.moj.gov.sa","YES","200","HTTP_200","HEAD","application/pdf","YES","NO","PDF_OR_DOCUMENT","PDF_OR_DOCUMENT","DOCUMENT_LINK_ONLY","0","رابط وثيقة رسمية استجاب؛ يلزم فتح الوثيقة للتحقق من مضمونها.","رابط وثيقة رسمية استجاب؛ يلزم فتح الوثيقة للتحقق من مضمونها.","2026-09-23","2026-09-23T16:42:50.176Z","2026-09-22","NO","NO","","0"
"SRC-RBR-34","الدليل الإرشادي لطلب إصدار قرار 34","وزارة العدل","LEGAL_SOURCE","https://www.moj.gov.sa/sites/knowledgebase/Documents02/CRM_CCTS_4fa4ff3f-8f52-43c9-b80c-d214d8b5f79d.pdf","https://www.moj.gov.sa/sites/knowledgebase/Documents02/CRM_CCTS_4fa4ff3f-8f52-43c9-b80c-d214d8b5f79d.pdf","www.moj.gov.sa","YES","200","HTTP_200","HEAD","application/pdf","YES","NO","PDF_OR_DOCUMENT","PDF_OR_DOCUMENT","DOCUMENT_LINK_ONLY","0","رابط وثيقة رسمية استجاب؛ يلزم فتح الوثيقة للتحقق من مضمونها.","رابط وثيقة رسمية استجاب؛ يلزم فتح الوثيقة للتحقق من مضمونها.","2026-09-23","2026-09-23T16:42:50.176Z","2026-09-23","NO","NO","R-EXEC-ARTICLE34","1"
"SRC-RBR-46","الدليل الإرشادي لطلب إصدار قرار 46","وزارة العدل","LEGAL_SOURCE","https://www.moj.gov.sa/sites/knowledgebase/Documents02/CRM_CCTS_1d8a2b5c-38fc-43fa-ad27-0c4a8aac7e07.pdf","https://www.moj.gov.sa/sites/knowledgebase/Documents02/CRM_CCTS_1d8a2b5c-38fc-43fa-ad27-0c4a8aac7e07.pdf","www.moj.gov.sa","YES","200","HTTP_200","HEAD","application/pdf","YES","NO","PDF_OR_DOCUMENT","PDF_OR_DOCUMENT","DOCUMENT_LINK_ONLY","0","رابط وثيقة رسمية استجاب؛ يلزم فتح الوثيقة للتحقق من مضمونها.","رابط وثيقة رسمية استجاب؛ يلزم فتح الوثيقة للتحقق من مضمونها.","2026-09-23","2026-09-23T16:42:50.176Z","2026-09-23","NO","NO","R-EXEC-ISSUE46","1"
"SRC-RBR-CUSTODY-LETTER","طلب إصدار خطاب حضانة","وزارة العدل","OFFICIAL_PROCEDURAL_GUIDE","https://www.moj.gov.sa/sites/knowledgebase/Documents02/CRM_CCTS_2c37a563-df95-416b-b229-e2d037a3e575.pdf","https://www.moj.gov.sa/sites/knowledgebase/Documents02/CRM_CCTS_2c37a563-df95-416b-b229-e2d037a3e575.pdf","www.moj.gov.sa","YES","200","HTTP_200","HEAD","application/pdf","YES","NO","PDF_OR_DOCUMENT","PDF_OR_DOCUMENT","DOCUMENT_LINK_ONLY","0","رابط وثيقة رسمية استجاب؛ يلزم فتح الوثيقة للتحقق من مضمونها.","رابط وثيقة رسمية استجاب؛ يلزم فتح الوثيقة للتحقق من مضمونها.","2026-09-23","2026-09-23T16:42:50.176Z","2026-09-23","NO","NO","","0"
"SRC-RBR-CUSTODYLETTER65","طلب إصدار خطاب حضانة","وزارة العدل","OFFICIAL_PROCEDURAL_GUIDE","https://www.moj.gov.sa/sites/knowledgebase/Documents02/CRM_CCTS_2c37a563-df95-416b-b229-e2d037a3e575.pdf","https://www.moj.gov.sa/sites/knowledgebase/Documents02/CRM_CCTS_2c37a563-df95-416b-b229-e2d037a3e575.pdf","www.moj.gov.sa","YES","200","HTTP_200","HEAD","application/pdf","YES","NO","PDF_OR_DOCUMENT","PDF_OR_DOCUMENT","DOCUMENT_LINK_ONLY","0","رابط وثيقة رسمية استجاب؛ يلزم فتح الوثيقة للتحقق من مضمونها.","رابط وثيقة رسمية استجاب؛ يلزم فتح الوثيقة للتحقق من مضمونها.","2026-09-23","2026-09-23T16:42:50.176Z","2026-09-23","NO","NO","R-FAM-CUSTODY-LETTER","1"
"SRC-RBR-EXEC-LAW","نظام التنفيذ ولائحته","وزارة العدل","LEGAL_SOURCE","https://www.moj.gov.sa/Documents/Regulations/pdf/11.pdf","https://www.moj.gov.sa/Documents/Regulations/pdf/11.pdf","www.moj.gov.sa","YES","200","HTTP_200","HEAD","application/pdf","YES","NO","PDF_OR_DOCUMENT","PDF_OR_DOCUMENT","DOCUMENT_LINK_ONLY","0","رابط وثيقة رسمية استجاب؛ يلزم فتح الوثيقة للتحقق من مضمونها.","رابط وثيقة رسمية استجاب؛ يلزم فتح الوثيقة للتحقق من مضمونها.","2026-09-23","2026-09-23T16:42:50.176Z","2026-09-23","NO","NO","R-EXEC-DIRECT-LAW","1"
"SRC-RBR-EXEC-VISIT","طلب إصدار خطاب زيارة","وزارة العدل","OFFICIAL_PROCEDURAL_GUIDE","https://www.moj.gov.sa/sites/knowledgebase/Documents02/CRM_CCTS_a4dccf2e-bd5c-4bcc-8320-9add6037e783.pdf","https://www.moj.gov.sa/sites/knowledgebase/Documents02/CRM_CCTS_a4dccf2e-bd5c-4bcc-8320-9add6037e783.pdf","www.moj.gov.sa","YES","200","HTTP_200","HEAD","application/pdf","YES","NO","PDF_OR_DOCUMENT","PDF_OR_DOCUMENT","DOCUMENT_LINK_ONLY","0","رابط وثيقة رسمية استجاب؛ يلزم فتح الوثيقة للتحقق من مضمونها.","رابط وثيقة رسمية استجاب؛ يلزم فتح الوثيقة للتحقق من مضمونها.","2026-09-23","2026-09-23T16:42:50.176Z","2026-09-23","NO","NO","R-EXEC-CUSTODY-VISIT","1"
"SRC-RBR-VISIT65","طلب إصدار خطاب زيارة","وزارة العدل","OFFICIAL_PROCEDURAL_GUIDE","https://www.moj.gov.sa/sites/knowledgebase/Documents02/CRM_CCTS_a4dccf2e-bd5c-4bcc-8320-9add6037e783.pdf","https://www.moj.gov.sa/sites/knowledgebase/Documents02/CRM_CCTS_a4dccf2e-bd5c-4bcc-8320-9add6037e783.pdf","www.moj.gov.sa","YES","200","HTTP_200","HEAD","application/pdf","YES","NO","PDF_OR_DOCUMENT","PDF_OR_DOCUMENT","DOCUMENT_LINK_ONLY","0","رابط وثيقة رسمية استجاب؛ يلزم فتح الوثيقة للتحقق من مضمونها.","رابط وثيقة رسمية استجاب؛ يلزم فتح الوثيقة للتحقق من مضمونها.","2026-09-23","2026-09-23T16:42:50.176Z","2026-09-23","NO","NO","R-FAM-VISIT-EXEC","1"
"SRC-SBC-CR-EXTRACT","دليل المستخدم لخدمة إصدار مستخرج سجل تجاري","المركز السعودي للأعمال","OFFICIAL_PROCEDURAL_GUIDE","https://business.sa/media/files/e71345d4-526b-40a5-8c65-b663e375f388.pdf","https://business.sa/media/files/e71345d4-526b-40a5-8c65-b663e375f388.pdf","business.sa","YES","","fetch failed","GET","","YES","NO","PDF_OR_DOCUMENT","PDF_OR_DOCUMENT","NOT_MACHINE_READABLE","0","الرابط وثيقة رسمية لكن الوصول الآلي تعذر (fetch failed).","الرابط وثيقة رسمية لكن الوصول الآلي تعذر (fetch failed).","2026-09-23","2026-09-23T16:42:50.176Z","2026-09-21","NO","NO","R-SBC-CR-EXTRACT","1"
"SRC-SBC-CR-UPDATE","دليل المستخدم لخدمة تحديث بيانات السجل التجاري","المركز السعودي للأعمال","OFFICIAL_PROCEDURAL_GUIDE","https://business.sa/media/files/7f4f9558-ed62-4eca-9511-aed25d922b79.pdf","https://business.sa/media/files/7f4f9558-ed62-4eca-9511-aed25d922b79.pdf","business.sa","YES","","fetch failed","GET","","YES","NO","PDF_OR_DOCUMENT","PDF_OR_DOCUMENT","NOT_MACHINE_READABLE","0","الرابط وثيقة رسمية لكن الوصول الآلي تعذر (fetch failed).","الرابط وثيقة رسمية لكن الوصول الآلي تعذر (fetch failed).","2026-09-23","2026-09-23T16:42:50.176Z","2026-09-21","NO","NO","R-SBC-CR-UPDATE","1"
"SRC-SCE-PRO-ACCREDITATION","دليل الاعتماد المهني","الهيئة السعودية للمهندسين","OFFICIAL_PROCEDURAL_GUIDE","https://www.saudieng.sa/Admin/DepartmentsDocuments/ProfessionalAccreditationGuide.pdf","https://www.saudieng.sa/Admin/DepartmentsDocuments/ProfessionalAccreditationGuide.pdf","www.saudieng.sa","YES","","fetch failed","GET","","YES","NO","PDF_OR_DOCUMENT","PDF_OR_DOCUMENT","NOT_MACHINE_READABLE","0","الرابط وثيقة رسمية لكن الوصول الآلي تعذر (fetch failed).","الرابط وثيقة رسمية لكن الوصول الآلي تعذر (fetch failed).","2026-09-23","2026-09-23T16:42:50.176Z","2026-09-21","NO","NO","R-PRO-SCE","1"
"SRC-SERA-COMPLAINTS","الدليل الإرشادي لخدمة تصعيد شكاوى الخدمات الكهربائية","الهيئة السعودية لتنظيم الكهرباء","OFFICIAL_PROCEDURAL_GUIDE","https://sera.gov.sa/-/media/wera/pdfs/e-service/complaint-escalation-guide.pdf","https://sera.gov.sa/-/media/wera/pdfs/e-service/complaint-escalation-guide.pdf","sera.gov.sa","YES","","fetch failed","GET","","YES","NO","PDF_OR_DOCUMENT","PDF_OR_DOCUMENT","NOT_MACHINE_READABLE","0","الرابط وثيقة رسمية لكن الوصول الآلي تعذر (fetch failed).","الرابط وثيقة رسمية لكن الوصول الآلي تعذر (fetch failed).","2026-09-23","2026-09-23T16:42:50.176Z","2026-09-18","NO","NO","R-SPECIAL-ELECTRICITY-FOLLOW | R-SPECIAL-ELECTRICITY-ESCALATE | R-SPECIAL-ELECTRICITY-COMP-REVIEW | R-SPECIAL-ELECTRICITY-START","4"
"SRC-SFDA-FOOD-POISON","الدليل الإرشادي للإبلاغ عبر نظام تيقظ","الهيئة العامة للغذاء والدواء","LEGAL_SOURCE","https://www.sfda.gov.sa/sites/default/files/2023-05/Dfhj78ht67.pdf","https://www.sfda.gov.sa/sites/default/files/2023-05/Dfhj78ht67.pdf","www.sfda.gov.sa","YES","200","HTTP_200","HEAD","application/pdf","YES","NO","PDF_OR_DOCUMENT","PDF_OR_DOCUMENT","DOCUMENT_LINK_ONLY","0","رابط وثيقة رسمية استجاب؛ يلزم فتح الوثيقة للتحقق من مضمونها.","رابط وثيقة رسمية استجاب؛ يلزم فتح الوثيقة للتحقق من مضمونها.","2026-09-23","2026-09-23T16:42:50.176Z","2026-09-21","NO","NO","R-SFDA-FOOD-POISON","1"
"SRC100-GUIDE","شرح نظام الإثبات","وزارة العدل","LEGAL_SOURCE","https://www.moj.gov.sa/Documents/Sharing/ExplanationOfTheProofSystem.pdf","https://www.moj.gov.sa/Documents/Sharing/ExplanationOfTheProofSystem.pdf","www.moj.gov.sa","YES","200","HTTP_200","HEAD","application/pdf","YES","NO","PDF_OR_DOCUMENT","PDF_OR_DOCUMENT","DOCUMENT_LINK_ONLY","0","رابط وثيقة رسمية استجاب؛ يلزم فتح الوثيقة للتحقق من مضمونها.","رابط وثيقة رسمية استجاب؛ يلزم فتح الوثيقة للتحقق من مضمونها.","2026-09-23","2026-09-23T16:42:50.176Z","2026-09-23","NO","NO","","0"
"SRC100-PROOFPDF","نظام الإثبات - نسخة PDF","وزارة العدل","LEGAL_SOURCE","https://www.moj.gov.sa/Documents/Regulations/pdf/ProofSystem.pdf","https://www.moj.gov.sa/Documents/Regulations/pdf/ProofSystem.pdf","www.moj.gov.sa","YES","200","HTTP_200","HEAD","application/pdf","YES","NO","PDF_OR_DOCUMENT","PDF_OR_DOCUMENT","DOCUMENT_LINK_ONLY","0","رابط وثيقة رسمية استجاب؛ يلزم فتح الوثيقة للتحقق من مضمونها.","رابط وثيقة رسمية استجاب؛ يلزم فتح الوثيقة للتحقق من مضمونها.","2026-09-23","2026-09-23T16:42:50.176Z","2026-09-23","NO","NO","","0"
"SRC106-PSL","نظام الأحوال الشخصية - المواد 44 إلى 50","هيئة الخبراء بمجلس الوزراء","LEGAL_SOURCE","https://laws.boe.gov.sa/Files/Download/?attId=e1b4e2e3-46b5-4659-a8f1-b11600da934a","https://laws.boe.gov.sa/Files/Download/?attId=e1b4e2e3-46b5-4659-a8f1-b11600da934a","laws.boe.gov.sa","YES","","fetch failed","GET","","YES","NO","PDF_OR_DOCUMENT","PDF_OR_DOCUMENT","NOT_MACHINE_READABLE","0","الرابط وثيقة رسمية لكن الوصول الآلي تعذر (fetch failed).","الرابط وثيقة رسمية لكن الوصول الآلي تعذر (fetch failed).","2026-09-23","2026-09-23T16:42:50.176Z","2026-09-23","NO","NO","R-FAM-NAFAQA-DEEP | R-FAM-NAFAQA-CHANGE | R-FAM-NAFAQA-WIFE | R-FAM-NAFAQA-CHILD","4"
"SRC119-FAM","نظام الأحوال الشخصية","هيئة الخبراء بمجلس الوزراء","LEGAL_SOURCE","https://laws.boe.gov.sa/Files/Download/?attId=e1b4e2e3-46b5-4659-a8f1-b11600da934a","https://laws.boe.gov.sa/Files/Download/?attId=e1b4e2e3-46b5-4659-a8f1-b11600da934a","laws.boe.gov.sa","YES","","fetch failed","GET","","YES","NO","PDF_OR_DOCUMENT","PDF_OR_DOCUMENT","NOT_MACHINE_READABLE","0","الرابط وثيقة رسمية لكن الوصول الآلي تعذر (fetch failed).","الرابط وثيقة رسمية لكن الوصول الآلي تعذر (fetch failed).","2026-09-23","2026-09-23T16:42:50.176Z","2026-09-23","NO","NO","R-FAM-ANNUL-ABSENCE | R-FAM-ANNUL-HARM | R-FAM-ANNUL-DISCORD | R-FAM-ANNUL-BEFORE-CONSUMMATION","4"
"SRC142-PLEAD","نظام المرافعات الشرعية ولائحته التنفيذية","وزارة العدل","LEGAL_SOURCE","https://moj.gov.sa/Documents/Regulations/pdf/50.2.pdf","https://moj.gov.sa/Documents/Regulations/pdf/50.2.pdf","moj.gov.sa","YES","200","HTTP_200","HEAD","application/pdf","YES","NO","PDF_OR_DOCUMENT","PDF_OR_DOCUMENT","DOCUMENT_LINK_ONLY","0","رابط وثيقة رسمية استجاب؛ يلزم فتح الوثيقة للتحقق من مضمونها.","رابط وثيقة رسمية استجاب؛ يلزم فتح الوثيقة للتحقق من مضمونها.","2026-09-23","2026-09-23T16:42:50.176Z","2026-09-23","NO","NO","","0"
"SRC145-ADHL","تعميم دعاوى العضل","وزارة العدل/المجلس الأعلى للقضاء","OFFICIAL_PROCEDURAL_GUIDE","https://www.moj.gov.sa/Documents/Regulations/pdf/LegalPleadingsSystemAndItsExecutiveRegulations.pdf","https://www.moj.gov.sa/Documents/Regulations/pdf/LegalPleadingsSystemAndItsExecutiveRegulations.pdf","www.moj.gov.sa","YES","200","HTTP_200","HEAD","application/pdf","YES","NO","PDF_OR_DOCUMENT","PDF_OR_DOCUMENT","DOCUMENT_LINK_ONLY","0","رابط وثيقة رسمية استجاب؛ يلزم فتح الوثيقة للتحقق من مضمونها.","رابط وثيقة رسمية استجاب؛ يلزم فتح الوثيقة للتحقق من مضمونها.","2026-09-23","2026-09-23T16:42:50.176Z","2026-09-23","NO","NO","","0"
"SRC147-LAWYER","تقدير أتعاب المحاماة - المادة 26 من نظام المحاماة","وزارة العدل","LEGAL_SOURCE","https://adlm.moj.gov.sa/alqadaeya/attach/896.pdf","https://adlm.moj.gov.sa/alqadaeya/attach/896.pdf","adlm.moj.gov.sa","YES","200","HTTP_200","HEAD","application/pdf","YES","NO","PDF_OR_DOCUMENT","PDF_OR_DOCUMENT","DOCUMENT_LINK_ONLY","0","رابط وثيقة رسمية استجاب؛ يلزم فتح الوثيقة للتحقق من مضمونها.","رابط وثيقة رسمية استجاب؛ يلزم فتح الوثيقة للتحقق من مضمونها.","2026-09-23","2026-09-23T16:42:50.176Z","2026-09-23","NO","NO","R-FAM-LAWYER-MERITS","1"
"SRC148-CRIM","نظام الإجراءات الجزائية ولائحته التنفيذية","وزارة العدل","LEGAL_SOURCE","https://www.moj.gov.sa/Documents/Regulations/pdf/LawOfCriminalProcedureAndItsExecutiveRegulations.pdf","https://www.moj.gov.sa/Documents/Regulations/pdf/LawOfCriminalProcedureAndItsExecutiveRegulations.pdf","www.moj.gov.sa","YES","200","HTTP_200","HEAD","application/pdf","YES","NO","PDF_OR_DOCUMENT","PDF_OR_DOCUMENT","DOCUMENT_LINK_ONLY","0","رابط وثيقة رسمية استجاب؛ يلزم فتح الوثيقة للتحقق من مضمونها.","رابط وثيقة رسمية استجاب؛ يلزم فتح الوثيقة للتحقق من مضمونها.","2026-09-23","2026-09-23T16:42:50.176Z","2026-09-23","NO","NO","R-CRIM-PRIVATE-RIGHT | R-CRIM-PUBLIC-ACTION | R-CRIM-JURISDICTION | R-CRIM-APPEAL | R-CRIM-CASSATION | R-CRIM-REVIEW","6"
"SRC149-CRIM","نظام الإجراءات الجزائية ولائحته التنفيذية","وزارة العدل","LEGAL_SOURCE","https://www.moj.gov.sa/Documents/Regulations/pdf/LawOfCriminalProcedureAndItsExecutiveRegulations.pdf","https://www.moj.gov.sa/Documents/Regulations/pdf/LawOfCriminalProcedureAndItsExecutiveRegulations.pdf","www.moj.gov.sa","YES","200","HTTP_200","HEAD","application/pdf","YES","NO","PDF_OR_DOCUMENT","PDF_OR_DOCUMENT","DOCUMENT_LINK_ONLY","0","رابط وثيقة رسمية استجاب؛ يلزم فتح الوثيقة للتحقق من مضمونها.","رابط وثيقة رسمية استجاب؛ يلزم فتح الوثيقة للتحقق من مضمونها.","2026-09-23","2026-09-23T16:42:50.176Z","2026-09-23","NO","NO","R-CRIM-SUMMONS | R-CRIM-DETAINED | R-CRIM-ARRESTED | R-CRIM-RELEASE-NOT-END | R-CRIM-INVESTIGATION-PROCEDURE | R-CRIM-LAWYER-DEFENSE","6"
"SRC149-RIGHTS","حقوق المتهم في القبض والتوقيف والتحقيق","وزارة العدل","OFFICIAL_PROCEDURAL_GUIDE","https://adlm.moj.gov.sa/attach/1412.pdf","https://adlm.moj.gov.sa/attach/1412.pdf","adlm.moj.gov.sa","YES","200","HTTP_200","HEAD","application/pdf","YES","NO","PDF_OR_DOCUMENT","PDF_OR_DOCUMENT","DOCUMENT_LINK_ONLY","0","رابط وثيقة رسمية استجاب؛ يلزم فتح الوثيقة للتحقق من مضمونها.","رابط وثيقة رسمية استجاب؛ يلزم فتح الوثيقة للتحقق من مضمونها.","2026-09-23","2026-09-23T16:42:50.176Z","2026-09-23","NO","NO","","0"
"SRC150-CRIM","نظام الإجراءات الجزائية ولائحته التنفيذية","وزارة العدل","LEGAL_SOURCE","https://www.moj.gov.sa/Documents/Regulations/pdf/LawOfCriminalProcedureAndItsExecutiveRegulations.pdf","https://www.moj.gov.sa/Documents/Regulations/pdf/LawOfCriminalProcedureAndItsExecutiveRegulations.pdf","www.moj.gov.sa","YES","200","HTTP_200","HEAD","application/pdf","YES","NO","PDF_OR_DOCUMENT","PDF_OR_DOCUMENT","DOCUMENT_LINK_ONLY","0","رابط وثيقة رسمية استجاب؛ يلزم فتح الوثيقة للتحقق من مضمونها.","رابط وثيقة رسمية استجاب؛ يلزم فتح الوثيقة للتحقق من مضمونها.","2026-09-23","2026-09-23T16:42:50.176Z","2026-09-23","NO","NO","R-CRIM-REPORT-FOLLOW | R-CRIM-VICTIM-INVESTIGATION | R-CRIM-SUMMONS-CHECK | R-CRIM-ARCHIVED | R-CRIM-LAWYER-MERITS | R-CRIM-COMPLAINT-REQUIRED | R-CRIM-OBJECTION-EXEC | R-CRIMINAL-STATUS-CHECK","8"
"SRC153-FRLAW","نظام الامتياز التجاري","وزارة العدل","LEGAL_SOURCE","https://adlm.moj.gov.sa/attach/11488.pdf","https://adlm.moj.gov.sa/attach/11488.pdf","adlm.moj.gov.sa","YES","200","HTTP_200","HEAD","application/pdf","YES","NO","PDF_OR_DOCUMENT","PDF_OR_DOCUMENT","DOCUMENT_LINK_ONLY","0","رابط وثيقة رسمية استجاب؛ يلزم فتح الوثيقة للتحقق من مضمونها.","رابط وثيقة رسمية استجاب؛ يلزم فتح الوثيقة للتحقق من مضمونها.","2026-09-23","2026-09-23T16:42:50.176Z","2026-09-23","NO","NO","","0"
"SRC155-COMM","نظام المحاكم التجارية ولائحته التنفيذية","وزارة العدل","LEGAL_SOURCE","https://www.moj.gov.sa/Documents/Regulations/pdf/87.pdf","https://www.moj.gov.sa/Documents/Regulations/pdf/87.pdf","www.moj.gov.sa","YES","200","HTTP_200","HEAD","application/pdf","YES","NO","PDF_OR_DOCUMENT","PDF_OR_DOCUMENT","DOCUMENT_LINK_ONLY","0","رابط وثيقة رسمية استجاب؛ يلزم فتح الوثيقة للتحقق من مضمونها.","رابط وثيقة رسمية استجاب؛ يلزم فتح الوثيقة للتحقق من مضمونها.","2026-09-23","2026-09-23T16:42:50.176Z","2026-09-23","NO","NO","R-COMM-LAWYER-MERITS | R-COMM-JURISDICTION-DEEP | R-COMM-ARTICLE16","3"
"SRC155-COMMINFO","إصدار نظام المحاكم التجارية ولائحته التنفيذية","وزارة العدل","LEGAL_SOURCE","https://www.moj.gov.sa/Documents/91Facts.pdf","https://www.moj.gov.sa/Documents/91Facts.pdf","www.moj.gov.sa","YES","200","HTTP_200","HEAD","application/pdf","YES","NO","PDF_OR_DOCUMENT","PDF_OR_DOCUMENT","DOCUMENT_LINK_ONLY","0","رابط وثيقة رسمية استجاب؛ يلزم فتح الوثيقة للتحقق من مضمونها.","رابط وثيقة رسمية استجاب؛ يلزم فتح الوثيقة للتحقق من مضمونها.","2026-09-23","2026-09-23T16:42:50.176Z","2026-09-23","NO","NO","","0"
"SRC67-34","طلب إصدار قرار 34","وزارة العدل","LEGAL_SOURCE","https://www.moj.gov.sa/sites/knowledgebase/Documents02/CRM_CCTS_16a50df1-aa16-4f77-a61f-c11f5e459fba.pdf","https://www.moj.gov.sa/sites/knowledgebase/Documents02/CRM_CCTS_16a50df1-aa16-4f77-a61f-c11f5e459fba.pdf","www.moj.gov.sa","YES","200","HTTP_200","HEAD","application/pdf","YES","NO","PDF_OR_DOCUMENT","PDF_OR_DOCUMENT","DOCUMENT_LINK_ONLY","0","رابط وثيقة رسمية استجاب؛ يلزم فتح الوثيقة للتحقق من مضمونها.","رابط وثيقة رسمية استجاب؛ يلزم فتح الوثيقة للتحقق من مضمونها.","2026-09-23","2026-09-23T16:42:50.176Z","2026-09-23","NO","NO","R-EXEC-ISSUE34","1"
"SRC70-HEIRS","الدليل الإرشادي لخدمة توثيق ورثة متوفى","وزارة العدل","OFFICIAL_PROCEDURAL_GUIDE","https://www.moj.gov.sa/sites/knowledgebase/Documents02/CRM_CCTS_50bfc830-c08d-437b-be81-3a7b8b2f0179.pdf","https://www.moj.gov.sa/sites/knowledgebase/Documents02/CRM_CCTS_50bfc830-c08d-437b-be81-3a7b8b2f0179.pdf","www.moj.gov.sa","YES","200","HTTP_200","HEAD","application/pdf","YES","NO","PDF_OR_DOCUMENT","PDF_OR_DOCUMENT","DOCUMENT_LINK_ONLY","0","رابط وثيقة رسمية استجاب؛ يلزم فتح الوثيقة للتحقق من مضمونها.","رابط وثيقة رسمية استجاب؛ يلزم فتح الوثيقة للتحقق من مضمونها.","2026-09-23","2026-09-23T16:42:50.176Z","2026-09-23","NO","NO","","0"
"SRC70-RETURN","الدليل الإرشادي لخدمة توثيق رجعة","وزارة العدل","OFFICIAL_PROCEDURAL_GUIDE","https://www.moj.gov.sa/sites/knowledgebase/Documents02/CRM_CCTS_bf9d7039-0ff7-452f-abdb-3dd87a05dd82.pdf","https://www.moj.gov.sa/sites/knowledgebase/Documents02/CRM_CCTS_bf9d7039-0ff7-452f-abdb-3dd87a05dd82.pdf","www.moj.gov.sa","YES","200","HTTP_200","HEAD","application/pdf","YES","NO","PDF_OR_DOCUMENT","PDF_OR_DOCUMENT","DOCUMENT_LINK_ONLY","0","رابط وثيقة رسمية استجاب؛ يلزم فتح الوثيقة للتحقق من مضمونها.","رابط وثيقة رسمية استجاب؛ يلزم فتح الوثيقة للتحقق من مضمونها.","2026-09-23","2026-09-23T16:42:50.176Z","2026-09-23","NO","NO","R-FAM-RETURN-DOC","1"
"SRC70-SOCIAL","دليل خدمات الحالات الاجتماعية","وزارة العدل","OFFICIAL_PROCEDURAL_GUIDE","https://www.moj.gov.sa/sites/knowledgebase/Documents02/CRM_CCTS_919838cc-7a15-45a8-967c-c144f1225f42.pdf","https://www.moj.gov.sa/sites/knowledgebase/Documents02/CRM_CCTS_919838cc-7a15-45a8-967c-c144f1225f42.pdf","www.moj.gov.sa","YES","200","HTTP_200","HEAD","application/pdf","YES","NO","PDF_OR_DOCUMENT","PDF_OR_DOCUMENT","DOCUMENT_LINK_ONLY","0","رابط وثيقة رسمية استجاب؛ يلزم فتح الوثيقة للتحقق من مضمونها.","رابط وثيقة رسمية استجاب؛ يلزم فتح الوثيقة للتحقق من مضمونها.","2026-09-23","2026-09-23T16:42:50.176Z","2026-09-23","NO","NO","R-FAM-MARRIAGE-PAPER-ATTEST | R-FAM-KHULA-DOC | R-FAM-WILL-DOC | R-FAM-WAQF-DOC","4"
"SRC71-DIVEXEC","تقديم طلب تنفيذ من نوع قسمة تركة","وزارة العدل","OFFICIAL_PROCEDURAL_GUIDE","https://www.moj.gov.sa/Documents/Sharing/SubmittingDivisionOfEstateEnforcementRequestGuide.pdf","https://www.moj.gov.sa/Documents/Sharing/SubmittingDivisionOfEstateEnforcementRequestGuide.pdf","www.moj.gov.sa","YES","200","HTTP_200","HEAD","application/pdf","YES","NO","PDF_OR_DOCUMENT","PDF_OR_DOCUMENT","DOCUMENT_LINK_ONLY","0","رابط وثيقة رسمية استجاب؛ يلزم فتح الوثيقة للتحقق من مضمونها.","رابط وثيقة رسمية استجاب؛ يلزم فتح الوثيقة للتحقق من مضمونها.","2026-09-23","2026-09-23T16:42:50.176Z","2026-09-23","NO","NO","","0"
"SRC71-MARRIAGEOLD","دليل توثيق زواج سابق","وزارة العدل","OFFICIAL_PROCEDURAL_GUIDE","https://www.moj.gov.sa/sites/knowledgebase/Documents02/CRM_CCTS_1b22fe32-4e30-4fd8-a2f9-1ffefdbfcedc.pdf","https://www.moj.gov.sa/sites/knowledgebase/Documents02/CRM_CCTS_1b22fe32-4e30-4fd8-a2f9-1ffefdbfcedc.pdf","www.moj.gov.sa","YES","200","HTTP_200","HEAD","application/pdf","YES","NO","PDF_OR_DOCUMENT","PDF_OR_DOCUMENT","DOCUMENT_LINK_ONLY","0","رابط وثيقة رسمية استجاب؛ يلزم فتح الوثيقة للتحقق من مضمونها.","رابط وثيقة رسمية استجاب؛ يلزم فتح الوثيقة للتحقق من مضمونها.","2026-09-23","2026-09-23T16:42:50.176Z","2026-09-23","NO","NO","R-FAM-MARRIAGE-PREVIOUS","1"
"SRC76-HEIRS","توثيق ورثة متوفى","وزارة العدل","OFFICIAL_PROCEDURAL_GUIDE","https://www.moj.gov.sa/Documents/Sharing/ElectronicJudicialServices2.pdf","https://www.moj.gov.sa/Documents/Sharing/ElectronicJudicialServices2.pdf","www.moj.gov.sa","YES","200","HTTP_200","HEAD","application/pdf","YES","NO","PDF_OR_DOCUMENT","PDF_OR_DOCUMENT","DOCUMENT_LINK_ONLY","0","رابط وثيقة رسمية استجاب؛ يلزم فتح الوثيقة للتحقق من مضمونها.","رابط وثيقة رسمية استجاب؛ يلزم فتح الوثيقة للتحقق من مضمونها.","2026-09-23","2026-09-23T16:42:50.176Z","2026-09-23","NO","NO","R-FAM-HEIRS-ISSUE | R-FAM-HEIRS-DIGITIZE","2"
"SRC77-EXEC","تقديم طلب تنفيذ","وزارة العدل","OFFICIAL_PROCEDURAL_GUIDE","https://www.moj.gov.sa/Documents/Sharing/ElectronicJudicialServices2.pdf","https://www.moj.gov.sa/Documents/Sharing/ElectronicJudicialServices2.pdf","www.moj.gov.sa","YES","200","HTTP_200","HEAD","application/pdf","YES","NO","PDF_OR_DOCUMENT","PDF_OR_DOCUMENT","DOCUMENT_LINK_ONLY","0","رابط وثيقة رسمية استجاب؛ يلزم فتح الوثيقة للتحقق من مضمونها.","رابط وثيقة رسمية استجاب؛ يلزم فتح الوثيقة للتحقق من مضمونها.","2026-09-23","2026-09-23T16:42:50.176Z","2026-09-23","NO","NO","","0"
"SRC77-EXEC-GUIDE","دليل تقديم طلب تنفيذ","وزارة العدل","OFFICIAL_PROCEDURAL_GUIDE","https://www.moj.gov.sa/sites/knowledgebase/Documents02/CRM_CCTS_7474b3a1-bfab-4b05-9069-689b44b9e75d.pdf","https://www.moj.gov.sa/sites/knowledgebase/Documents02/CRM_CCTS_7474b3a1-bfab-4b05-9069-689b44b9e75d.pdf","www.moj.gov.sa","YES","200","HTTP_200","HEAD","application/pdf","YES","NO","PDF_OR_DOCUMENT","PDF_OR_DOCUMENT","DOCUMENT_LINK_ONLY","0","رابط وثيقة رسمية استجاب؛ يلزم فتح الوثيقة للتحقق من مضمونها.","رابط وثيقة رسمية استجاب؛ يلزم فتح الوثيقة للتحقق من مضمونها.","2026-09-23","2026-09-23T16:42:50.176Z","2026-09-23","NO","NO","","0"
"SRC78-TCL","نظام المحاكم التجارية","هيئة الخبراء بمجلس الوزراء","LEGAL_SOURCE","https://laws.boe.gov.sa/Files/Download/?attId=d0d4fbe5-e571-4ecb-8b81-adbb01263651","https://laws.boe.gov.sa/Files/Download/?attId=d0d4fbe5-e571-4ecb-8b81-adbb01263651","laws.boe.gov.sa","YES","","fetch failed","GET","","YES","NO","PDF_OR_DOCUMENT","PDF_OR_DOCUMENT","NOT_MACHINE_READABLE","0","الرابط وثيقة رسمية لكن الوصول الآلي تعذر (fetch failed).","الرابط وثيقة رسمية لكن الوصول الآلي تعذر (fetch failed).","2026-09-23","2026-09-23T16:42:50.176Z","2026-09-23","NO","NO","R-COMM-COURT | R-COMM-RELATION-GATE | R-COMM-PARTNERS-DISPUTE | R-COMM-NEGOTIABLE-CHECK | R-COMM-NEGOTIABLE-DISPUTE","5"
"SRC79-MEMO","طلب إيداع مذكرة","وزارة العدل","OFFICIAL_PROCEDURAL_GUIDE","https://www.moj.gov.sa/sites/knowledgebase/Documents02/CRM_CCTS_71dca635-e208-4a28-b9fe-8dae2eecee2c.pdf","https://www.moj.gov.sa/sites/knowledgebase/Documents02/CRM_CCTS_71dca635-e208-4a28-b9fe-8dae2eecee2c.pdf","www.moj.gov.sa","YES","200","HTTP_200","HEAD","application/pdf","YES","NO","PDF_OR_DOCUMENT","PDF_OR_DOCUMENT","DOCUMENT_LINK_ONLY","0","رابط وثيقة رسمية استجاب؛ يلزم فتح الوثيقة للتحقق من مضمونها.","رابط وثيقة رسمية استجاب؛ يلزم فتح الوثيقة للتحقق من مضمونها.","2026-09-23","2026-09-23T16:42:50.176Z","2026-09-23","NO","NO","","0"
"SRC79-STRUCK","طلب إعادة النظر في قضية مشطوبة","وزارة العدل","OFFICIAL_PROCEDURAL_GUIDE","https://www.moj.gov.sa/sites/knowledgebase/Documents02/CRM_CCTS_85733b73-7ed0-4828-a352-6df7ae9f9dcd.pdf","https://www.moj.gov.sa/sites/knowledgebase/Documents02/CRM_CCTS_85733b73-7ed0-4828-a352-6df7ae9f9dcd.pdf","www.moj.gov.sa","YES","200","HTTP_200","HEAD","application/pdf","YES","NO","PDF_OR_DOCUMENT","PDF_OR_DOCUMENT","DOCUMENT_LINK_ONLY","0","رابط وثيقة رسمية استجاب؛ يلزم فتح الوثيقة للتحقق من مضمونها.","رابط وثيقة رسمية استجاب؛ يلزم فتح الوثيقة للتحقق من مضمونها.","2026-09-23","2026-09-23T16:42:50.176Z","2026-09-23","NO","NO","","0"
"SRC80-LIFT46","دليل طلب إصدار قرار رفع 46","وزارة العدل","LEGAL_SOURCE","https://www.moj.gov.sa/sites/knowledgebase/Documents02/CRM_CCTS_aec3b66e-9f50-45cc-aff2-17f162613248.pdf","https://www.moj.gov.sa/sites/knowledgebase/Documents02/CRM_CCTS_aec3b66e-9f50-45cc-aff2-17f162613248.pdf","www.moj.gov.sa","YES","200","HTTP_200","HEAD","application/pdf","YES","NO","PDF_OR_DOCUMENT","PDF_OR_DOCUMENT","DOCUMENT_LINK_ONLY","0","رابط وثيقة رسمية استجاب؛ يلزم فتح الوثيقة للتحقق من مضمونها.","رابط وثيقة رسمية استجاب؛ يلزم فتح الوثيقة للتحقق من مضمونها.","2026-09-23","2026-09-23T16:42:50.176Z","2026-09-23","NO","NO","","0"
"SRC80-TRANSFER","دليل طلب تحويل مبلغ محجوز","وزارة العدل","OFFICIAL_PROCEDURAL_GUIDE","https://www.moj.gov.sa/sites/knowledgebase/Documents02/CRM_CCTS_3a3e0be7-b270-4afc-9da5-f30e5cf4c91f.pdf","https://www.moj.gov.sa/sites/knowledgebase/Documents02/CRM_CCTS_3a3e0be7-b270-4afc-9da5-f30e5cf4c91f.pdf","www.moj.gov.sa","YES","200","HTTP_200","HEAD","application/pdf","YES","NO","PDF_OR_DOCUMENT","PDF_OR_DOCUMENT","DOCUMENT_LINK_ONLY","0","رابط وثيقة رسمية استجاب؛ يلزم فتح الوثيقة للتحقق من مضمونها.","رابط وثيقة رسمية استجاب؛ يلزم فتح الوثيقة للتحقق من مضمونها.","2026-09-23","2026-09-23T16:42:50.176Z","2026-09-23","NO","NO","","0"
"SRC83-DOMPDF","نص قواعد تسوية خلافات العمالة المنزلية 2026","وزارة الموارد البشرية والتنمية الاجتماعية","LEGAL_SOURCE","https://www.wide.hrsd.gov.sa/sites/default/files/2026-05/alqwa-d-walajraat-almnzmt-ltswyt-khlafat-al-malt-almnzlyt-wmn-fy-hkmhm---1-.pdf","https://www.wide.hrsd.gov.sa/sites/default/files/2026-05/alqwa-d-walajraat-almnzmt-ltswyt-khlafat-al-malt-almnzlyt-wmn-fy-hkmhm---1-.pdf","www.wide.hrsd.gov.sa","YES","","fetch failed","GET","","YES","NO","PDF_OR_DOCUMENT","PDF_OR_DOCUMENT","NOT_MACHINE_READABLE","0","الرابط وثيقة رسمية لكن الوصول الآلي تعذر (fetch failed).","الرابط وثيقة رسمية لكن الوصول الآلي تعذر (fetch failed).","2026-09-23","2026-09-23T16:42:50.176Z","2026-09-23","NO","NO","","0"
"SRC85-BDOC","لائحة المعلومات والوثائق","لجنة الإفلاس","LEGAL_SOURCE","https://bankruptcy.gov.sa/en/BankruptcyLaw/StatutoryDocuments/Documents/InformationAndDocumentsRules.pdf","https://bankruptcy.gov.sa/en/BankruptcyLaw/StatutoryDocuments/Documents/InformationAndDocumentsRules.pdf","bankruptcy.gov.sa","YES","","fetch failed","GET","","YES","NO","PDF_OR_DOCUMENT","PDF_OR_DOCUMENT","NOT_MACHINE_READABLE","0","الرابط وثيقة رسمية لكن الوصول الآلي تعذر (fetch failed).","الرابط وثيقة رسمية لكن الوصول الآلي تعذر (fetch failed).","2026-09-23","2026-09-23T16:42:50.176Z","2026-09-23","NO","NO","","0"
"SRC85-BFAQ","دليل الأسئلة الشائعة","لجنة الإفلاس","OFFICIAL_PROCEDURAL_GUIDE","https://bankruptcy.gov.sa/ar/KnowledgeCenter/Publications/Documents/B5.pdf","https://bankruptcy.gov.sa/ar/KnowledgeCenter/Publications/Documents/B5.pdf","bankruptcy.gov.sa","YES","","fetch failed","GET","","YES","NO","PDF_OR_DOCUMENT","PDF_OR_DOCUMENT","NOT_MACHINE_READABLE","0","الرابط وثيقة رسمية لكن الوصول الآلي تعذر (fetch failed).","الرابط وثيقة رسمية لكن الوصول الآلي تعذر (fetch failed).","2026-09-23","2026-09-23T16:42:50.176Z","2026-09-23","NO","NO","R-COMM-BANKRUPTCY","1"
"SRC85-BGUIDE","الدليل الإرشادي لإجراءات الإفلاس","لجنة الإفلاس","OFFICIAL_PROCEDURAL_GUIDE","https://bankruptcy.gov.sa/ar/KnowledgeCenter/Publications/Documents/B7.pdf","https://bankruptcy.gov.sa/ar/KnowledgeCenter/Publications/Documents/B7.pdf","bankruptcy.gov.sa","YES","","fetch failed","GET","","YES","NO","PDF_OR_DOCUMENT","PDF_OR_DOCUMENT","NOT_MACHINE_READABLE","0","الرابط وثيقة رسمية لكن الوصول الآلي تعذر (fetch failed).","الرابط وثيقة رسمية لكن الوصول الآلي تعذر (fetch failed).","2026-09-23","2026-09-23T16:42:50.176Z","2026-09-23","NO","NO","","0"
"SRC92-CUSTODYLETTER","دليل طلب إصدار خطاب حضانة","وزارة العدل","OFFICIAL_PROCEDURAL_GUIDE","https://www.moj.gov.sa/sites/knowledgebase/Documents02/CRM_CCTS_2c37a563-df95-416b-b229-e2d037a3e575.pdf","https://www.moj.gov.sa/sites/knowledgebase/Documents02/CRM_CCTS_2c37a563-df95-416b-b229-e2d037a3e575.pdf","www.moj.gov.sa","YES","200","HTTP_200","HEAD","application/pdf","YES","NO","PDF_OR_DOCUMENT","PDF_OR_DOCUMENT","DOCUMENT_LINK_ONLY","0","رابط وثيقة رسمية استجاب؛ يلزم فتح الوثيقة للتحقق من مضمونها.","رابط وثيقة رسمية استجاب؛ يلزم فتح الوثيقة للتحقق من مضمونها.","2026-09-23","2026-09-23T16:42:50.176Z","2026-09-23","NO","NO","","0"
"SRC92-VISITDEC","دليل طلب إصدار قرار زيارة","وزارة العدل","LEGAL_SOURCE","https://www.moj.gov.sa/sites/knowledgebase/Documents02/CRM_CCTS_c5ab2283-5d8f-4b19-8dfc-25784000f01a.pdf","https://www.moj.gov.sa/sites/knowledgebase/Documents02/CRM_CCTS_c5ab2283-5d8f-4b19-8dfc-25784000f01a.pdf","www.moj.gov.sa","YES","200","HTTP_200","HEAD","application/pdf","YES","NO","PDF_OR_DOCUMENT","PDF_OR_DOCUMENT","DOCUMENT_LINK_ONLY","0","رابط وثيقة رسمية استجاب؛ يلزم فتح الوثيقة للتحقق من مضمونها.","رابط وثيقة رسمية استجاب؛ يلزم فتح الوثيقة للتحقق من مضمونها.","2026-09-23","2026-09-23T16:42:50.176Z","2026-09-23","NO","NO","R-FAM-DECISION-VISIT","1"
"SRC98-EXEC","اللائحة التنفيذية لنظام التنفيذ أمام ديوان المظالم","ديوان المظالم","OFFICIAL_PROCEDURAL_GUIDE","https://www.bog.gov.sa/MediaCenter/Documents/ERISBTBG.pdf","https://www.bog.gov.sa/MediaCenter/Documents/ERISBTBG.pdf","www.bog.gov.sa","YES","","fetch failed","GET","","YES","NO","PDF_OR_DOCUMENT","PDF_OR_DOCUMENT","NOT_MACHINE_READABLE","0","الرابط وثيقة رسمية لكن الوصول الآلي تعذر (fetch failed).","الرابط وثيقة رسمية لكن الوصول الآلي تعذر (fetch failed).","2026-09-23","2026-09-23T16:42:50.176Z","2026-09-23","NO","NO","R-ADMIN-EXEC-JUDGMENT | R-ADMIN-EXEC-INSTRUMENT","2"
"SRC98-MOEEN","دليل خدمة تقديم الدعوى - منصة معين","ديوان المظالم","OFFICIAL_PROCEDURAL_GUIDE","https://moen.bog.gov.sa/Style%20Library/Images/SubmitCaseRequest_Handbook.pdf","https://moen.bog.gov.sa/Style%20Library/Images/SubmitCaseRequest_Handbook.pdf","moen.bog.gov.sa","YES","","fetch failed","GET","","YES","NO","PDF_OR_DOCUMENT","PDF_OR_DOCUMENT","NOT_MACHINE_READABLE","0","الرابط وثيقة رسمية لكن الوصول الآلي تعذر (fetch failed).","الرابط وثيقة رسمية لكن الوصول الآلي تعذر (fetch failed).","2026-09-23","2026-09-23T16:42:50.176Z","2026-09-23","NO","NO","R-ADMIN-FILE-CLAIM","1"
"SRC98-PLEAD","نظام المرافعات أمام ديوان المظالم ولائحته التنفيذية","ديوان المظالم","LEGAL_SOURCE","https://www.bog.gov.sa/ScientificContent/JudicialSystems/Regulations/PDFs/%D9%86%D8%B8%D8%A7%D9%85%20%D8%A7%D9%84%D9%85%D8%B1%D8%A7%D9%81%D8%B9%D8%A7%D8%AA%20%D8%A3%D9%85%D8%A7%D9%85%20%D8%AF%D9%8A%D9%88%D8%A7%D9%86%20%D8%A7%D9%84%D9%85%D8%B8%D8%A7%D9%84%D9%85%20%D9%88%D9%84%D8%A7%D8%A6%D8%AD%D8%AA%D9%87%20%D8%A7%D9%84%D8%AA%D9%86%D9%81%D9%8A%D8%B0%D9%8A%D8%A9%20%D9%88%D8%A7%D9%84%D9%82%D8%B1%D8%A7%D8%B1%D8%A7%D8%AA%20%D9%88%D8%A7%D9%84%D8%AA%D8%B9%D8%A7%D9%85%D9%8A%D9%85%20%D8%A7%D9%84%D9%85%D8%B1%D8%AA%D8%A8%D8%B7%D8%A9%20%D8%A8%D9%87%D9%85%D8%A7.pdf","https://www.bog.gov.sa/ScientificContent/JudicialSystems/Regulations/PDFs/%D9%86%D8%B8%D8%A7%D9%85%20%D8%A7%D9%84%D9%85%D8%B1%D8%A7%D9%81%D8%B9%D8%A7%D8%AA%20%D8%A3%D9%85%D8%A7%D9%85%20%D8%AF%D9%8A%D9%88%D8%A7%D9%86%20%D8%A7%D9%84%D9%85%D8%B8%D8%A7%D9%84%D9%85%20%D9%88%D9%84%D8%A7%D8%A6%D8%AD%D8%AA%D9%87%20%D8%A7%D9%84%D8%AA%D9%86%D9%81%D9%8A%D8%B0%D9%8A%D8%A9%20%D9%88%D8%A7%D9%84%D9%82%D8%B1%D8%A7%D8%B1%D8%A7%D8%AA%20%D9%88%D8%A7%D9%84%D8%AA%D8%B9%D8%A7%D9%85%D9%8A%D9%85%20%D8%A7%D9%84%D9%85%D8%B1%D8%AA%D8%A8%D8%B7%D8%A9%20%D8%A8%D9%87%D9%85%D8%A7.pdf","www.bog.gov.sa","YES","","fetch failed","GET","","YES","NO","PDF_OR_DOCUMENT","PDF_OR_DOCUMENT","NOT_MACHINE_READABLE","0","الرابط وثيقة رسمية لكن الوصول الآلي تعذر (fetch failed).","الرابط وثيقة رسمية لكن الوصول الآلي تعذر (fetch failed).","2026-09-23","2026-09-23T16:42:50.176Z","2026-09-23","NO","NO","R-ADMIN-CANCEL-DECISION | R-ADMIN-APPEAL-DEADLINE","2"
"SRC-ABSHER-CIVIL-SERVICES","خدمات الأحوال المدنية الإلكترونية","منصة أبشر — وزارة الداخلية","GENERAL_GOVERNMENT_INFORMATION","https://www.absher.sa/","https://www.absher.sa/portal/landing.html?v=1","www.absher.sa","YES","206","HTTP_206","GET","text/html","YES","YES","REDIRECTED","REDIRECTED","LIKELY_RELEVANT","2","الرابط انتقل إلى عنوان رسمي وما زال مرتبطًا تقنيًا بالمصدر.","الرابط انتقل إلى عنوان رسمي وما زال مرتبطًا تقنيًا بالمصدر.","2026-09-23","2026-09-23T16:42:50.176Z","2026-09-21","NO","NO","","0"
"SRC-ABSHER-MOTOR-SALE","مبايعة المركبات","منصة أبشر — وزارة الداخلية","GENERAL_GOVERNMENT_INFORMATION","https://www.absher.sa/wps/portal/individuals/static/vot/","https://www.absher.sa/wps/portal/individuals/static/vot/!ut/p/z1/04_Sj9CPykssy0xPLMnMz0vMAfIjo8ziDQ1dLDyM3A18LAwsnAwCXdzcjZxCjQ0MQs31w8EKTJ0DnD0tfI0N3QNCzQ2M3MxNvJzNvN3DDMz1o4jRb4ADOBoQpx-Pgij8xofrR4GV4PMBITMKckNDIwwyHQF92242/dz/d5/L2dBISEvZ0FBIS9nQSEh/","www.absher.sa","YES","200","HTTP_200","GET","text/html; charset=UTF-8","YES","YES","REDIRECTED","REDIRECTED","NEEDS_MANUAL_CONTENT_CHECK","0","الرابط انتقل إلى عنوان رسمي وما زال مرتبطًا تقنيًا بالمصدر.","الرابط انتقل إلى عنوان رسمي وما زال مرتبطًا تقنيًا بالمصدر.","2026-09-23","2026-09-23T16:42:50.176Z","2026-09-20","YES","NO","R-SP-MOTOR-SALE","1"
"SRC-MEWA-NAAMA","منصة نما للخدمات الإلكترونية","وزارة البيئة والمياه والزراعة","GENERAL_GOVERNMENT_INFORMATION","https://www.mewa.gov.sa/","https://www.mewa.gov.sa/en/","www.mewa.gov.sa","YES","200","HTTP_200","GET","text/html; charset=utf-8","YES","YES","REDIRECTED","REDIRECTED","NEEDS_MANUAL_CONTENT_CHECK","1","الرابط انتقل إلى عنوان رسمي وما زال مرتبطًا تقنيًا بالمصدر.","الرابط انتقل إلى عنوان رسمي وما زال مرتبطًا تقنيًا بالمصدر.","2026-09-23","2026-09-23T16:42:50.176Z","2026-09-21","YES","NO","R-MEWA-NAAMA","1"
"SRC-ZATCA-VAT","ضريبة القيمة المضافة — الخدمات الإلكترونية","هيئة الزكاة والضريبة والجمارك","REGULATOR_PAGE","https://zatca.gov.sa/ar/eServices/Pages/eServices_007.aspx","https://zatca.gov.sa/ar/eServices/Pages/eservices-007.aspx","zatca.gov.sa","YES","200","HTTP_200","GET","text/html; charset=utf-8","YES","YES","REDIRECTED","REDIRECTED","LIKELY_RELEVANT","5","الرابط انتقل إلى عنوان رسمي وما زال مرتبطًا تقنيًا بالمصدر.","الرابط انتقل إلى عنوان رسمي وما زال مرتبطًا تقنيًا بالمصدر.","2026-09-23","2026-09-23T16:42:50.176Z","2026-09-21","NO","NO","R-ZATCA-VAT-REG | R-ZATCA-VAT-RETURN | R-ZATCA-VAT-DEREG","3"
"SRC128-INHAAT","الخدمات الإنهائية - توثيق وصية","وزارة العدل","GENERAL_GOVERNMENT_INFORMATION","https://inhaatportal.moj.gov.sa/tabsnew.aspx","https://inhaatportal.moj.gov.sa/HomePage.aspx","inhaatportal.moj.gov.sa","YES","200","HTTP_200","GET","text/html; charset=utf-8","YES","YES","REDIRECTED","REDIRECTED","LIKELY_RELEVANT","2","الرابط انتقل إلى عنوان رسمي وما زال مرتبطًا تقنيًا بالمصدر.","الرابط انتقل إلى عنوان رسمي وما زال مرتبطًا تقنيًا بالمصدر.","2026-09-23","2026-09-23T16:42:50.176Z","2026-09-23","NO","NO","","0"
"SRC136-INHAAT","الخدمات الإنهائية - نقل إقامة الولي والاستمرار إلى صحيفة الدعوى","وزارة العدل","GENERAL_GOVERNMENT_INFORMATION","https://inhaatportal.moj.gov.sa/tabsnew.aspx","https://inhaatportal.moj.gov.sa/HomePage.aspx","inhaatportal.moj.gov.sa","YES","200","HTTP_200","GET","text/html; charset=utf-8","YES","YES","REDIRECTED","REDIRECTED","NEEDS_MANUAL_CONTENT_CHECK","1","الرابط انتقل إلى عنوان رسمي وما زال مرتبطًا تقنيًا بالمصدر.","الرابط انتقل إلى عنوان رسمي وما زال مرتبطًا تقنيًا بالمصدر.","2026-09-23","2026-09-23T16:42:50.176Z","2026-09-23","YES","NO","","0"
"SRC71-SOCIAL","الخدمات الإنهائية/الحالات الاجتماعية","وزارة العدل","GENERAL_GOVERNMENT_INFORMATION","https://inhaatportal.moj.gov.sa/tabsnew.aspx","https://inhaatportal.moj.gov.sa/HomePage.aspx","inhaatportal.moj.gov.sa","YES","200","HTTP_200","GET","text/html; charset=utf-8","YES","YES","REDIRECTED","REDIRECTED","NEEDS_MANUAL_CONTENT_CHECK","1","الرابط انتقل إلى عنوان رسمي وما زال مرتبطًا تقنيًا بالمصدر.","الرابط انتقل إلى عنوان رسمي وما زال مرتبطًا تقنيًا بالمصدر.","2026-09-23","2026-09-23T16:42:50.176Z","2026-09-23","YES","NO","","0"
"SRC76-INHAAT","الخدمات الإنهائية والحالات الاجتماعية","وزارة العدل","GENERAL_GOVERNMENT_INFORMATION","https://inhaatportal.moj.gov.sa/tabsnew.aspx","https://inhaatportal.moj.gov.sa/HomePage.aspx","inhaatportal.moj.gov.sa","YES","200","HTTP_200","GET","text/html; charset=utf-8","YES","YES","REDIRECTED","REDIRECTED","NEEDS_MANUAL_CONTENT_CHECK","1","الرابط انتقل إلى عنوان رسمي وما زال مرتبطًا تقنيًا بالمصدر.","الرابط انتقل إلى عنوان رسمي وما زال مرتبطًا تقنيًا بالمصدر.","2026-09-23","2026-09-23T16:42:50.176Z","2026-09-23","YES","NO","R-FAM-PRECOURT | R-FAM-WILL-WAQF | R-FAM-HEIRS-DISPUTE","3"
"SRC93-INHAAT","الخدمات الإنهائية - الحالات الاجتماعية","وزارة العدل","GENERAL_GOVERNMENT_INFORMATION","https://inhaatportal.moj.gov.sa/tabsnew.aspx","https://inhaatportal.moj.gov.sa/HomePage.aspx","inhaatportal.moj.gov.sa","YES","200","HTTP_200","GET","text/html; charset=utf-8","YES","YES","REDIRECTED","REDIRECTED","NEEDS_MANUAL_CONTENT_CHECK","1","الرابط انتقل إلى عنوان رسمي وما زال مرتبطًا تقنيًا بالمصدر.","الرابط انتقل إلى عنوان رسمي وما زال مرتبطًا تقنيًا بالمصدر.","2026-09-23","2026-09-23T16:42:50.176Z","2026-09-23","YES","NO","R-FAM-KHUL-DOCUMENT","1"
"SRC-SWA-WATER-COMPLAINTS","تصعيد الشكاوى — الأسئلة الشائعة","الهيئة السعودية للمياه","GENERAL_GOVERNMENT_INFORMATION","https://swaprd.atit.sa/ar/faq/complaint","https://swaprd.atit.sa/ar/faq/complaint","swaprd.atit.sa","NO","","fetch failed","GET","","YES","NO","REQUIRES_LEGAL_REVIEW","REQUIRES_LEGAL_REVIEW","NOT_MACHINE_READABLE","0","تعذر إثبات الصفة الرسمية للنطاق النهائي؛ لا يستبدل آليًا.","تعذر إثبات الصفة الرسمية للنطاق النهائي؛ لا يستبدل آليًا.","2026-09-23","2026-09-23T16:42:50.176Z","2026-09-21","NO","YES","R-SPECIAL-WATER-FOLLOW | R-SPECIAL-WATER-RESPONSE-REVIEW | R-SPECIAL-WATER-COMP-REVIEW | R-SPECIAL-WATER-START","4"